UDI,Product ID,Type,Air temperature [K],Process temperature [K],Rotational speed [rpm],Torque [Nm],Tool wear [min],Target
1,M10000,L,301.0,310.3,1601,20.4,210,0
2,M10001,L,299.7,309.4,1590,29.6,87,0
3,M10002,L,301.3,310.7,1371,34.2,178,0
4,M10003,L,303.0,313.2,1643,41.5,13,0
5,M10004,L,299.5,310.7,1272,50.1,117,0
6,M10005,H,299.5,308.8,1422,46.9,237,0
7,M10006,L,303.2,314.2,1181,28.3,69,0
8,M10007,M,301.5,310.8,1818,36.3,13,0
9,M10008,H,299.1,308.2,1498,40.8,147,0
10,M10009,H,301.1,311.9,1927,37.4,90,0
11,M10010,M,299.1,310.0,1683,37.3,96,0
12,M10011,H,299.1,309.9,1619,22.9,147,0
13,M10012,L,300.5,309.2,1434,28.6,157,0
14,M10013,M,296.2,305.7,1352,36.0,111,0
15,M10014,H,296.6,307.4,1633,9.4,128,0
16,M10015,L,298.9,308.9,1526,46.3,251,0
17,M10016,L,298.0,306.9,1299,26.4,242,0
18,M10017,M,300.6,311.1,1267,46.8,179,0
19,M10018,L,298.2,307.5,1367,45.9,41,0
20,M10019,L,297.2,309.0,1865,34.6,91,0
21,M10020,H,302.9,314.5,1935,49.9,223,0
22,M10021,L,299.5,310.2,1576,47.4,107,0
23,M10022,L,300.1,311.5,1566,36.9,242,0
24,M10023,H,297.2,307.2,1479,35.8,124,0
25,M10024,L,298.9,309.7,1372,50.9,218,0
26,M10025,H,300.2,311.7,1785,42.3,9,0
27,M10026,L,297.7,307.9,1874,50.3,110,0
28,M10027,H,300.8,310.5,1379,16.3,177,0
29,M10028,H,298.8,307.1,1524,41.0,218,0
30,M10029,L,299.4,309.3,1458,24.4,154,0
31,M10030,H,298.8,309.6,1464,39.7,44,0
32,M10031,M,303.7,314.7,1751,47.1,224,0
33,M10032,L,300.0,310.5,1304,57.2,145,0
34,M10033,M,297.9,307.3,1622,30.7,27,0
35,M10034,L,301.6,309.7,1669,34.8,117,0
36,M10035,H,297.6,307.1,1514,39.1,177,0
37,M10036,L,300.4,310.1,1699,30.4,114,0
38,M10037,L,296.1,305.8,1565,49.7,220,0
39,M10038,M,297.3,308.0,1757,39.3,107,0
40,M10039,L,300.4,312.4,1267,41.2,148,0
41,M10040,M,301.5,311.6,1477,46.1,53,0
42,M10041,L,300.3,310.1,1526,39.3,130,0
43,M10042,M,299.8,309.5,1061,31.9,56,0
44,M10043,L,299.4,309.5,1345,39.4,57,0
45,M10044,H,297.0,306.2,1393,31.5,71,0
46,M10045,M,298.6,308.7,1709,41.1,11,0
47,M10046,L,299.1,309.5,1412,49.9,41,0
48,M10047,L,302.1,312.3,1393,28.4,107,0
49,M10048,M,300.7,311.1,1685,24.8,33,0
50,M10049,L,296.5,306.9,1249,40.5,34,0
51,M10050,H,300.6,308.9,1168,32.4,245,0
52,M10051,L,299.2,309.9,1474,40.3,108,0
53,M10052,H,298.6,308.0,1280,43.2,102,0
54,M10053,M,301.2,310.1,1287,18.8,68,0
55,M10054,L,302.1,311.0,1642,46.8,130,0
56,M10055,H,301.9,312.3,1696,28.4,151,0
57,M10056,H,298.3,308.1,1680,39.8,106,0
58,M10057,M,299.4,307.7,1737,33.5,100,0
59,M10058,L,300.7,311.1,1761,34.5,177,0
60,M10059,L,302.0,310.5,1158,56.8,240,0
61,M10060,M,299.0,309.2,1620,43.2,222,0
62,M10061,L,299.6,309.9,1444,49.0,30,0
63,M10062,M,297.8,308.7,1405,41.5,165,0
64,M10063,M,297.6,309.4,1639,46.1,2,0
65,M10064,M,301.6,310.3,1229,44.1,160,0
66,M10065,M,302.7,312.7,1226,42.5,117,0
67,M10066,L,299.9,309.6,1652,51.0,124,0
68,M10067,L,302.0,312.4,1626,41.5,149,0
69,M10068,M,300.7,310.9,1563,62.6,188,0
70,M10069,L,298.7,308.4,1381,49.5,185,0
71,M10070,L,300.7,310.3,1672,28.7,11,0
72,M10071,L,303.1,312.0,1661,38.3,186,0
73,M10072,L,299.9,310.9,1554,43.9,210,0
74,M10073,M,303.1,313.6,1328,40.4,17,0
75,M10074,M,294.8,305.7,1463,46.8,82,0
76,M10075,L,301.6,311.3,1689,47.9,200,0
77,M10076,M,300.2,309.5,1777,26.5,125,0
78,M10077,L,299.4,308.3,1481,52.7,176,0
79,M10078,M,300.2,310.5,1494,35.1,127,0
80,M10079,H,296.0,305.0,1510,34.1,247,0
81,M10080,L,299.6,311.4,1588,34.1,237,0
82,M10081,L,300.7,309.4,1435,48.0,71,1
83,M10082,M,303.0,313.2,1021,37.4,98,0
84,M10083,H,299.0,310.5,1753,33.4,109,0
85,M10084,L,298.4,309.0,1860,35.8,26,0
86,M10085,L,299.0,309.2,1429,22.2,102,0
87,M10086,H,301.8,310.9,1348,31.7,196,0
88,M10087,L,300.7,309.3,1514,27.7,214,0
89,M10088,L,298.9,309.7,1505,37.3,224,0
90,M10089,M,301.0,312.5,1717,46.6,4,0
91,M10090,L,300.2,309.8,1549,45.5,200,0
92,M10091,M,301.9,310.8,1397,52.4,127,0
93,M10092,M,298.6,306.1,1303,50.2,52,0
94,M10093,H,299.3,308.4,1694,34.8,126,0
95,M10094,L,299.2,309.1,1646,40.2,214,0
96,M10095,M,297.1,308.7,1729,39.7,110,0
97,M10096,M,300.6,311.3,1366,18.7,251,0
98,M10097,H,300.5,310.8,1868,27.9,156,0
99,M10098,L,300.0,309.6,1227,38.3,124,0
100,M10099,M,299.5,308.9,1666,38.3,75,0
101,M10100,M,297.2,308.6,1197,45.1,3,0
102,M10101,M,299.2,309.4,1398,44.6,154,0
103,M10102,H,299.3,307.2,1818,22.5,146,1
104,M10103,M,298.4,307.7,1688,45.1,131,0
105,M10104,M,299.7,308.8,1441,41.8,136,0
106,M10105,M,300.8,310.3,1446,46.2,213,0
107,M10106,L,303.8,314.3,1557,50.6,80,0
108,M10107,L,300.3,310.2,1631,38.6,139,0
109,M10108,L,300.5,310.4,1763,52.3,172,0
110,M10109,M,299.9,311.2,1457,31.2,53,0
111,M10110,L,296.2,305.5,1250,30.6,234,0
112,M10111,M,299.9,311.8,1567,44.2,186,0
113,M10112,L,300.1,309.4,1457,36.3,13,0
114,M10113,M,304.9,315.0,1306,42.6,219,0
115,M10114,L,299.6,309.3,1592,59.7,235,0
116,M10115,L,300.6,310.7,1501,43.9,201,0
117,M10116,L,299.9,310.4,1594,42.1,108,0
118,M10117,H,297.7,308.1,1379,31.4,252,0
119,M10118,L,302.3,311.5,1626,23.2,31,0
120,M10119,L,301.5,310.4,1303,39.3,136,0
121,M10120,H,301.6,314.1,1391,50.6,43,0
122,M10121,L,298.2,307.7,1496,36.8,111,0
123,M10122,M,302.8,313.5,1851,44.0,235,0
124,M10123,H,297.2,305.6,1679,54.1,201,0
125,M10124,M,301.2,310.9,1732,53.9,198,0
126,M10125,M,304.4,314.3,1793,44.2,90,0
127,M10126,L,298.0,308.5,2184,41.7,236,0
128,M10127,M,298.9,306.1,1546,25.0,93,0
129,M10128,H,300.2,310.4,1793,33.8,10,0
130,M10129,H,299.0,307.8,1720,37.2,161,0
131,M10130,M,296.9,307.2,1717,31.6,92,0
132,M10131,L,300.1,309.1,1857,42.5,39,0
133,M10132,H,297.9,307.0,1464,58.9,236,0
134,M10133,L,300.9,310.7,1450,55.0,161,0
135,M10134,L,298.2,307.1,1596,42.4,238,0
136,M10135,L,303.1,312.6,1506,47.7,147,0
137,M10136,L,298.4,307.2,1596,32.8,16,0
138,M10137,M,299.4,307.5,1819,54.5,8,0
139,M10138,L,301.6,312.6,1453,24.5,228,0
140,M10139,L,297.5,306.2,1484,49.0,10,0
141,M10140,L,300.5,310.3,1570,44.9,156,0
142,M10141,L,302.6,313.4,1498,32.5,75,0
143,M10142,M,296.8,306.2,1196,37.9,174,0
144,M10143,M,300.4,309.5,1435,28.8,72,0
145,M10144,M,300.5,310.7,1662,29.2,9,0
146,M10145,M,301.6,312.7,1796,24.2,185,0
147,M10146,L,297.5,306.4,1332,47.6,79,0
148,M10147,M,297.4,307.2,1331,51.9,139,0
149,M10148,M,301.0,309.3,1544,18.6,196,0
150,M10149,L,300.6,310.2,1167,58.2,178,0
151,M10150,L,300.5,310.5,1459,39.9,88,0
152,M10151,L,300.7,309.8,1228,42.9,189,0
153,M10152,L,298.6,308.2,1784,25.4,234,0
154,M10153,L,300.5,309.1,1401,53.1,154,0
155,M10154,L,300.6,310.7,1835,42.0,178,0
156,M10155,L,298.6,309.6,1738,51.3,219,0
157,M10156,L,303.7,312.6,1423,52.1,213,0
158,M10157,L,300.9,310.3,1347,53.2,89,0
159,M10158,L,297.6,308.1,1504,33.6,251,0
160,M10159,M,301.3,312.5,1520,37.9,7,0
161,M10160,L,298.1,306.6,1601,33.9,250,0
162,M10161,H,301.6,311.4,1400,48.9,62,0
163,M10162,H,302.3,312.6,1673,43.3,111,0
164,M10163,M,298.4,308.3,1586,50.6,224,0
165,M10164,L,301.9,309.4,1478,51.0,62,0
166,M10165,H,300.8,311.3,1412,22.9,57,0
167,M10166,L,301.6,313.2,1506,53.4,163,0
168,M10167,L,303.8,313.9,1393,49.4,178,0
169,M10168,M,299.5,308.5,1549,36.3,2,0
170,M10169,L,298.5,308.0,1554,43.5,114,0
171,M10170,M,298.2,310.0,1586,38.8,124,0
172,M10171,M,298.4,309.3,1855,46.1,69,0
173,M10172,L,299.8,310.5,1515,36.3,138,0
174,M10173,L,300.7,311.0,1719,44.7,39,0
175,M10174,H,300.6,309.9,1580,40.7,82,0
176,M10175,M,301.7,311.5,1496,35.7,180,0
177,M10176,L,300.0,309.9,1518,41.9,221,0
178,M10177,M,302.9,313.5,1528,66.8,149,0
179,M10178,L,299.5,311.0,1589,33.2,19,0
180,M10179,H,305.4,316.6,1367,37.5,172,0
181,M10180,L,301.3,309.8,1277,33.4,227,1
182,M10181,H,298.3,308.5,1656,34.4,128,0
183,M10182,H,297.9,308.6,1700,48.1,125,0
184,M10183,H,301.0,311.6,1672,47.1,251,0
185,M10184,L,299.6,308.9,1567,39.9,161,0
186,M10185,H,301.4,314.3,1676,50.2,204,0
187,M10186,L,300.9,309.7,1667,47.9,164,0
188,M10187,L,299.9,308.8,1680,38.4,56,0
189,M10188,L,298.3,308.5,1385,24.8,72,0
190,M10189,M,297.0,309.1,1343,48.2,168,0
191,M10190,M,299.1,308.3,1469,41.7,115,0
192,M10191,M,301.7,311.4,1536,40.2,102,0
193,M10192,H,300.4,311.5,1496,35.4,6,0
194,M10193,L,297.5,307.5,1203,47.4,224,0
195,M10194,L,300.3,310.0,1847,43.5,224,0
196,M10195,M,300.8,311.3,1490,37.7,117,0
197,M10196,M,298.2,308.5,1570,27.9,177,0
198,M10197,L,300.3,311.3,1762,50.6,45,0
199,M10198,H,300.1,311.4,1119,46.0,127,0
200,M10199,L,297.7,308.0,1447,42.5,111,0
201,M10200,M,300.7,311.0,1470,13.7,166,0
202,M10201,L,301.1,311.3,1479,39.6,119,0
203,M10202,L,302.2,312.7,1508,37.6,126,0
204,M10203,H,302.1,312.2,1798,33.9,75,0
205,M10204,L,297.2,307.2,1660,47.5,12,0
206,M10205,H,298.1,309.3,1710,47.1,232,0
207,M10206,L,301.0,312.5,1547,44.3,3,0
208,M10207,M,301.0,309.5,1289,50.3,71,0
209,M10208,M,301.0,311.0,1167,29.9,113,0
210,M10209,L,307.7,317.0,1265,35.5,81,0
211,M10210,H,301.1,310.8,1603,40.7,140,0
212,M10211,L,302.3,312.7,1545,33.8,117,0
213,M10212,M,301.9,312.6,1501,47.2,65,0
214,M10213,H,301.3,311.2,1473,34.8,22,0
215,M10214,L,299.4,307.5,1899,52.9,35,0
216,M10215,M,301.5,310.6,1392,30.8,123,0
217,M10216,L,298.5,309.4,1705,61.1,214,0
218,M10217,L,299.5,306.8,1539,60.1,25,0
219,M10218,L,299.0,310.2,1528,39.1,171,0
220,M10219,H,300.2,310.7,1750,51.3,200,0
221,M10220,L,304.6,315.9,1801,36.0,70,0
222,M10221,L,296.3,306.1,1496,50.0,169,0
223,M10222,H,301.4,309.3,1682,38.3,174,1
224,M10223,L,296.8,307.2,1604,27.3,179,0
225,M10224,M,299.1,310.3,1540,5.0,225,0
226,M10225,M,302.2,313.1,1576,37.3,101,0
227,M10226,M,300.1,309.5,1416,42.8,62,0
228,M10227,L,297.8,307.9,1484,53.2,138,0
229,M10228,M,298.6,308.0,1435,40.4,16,0
230,M10229,H,301.4,310.5,1700,49.9,84,0
231,M10230,L,298.5,309.5,1522,35.5,223,0
232,M10231,L,300.4,309.2,1307,36.7,135,0
233,M10232,H,300.1,309.2,1410,50.4,110,0
234,M10233,L,298.7,307.6,966,15.6,67,0
235,M10234,L,304.3,312.8,1450,40.1,63,0
236,M10235,L,301.3,311.4,1546,36.0,60,0
237,M10236,L,295.9,307.1,1515,53.5,210,0
238,M10237,L,300.4,310.2,1893,34.8,249,0
239,M10238,L,298.7,307.2,1642,45.1,135,0
240,M10239,L,301.7,312.5,1634,49.1,20,0
241,M10240,H,298.4,310.1,1245,25.2,190,0
242,M10241,M,299.8,309.1,1474,38.6,222,0
243,M10242,L,301.0,310.5,1452,35.7,236,0
244,M10243,L,301.7,312.2,1398,49.4,159,0
245,M10244,H,297.6,309.2,1396,46.7,128,0
246,M10245,H,299.3,308.8,1215,37.7,157,0
247,M10246,H,299.1,307.7,1311,29.6,3,0
248,M10247,H,298.7,309.3,1695,50.3,166,0
249,M10248,M,303.5,314.3,1513,39.3,180,0
250,M10249,L,300.8,310.8,1448,24.0,183,0
251,M10250,H,297.5,306.9,1538,24.8,142,0
252,M10251,M,301.8,312.8,1748,44.3,177,0
253,M10252,M,304.2,314.8,1540,27.4,162,0
254,M10253,M,302.1,311.3,1636,58.4,29,0
255,M10254,M,297.0,307.0,1387,30.7,227,0
256,M10255,M,299.0,307.7,1428,40.0,158,0
257,M10256,L,302.5,313.2,1602,41.6,184,0
258,M10257,L,298.6,308.3,1878,32.8,87,0
259,M10258,L,300.9,310.5,1795,17.8,233,0
260,M10259,M,301.5,311.5,1643,41.9,127,0
261,M10260,H,298.1,308.2,1566,32.5,172,0
262,M10261,L,299.9,310.8,1790,41.2,241,0
263,M10262,H,293.5,304.1,1681,38.8,232,0
264,M10263,L,298.0,307.8,1128,42.6,163,0
265,M10264,H,299.5,310.3,1350,55.5,42,1
266,M10265,L,297.5,307.9,1600,34.6,240,1
267,M10266,M,303.3,312.8,1219,35.4,249,0
268,M10267,L,297.1,307.0,1378,23.5,26,0
269,M10268,L,299.1,309.0,1414,38.1,114,0
270,M10269,L,300.3,310.8,1493,44.1,139,0
271,M10270,M,302.9,312.5,1488,35.2,23,0
272,M10271,L,297.1,306.7,1487,44.1,48,0
273,M10272,H,302.3,314.3,1687,38.2,136,0
274,M10273,M,300.0,311.0,1492,27.1,244,0
275,M10274,L,298.0,307.3,1470,43.1,7,0
276,M10275,M,300.9,311.5,1297,38.0,231,0
277,M10276,L,300.4,310.5,1722,41.2,227,0
278,M10277,M,298.8,309.2,1419,34.4,217,0
279,M10278,M,300.1,310.3,1344,33.5,96,0
280,M10279,L,299.2,310.4,1577,41.6,124,0
281,M10280,M,300.2,310.6,1402,37.7,102,0
282,M10281,L,301.3,311.3,1445,57.1,240,0
283,M10282,L,303.2,314.2,1585,47.9,132,0
284,M10283,M,297.5,307.8,1481,45.4,20,0
285,M10284,L,304.3,314.4,1953,38.2,69,0
286,M10285,L,296.1,306.4,1526,19.9,117,0
287,M10286,L,299.7,309.6,1650,32.0,241,0
288,M10287,M,301.2,311.2,1191,33.6,144,0
289,M10288,L,300.6,310.0,1385,37.3,176,0
290,M10289,H,298.8,308.0,1344,39.7,22,0
291,M10290,M,299.6,308.6,1368,46.5,222,0
292,M10291,M,299.0,307.6,1613,42.7,136,0
293,M10292,L,298.8,307.9,1724,51.5,233,0
294,M10293,L,301.7,311.5,1601,36.9,113,0
295,M10294,H,300.7,310.8,1498,42.5,173,1
296,M10295,L,298.6,308.3,1426,43.4,119,0
297,M10296,L,301.8,309.4,1738,42.4,36,0
298,M10297,L,300.6,312.2,1910,52.7,69,0
299,M10298,L,301.6,312.7,1563,48.0,17,0
300,M10299,L,301.3,311.7,1707,26.9,111,0
301,M10300,H,298.3,310.2,1600,38.9,164,0
302,M10301,L,298.9,307.9,1674,39.9,62,0
303,M10302,H,301.5,313.4,1331,61.3,124,0
304,M10303,L,301.2,310.3,1452,36.7,116,0
305,M10304,H,300.0,310.2,1610,30.3,135,0
306,M10305,M,300.2,309.0,1756,44.3,47,0
307,M10306,L,302.6,312.6,1393,44.9,135,0
308,M10307,M,298.8,309.2,1175,39.3,92,0
309,M10308,L,301.1,310.9,1450,37.8,72,0
310,M10309,H,299.6,310.3,1720,49.4,148,0
311,M10310,H,299.6,309.7,1255,31.5,37,0
312,M10311,L,302.2,311.7,1328,36.6,228,0
313,M10312,L,301.7,311.1,1567,34.8,237,0
314,M10313,M,301.6,312.4,1518,50.8,167,0
315,M10314,M,302.6,312.0,1645,42.8,77,0
316,M10315,L,300.0,311.0,1319,29.5,158,0
317,M10316,L,301.4,312.6,1481,30.5,152,0
318,M10317,H,299.4,307.7,1753,58.5,99,0
319,M10318,L,300.6,311.8,1325,50.7,73,0
320,M10319,L,299.7,311.8,1803,48.3,43,0
321,M10320,L,300.2,310.4,1348,40.1,55,0
322,M10321,L,301.2,311.8,1691,54.9,165,0
323,M10322,M,298.4,309.4,1472,29.1,224,0
324,M10323,M,304.2,313.9,1334,47.5,97,0
325,M10324,M,298.0,308.2,1450,35.6,31,0
326,M10325,M,297.6,306.3,1637,37.5,3,0
327,M10326,H,302.3,312.5,1538,47.2,103,0
328,M10327,L,301.6,312.1,1739,38.6,59,0
329,M10328,L,301.2,311.8,1796,35.7,82,0
330,M10329,L,301.3,312.3,1327,35.1,61,0
331,M10330,H,300.0,309.2,1314,20.3,168,0
332,M10331,M,298.2,307.7,1305,47.6,162,0
333,M10332,L,300.2,312.0,1378,30.0,231,0
334,M10333,L,298.6,308.5,1737,58.4,177,0
335,M10334,H,302.0,312.2,1639,37.2,42,0
336,M10335,L,299.7,309.6,1441,53.0,190,0
337,M10336,L,298.3,307.5,1537,22.1,46,0
338,M10337,M,299.4,311.0,1790,47.2,141,0
339,M10338,H,300.8,310.3,1881,49.8,20,0
340,M10339,L,298.9,307.7,1585,52.9,12,0
341,M10340,M,298.4,307.9,1063,24.9,117,0
342,M10341,L,300.5,308.5,1592,33.0,27,0
343,M10342,M,300.5,309.8,1706,45.7,78,0
344,M10343,M,299.0,308.0,1579,41.5,86,0
345,M10344,H,299.1,309.7,1669,42.9,195,0
346,M10345,L,300.5,309.8,1603,36.4,84,0
347,M10346,M,297.1,308.0,1318,55.4,125,0
348,M10347,M,297.2,308.6,1380,65.8,195,0
349,M10348,H,298.6,309.3,1482,41.0,52,0
350,M10349,M,299.6,309.4,1730,44.5,204,0
351,M10350,L,300.6,310.8,1402,40.6,210,0
352,M10351,L,303.0,311.4,1621,52.7,250,0
353,M10352,H,301.7,311.6,1593,48.2,112,0
354,M10353,H,299.7,308.8,1823,29.4,94,0
355,M10354,L,300.0,310.7,1532,33.9,178,0
356,M10355,L,298.0,310.6,1225,30.0,15,0
357,M10356,M,300.0,310.5,1655,66.7,10,0
358,M10357,L,299.4,307.4,1922,46.3,85,0
359,M10358,L,300.6,310.3,1667,34.1,185,0
360,M10359,L,298.3,308.5,1398,33.3,29,0
361,M10360,M,301.0,311.1,1345,48.0,161,0
362,M10361,H,303.1,312.3,1368,49.0,68,0
363,M10362,L,299.8,310.0,1898,47.9,165,0
364,M10363,H,300.8,309.6,1480,35.8,116,0
365,M10364,M,301.4,310.4,1420,43.0,29,0
366,M10365,H,299.2,309.8,1511,41.1,63,0
367,M10366,L,300.4,309.4,1482,30.7,56,0
368,M10367,L,300.0,310.6,1820,30.8,42,0
369,M10368,L,300.2,308.8,1357,44.1,118,0
370,M10369,L,298.5,310.2,1750,41.9,242,0
371,M10370,H,300.0,309.3,1561,45.5,166,0
372,M10371,H,301.0,310.8,1755,47.8,212,0
373,M10372,M,302.9,313.2,1822,54.8,248,0
374,M10373,L,301.9,311.4,1554,32.3,137,0
375,M10374,L,304.3,314.4,1483,46.2,60,0
376,M10375,L,298.5,309.0,1551,47.4,235,0
377,M10376,M,301.7,312.7,1522,36.9,177,0
378,M10377,L,300.4,311.2,1242,41.2,243,0
379,M10378,H,304.4,314.2,1817,37.2,165,0
380,M10379,L,298.4,308.2,1583,60.9,196,0
381,M10380,L,298.3,310.7,1331,41.0,225,0
382,M10381,H,298.8,309.8,1169,44.5,192,0
383,M10382,M,295.8,304.8,1122,37.4,142,0
384,M10383,M,298.9,309.0,1677,35.3,119,0
385,M10384,H,298.5,308.1,1428,27.1,208,0
386,M10385,H,300.3,310.2,1458,50.9,195,0
387,M10386,H,300.7,309.5,1626,47.6,93,0
388,M10387,H,303.8,313.3,1447,37.0,126,0
389,M10388,L,301.9,313.7,1637,31.1,161,0
390,M10389,M,298.8,309.4,1556,41.8,7,0
391,M10390,M,298.2,305.7,1524,35.1,63,0
392,M10391,M,301.0,312.2,1257,37.8,63,0
393,M10392,M,297.4,308.4,1392,27.5,223,0
394,M10393,H,303.7,313.3,1647,42.1,84,0
395,M10394,L,302.4,313.1,1417,42.3,138,0
396,M10395,M,299.1,308.2,1755,50.8,210,0
397,M10396,M,296.6,306.1,1959,38.5,66,0
398,M10397,L,302.7,314.2,1656,36.7,31,0
399,M10398,L,299.8,309.5,1806,24.6,240,0
400,M10399,M,302.5,310.6,1668,50.9,178,0
401,M10400,H,296.8,306.7,1443,48.8,45,0
402,M10401,M,298.8,308.7,1575,40.3,207,0
403,M10402,L,300.0,311.2,1899,26.8,199,0
404,M10403,M,300.1,310.1,1445,28.0,212,0
405,M10404,H,299.1,308.7,1353,34.6,70,0
406,M10405,L,301.2,312.3,1336,49.6,113,0
407,M10406,M,297.9,308.0,1500,42.9,175,0
408,M10407,M,299.7,309.0,1359,25.2,99,0
409,M10408,M,300.2,311.4,1839,44.0,18,0
410,M10409,L,301.0,311.2,1578,31.7,35,0
411,M10410,H,301.4,311.4,1713,34.8,151,0
412,M10411,L,297.8,307.9,1486,49.6,95,0
413,M10412,L,296.9,305.9,1335,47.6,1,0
414,M10413,L,302.6,312.0,1305,50.8,194,0
415,M10414,M,300.7,310.7,1376,39.8,105,0
416,M10415,M,298.5,308.3,1601,48.7,79,0
417,M10416,L,303.1,314.4,1632,34.2,181,0
418,M10417,L,300.2,310.4,1647,37.5,115,0
419,M10418,L,302.4,313.2,1273,36.8,176,0
420,M10419,M,300.1,310.1,1539,40.2,3,0
421,M10420,H,304.1,315.2,1355,27.3,2,1
422,M10421,L,303.5,313.9,1611,37.8,142,0
423,M10422,M,299.5,309.5,1625,54.4,248,0
424,M10423,L,301.9,311.9,1329,29.2,69,0
425,M10424,M,301.3,310.3,1712,26.8,173,0
426,M10425,M,302.7,313.2,1958,27.6,44,0
427,M10426,M,298.1,308.0,1688,66.4,79,0
428,M10427,L,301.4,310.9,1510,44.6,20,0
429,M10428,H,302.1,313.2,1482,37.3,223,0
430,M10429,H,296.5,305.2,1502,40.7,79,0
431,M10430,H,297.6,307.2,1403,42.3,58,0
432,M10431,L,295.9,306.9,1584,33.7,185,0
433,M10432,L,299.5,309.8,1335,34.9,50,0
434,M10433,M,301.4,311.4,1201,38.4,61,0
435,M10434,M,303.0,313.3,1578,32.8,26,0
436,M10435,H,300.1,310.3,1543,36.1,244,0
437,M10436,L,303.3,311.7,1437,43.5,63,0
438,M10437,H,297.2,306.9,1309,30.1,252,0
439,M10438,M,296.6,308.2,1591,65.8,45,0
440,M10439,L,299.9,309.2,1362,47.5,5,0
441,M10440,L,300.8,310.4,1514,27.4,227,0
442,M10441,H,299.9,309.4,1855,15.5,147,0
443,M10442,L,295.9,305.8,1656,33.2,89,0
444,M10443,M,299.8,309.2,1294,46.8,130,0
445,M10444,M,297.4,307.9,1311,44.9,66,0
446,M10445,L,301.3,311.5,1566,38.9,161,0
447,M10446,M,300.7,311.5,1293,34.0,156,0
448,M10447,L,298.1,307.1,1181,31.0,20,1
449,M10448,M,299.0,308.6,1634,36.0,230,0
450,M10449,L,297.9,307.7,1596,30.0,117,0
451,M10450,L,299.9,310.3,1620,36.1,49,0
452,M10451,M,301.9,311.1,1586,53.2,78,0
453,M10452,H,298.0,308.9,1527,32.4,219,0
454,M10453,L,301.0,312.2,1420,46.0,97,0
455,M10454,M,298.9,308.0,1631,47.6,142,0
456,M10455,L,298.4,307.9,1813,29.3,240,0
457,M10456,H,299.8,309.3,1449,31.7,165,0
458,M10457,H,297.9,310.6,1356,50.6,171,0
459,M10458,L,298.9,308.5,1336,30.8,63,0
460,M10459,L,297.6,309.3,1384,39.4,169,0
461,M10460,H,303.9,312.7,1575,60.2,100,0
462,M10461,M,300.1,309.1,1156,49.7,230,0
463,M10462,L,298.6,307.9,1618,40.8,33,0
464,M10463,L,300.4,309.6,1654,48.3,72,0
465,M10464,M,299.8,309.5,1217,39.4,17,0
466,M10465,M,299.6,308.8,1364,50.1,96,0
467,M10466,L,301.2,310.4,1553,19.7,38,0
468,M10467,L,301.5,312.7,1513,38.6,214,0
469,M10468,L,298.9,310.2,1632,19.3,234,0
470,M10469,L,298.8,309.8,1514,41.6,169,0
471,M10470,L,299.4,310.0,1765,37.7,26,0
472,M10471,L,295.4,305.5,1482,53.5,86,0
473,M10472,L,297.0,306.5,1363,47.0,244,0
474,M10473,H,302.7,311.8,1349,34.8,34,0
475,M10474,L,303.3,313.7,1671,36.0,141,0
476,M10475,H,299.5,308.3,1544,43.8,89,0
477,M10476,M,301.2,310.2,1652,34.3,253,0
478,M10477,M,300.6,311.8,1649,39.7,72,0
479,M10478,H,306.2,318.1,1177,53.0,12,0
480,M10479,L,302.2,312.6,1335,31.8,178,0
481,M10480,M,299.7,310.9,1356,35.6,83,0
482,M10481,M,298.1,307.8,1393,37.0,166,0
483,M10482,H,296.8,305.4,1464,71.3,26,0
484,M10483,L,300.4,311.0,1718,46.0,132,0
485,M10484,L,298.5,309.1,1754,51.2,95,0
486,M10485,H,297.2,307.2,1487,47.6,136,0
487,M10486,L,298.7,308.5,1494,48.3,216,0
488,M10487,H,297.8,308.8,1413,44.7,246,0
489,M10488,H,303.4,312.4,1555,43.6,191,0
490,M10489,L,301.8,311.0,1575,25.6,194,0
491,M10490,L,300.0,309.0,1683,43.5,134,0
492,M10491,L,303.0,313.0,1682,38.9,25,0
493,M10492,L,300.2,309.1,1127,45.4,169,0
494,M10493,L,298.3,307.6,1512,39.3,37,0
495,M10494,H,303.0,312.3,1787,47.6,62,0
496,M10495,M,301.1,310.8,1461,49.3,179,0
497,M10496,L,297.9,306.4,1743,11.2,166,0
498,M10497,L,299.6,309.7,1484,35.7,80,0
499,M10498,M,298.2,309.5,1570,21.6,195,0
500,M10499,L,297.2,307.4,1335,42.4,238,0
501,M10500,M,301.9,313.4,1342,37.0,138,0
502,M10501,M,303.8,315.2,1669,53.4,171,0
503,M10502,H,297.2,308.0,1697,42.1,69,0
504,M10503,M,301.1,311.2,1544,35.2,246,0
505,M10504,L,298.7,308.7,1319,49.3,69,0
506,M10505,L,299.0,309.8,1547,36.8,225,0
507,M10506,L,298.8,308.4,1764,35.1,235,0
508,M10507,L,298.3,306.4,1851,43.9,182,0
509,M10508,L,300.1,310.6,1482,56.0,205,0
510,M10509,L,298.3,307.2,1242,48.5,116,0
511,M10510,L,300.5,309.6,1689,45.6,233,0
512,M10511,L,299.9,309.9,1490,67.2,188,0
513,M10512,L,299.5,309.4,1708,32.7,83,0
514,M10513,M,298.2,306.8,1589,32.5,9,0
515,M10514,H,298.8,309.0,1381,41.4,137,0
516,M10515,M,301.5,312.5,1549,55.0,213,0
517,M10516,M,301.0,309.9,1773,30.7,218,0
518,M10517,M,298.0,309.3,1512,57.4,211,0
519,M10518,L,300.2,308.6,1354,25.8,54,0
520,M10519,L,301.5,313.6,1255,38.8,108,0
521,M10520,H,296.7,306.2,1401,41.7,155,0
522,M10521,M,301.1,311.2,1466,31.3,169,0
523,M10522,L,298.7,306.8,1686,33.8,85,0
524,M10523,L,301.1,311.1,1338,47.9,175,0
525,M10524,L,298.5,308.7,1817,54.3,149,0
526,M10525,H,296.4,306.3,1300,19.1,143,0
527,M10526,M,296.7,306.2,1956,41.8,168,0
528,M10527,L,300.1,309.1,1848,38.9,153,0
529,M10528,M,300.5,311.6,1564,41.1,42,0
530,M10529,L,298.2,308.2,1244,36.9,221,0
531,M10530,L,301.3,312.8,1529,27.2,61,0
532,M10531,L,296.7,306.2,1470,55.3,188,0
533,M10532,L,299.9,309.4,1311,51.5,45,0
534,M10533,M,297.6,308.4,1591,39.0,167,0
535,M10534,M,298.7,307.1,1392,35.2,227,0
536,M10535,M,300.1,308.9,1411,34.0,2,0
537,M10536,M,298.3,309.4,1503,14.4,248,0
538,M10537,H,299.2,308.1,1436,43.5,8,0
539,M10538,L,302.0,310.2,1911,47.7,3,0
540,M10539,L,298.8,310.7,1443,41.4,217,0
541,M10540,L,301.7,310.3,1618,39.1,179,0
542,M10541,L,297.7,307.9,1565,41.3,27,0
543,M10542,L,301.1,311.1,1602,31.6,237,0
544,M10543,H,302.9,310.1,1616,35.1,170,0
545,M10544,L,295.1,304.8,1697,38.4,28,0
546,M10545,L,298.4,308.9,1587,46.9,218,0
547,M10546,L,301.2,311.5,1579,53.7,122,0
548,M10547,L,299.6,310.5,1549,37.7,70,0
549,M10548,L,300.7,310.4,1514,29.7,209,0
550,M10549,L,298.8,309.5,1376,40.4,187,0
551,M10550,H,300.2,309.5,1528,59.9,158,0
552,M10551,L,299.7,308.3,1582,30.5,227,0
553,M10552,L,302.3,311.0,1611,48.8,218,0
554,M10553,H,300.5,309.0,1571,53.2,57,0
555,M10554,L,300.7,311.7,1497,36.4,222,0
556,M10555,L,299.2,307.7,1529,33.1,95,0
557,M10556,L,299.0,309.3,1440,45.7,109,0
558,M10557,M,299.1,308.9,1595,43.5,246,0
559,M10558,M,300.8,310.7,1499,46.9,192,0
560,M10559,L,299.2,310.5,1571,60.5,81,0
561,M10560,H,300.6,310.1,1718,41.7,164,0
562,M10561,M,304.2,314.8,1412,28.2,136,0
563,M10562,M,301.7,311.8,1646,40.7,30,0
564,M10563,M,299.3,309.2,1545,42.4,225,0
565,M10564,M,302.4,314.7,1901,52.5,208,0
566,M10565,M,299.2,307.7,1500,38.1,197,0
567,M10566,L,295.9,307.2,1663,36.0,141,0
568,M10567,L,298.0,308.6,1542,26.4,56,0
569,M10568,L,296.3,305.8,1290,45.4,224,0
570,M10569,L,299.3,310.9,1446,73.1,89,0
571,M10570,H,300.0,308.2,1697,37.8,5,0
572,M10571,H,303.4,312.8,1462,44.5,248,0
573,M10572,L,300.7,309.4,1142,34.6,218,0
574,M10573,L,299.6,310.0,1533,27.3,158,0
575,M10574,M,301.7,310.5,1343,44.3,3,0
576,M10575,L,295.6,306.0,1563,40.3,58,0
577,M10576,M,300.5,310.3,1817,16.4,114,0
578,M10577,M,301.5,311.1,1677,55.9,159,0
579,M10578,M,297.0,307.4,1814,44.1,179,0
580,M10579,M,302.3,312.0,1438,40.7,199,0
581,M10580,L,300.7,309.6,1513,35.8,141,0
582,M10581,L,299.2,312.0,1352,44.0,166,0
583,M10582,L,301.3,310.8,1417,44.5,205,0
584,M10583,M,304.5,312.3,1373,44.0,182,0
585,M10584,L,300.4,309.5,1305,50.6,242,0
586,M10585,H,300.5,309.2,1783,52.8,221,0
587,M10586,L,299.1,309.9,1165,59.9,43,0
588,M10587,M,298.3,308.6,1784,31.7,240,0
589,M10588,L,301.7,312.1,1762,34.3,52,0
590,M10589,H,298.3,307.9,1628,43.6,251,0
591,M10590,L,300.1,309.9,1340,32.3,177,0
592,M10591,M,299.0,308.7,1256,33.9,159,0
593,M10592,H,301.0,310.9,1441,44.7,82,0
594,M10593,L,300.7,311.5,1651,48.9,34,0
595,M10594,M,302.1,312.4,1540,52.6,32,0
596,M10595,M,299.0,309.5,1352,38.1,219,0
597,M10596,L,299.5,310.0,1745,44.6,109,0
598,M10597,M,298.0,308.9,1841,42.4,142,0
599,M10598,M,299.1,309.4,1498,40.2,236,0
600,M10599,L,300.8,311.1,1559,31.9,65,0
601,M10600,M,301.5,312.7,1269,30.7,193,0
602,M10601,L,298.2,307.5,1465,46.6,119,0
603,M10602,L,301.7,310.9,1630,31.8,54,0
604,M10603,H,302.7,311.5,1603,22.4,216,0
605,M10604,M,300.8,311.0,1448,39.7,172,0
606,M10605,M,303.8,311.9,1490,54.4,24,0
607,M10606,H,298.5,308.9,1459,12.3,137,0
608,M10607,M,297.5,307.4,1489,37.1,215,0
609,M10608,M,296.4,307.6,1615,46.7,17,0
610,M10609,L,303.0,312.3,1187,21.9,105,0
611,M10610,L,301.3,311.1,1526,37.9,204,0
612,M10611,M,299.9,311.0,1602,28.7,217,0
613,M10612,H,300.6,311.9,1437,30.0,196,0
614,M10613,L,297.7,307.1,1453,36.0,77,0
615,M10614,M,304.9,315.1,1458,28.9,128,0
616,M10615,L,300.3,310.6,1453,28.1,188,0
617,M10616,L,300.2,310.6,1540,39.4,39,0
618,M10617,M,301.5,311.2,1562,62.0,151,0
619,M10618,L,301.0,312.2,1163,47.5,182,0
620,M10619,L,300.4,308.6,1656,50.0,215,0
621,M10620,L,298.4,308.0,1487,47.9,28,0
622,M10621,H,300.9,311.4,1885,33.1,83,0
623,M10622,M,303.8,314.2,1326,43.1,137,0
624,M10623,L,302.7,314.0,1384,50.9,177,0
625,M10624,L,303.2,314.4,1503,48.2,185,0
626,M10625,L,299.0,308.7,1613,41.9,64,0
627,M10626,M,298.0,309.3,1190,45.1,4,0
628,M10627,M,299.7,309.0,1391,64.4,176,0
629,M10628,H,300.1,311.0,1645,48.3,230,0
630,M10629,H,302.2,314.0,1369,36.9,202,0
631,M10630,M,296.6,307.8,1784,39.3,157,0
632,M10631,M,303.1,313.2,1458,29.6,247,0
633,M10632,M,299.7,309.4,1378,63.2,110,0
634,M10633,L,299.1,307.6,1648,55.9,133,0
635,M10634,M,298.0,308.3,1827,40.8,3,0
636,M10635,L,296.7,305.6,1614,61.6,239,0
637,M10636,L,301.6,310.9,1765,46.3,148,0
638,M10637,H,300.1,309.0,1839,35.7,99,0
639,M10638,M,297.4,307.0,1374,49.0,11,0
640,M10639,L,297.4,307.4,1707,43.9,92,0
641,M10640,H,299.3,309.6,1266,48.3,1,0
642,M10641,M,303.3,312.7,1615,26.4,82,0
643,M10642,L,299.5,310.6,1526,32.0,241,0
644,M10643,M,297.0,306.8,1761,54.7,39,0
645,M10644,L,299.5,308.7,1749,56.8,138,0
646,M10645,L,299.5,309.7,1641,54.0,47,0
647,M10646,H,294.6,306.6,1592,62.0,198,0
648,M10647,M,299.9,310.2,1630,45.7,142,0
649,M10648,H,299.5,309.2,1550,45.0,51,0
650,M10649,H,301.4,309.9,1528,31.0,219,0
651,M10650,L,303.7,313.5,1797,34.3,198,0
652,M10651,H,302.3,312.5,1819,20.3,241,0
653,M10652,M,299.5,309.1,1514,36.8,0,0
654,M10653,L,297.8,306.1,1582,19.6,116,0
655,M10654,M,305.1,314.3,1554,50.7,253,1
656,M10655,L,300.1,311.6,1251,43.8,205,0
657,M10656,L,300.0,311.5,1479,19.9,210,0
658,M10657,L,300.0,309.1,1825,38.1,157,0
659,M10658,M,300.4,311.1,1405,59.5,180,0
660,M10659,L,299.7,308.5,1918,38.8,204,0
661,M10660,L,298.9,310.3,1749,30.1,23,0
662,M10661,M,298.9,309.2,1611,22.3,175,0
663,M10662,M,299.9,310.9,1639,22.6,206,0
664,M10663,L,298.9,307.2,1375,45.3,10,0
665,M10664,H,298.6,309.3,1492,35.7,75,0
666,M10665,M,300.2,310.2,1797,36.5,82,0
667,M10666,H,299.5,310.3,1429,35.7,216,0
668,M10667,L,303.0,313.9,1729,38.6,197,0
669,M10668,H,294.7,304.8,1293,27.9,166,0
670,M10669,H,302.2,311.6,1325,43.1,204,0
671,M10670,M,302.5,313.3,1879,25.9,115,0
672,M10671,H,295.9,305.8,1537,32.5,221,0
673,M10672,M,299.3,308.4,1443,50.0,59,0
674,M10673,L,299.3,308.3,1783,43.7,178,0
675,M10674,H,297.2,305.7,1762,46.8,61,0
676,M10675,M,298.4,307.9,1704,61.3,10,0
677,M10676,L,297.8,308.9,1437,39.4,72,0
678,M10677,L,303.5,313.7,1488,40.2,125,0
679,M10678,M,301.9,311.3,1595,37.4,213,0
680,M10679,M,302.5,313.3,1663,35.6,129,0
681,M10680,H,301.4,310.6,1448,30.0,45,0
682,M10681,M,297.7,307.8,1570,40.8,251,0
683,M10682,L,299.0,308.8,1587,43.5,68,0
684,M10683,M,301.0,311.8,1769,44.1,249,0
685,M10684,L,297.6,306.0,1674,40.6,237,0
686,M10685,M,301.4,310.6,1269,49.2,137,0
687,M10686,M,299.5,307.9,1501,40.3,23,0
688,M10687,H,299.3,309.0,1373,35.9,176,0
689,M10688,M,301.4,312.6,1641,30.8,214,0
690,M10689,M,300.9,310.4,1704,24.7,113,0
691,M10690,H,299.3,308.8,1557,54.5,60,0
692,M10691,H,302.3,313.2,1491,33.1,203,0
693,M10692,L,297.8,308.9,1551,30.8,138,0
694,M10693,L,301.2,311.1,1576,35.9,50,0
695,M10694,H,301.2,311.9,1424,37.2,240,0
696,M10695,H,299.4,308.3,1321,56.2,240,0
697,M10696,L,300.7,312.0,1172,36.8,93,0
698,M10697,L,297.5,309.6,1766,66.1,16,0
699,M10698,L,301.8,312.4,1628,40.6,160,0
700,M10699,M,299.6,307.5,1604,60.4,80,0
701,M10700,H,299.0,308.4,1765,48.8,17,0
702,M10701,L,302.1,312.7,1314,43.6,226,0
703,M10702,M,298.6,308.2,1228,55.6,253,0
704,M10703,H,297.2,308.5,1608,51.1,89,0
705,M10704,M,296.9,307.5,1591,46.3,188,1
706,M10705,L,301.2,310.5,1229,62.9,17,0
707,M10706,M,297.4,307.5,1603,35.1,94,0
708,M10707,L,303.5,312.6,1467,30.2,28,0
709,M10708,M,295.8,305.7,1395,33.3,14,0
710,M10709,L,303.4,312.8,1479,57.3,149,0
711,M10710,L,300.4,311.6,1102,54.4,203,0
712,M10711,L,299.8,311.9,1433,34.8,115,0
713,M10712,L,298.9,307.5,1413,16.7,133,0
714,M10713,H,300.8,308.9,1639,38.0,68,0
715,M10714,L,299.9,309.7,1511,30.0,186,0
716,M10715,H,302.2,310.7,1653,35.1,91,0
717,M10716,L,300.2,310.3,1083,29.6,17,0
718,M10717,H,300.3,311.0,1389,24.1,42,0
719,M10718,H,299.3,310.8,1639,58.6,33,0
720,M10719,L,299.9,310.1,1484,33.2,110,0
721,M10720,H,300.6,310.4,1690,54.0,16,0
722,M10721,M,296.6,304.6,1216,37.8,204,0
723,M10722,M,297.3,307.3,1670,28.8,230,0
724,M10723,M,301.5,311.6,1425,45.0,63,0
725,M10724,L,300.3,311.0,1407,36.1,123,0
726,M10725,M,299.6,308.9,1716,37.9,131,0
727,M10726,L,300.0,309.6,1747,41.4,249,0
728,M10727,M,300.7,309.2,1724,32.0,17,0
729,M10728,M,298.9,306.6,1904,24.0,169,0
730,M10729,M,298.4,307.3,1766,39.5,87,0
731,M10730,M,300.4,308.8,1397,49.5,127,0
732,M10731,H,298.0,308.4,1564,31.1,55,0
733,M10732,H,300.8,310.3,1475,41.5,41,0
734,M10733,L,296.6,306.1,1902,54.9,62,0
735,M10734,L,302.1,311.1,1737,39.1,18,0
736,M10735,L,300.9,307.7,1505,40.9,70,0
737,M10736,H,300.5,312.0,1696,40.5,175,0
738,M10737,H,302.0,311.0,1318,33.2,165,0
739,M10738,L,303.3,312.9,1584,30.2,140,0
740,M10739,L,302.0,310.6,1371,30.2,0,0
741,M10740,M,296.3,307.3,1237,43.6,32,0
742,M10741,M,297.4,307.6,1679,47.5,213,0
743,M10742,H,298.8,307.9,1702,48.0,69,0
744,M10743,L,300.1,309.7,1621,36.3,231,0
745,M10744,H,301.0,312.7,1506,50.8,221,0
746,M10745,L,298.5,308.5,1312,43.0,39,0
747,M10746,L,300.4,310.2,1331,40.7,227,0
748,M10747,L,298.5,307.5,1365,6.9,159,0
749,M10748,H,298.8,306.9,1497,31.9,159,0
750,M10749,L,297.2,307.0,1732,24.9,216,0
751,M10750,L,298.2,308.5,1729,46.2,102,0
752,M10751,H,297.3,308.4,1244,40.9,186,0
753,M10752,M,298.0,305.8,1415,29.4,169,0
754,M10753,H,302.1,311.0,1410,43.0,195,0
755,M10754,M,298.1,307.5,1086,25.9,167,0
756,M10755,L,305.3,315.3,1640,29.7,20,0
757,M10756,L,301.0,310.8,1495,33.0,74,0
758,M10757,L,300.4,310.2,1519,45.3,238,0
759,M10758,L,298.3,308.7,1780,53.9,57,0
760,M10759,L,301.4,310.5,1555,34.2,119,0
761,M10760,H,298.8,309.8,1462,53.1,90,0
762,M10761,L,300.2,310.7,1641,40.5,22,0
763,M10762,L,305.1,314.8,1729,42.3,46,0
764,M10763,H,299.8,311.4,1592,39.4,73,0
765,M10764,M,302.3,313.9,1662,38.0,117,0
766,M10765,M,298.6,309.5,1513,44.3,221,0
767,M10766,H,299.9,306.9,1524,47.3,130,0
768,M10767,M,303.5,315.1,1559,31.2,165,0
769,M10768,H,298.7,309.5,1404,38.1,108,0
770,M10769,M,303.6,315.6,1437,56.5,220,0
771,M10770,M,301.4,312.7,1786,41.8,168,0
772,M10771,M,298.9,310.5,1898,42.8,23,0
773,M10772,M,301.3,312.1,1824,51.6,121,0
774,M10773,L,301.9,313.3,1302,35.0,209,0
775,M10774,L,301.2,313.2,1285,39.7,186,0
776,M10775,L,296.9,307.1,1326,48.1,229,0
777,M10776,L,298.5,307.0,1563,52.3,58,0
778,M10777,M,299.5,309.2,1036,16.6,247,0
779,M10778,M,299.9,310.2,1434,32.7,72,0
780,M10779,M,301.2,311.3,1791,30.1,13,0
781,M10780,H,300.4,309.1,1715,38.8,125,0
782,M10781,M,297.3,305.7,1448,30.9,28,0
783,M10782,L,300.8,310.0,1461,46.6,172,0
784,M10783,L,301.2,312.0,1641,41.7,228,0
785,M10784,L,301.1,312.7,1706,48.8,233,0
786,M10785,H,302.2,313.1,1444,49.4,154,0
787,M10786,M,301.7,312.7,1497,46.7,135,0
788,M10787,H,300.9,310.8,1438,36.7,251,0
789,M10788,L,299.9,308.1,1301,41.0,147,0
790,M10789,M,296.7,306.2,1500,35.4,235,0
791,M10790,M,300.9,310.6,1486,26.5,232,1
792,M10791,H,300.4,309.9,1313,49.4,73,0
793,M10792,M,300.5,310.6,1655,39.2,3,0
794,M10793,M,297.4,307.9,1626,25.1,111,0
795,M10794,H,297.8,308.7,1664,45.3,218,0
796,M10795,H,302.1,311.8,1402,37.8,212,0
797,M10796,L,299.9,308.0,1184,19.6,153,0
798,M10797,M,301.4,310.9,1623,26.4,40,0
799,M10798,L,300.1,310.1,1420,33.1,27,0
800,M10799,H,300.1,311.3,1380,42.1,242,0
801,M10800,H,301.9,311.3,1314,47.8,107,0
802,M10801,L,299.0,309.5,1490,47.5,164,0
803,M10802,H,300.2,310.5,1821,46.0,229,0
804,M10803,M,299.1,309.1,1449,39.7,220,0
805,M10804,M,299.1,310.1,1344,57.1,143,0
806,M10805,M,299.4,308.7,1656,46.9,123,0
807,M10806,L,300.4,309.9,1570,42.2,186,0
808,M10807,H,299.0,309.0,1160,45.6,88,0
809,M10808,L,302.5,311.9,1658,36.0,158,0
810,M10809,H,298.2,308.7,1920,39.4,6,0
811,M10810,L,299.6,308.9,1074,19.4,209,0
812,M10811,M,299.1,309.3,1318,36.2,253,0
813,M10812,L,302.9,312.8,1029,57.4,242,1
814,M10813,L,300.4,310.6,1526,41.5,91,0
815,M10814,H,302.1,311.6,1716,41.1,134,0
816,M10815,M,297.0,306.7,1558,49.9,60,0
817,M10816,L,300.5,310.6,1788,43.5,77,0
818,M10817,M,301.8,312.0,1688,32.2,116,0
819,M10818,L,300.2,310.2,1844,40.2,189,0
820,M10819,L,302.1,313.8,1747,28.8,5,0
821,M10820,M,299.0,308.0,1467,41.8,100,0
822,M10821,H,302.8,312.8,1551,31.7,141,0
823,M10822,H,304.6,313.0,1384,49.2,54,0
824,M10823,L,299.3,309.6,1498,34.9,20,0
825,M10824,M,299.1,308.0,1550,31.8,137,0
826,M10825,M,302.9,312.6,1524,38.9,161,0
827,M10826,L,303.2,312.8,1779,43.6,162,0
828,M10827,H,299.0,309.2,1480,28.0,90,1
829,M10828,L,299.2,308.6,1372,34.8,60,0
830,M10829,L,299.4,308.8,1383,41.0,56,0
831,M10830,L,297.3,308.7,1656,53.2,10,0
832,M10831,H,298.2,308.4,1288,15.0,47,0
833,M10832,M,298.0,307.4,1503,46.1,207,0
834,M10833,L,298.5,308.2,1777,36.2,1,0
835,M10834,L,299.9,311.6,1591,35.1,11,0
836,M10835,L,300.5,310.2,1526,33.3,32,0
837,M10836,L,303.1,312.4,1533,36.4,106,0
838,M10837,H,298.0,307.3,1355,46.1,84,0
839,M10838,H,302.0,311.4,1386,34.7,45,0
840,M10839,H,299.6,309.0,1504,56.4,28,0
841,M10840,L,299.9,308.6,1588,46.2,238,0
842,M10841,M,301.3,310.2,1709,42.0,231,0
843,M10842,L,297.8,306.9,1556,38.4,195,0
844,M10843,L,300.8,311.4,1781,51.8,64,0
845,M10844,H,300.3,310.0,1826,53.2,82,0
846,M10845,L,301.0,310.8,1681,28.5,168,0
847,M10846,L,300.6,311.8,1758,33.1,74,0
848,M10847,L,304.9,316.2,1362,46.3,134,0
849,M10848,M,298.7,308.4,1333,49.3,165,0
850,M10849,L,298.9,308.3,1632,37.0,131,0
851,M10850,L,298.8,307.9,1299,32.6,105,0
852,M10851,M,298.9,309.6,1487,40.8,88,0
853,M10852,M,298.7,308.5,1677,54.6,197,0
854,M10853,M,302.4,312.0,1792,40.4,187,0
855,M10854,L,302.8,312.0,1493,27.5,176,0
856,M10855,L,298.9,308.1,1423,41.1,95,0
857,M10856,H,298.3,308.7,1596,47.7,196,0
858,M10857,L,300.9,309.6,1347,39.0,242,0
859,M10858,L,298.9,309.9,1508,52.5,174,1
860,M10859,L,301.3,310.7,1538,48.6,103,0
861,M10860,L,300.4,310.3,1534,39.4,202,0
862,M10861,M,297.0,305.6,1555,40.4,154,0
863,M10862,H,303.1,313.1,1390,21.8,222,0
864,M10863,L,303.6,313.3,1409,52.0,180,0
865,M10864,M,298.8,308.7,1405,36.7,195,0
866,M10865,L,299.2,310.7,1249,36.0,169,0
867,M10866,H,300.6,310.7,1600,34.6,23,0
868,M10867,L,300.7,309.9,1699,44.5,123,0
869,M10868,L,301.3,310.6,1682,28.8,14,0
870,M10869,L,304.0,314.6,1492,30.3,113,0
871,M10870,L,299.6,310.9,1394,39.5,181,0
872,M10871,M,298.4,308.7,1672,33.8,107,0
873,M10872,M,297.2,307.9,1653,43.3,0,0
874,M10873,M,298.5,309.1,1578,34.2,93,0
875,M10874,H,299.9,311.4,1851,55.8,17,0
876,M10875,L,303.6,311.6,1534,46.9,197,0
877,M10876,M,299.0,309.6,1493,46.7,198,0
878,M10877,L,300.4,311.4,1467,34.0,204,0
879,M10878,M,300.0,308.6,1260,63.8,8,0
880,M10879,H,302.4,311.5,1657,35.7,8,0
881,M10880,H,305.1,314.2,1520,32.9,229,0
882,M10881,M,298.9,308.2,1630,47.0,31,0
883,M10882,H,299.0,308.5,1869,41.9,170,0
884,M10883,M,302.1,312.3,1469,31.9,201,0
885,M10884,H,301.4,312.2,1120,61.7,113,0
886,M10885,H,303.7,314.8,1625,49.7,138,0
887,M10886,L,301.2,310.3,1569,40.0,58,0
888,M10887,L,299.3,308.4,1408,63.8,234,0
889,M10888,L,301.2,312.5,1610,48.0,76,0
890,M10889,L,302.2,312.9,1680,39.9,55,0
891,M10890,L,301.6,311.7,1370,62.6,133,0
892,M10891,L,301.0,311.5,1485,46.5,48,0
893,M10892,L,302.1,312.1,1803,46.1,174,0
894,M10893,L,302.3,312.9,1410,36.2,130,0
895,M10894,L,302.8,312.4,1551,40.5,37,0
896,M10895,H,301.3,311.6,1069,35.9,17,0
897,M10896,H,299.7,308.2,1274,54.3,35,0
898,M10897,H,300.3,309.6,1567,24.1,35,0
899,M10898,H,302.4,311.7,1759,53.5,79,0
900,M10899,M,298.4,308.0,1295,31.3,211,0
901,M10900,M,300.7,309.8,1552,39.4,14,0
902,M10901,L,299.2,308.7,1472,37.1,32,0
903,M10902,L,300.1,308.5,1710,34.9,77,0
904,M10903,M,302.6,313.1,1321,46.8,140,0
905,M10904,L,300.4,310.3,1616,39.9,193,0
906,M10905,L,300.1,308.4,1422,33.4,233,0
907,M10906,L,297.3,306.4,1579,41.5,104,0
908,M10907,L,301.5,311.8,1551,33.1,27,0
909,M10908,L,301.3,310.7,1494,34.7,54,0
910,M10909,H,304.3,313.6,1625,25.2,73,0
911,M10910,M,299.4,309.3,1547,35.5,199,0
912,M10911,L,300.4,310.8,1515,44.9,174,0
913,M10912,L,300.5,309.1,1475,40.4,53,0
914,M10913,L,303.2,313.7,1553,58.0,212,0
915,M10914,L,299.8,309.0,1579,65.9,217,0
916,M10915,L,300.6,310.5,1362,35.4,223,0
917,M10916,M,301.2,311.2,1476,31.8,70,0
918,M10917,M,300.4,309.8,1350,51.2,34,0
919,M10918,L,299.1,308.1,1532,43.3,26,0
920,M10919,M,300.4,310.1,1433,51.2,101,0
921,M10920,M,302.1,313.8,1677,43.9,109,0
922,M10921,H,297.9,306.6,1659,38.1,220,0
923,M10922,M,300.3,312.0,1374,38.1,68,0
924,M10923,M,298.6,308.3,1539,44.3,159,0
925,M10924,M,302.4,312.4,1653,37.9,199,0
926,M10925,L,297.0,305.9,1508,52.1,68,0
927,M10926,H,298.9,308.1,1409,27.1,68,0
928,M10927,M,300.8,310.3,1343,52.0,169,0
929,M10928,M,303.1,312.1,1692,21.5,184,0
930,M10929,M,299.9,309.7,1701,41.4,243,0
931,M10930,L,298.9,308.5,1502,36.7,215,0
932,M10931,H,303.8,315.6,1676,25.0,208,0
933,M10932,H,297.1,305.9,1008,19.6,175,0
934,M10933,L,295.6,305.7,1777,29.1,30,0
935,M10934,L,300.9,311.1,1511,40.5,205,0
936,M10935,L,299.0,307.9,1564,34.0,237,0
937,M10936,L,298.0,308.6,1482,29.7,99,0
938,M10937,L,301.4,311.0,1789,53.4,79,0
939,M10938,H,300.5,308.0,1349,27.8,132,0
940,M10939,M,298.9,309.5,1803,46.7,242,0
941,M10940,M,297.4,306.3,1610,31.2,13,0
942,M10941,H,301.7,310.7,1650,28.9,179,0
943,M10942,M,301.3,312.0,1480,34.0,206,0
944,M10943,L,299.8,309.5,1305,46.1,200,0
945,M10944,L,303.7,314.6,1706,26.4,143,0
946,M10945,L,297.9,309.1,1595,42.8,233,0
947,M10946,L,296.9,306.3,1783,30.5,34,0
948,M10947,H,298.6,309.4,1504,32.3,62,0
949,M10948,M,299.9,309.2,1464,44.0,78,0
950,M10949,L,300.5,312.7,1787,61.5,2,0
951,M10950,M,299.5,308.8,1881,31.0,94,0
952,M10951,L,300.7,311.7,1541,47.1,41,0
953,M10952,L,297.5,308.3,1404,36.9,183,0
954,M10953,L,302.9,313.2,1684,35.3,105,1
955,M10954,H,299.8,309.2,1494,50.6,178,0
956,M10955,L,302.2,312.1,1646,31.6,74,0
957,M10956,H,300.7,308.5,1493,28.6,33,0
958,M10957,M,300.9,311.1,1819,44.6,33,0
959,M10958,M,301.1,311.5,1414,55.8,51,0
960,M10959,H,300.9,311.0,1625,47.4,29,0
961,M10960,L,301.3,308.3,1452,26.1,56,0
962,M10961,H,302.7,311.4,1489,33.9,146,0
963,M10962,L,300.4,309.6,1465,49.7,65,0
964,M10963,H,301.4,311.7,1671,55.7,87,0
965,M10964,H,299.8,310.1,1703,42.3,13,0
966,M10965,H,302.9,312.7,1639,34.3,226,0
967,M10966,H,298.6,309.3,1520,56.3,35,0
968,M10967,L,303.6,312.6,1564,39.3,88,0
969,M10968,H,299.9,310.5,1700,34.0,96,0
970,M10969,L,297.1,307.6,1705,32.3,195,0
971,M10970,M,300.3,310.6,1057,28.2,122,1
972,M10971,H,298.6,308.5,1490,68.1,97,0
973,M10972,L,301.7,313.5,1499,54.1,176,0
974,M10973,L,298.7,309.2,1659,33.5,151,0
975,M10974,H,299.1,308.1,1527,57.1,20,0
976,M10975,L,296.2,306.5,1668,45.3,79,0
977,M10976,L,299.1,309.8,1346,44.7,248,0
978,M10977,M,295.2,304.6,1586,32.9,122,0
979,M10978,H,296.8,307.9,1700,34.9,107,0
980,M10979,H,301.5,311.9,1275,39.6,38,0
981,M10980,M,301.6,309.2,1989,20.5,212,0
982,M10981,M,300.9,311.2,1752,35.2,34,0
983,M10982,H,298.1,307.7,1539,40.0,27,0
984,M10983,L,299.9,310.4,1391,53.0,111,0
985,M10984,M,300.0,310.9,1508,33.9,110,0
986,M10985,L,297.7,307.9,1554,48.0,248,0
987,M10986,H,303.0,314.7,1618,19.6,32,0
988,M10987,M,301.8,311.6,1808,51.6,122,0
989,M10988,M,299.6,310.2,1454,31.1,51,0
990,M10989,L,300.1,310.9,1640,41.3,178,0
991,M10990,M,300.4,310.3,1308,44.0,99,0
992,M10991,L,295.9,306.7,1465,42.1,164,0
993,M10992,L,299.5,308.9,1606,38.9,86,0
994,M10993,H,298.6,308.2,1663,27.7,143,0
995,M10994,H,298.0,306.7,1404,31.2,119,0
996,M10995,L,299.4,309.7,1460,49.9,95,0
997,M10996,L,303.6,313.9,1800,34.1,136,0
998,M10997,L,301.3,312.5,1747,39.0,97,0
999,M10998,M,298.9,309.6,1576,25.2,204,0
1000,M10999,L,301.1,310.9,1139,48.5,125,0
1001,M11000,M,302.8,311.6,1988,26.9,228,0
1002,M11001,L,301.8,312.3,1535,49.1,56,0
1003,M11002,L,300.1,311.2,1483,29.5,28,0
1004,M11003,M,298.7,309.5,1445,50.0,96,0
1005,M11004,H,301.4,312.5,1606,40.1,46,0
1006,M11005,H,300.8,310.6,1608,34.5,99,0
1007,M11006,M,301.8,311.3,1709,55.8,52,0
1008,M11007,L,301.3,310.5,1373,39.3,220,0
1009,M11008,L,302.1,312.0,1483,36.4,144,0
1010,M11009,M,298.9,308.9,1902,49.0,126,0
1011,M11010,L,302.6,312.8,1579,25.3,199,0
1012,M11011,L,300.4,310.3,1508,15.0,33,0
1013,M11012,H,304.2,314.0,1370,51.5,217,0
1014,M11013,L,298.6,307.8,1630,31.7,122,0
1015,M11014,H,303.5,314.4,1724,48.6,35,0
1016,M11015,L,300.4,310.5,1696,40.5,207,0
1017,M11016,L,298.7,308.5,1493,28.5,117,0
1018,M11017,M,299.0,308.3,1604,46.0,153,0
1019,M11018,L,299.4,308.0,1838,35.9,226,0
1020,M11019,H,300.8,312.2,1731,29.3,225,0
1021,M11020,M,301.0,311.6,1399,29.6,226,0
1022,M11021,M,298.9,307.2,1083,22.8,105,0
1023,M11022,M,300.0,310.7,1592,44.0,190,0
1024,M11023,H,304.3,315.2,1682,30.7,59,0
1025,M11024,H,303.5,313.6,1344,39.7,210,0
1026,M11025,L,300.9,312.5,1537,38.2,86,0
1027,M11026,H,300.1,310.3,1492,30.7,117,0
1028,M11027,M,300.2,308.8,1558,24.9,226,0
1029,M11028,M,301.2,311.6,1441,65.1,204,0
1030,M11029,L,298.0,308.2,1770,39.5,241,0
1031,M11030,L,299.5,308.9,1565,58.1,92,0
1032,M11031,M,296.7,307.2,1382,51.5,38,0
1033,M11032,L,300.8,309.1,1703,36.8,230,0
1034,M11033,L,301.3,312.3,1313,41.8,125,0
1035,M11034,L,299.0,308.2,1769,41.5,225,0
1036,M11035,L,303.1,312.2,1716,58.3,185,0
1037,M11036,M,297.5,307.4,1788,48.2,221,0
1038,M11037,M,297.1,307.5,1511,32.0,166,0
1039,M11038,L,300.4,310.6,1450,43.5,206,1
1040,M11039,L,302.1,311.4,1554,48.0,30,0
1041,M11040,L,303.4,312.9,1524,28.4,245,0
1042,M11041,M,299.1,307.9,1422,44.9,46,0
1043,M11042,M,302.2,311.9,1440,53.3,6,0
1044,M11043,L,299.9,311.0,1473,31.5,134,0
1045,M11044,L,299.7,309.7,1330,32.9,180,0
1046,M11045,L,301.8,312.6,1660,51.5,181,0
1047,M11046,H,301.3,312.8,1530,36.5,86,0
1048,M11047,L,296.8,306.3,1484,30.3,191,0
1049,M11048,M,303.0,312.8,1340,48.7,213,0
1050,M11049,L,302.8,314.9,1331,45.7,154,0
1051,M11050,L,298.7,310.2,1886,40.9,98,0
1052,M11051,H,300.8,309.1,1427,51.1,155,0
1053,M11052,H,301.0,311.4,1648,51.8,218,0
1054,M11053,M,300.5,310.5,1568,39.2,228,0
1055,M11054,L,298.9,309.7,1042,59.5,8,0
1056,M11055,M,298.7,307.9,1860,55.7,31,0
1057,M11056,M,299.9,309.1,1661,20.4,1,0
1058,M11057,L,302.3,311.7,1402,29.8,125,0
1059,M11058,M,301.1,310.5,1534,17.7,110,0
1060,M11059,L,299.3,310.1,1333,36.8,138,0
1061,M11060,L,301.5,310.4,1866,28.0,173,0
1062,M11061,L,294.3,303.7,1377,31.9,93,0
1063,M11062,M,302.3,310.5,1445,50.8,53,0
1064,M11063,L,296.5,307.5,1408,22.6,100,0
1065,M11064,H,299.3,310.5,1553,41.3,2,0
1066,M11065,L,297.8,307.4,1784,41.2,210,0
1067,M11066,L,297.4,307.1,1859,39.2,97,0
1068,M11067,H,302.3,312.8,1468,41.3,158,0
1069,M11068,L,299.1,310.5,1607,17.9,82,0
1070,M11069,L,300.7,311.1,1554,32.0,156,0
1071,M11070,L,299.9,309.2,1363,55.3,137,0
1072,M11071,L,301.0,309.3,1973,28.2,53,0
1073,M11072,M,300.2,309.0,1783,56.5,158,0
1074,M11073,M,297.4,307.5,1573,26.1,28,0
1075,M11074,L,302.0,311.3,1822,24.9,122,0
1076,M11075,L,299.0,309.2,1756,30.6,182,0
1077,M11076,L,296.9,306.3,1554,51.2,139,0
1078,M11077,H,299.1,308.1,1597,34.6,189,0
1079,M11078,H,303.0,311.8,1810,43.4,69,0
1080,M11079,H,301.7,313.3,1370,40.7,12,0
1081,M11080,L,299.3,310.2,1839,39.5,14,0
1082,M11081,H,299.3,311.0,1499,52.6,68,0
1083,M11082,M,299.4,309.9,1812,47.6,103,0
1084,M11083,M,304.2,313.7,1538,28.7,136,0
1085,M11084,M,300.8,312.1,1599,37.3,192,0
1086,M11085,M,300.9,310.8,1533,57.3,212,0
1087,M11086,M,302.1,312.3,1444,43.2,176,0
1088,M11087,L,300.5,310.4,1491,25.1,117,0
1089,M11088,L,299.5,306.5,1786,25.8,67,0
1090,M11089,H,299.6,311.2,1125,48.8,108,0
1091,M11090,L,299.9,310.3,1317,47.0,69,0
1092,M11091,L,299.9,310.3,1409,30.9,158,0
1093,M11092,L,301.5,311.4,1346,47.4,207,0
1094,M11093,L,300.1,310.3,1809,55.8,131,0
1095,M11094,M,301.5,310.9,1764,54.4,12,0
1096,M11095,M,299.8,310.5,1645,55.9,238,0
1097,M11096,M,300.2,308.9,1425,45.5,74,0
1098,M11097,L,296.0,306.2,1778,38.2,231,0
1099,M11098,L,301.8,312.4,1255,36.0,206,0
1100,M11099,M,300.7,310.5,1922,39.8,105,0
1101,M11100,L,302.0,312.4,1416,31.3,14,0
1102,M11101,H,294.2,303.2,1492,36.4,240,0
1103,M11102,M,304.2,313.2,1462,52.6,167,0
1104,M11103,L,299.7,310.0,1347,24.1,63,0
1105,M11104,L,302.2,312.9,1884,24.7,135,0
1106,M11105,H,297.9,306.0,1680,48.2,161,0
1107,M11106,L,301.2,311.7,1757,36.5,57,0
1108,M11107,M,297.9,307.3,1320,20.9,24,0
1109,M11108,M,298.8,308.6,1571,39.4,68,0
1110,M11109,H,303.8,312.5,1632,38.0,12,0
1111,M11110,L,299.6,308.8,1587,35.7,18,0
1112,M11111,L,300.4,311.4,1331,46.8,40,0
1113,M11112,L,301.7,311.8,1732,26.8,40,0
1114,M11113,M,301.0,310.6,1561,40.1,63,0
1115,M11114,L,300.3,310.2,1368,37.9,237,0
1116,M11115,M,300.7,311.2,1207,40.4,146,0
1117,M11116,M,304.8,315.2,1648,22.9,107,0
1118,M11117,M,299.9,309.8,1978,34.8,143,0
1119,M11118,L,300.4,311.5,1357,40.2,1,0
1120,M11119,M,302.1,313.1,1570,45.4,226,0
1121,M11120,H,302.2,312.6,1738,58.3,135,0
1122,M11121,L,302.4,312.4,1312,48.0,114,0
1123,M11122,M,301.3,311.9,1453,44.6,238,0
1124,M11123,M,297.7,308.0,1385,52.6,185,0
1125,M11124,L,303.3,314.3,1715,37.0,85,0
1126,M11125,L,297.7,308.6,1776,55.4,237,1
1127,M11126,H,300.6,309.6,1567,51.1,216,0
1128,M11127,M,298.5,307.4,1388,35.6,241,0
1129,M11128,L,299.9,309.2,1460,59.0,24,0
1130,M11129,H,300.7,311.6,1426,44.4,242,0
1131,M11130,M,300.6,309.1,1364,61.7,137,0
1132,M11131,L,300.8,311.2,1521,43.0,170,0
1133,M11132,M,303.2,313.6,1642,34.4,54,0
1134,M11133,L,300.9,312.1,1627,32.4,36,0
1135,M11134,L,299.5,309.7,1538,36.5,20,0
1136,M11135,L,301.9,310.6,1549,34.3,107,0
1137,M11136,L,302.4,311.4,1524,52.6,56,0
1138,M11137,H,297.5,306.4,1307,39.7,21,0
1139,M11138,L,301.2,310.7,1568,24.0,242,0
1140,M11139,L,301.4,311.2,1435,42.1,186,0
1141,M11140,M,299.4,308.2,1298,41.2,131,0
1142,M11141,H,302.8,314.2,1605,35.4,188,0
1143,M11142,L,299.7,308.4,1430,42.6,155,0
1144,M11143,H,300.3,311.6,1580,39.6,45,0
1145,M11144,L,299.7,310.8,1691,46.3,160,0
1146,M11145,L,300.0,310.9,1369,45.7,172,0
1147,M11146,L,297.8,307.1,1555,43.6,60,0
1148,M11147,L,297.1,307.5,1215,27.1,81,0
1149,M11148,H,303.2,311.9,1813,61.0,97,0
1150,M11149,H,298.3,309.2,1296,24.6,152,0
1151,M11150,M,298.0,307.9,1447,38.7,32,0
1152,M11151,L,295.7,305.3,1779,29.2,188,0
1153,M11152,L,298.7,307.5,1497,43.9,88,0
1154,M11153,M,297.4,304.9,1325,41.4,175,0
1155,M11154,L,303.3,312.2,1667,38.3,236,0
1156,M11155,L,302.0,313.1,1663,55.0,220,0
1157,M11156,L,298.6,308.2,1426,51.0,187,0
1158,M11157,L,304.5,314.3,1445,36.8,49,0
1159,M11158,L,302.0,312.6,1461,48.0,185,1
1160,M11159,L,299.4,311.2,1502,55.5,161,1
1161,M11160,L,295.0,306.3,1200,50.9,195,0
1162,M11161,M,304.6,313.6,1507,38.7,220,0
1163,M11162,L,297.2,305.3,1858,24.3,79,0
1164,M11163,L,296.7,309.1,1379,43.2,163,0
1165,M11164,L,302.0,314.3,1435,46.6,70,0
1166,M11165,L,304.9,315.1,1327,32.4,88,0
1167,M11166,M,302.8,311.5,1649,40.2,132,0
1168,M11167,L,301.1,312.1,1754,39.2,110,1
1169,M11168,H,301.2,311.1,1750,53.7,152,0
1170,M11169,H,301.7,311.6,1316,58.4,192,0
1171,M11170,H,301.5,312.4,1628,51.6,153,0
1172,M11171,H,300.6,310.9,1796,39.2,245,0
1173,M11172,M,300.2,309.0,1630,51.4,187,0
1174,M11173,H,299.9,309.6,1625,46.4,249,0
1175,M11174,M,298.5,309.2,1455,39.3,188,0
1176,M11175,L,299.4,309.9,1578,60.7,129,0
1177,M11176,M,296.6,306.9,1760,32.7,104,0
1178,M11177,M,299.8,310.7,1598,46.0,186,0
1179,M11178,L,298.0,307.7,1316,48.3,174,0
1180,M11179,M,297.8,308.0,1457,37.2,169,0
1181,M11180,H,300.4,307.0,1755,45.5,183,0
1182,M11181,M,302.8,312.3,1597,49.4,221,0
1183,M11182,L,301.8,312.6,1560,42.4,58,0
1184,M11183,L,296.9,306.5,1440,44.7,143,0
1185,M11184,M,298.0,307.6,1752,41.0,153,0
1186,M11185,L,301.9,310.8,1837,47.9,74,0
1187,M11186,M,298.0,309.0,1765,37.7,250,0
1188,M11187,L,299.6,310.1,1797,36.9,199,0
1189,M11188,L,301.1,311.9,1475,40.2,81,0
1190,M11189,H,298.1,306.3,1449,51.7,91,0
1191,M11190,L,300.2,310.1,1511,22.7,182,0
1192,M11191,H,297.3,307.1,1546,31.0,3,0
1193,M11192,H,298.8,308.5,1795,62.5,117,0
1194,M11193,L,300.6,310.0,1748,42.7,87,0
1195,M11194,H,296.8,306.5,1635,36.0,216,0
1196,M11195,M,300.9,311.7,1283,47.9,200,0
1197,M11196,L,300.0,308.0,1237,32.2,84,0
1198,M11197,L,301.1,312.9,1582,19.2,219,0
1199,M11198,H,300.4,310.9,1697,43.5,231,0
1200,M11199,M,302.7,312.7,1525,32.8,140,0
1201,M11200,L,300.3,311.2,1882,41.0,40,0
1202,M11201,L,299.1,307.7,1345,43.3,195,0
1203,M11202,M,300.2,309.6,1323,41.4,81,0
1204,M11203,L,301.1,311.0,1420,23.1,133,0
1205,M11204,L,300.1,311.5,1413,40.3,12,0
1206,M11205,M,300.1,310.0,1633,44.4,127,0
1207,M11206,M,298.6,309.0,1464,26.1,96,0
1208,M11207,L,298.7,308.1,1262,25.0,174,0
1209,M11208,M,297.2,307.7,1699,29.4,10,0
1210,M11209,L,303.5,315.2,1224,47.4,158,0
1211,M11210,M,297.5,308.5,1347,20.2,195,0
1212,M11211,L,298.6,308.5,1249,48.2,3,0
1213,M11212,M,298.6,309.2,1576,43.9,190,0
1214,M11213,M,301.8,312.4,1572,37.5,33,0
1215,M11214,L,299.4,309.9,1882,25.3,177,0
1216,M11215,M,302.5,313.6,1703,32.1,115,0
1217,M11216,H,298.7,309.8,1797,47.7,140,0
1218,M11217,H,300.6,310.4,1591,52.4,85,0
1219,M11218,M,298.3,309.0,1364,29.8,62,0
1220,M11219,H,304.3,313.9,1562,51.3,18,0
1221,M11220,M,297.6,306.7,1645,46.8,219,0
1222,M11221,L,300.6,310.4,1665,39.9,154,0
1223,M11222,M,301.3,311.2,1454,32.7,249,0
1224,M11223,H,300.8,309.2,1626,34.2,215,0
1225,M11224,L,299.6,310.5,1372,58.0,220,0
1226,M11225,L,299.7,307.0,1352,41.8,151,0
1227,M11226,H,300.1,312.8,1339,53.2,20,0
1228,M11227,M,299.7,311.2,1543,42.4,231,0
1229,M11228,L,301.9,311.7,1328,35.5,30,0
1230,M11229,M,304.4,314.4,1463,45.8,131,0
1231,M11230,L,298.9,309.2,1701,61.4,217,0
1232,M11231,L,297.3,306.7,1355,33.6,120,0
1233,M11232,L,299.8,310.0,1449,49.0,42,0
1234,M11233,L,305.2,315.0,1552,41.9,94,0
1235,M11234,M,298.4,308.3,1583,25.6,250,0
1236,M11235,L,303.3,313.5,1450,25.4,253,0
1237,M11236,H,303.4,312.0,1680,35.5,180,0
1238,M11237,M,298.9,308.9,1645,43.4,225,0
1239,M11238,L,301.1,311.3,1743,48.7,11,0
1240,M11239,L,303.3,313.4,1524,24.4,70,0
1241,M11240,H,299.2,309.0,1447,46.5,93,0
1242,M11241,M,299.6,310.7,1417,38.8,3,0
1243,M11242,L,298.8,308.5,1594,40.0,95,0
1244,M11243,L,298.0,308.2,1471,45.8,24,0
1245,M11244,L,298.7,310.0,1437,57.3,131,0
1246,M11245,M,297.6,307.5,1459,43.0,1,0
1247,M11246,M,300.1,310.3,1417,26.6,68,0
1248,M11247,H,298.5,308.4,1575,38.1,219,0
1249,M11248,H,300.5,311.7,1286,48.4,54,0
1250,M11249,L,296.9,306.6,1593,48.8,16,0
1251,M11250,H,300.7,311.9,1660,46.6,63,0
1252,M11251,H,301.7,311.6,1435,35.0,209,0
1253,M11252,M,296.0,305.2,1883,26.5,149,0
1254,M11253,L,300.7,311.4,1542,45.8,148,0
1255,M11254,L,302.5,312.2,1260,28.0,0,0
1256,M11255,L,297.6,308.2,1489,46.9,119,0
1257,M11256,L,303.3,310.6,1550,46.9,67,0
1258,M11257,H,300.8,310.8,1619,35.4,85,0
1259,M11258,H,298.6,308.1,1493,38.9,151,0
1260,M11259,M,299.9,308.8,1358,42.0,221,1
1261,M11260,M,301.1,310.6,1343,33.9,46,0
1262,M11261,L,300.2,309.6,1422,26.3,194,0
1263,M11262,M,301.1,311.0,1439,39.6,12,0
1264,M11263,M,298.2,306.8,1336,40.6,83,0
1265,M11264,L,300.3,310.7,1408,53.5,55,0
1266,M11265,M,297.2,308.5,1657,32.3,232,0
1267,M11266,L,299.8,310.1,1834,50.6,45,0
1268,M11267,L,298.2,309.0,1674,28.6,146,0
1269,M11268,M,298.5,309.6,1773,26.7,42,0
1270,M11269,M,302.5,313.7,1713,37.0,120,0
1271,M11270,M,302.2,314.1,1688,30.7,105,0
1272,M11271,M,301.2,310.7,1479,26.5,10,0
1273,M11272,L,297.8,307.1,1564,59.2,209,0
1274,M11273,H,299.4,310.2,1464,35.5,197,0
1275,M11274,M,302.4,313.1,1500,62.9,70,0
1276,M11275,H,300.3,311.1,1551,30.2,155,0
1277,M11276,H,304.6,316.5,1667,23.1,92,0
1278,M11277,L,300.8,310.8,1615,52.8,195,0
1279,M11278,H,300.4,310.8,1510,32.8,175,0
1280,M11279,H,299.4,308.4,1549,41.4,23,0
1281,M11280,L,300.3,312.4,1617,26.6,214,0
1282,M11281,L,299.7,309.4,1658,39.6,45,0
1283,M11282,H,301.4,311.1,1267,26.4,44,0
1284,M11283,L,301.9,311.6,1346,39.3,186,0
1285,M11284,H,298.4,307.8,1737,35.3,46,0
1286,M11285,L,297.3,306.6,1528,42.3,31,0
1287,M11286,M,296.3,305.8,1463,46.2,85,0
1288,M11287,M,301.0,309.7,1492,42.4,212,0
1289,M11288,H,297.8,307.0,1492,44.5,45,0
1290,M11289,M,295.7,307.6,1639,38.9,86,0
1291,M11290,L,300.8,311.5,1341,35.7,72,0
1292,M11291,L,305.0,315.9,1543,44.7,90,0
1293,M11292,L,300.0,311.2,1583,38.9,181,0
1294,M11293,M,301.7,313.5,1610,39.3,103,0
1295,M11294,L,300.2,308.4,1579,43.9,192,0
1296,M11295,L,299.8,308.6,1631,29.8,162,0
1297,M11296,M,301.8,311.0,1436,54.2,91,0
1298,M11297,L,299.4,308.9,1370,37.5,109,0
1299,M11298,H,300.5,310.2,1979,41.2,178,0
1300,M11299,L,300.6,310.2,1485,39.6,135,0
1301,M11300,M,298.7,308.9,1506,46.5,220,0
1302,M11301,H,302.0,312.0,1660,43.4,236,0
1303,M11302,H,299.7,308.9,1825,39.5,182,0
1304,M11303,M,298.5,306.3,1442,54.3,250,0
1305,M11304,L,301.1,310.1,1360,8.3,151,0
1306,M11305,M,298.2,307.7,1317,52.3,10,0
1307,M11306,H,300.1,309.8,1824,49.1,128,0
1308,M11307,L,300.0,308.9,1353,21.8,58,0
1309,M11308,L,302.2,311.7,1534,49.2,84,0
1310,M11309,M,300.9,309.8,1364,50.5,124,0
1311,M11310,M,299.9,309.8,1280,45.6,75,0
1312,M11311,L,301.6,310.6,1487,24.6,78,0
1313,M11312,L,302.8,311.9,1371,46.8,102,0
1314,M11313,L,301.1,309.8,1415,50.0,72,0
1315,M11314,L,300.0,309.9,1898,34.3,43,0
1316,M11315,H,297.4,306.5,1615,44.4,194,0
1317,M11316,L,297.9,308.8,1706,36.5,100,0
1318,M11317,L,299.4,309.8,1687,48.8,210,0
1319,M11318,H,298.8,308.7,1521,36.9,223,0
1320,M11319,L,299.6,308.8,1460,34.3,190,0
1321,M11320,L,300.1,310.5,1584,39.6,100,0
1322,M11321,H,301.1,311.8,1569,26.7,182,0
1323,M11322,L,299.9,310.0,1437,38.6,39,0
1324,M11323,H,301.0,312.6,1562,43.6,167,0
1325,M11324,M,300.1,310.6,1413,48.6,103,0
1326,M11325,L,296.0,307.0,1508,42.5,166,0
1327,M11326,M,298.1,308.3,1479,25.8,191,0
1328,M11327,M,299.7,310.4,1312,53.4,142,0
1329,M11328,H,297.6,306.8,1118,54.2,163,0
1330,M11329,L,301.2,310.7,1371,41.1,54,0
1331,M11330,H,303.1,313.4,1862,32.6,150,1
1332,M11331,H,302.4,312.8,1484,34.7,116,0
1333,M11332,L,299.6,310.1,1678,38.0,108,0
1334,M11333,L,303.0,314.1,1159,42.8,104,0
1335,M11334,L,300.3,308.9,1359,37.0,79,0
1336,M11335,L,299.3,308.4,1297,31.5,77,0
1337,M11336,L,298.8,309.0,1503,50.1,177,0
1338,M11337,L,299.4,308.7,1973,42.5,141,0
1339,M11338,M,299.2,312.6,1621,29.6,8,0
1340,M11339,L,300.3,310.9,1843,42.9,12,0
1341,M11340,H,300.3,310.2,1493,41.6,144,0
1342,M11341,L,300.0,309.5,1783,32.9,214,0
1343,M11342,L,300.9,310.4,1910,51.8,11,0
1344,M11343,L,302.4,312.4,1519,41.3,128,0
1345,M11344,M,301.9,312.0,1442,37.9,215,0
1346,M11345,M,297.0,306.6,1303,39.2,1,0
1347,M11346,M,294.9,304.6,1484,44.4,70,0
1348,M11347,L,301.9,313.2,1554,39.3,233,0
1349,M11348,H,297.3,308.7,1903,39.2,21,0
1350,M11349,L,299.6,309.8,1307,50.6,154,0
1351,M11350,L,297.7,306.3,1550,26.0,128,0
1352,M11351,M,296.4,306.9,1214,27.6,38,0
1353,M11352,M,301.1,312.6,1463,47.7,11,0
1354,M11353,L,301.5,312.9,1595,63.9,127,0
1355,M11354,L,298.8,309.6,1631,48.7,186,0
1356,M11355,L,294.8,306.2,1644,58.5,45,0
1357,M11356,L,298.9,309.0,1610,35.7,175,0
1358,M11357,M,300.8,311.4,1643,33.7,138,0
1359,M11358,M,297.0,306.4,1547,44.5,91,0
1360,M11359,M,300.4,310.7,1351,49.4,168,0
1361,M11360,H,300.0,311.3,1208,27.0,49,0
1362,M11361,L,301.2,310.6,1441,37.9,116,0
1363,M11362,M,300.2,309.4,1515,39.7,139,0
1364,M11363,L,298.1,308.2,1763,33.3,116,0
1365,M11364,M,302.4,312.2,1521,34.4,101,0
1366,M11365,M,299.7,310.3,1504,48.3,187,0
1367,M11366,M,299.9,309.5,1608,44.6,166,0
1368,M11367,L,298.1,309.9,1491,47.9,162,0
1369,M11368,L,299.1,307.8,1684,43.3,226,0
1370,M11369,H,298.2,309.5,1893,31.4,251,0
1371,M11370,H,299.7,308.9,1931,44.2,144,0
1372,M11371,L,303.4,311.6,1556,30.6,88,0
1373,M11372,M,297.3,307.5,1599,36.9,197,0
1374,M11373,L,296.8,306.5,1822,29.7,36,0
1375,M11374,M,302.9,311.8,1512,34.0,130,0
1376,M11375,M,299.6,307.9,1661,40.9,133,0
1377,M11376,L,298.7,308.7,1336,35.5,249,0
1378,M11377,L,302.1,313.1,1483,31.3,251,0
1379,M11378,M,298.8,309.4,1746,51.3,202,0
1380,M11379,L,303.7,313.7,1410,38.8,120,0
1381,M11380,M,301.4,311.8,1516,34.8,138,0
1382,M11381,L,299.0,309.0,1257,29.3,81,0
1383,M11382,H,304.3,312.9,1898,21.5,210,0
1384,M11383,L,298.8,307.4,1765,37.8,189,0
1385,M11384,L,301.5,311.3,1573,26.4,195,0
1386,M11385,L,300.6,310.4,1630,47.0,35,0
1387,M11386,H,302.6,313.5,1610,40.3,101,0
1388,M11387,L,303.1,313.9,1787,55.4,136,0
1389,M11388,M,300.1,310.7,1446,42.2,32,0
1390,M11389,L,298.5,308.2,1670,32.8,93,0
1391,M11390,L,300.9,309.5,1732,21.4,22,0
1392,M11391,M,298.6,309.1,1757,48.0,243,0
1393,M11392,L,304.0,314.6,1135,27.1,190,0
1394,M11393,H,300.3,307.9,1432,36.0,157,0
1395,M11394,L,299.3,308.4,1357,56.6,52,0
1396,M11395,L,300.4,309.7,1566,46.0,85,0
1397,M11396,L,297.3,307.4,1178,43.9,37,0
1398,M11397,L,298.1,307.3,1173,49.3,136,0
1399,M11398,L,302.4,312.4,1927,49.0,208,0
1400,M11399,L,298.7,308.5,1650,55.7,5,0
1401,M11400,L,297.9,307.7,1561,34.0,26,0
1402,M11401,H,301.1,310.4,1604,36.3,58,0
1403,M11402,L,302.4,311.7,1565,30.9,181,0
1404,M11403,H,301.4,310.4,1718,39.7,226,0
1405,M11404,L,302.0,312.4,1426,38.7,191,0
1406,M11405,H,298.5,309.1,1572,22.6,133,0
1407,M11406,M,297.2,306.4,1580,33.5,27,0
1408,M11407,L,303.0,314.5,1352,54.2,191,0
1409,M11408,H,299.4,309.0,1768,42.4,27,0
1410,M11409,L,299.5,311.0,1459,47.1,88,0
1411,M11410,L,302.7,312.0,1721,38.8,78,0
1412,M11411,H,301.1,309.1,1560,21.3,91,0
1413,M11412,L,300.9,311.3,1831,38.7,83,0
1414,M11413,M,304.3,314.6,1353,50.3,195,1
1415,M11414,H,298.7,308.7,1345,28.3,43,0
1416,M11415,M,301.9,311.2,1377,47.4,214,0
1417,M11416,M,300.1,310.1,1563,23.2,217,0
1418,M11417,M,300.5,310.0,1815,40.2,124,0
1419,M11418,M,303.1,312.8,1824,45.4,27,0
1420,M11419,H,301.0,311.9,1126,36.9,146,0
1421,M11420,M,301.1,311.3,1584,64.5,208,0
1422,M11421,M,302.1,312.8,964,35.1,73,0
1423,M11422,M,299.3,309.0,1681,34.3,212,0
1424,M11423,M,298.3,308.0,1739,42.0,171,0
1425,M11424,H,297.9,306.8,1532,32.5,250,0
1426,M11425,L,296.1,305.7,1554,25.7,209,0
1427,M11426,L,304.1,310.8,1552,29.1,51,0
1428,M11427,M,297.8,307.2,1399,47.5,114,0
1429,M11428,L,299.6,309.5,1616,37.0,26,0
1430,M11429,H,299.4,310.0,1498,56.9,18,0
1431,M11430,H,300.6,310.3,1706,35.6,179,0
1432,M11431,L,301.6,312.0,1519,47.0,231,0
1433,M11432,L,301.7,309.5,1385,45.1,246,0
1434,M11433,M,298.8,308.8,1264,35.5,68,0
1435,M11434,L,299.7,308.0,1205,31.3,51,0
1436,M11435,H,300.6,309.4,1774,22.9,142,0
1437,M11436,L,299.5,309.3,1457,45.5,51,0
1438,M11437,H,303.2,314.5,1600,51.9,75,0
1439,M11438,L,301.0,311.4,1858,24.3,212,0
1440,M11439,L,301.5,311.5,1438,36.3,205,0
1441,M11440,L,301.3,311.3,1427,33.4,226,0
1442,M11441,H,302.3,311.6,1515,45.5,122,0
1443,M11442,L,300.4,309.8,1544,36.7,143,0
1444,M11443,L,297.4,307.8,1877,53.1,195,0
1445,M11444,L,300.8,309.4,1819,36.2,61,0
1446,M11445,L,298.7,309.3,1650,27.8,208,0
1447,M11446,L,298.9,308.6,1798,35.4,4,0
1448,M11447,L,301.2,312.0,1507,36.4,202,0
1449,M11448,H,302.5,313.4,1593,45.2,196,0
1450,M11449,L,300.0,308.4,1485,36.3,76,0
1451,M11450,L,300.6,310.0,1308,44.4,184,0
1452,M11451,L,303.4,312.5,1754,32.2,54,0
1453,M11452,L,300.5,308.7,1634,37.1,146,0
1454,M11453,H,305.2,314.2,1542,32.2,177,0
1455,M11454,L,301.1,313.6,1539,31.6,181,0
1456,M11455,L,296.5,307.1,1269,52.6,249,0
1457,M11456,H,301.5,313.4,1364,32.9,46,0
1458,M11457,L,300.8,311.6,1599,36.6,122,0
1459,M11458,L,302.6,311.8,1444,50.3,223,0
1460,M11459,H,301.3,311.0,1500,47.4,142,0
1461,M11460,M,299.7,310.3,1520,56.2,222,0
1462,M11461,L,297.6,308.0,1417,44.8,110,0
1463,M11462,M,299.6,309.0,1366,34.1,201,0
1464,M11463,L,298.3,306.8,1250,60.4,220,0
1465,M11464,L,298.8,312.1,1513,45.8,214,0
1466,M11465,H,301.2,311.0,1650,38.5,220,0
1467,M11466,H,303.3,313.0,1245,40.6,56,0
1468,M11467,M,300.8,310.9,1535,41.8,111,0
1469,M11468,M,297.6,307.4,1589,37.7,44,0
1470,M11469,L,300.9,311.0,1362,26.4,46,0
1471,M11470,M,302.4,313.7,1794,56.1,123,0
1472,M11471,L,298.8,308.7,1470,39.8,243,0
1473,M11472,M,299.7,308.6,1521,41.8,150,0
1474,M11473,M,300.0,309.9,1510,60.6,216,0
1475,M11474,M,298.4,308.0,1222,33.2,237,0
1476,M11475,L,301.3,312.7,1720,46.5,22,0
1477,M11476,L,299.8,310.9,1368,32.2,41,0
1478,M11477,L,300.8,310.9,1497,43.2,74,0
1479,M11478,L,298.2,306.9,1646,42.0,156,0
1480,M11479,L,299.1,307.9,1801,47.8,16,0
1481,M11480,H,301.4,311.5,1346,52.0,199,0
1482,M11481,M,299.3,309.6,1459,34.3,16,0
1483,M11482,H,303.5,313.1,1786,54.0,40,0
1484,M11483,M,299.2,308.7,1622,54.7,97,0
1485,M11484,L,300.4,309.9,1659,37.5,141,0
1486,M11485,L,301.9,311.8,1351,39.9,223,0
1487,M11486,L,297.2,304.8,1471,35.1,244,0
1488,M11487,M,296.5,305.4,1509,37.0,224,0
1489,M11488,L,296.9,306.3,1385,28.1,27,0
1490,M11489,L,302.5,313.7,1239,47.7,160,0
1491,M11490,H,298.9,308.1,1448,19.7,112,0
1492,M11491,L,305.1,315.3,1781,33.1,32,0
1493,M11492,M,298.9,309.1,1550,39.5,140,0
1494,M11493,L,300.4,311.7,1785,52.9,90,0
1495,M11494,H,303.1,314.3,1571,34.6,87,0
1496,M11495,M,304.0,314.0,1402,44.2,24,0
1497,M11496,L,304.1,313.6,1768,39.2,248,0
1498,M11497,H,302.4,311.8,1577,49.4,184,0
1499,M11498,M,302.0,311.8,1711,43.7,71,0
1500,M11499,H,301.2,310.8,1348,48.2,232,0
1501,M11500,H,301.6,312.1,1725,34.5,240,0
1502,M11501,L,298.9,309.3,1730,30.0,205,0
1503,M11502,L,298.4,309.0,1591,43.6,167,0
1504,M11503,M,300.0,311.3,1395,35.2,95,0
1505,M11504,M,299.7,311.5,1531,40.3,110,0
1506,M11505,H,299.1,309.2,1648,43.1,115,0
1507,M11506,L,301.4,312.5,1581,52.3,240,0
1508,M11507,L,301.9,311.6,1647,47.8,192,0
1509,M11508,M,300.2,311.4,1720,33.3,74,0
1510,M11509,L,303.0,314.0,1423,28.7,158,0
1511,M11510,L,297.7,308.7,1332,56.9,150,0
1512,M11511,L,299.6,309.7,1532,24.3,205,0
1513,M11512,L,298.6,307.9,1480,35.5,24,0
1514,M11513,M,296.3,304.9,1680,46.4,177,0
1515,M11514,L,299.8,309.8,1347,56.2,84,0
1516,M11515,L,299.8,311.3,1722,38.1,33,0
1517,M11516,M,303.0,312.7,1781,40.3,185,0
1518,M11517,H,301.3,312.0,1539,31.3,84,0
1519,M11518,L,298.0,308.8,1550,41.3,185,0
1520,M11519,M,303.7,313.4,1402,28.6,41,0
1521,M11520,L,302.4,313.8,1442,32.6,249,0
1522,M11521,H,301.2,308.3,1466,47.6,203,0
1523,M11522,H,299.5,308.3,1797,35.7,73,0
1524,M11523,L,298.1,307.2,1526,49.1,187,0
1525,M11524,M,299.3,308.4,1302,38.5,34,0
1526,M11525,L,302.2,312.5,1585,26.4,165,0
1527,M11526,H,303.8,314.1,1687,51.6,15,0
1528,M11527,L,303.1,313.5,1534,27.0,84,0
1529,M11528,M,299.0,309.6,1802,34.0,248,0
1530,M11529,M,297.8,306.8,1678,38.0,31,0
1531,M11530,L,300.3,309.1,1351,50.0,151,0
1532,M11531,L,296.5,306.9,1440,34.8,18,0
1533,M11532,L,300.6,310.0,1579,30.8,169,0
1534,M11533,M,299.7,308.1,1241,41.6,71,0
1535,M11534,M,299.1,310.0,1599,37.9,78,0
1536,M11535,H,296.8,308.2,1224,35.4,85,0
1537,M11536,M,301.0,312.6,1722,42.1,52,0
1538,M11537,M,298.9,309.1,1701,28.1,238,0
1539,M11538,L,297.7,308.3,1629,23.0,229,0
1540,M11539,M,294.3,305.6,1418,61.2,220,0
1541,M11540,L,299.9,309.3,1569,41.0,27,0
1542,M11541,L,303.5,314.7,1447,41.7,59,0
1543,M11542,M,303.3,313.6,1354,32.3,155,0
1544,M11543,L,299.1,310.0,1478,48.9,246,0
1545,M11544,L,298.8,309.0,1664,34.7,153,0
1546,M11545,H,300.9,312.2,1547,12.4,83,0
1547,M11546,M,298.0,308.2,1799,34.4,207,0
1548,M11547,L,300.6,309.1,1676,37.2,34,0
1549,M11548,L,301.5,313.0,1657,38.3,223,0
1550,M11549,H,302.5,311.5,1251,38.0,247,0
1551,M11550,L,299.8,311.1,1488,33.6,245,0
1552,M11551,H,299.6,309.5,1348,32.7,37,0
1553,M11552,L,298.2,309.4,1506,37.1,139,0
1554,M11553,M,298.3,309.5,1415,23.7,148,0
1555,M11554,L,299.5,310.0,1471,20.6,49,0
1556,M11555,M,300.7,311.2,1729,41.0,138,0
1557,M11556,M,301.8,312.2,1624,41.1,164,0
1558,M11557,M,298.4,306.4,1719,48.7,83,0
1559,M11558,M,303.0,313.1,1252,37.5,80,0
1560,M11559,L,299.5,308.3,1549,28.2,15,0
1561,M11560,H,300.0,310.1,1712,20.8,242,0
1562,M11561,L,298.5,307.4,1809,31.2,203,0
1563,M11562,L,295.2,304.0,1262,44.2,192,0
1564,M11563,L,301.8,313.4,1476,54.3,6,0
1565,M11564,L,301.5,312.5,1724,40.5,158,0
1566,M11565,L,299.4,309.4,1505,28.0,46,0
1567,M11566,M,300.1,310.3,1376,31.3,167,0
1568,M11567,M,301.0,310.8,1262,31.6,157,0
1569,M11568,L,296.9,307.4,1369,36.0,216,0
1570,M11569,H,298.9,308.3,1237,51.1,65,0
1571,M11570,L,301.6,312.6,1549,51.9,7,0
1572,M11571,H,297.5,307.2,1699,38.3,231,0
1573,M11572,L,300.6,310.2,1313,41.8,230,0
1574,M11573,L,297.3,307.3,1585,32.1,115,0
1575,M11574,M,300.9,310.3,1690,23.1,20,0
1576,M11575,M,299.9,310.3,1539,57.7,126,0
1577,M11576,M,296.8,306.2,1251,17.0,133,0
1578,M11577,M,302.3,312.8,1608,21.8,208,0
1579,M11578,M,298.5,309.7,1529,57.8,181,0
1580,M11579,H,298.4,307.7,1511,40.2,18,0
1581,M11580,L,300.4,310.3,1441,28.9,178,0
1582,M11581,L,302.3,312.8,1555,46.8,34,0
1583,M11582,H,298.0,307.5,1630,47.7,23,0
1584,M11583,L,300.1,310.6,1967,26.8,101,0
1585,M11584,L,300.9,311.4,1559,34.7,20,0
1586,M11585,L,301.4,312.5,1809,48.7,210,0
1587,M11586,M,300.4,309.7,1603,31.9,117,0
1588,M11587,M,299.3,308.3,1521,42.8,149,0
1589,M11588,L,298.3,308.0,1566,54.1,146,0
1590,M11589,L,300.2,309.2,1320,16.3,247,0
1591,M11590,L,297.9,308.4,1594,36.6,232,0
1592,M11591,L,294.2,303.0,1182,42.6,215,0
1593,M11592,L,300.9,313.2,1385,22.3,97,0
1594,M11593,M,301.8,313.1,1559,34.8,37,0
1595,M11594,L,295.3,305.3,1753,50.3,150,0
1596,M11595,L,298.0,308.8,1795,33.0,111,0
1597,M11596,L,301.2,309.6,1497,25.3,57,0
1598,M11597,H,304.1,316.6,1567,51.2,25,0
1599,M11598,L,300.0,309.5,1715,44.4,110,0
1600,M11599,L,298.5,308.4,1301,39.3,165,0
1601,M11600,L,299.6,307.8,1611,39.0,158,0
1602,M11601,L,302.7,313.2,1391,50.2,196,0
1603,M11602,M,298.7,307.6,1508,42.9,118,0
1604,M11603,H,298.4,308.5,1457,46.4,81,0
1605,M11604,L,299.0,308.5,1617,33.1,136,0
1606,M11605,M,298.1,307.0,1638,21.0,247,0
1607,M11606,H,300.2,309.4,1699,46.2,11,0
1608,M11607,H,303.2,313.5,1601,50.9,134,0
1609,M11608,M,300.6,309.4,1570,37.8,83,0
1610,M11609,L,299.5,308.7,1871,48.8,27,0
1611,M11610,M,299.4,310.1,1266,36.7,110,0
1612,M11611,M,296.9,309.5,1843,39.1,162,0
1613,M11612,M,301.8,312.2,1487,57.3,134,0
1614,M11613,H,299.8,308.9,1641,37.1,7,0
1615,M11614,M,299.6,309.3,1481,36.5,147,0
1616,M11615,L,306.4,316.4,1413,21.5,59,0
1617,M11616,M,300.6,310.2,1626,46.8,86,0
1618,M11617,L,298.5,309.4,1726,33.0,79,0
1619,M11618,L,299.1,309.4,1624,41.5,217,0
1620,M11619,M,302.3,313.2,1442,36.9,12,0
1621,M11620,L,300.2,309.9,2185,35.6,88,0
1622,M11621,L,297.1,308.4,1754,38.8,100,0
1623,M11622,L,301.8,311.7,1706,39.6,157,0
1624,M11623,H,298.7,307.7,1476,51.6,200,0
1625,M11624,L,303.7,315.9,1427,55.1,184,1
1626,M11625,L,302.2,310.3,1489,46.4,190,0
1627,M11626,H,299.1,308.4,1733,52.6,49,0
1628,M11627,M,302.6,311.9,1362,48.5,231,0
1629,M11628,L,300.1,312.6,1348,44.9,105,0
1630,M11629,M,301.7,313.5,1636,54.4,3,0
1631,M11630,L,301.0,312.5,1596,27.0,169,0
1632,M11631,M,298.3,308.0,1401,33.2,153,0
1633,M11632,L,298.7,311.1,1344,31.9,32,0
1634,M11633,L,302.1,312.4,1796,37.0,243,0
1635,M11634,L,299.3,310.3,1603,46.8,142,0
1636,M11635,L,299.2,309.4,1295,29.0,119,0
1637,M11636,M,298.1,308.0,1307,45.0,101,0
1638,M11637,M,300.8,310.6,1474,34.2,53,0
1639,M11638,H,304.1,313.9,1670,36.6,241,0
1640,M11639,M,297.9,308.5,1646,42.0,178,0
1641,M11640,L,300.0,310.4,1742,56.6,144,0
1642,M11641,M,302.8,312.8,1272,32.9,160,0
1643,M11642,M,299.8,311.4,1579,39.2,213,0
1644,M11643,H,300.9,307.9,1794,29.3,161,0
1645,M11644,M,297.9,308.4,1778,32.9,29,0
1646,M11645,L,300.9,311.6,1603,29.2,176,0
1647,M11646,L,299.6,310.8,1959,42.4,143,0
1648,M11647,M,302.0,311.9,1648,44.2,244,1
1649,M11648,L,302.4,312.6,1726,46.8,186,0
1650,M11649,L,305.2,316.2,1547,32.5,87,0
1651,M11650,M,301.2,312.7,1399,45.0,34,0
1652,M11651,L,300.7,310.4,1382,41.1,122,0
1653,M11652,L,300.4,310.7,1572,39.4,172,0
1654,M11653,L,299.3,311.0,1501,27.7,45,0
1655,M11654,M,300.7,308.6,1222,41.5,164,0
1656,M11655,M,299.4,308.7,1355,41.8,209,0
1657,M11656,L,300.3,311.8,1482,41.0,40,0
1658,M11657,L,302.6,313.7,1669,44.0,179,0
1659,M11658,L,298.0,308.5,1536,46.9,17,0
1660,M11659,H,302.3,311.8,1526,29.1,2,1
1661,M11660,L,302.6,311.8,1362,37.9,8,0
1662,M11661,H,299.8,309.2,1543,45.1,160,0
1663,M11662,H,295.8,307.3,1775,37.3,246,0
1664,M11663,L,298.8,308.2,1567,49.5,195,0
1665,M11664,M,302.6,312.7,1269,40.9,64,0
1666,M11665,L,300.0,309.2,1315,20.6,18,0
1667,M11666,H,298.0,308.8,1644,48.3,156,0
1668,M11667,M,299.0,308.5,1499,38.8,1,0
1669,M11668,M,301.7,311.6,1526,22.5,201,0
1670,M11669,M,301.1,309.4,1429,37.5,62,0
1671,M11670,L,299.5,307.9,1629,27.4,76,0
1672,M11671,L,299.3,309.3,1485,47.5,87,0
1673,M11672,M,299.2,307.9,1506,39.6,193,0
1674,M11673,L,298.2,310.3,1387,30.9,67,0
1675,M11674,L,303.2,311.2,1704,48.0,72,0
1676,M11675,M,299.4,308.6,1499,44.5,137,0
1677,M11676,H,302.4,312.5,1648,37.7,117,0
1678,M11677,H,303.0,312.7,1325,27.7,242,0
1679,M11678,H,302.0,310.9,1849,31.7,67,0
1680,M11679,M,299.1,308.2,1768,31.5,23,0
1681,M11680,H,300.8,309.8,1197,47.4,137,0
1682,M11681,M,300.0,309.7,1395,23.4,47,0
1683,M11682,L,298.2,310.1,1624,39.5,105,0
1684,M11683,L,300.6,310.7,1303,37.5,47,0
1685,M11684,H,297.6,308.8,1515,50.3,223,0
1686,M11685,M,302.4,312.9,1615,42.3,83,0
1687,M11686,M,299.1,310.2,1506,45.3,196,0
1688,M11687,L,300.4,307.6,1635,34.8,240,0
1689,M11688,L,300.6,310.3,1415,27.8,238,0
1690,M11689,H,299.5,310.8,1137,36.8,133,0
1691,M11690,M,301.2,310.6,1715,47.7,249,0
1692,M11691,H,299.1,310.8,1714,47.7,166,0
1693,M11692,L,301.7,313.2,1987,35.7,33,0
1694,M11693,L,297.3,306.8,1144,31.5,225,0
1695,M11694,L,300.3,309.7,1673,29.5,119,0
1696,M11695,L,303.9,312.9,1187,38.6,39,0
1697,M11696,L,298.0,307.4,1853,41.4,200,0
1698,M11697,M,298.6,307.4,1626,54.6,158,0
1699,M11698,L,301.0,311.5,1369,41.2,223,0
1700,M11699,H,300.4,308.9,1679,46.1,209,0
1701,M11700,H,300.7,311.3,1440,32.3,81,0
1702,M11701,L,301.0,311.6,1593,40.4,65,1
1703,M11702,M,301.3,309.6,1576,41.4,186,0
1704,M11703,M,302.2,313.8,1851,38.6,145,0
1705,M11704,L,300.8,311.3,1864,39.8,18,0
1706,M11705,H,299.5,310.3,1432,41.2,46,0
1707,M11706,L,301.3,310.6,1728,44.8,38,0
1708,M11707,M,303.8,314.4,1603,51.6,149,0
1709,M11708,L,299.7,310.9,1286,17.6,22,0
1710,M11709,H,298.1,308.0,1414,51.0,53,0
1711,M11710,M,302.2,314.2,1957,23.1,138,0
1712,M11711,H,299.8,309.8,1603,43.1,34,0
1713,M11712,L,295.7,306.8,1718,63.3,63,0
1714,M11713,L,301.7,312.0,1501,39.6,229,0
1715,M11714,L,298.9,309.5,1442,41.8,176,0
1716,M11715,H,299.8,308.1,1544,36.9,78,0
1717,M11716,L,300.7,311.0,1491,46.6,222,0
1718,M11717,L,300.4,309.6,1272,43.6,63,0
1719,M11718,L,301.4,310.6,1359,33.3,149,0
1720,M11719,L,299.1,310.9,1666,38.9,93,0
1721,M11720,H,301.0,310.8,1471,28.9,190,0
1722,M11721,L,299.5,308.5,1544,38.8,94,1
1723,M11722,M,301.5,311.1,1581,35.8,63,0
1724,M11723,L,301.2,309.9,1595,41.4,154,0
1725,M11724,L,298.1,309.6,1744,33.0,189,0
1726,M11725,L,302.2,311.5,1342,37.9,136,0
1727,M11726,M,298.9,309.5,1641,40.1,181,0
1728,M11727,L,301.6,313.0,1674,40.8,107,0
1729,M11728,L,300.7,310.2,1715,42.7,201,0
1730,M11729,L,303.7,314.2,1286,38.3,148,0
1731,M11730,M,299.6,308.5,1585,32.2,50,0
1732,M11731,L,299.3,311.7,1846,40.8,225,0
1733,M11732,H,300.0,310.9,1521,38.2,212,0
1734,M11733,L,299.4,309.2,1626,50.1,244,0
1735,M11734,H,301.6,310.8,1679,51.4,144,0
1736,M11735,M,296.8,306.7,1355,26.4,171,0
1737,M11736,M,297.9,307.6,1867,46.1,218,0
1738,M11737,L,297.9,309.8,1628,48.1,13,0
1739,M11738,L,301.9,310.7,1632,26.7,231,0
1740,M11739,M,303.4,313.6,1241,45.7,69,0
1741,M11740,M,299.8,309.8,1681,48.9,14,1
1742,M11741,M,299.7,309.5,1630,30.6,60,0
1743,M11742,L,300.1,310.0,1830,37.7,148,0
1744,M11743,L,302.3,312.2,1483,41.8,12,0
1745,M11744,M,298.1,309.0,1362,45.6,0,0
1746,M11745,L,300.5,311.1,1417,30.2,162,0
1747,M11746,H,302.0,312.4,1449,51.5,115,0
1748,M11747,H,301.0,308.0,1339,19.9,214,0
1749,M11748,L,300.4,310.7,1770,53.1,65,1
1750,M11749,M,302.0,310.3,1777,45.4,71,0
1751,M11750,M,294.6,305.2,1504,33.8,20,0
1752,M11751,L,301.4,312.8,1469,48.6,136,0
1753,M11752,L,298.7,307.8,1214,29.6,93,0
1754,M11753,L,296.3,306.1,1664,41.1,86,0
1755,M11754,L,301.0,310.4,1835,42.4,116,0
1756,M11755,H,302.7,314.0,1425,42.3,215,0
1757,M11756,M,299.7,309.8,1518,31.7,27,0
1758,M11757,L,301.9,313.6,1617,35.1,132,0
1759,M11758,M,303.2,313.6,1848,41.3,50,0
1760,M11759,H,302.6,312.9,1575,32.8,54,0
1761,M11760,L,303.3,313.3,1574,42.7,65,0
1762,M11761,M,301.5,312.3,1571,33.9,116,0
1763,M11762,H,300.2,308.4,1284,49.9,125,0
1764,M11763,H,296.8,306.9,1280,55.5,220,0
1765,M11764,M,299.5,309.4,1394,37.1,226,0
1766,M11765,H,298.3,309.0,1720,49.1,148,0
1767,M11766,L,304.3,314.2,1479,37.9,71,0
1768,M11767,L,299.6,308.6,1444,30.7,207,0
1769,M11768,L,300.2,310.3,1441,35.8,201,0
1770,M11769,L,301.1,310.0,1514,40.8,202,1
1771,M11770,L,300.1,308.2,1844,22.3,4,0
1772,M11771,H,303.4,314.1,1512,46.2,191,0
1773,M11772,H,298.8,309.3,1398,40.9,216,0
1774,M11773,L,300.4,310.9,1544,49.9,153,0
1775,M11774,H,298.5,309.8,1853,46.0,190,0
1776,M11775,L,297.4,306.7,1449,41.2,196,0
1777,M11776,L,298.8,307.3,1328,36.5,128,0
1778,M11777,M,299.9,309.9,1449,55.1,206,0
1779,M11778,L,299.1,308.8,1562,61.5,200,0
1780,M11779,L,298.6,307.8,1662,36.6,232,0
1781,M11780,H,297.2,307.1,1719,50.3,233,0
1782,M11781,M,299.8,309.2,1352,33.0,134,0
1783,M11782,M,297.0,305.2,1369,34.2,8,0
1784,M11783,H,301.5,311.1,1481,36.2,5,0
1785,M11784,H,300.2,309.0,1662,46.8,238,0
1786,M11785,L,297.1,307.3,1313,29.4,85,0
1787,M11786,L,299.4,308.7,1430,55.3,96,0
1788,M11787,L,298.5,309.6,1433,49.3,119,0
1789,M11788,L,300.6,312.2,1708,46.5,67,0
1790,M11789,H,302.7,313.4,1634,37.1,149,1
1791,M11790,H,296.2,304.7,1701,48.2,199,0
1792,M11791,L,300.2,311.7,1779,11.1,65,0
1793,M11792,H,299.7,311.3,1484,44.4,188,0
1794,M11793,L,301.3,311.4,1326,41.6,170,0
1795,M11794,M,300.4,311.7,1328,21.3,133,0
1796,M11795,L,298.5,307.9,1210,44.0,82,0
1797,M11796,L,299.4,307.5,1457,45.8,221,0
1798,M11797,M,298.4,307.6,1470,21.6,102,0
1799,M11798,M,302.2,313.9,1680,28.3,95,0
1800,M11799,L,300.0,308.6,1542,60.4,162,0
1801,M11800,H,303.8,313.8,1451,38.2,233,0
1802,M11801,H,299.9,309.9,1518,49.7,129,0
1803,M11802,L,298.6,308.1,1353,51.2,183,0
1804,M11803,M,297.0,306.5,1723,43.9,116,0
1805,M11804,L,296.4,306.5,1398,50.1,55,0
1806,M11805,L,296.8,306.3,1335,19.1,31,0
1807,M11806,H,300.5,309.1,1685,37.7,34,0
1808,M11807,L,301.0,311.2,1642,9.5,5,0
1809,M11808,H,296.8,307.9,1230,22.7,140,0
1810,M11809,L,301.8,312.7,1692,34.6,33,0
1811,M11810,L,299.0,308.2,1406,33.4,219,0
1812,M11811,H,300.3,309.0,1472,40.4,249,0
1813,M11812,L,303.2,312.9,1572,39.8,125,0
1814,M11813,M,301.8,313.4,1644,41.3,114,0
1815,M11814,M,299.5,310.1,1619,41.7,88,0
1816,M11815,L,298.2,308.9,1530,43.3,161,0
1817,M11816,M,295.7,306.6,1463,30.5,154,0
1818,M11817,L,298.6,309.0,1613,32.8,87,0
1819,M11818,M,299.6,309.7,1518,39.6,87,0
1820,M11819,M,298.0,308.7,1862,39.8,163,0
1821,M11820,L,299.7,309.2,1644,29.3,140,0
1822,M11821,M,300.2,308.7,1374,50.7,182,0
1823,M11822,H,299.6,310.3,1454,47.2,238,0
1824,M11823,M,298.7,309.9,1548,31.5,197,0
1825,M11824,L,300.3,309.2,1772,37.9,77,0
1826,M11825,M,300.9,311.7,1792,59.9,192,0
1827,M11826,M,297.8,309.5,1468,41.6,114,0
1828,M11827,M,302.8,312.8,1372,43.9,197,0
1829,M11828,M,299.8,309.0,1349,34.0,224,0
1830,M11829,M,300.0,310.2,1584,36.9,63,0
1831,M11830,M,301.4,310.9,1951,55.0,60,0
1832,M11831,H,300.5,309.8,1635,41.1,109,0
1833,M11832,M,301.9,312.3,1254,39.3,13,0
1834,M11833,L,300.6,309.0,1409,40.1,173,0
1835,M11834,L,298.8,307.3,1427,65.2,190,0
1836,M11835,L,300.7,310.7,1392,40.4,87,0
1837,M11836,L,297.7,307.7,1470,31.8,118,0
1838,M11837,L,300.2,310.6,1605,33.5,149,0
1839,M11838,H,299.9,311.8,1661,47.7,19,0
1840,M11839,M,299.6,309.7,1734,25.9,180,0
1841,M11840,L,299.7,310.3,1633,44.5,133,0
1842,M11841,L,296.2,305.3,1189,32.8,158,0
1843,M11842,L,298.9,309.7,1350,21.6,183,0
1844,M11843,L,300.2,309.7,1511,30.3,171,0
1845,M11844,M,300.3,310.4,1565,40.3,24,0
1846,M11845,M,297.9,307.8,1693,53.8,198,0
1847,M11846,H,302.5,313.6,1547,49.0,154,0
1848,M11847,L,298.3,307.0,1548,37.1,181,0
1849,M11848,L,301.9,309.7,1582,49.6,66,0
1850,M11849,M,300.9,310.6,1493,36.5,56,0
1851,M11850,H,298.7,309.2,1555,25.5,209,0
1852,M11851,M,303.6,313.7,1741,40.2,99,0
1853,M11852,L,297.6,308.8,1524,25.1,146,0
1854,M11853,L,301.8,312.3,1534,47.8,140,0
1855,M11854,L,302.0,311.4,1533,48.0,148,0
1856,M11855,H,298.7,306.3,1771,31.3,18,0
1857,M11856,M,302.8,312.5,1341,41.4,77,0
1858,M11857,L,299.5,310.5,1857,41.3,17,0
1859,M11858,M,300.6,310.2,1328,48.6,121,0
1860,M11859,L,300.5,310.5,1422,27.7,228,0
1861,M11860,M,299.7,310.2,1672,45.9,98,0
1862,M11861,L,301.6,310.6,1723,27.0,198,0
1863,M11862,H,301.6,312.2,1288,47.7,73,0
1864,M11863,H,296.5,308.1,1343,50.5,217,0
1865,M11864,H,302.6,312.4,1589,33.4,106,0
1866,M11865,L,296.7,305.5,1959,52.1,90,0
1867,M11866,H,302.1,312.0,1762,24.4,176,0
1868,M11867,L,302.3,310.0,1495,50.9,130,0
1869,M11868,H,297.8,308.2,1106,54.2,85,0
1870,M11869,L,299.2,309.6,1554,43.4,15,0
1871,M11870,L,297.8,309.5,1604,38.1,42,0
1872,M11871,H,299.6,309.4,1470,43.1,195,0
1873,M11872,L,299.4,309.8,1387,34.0,233,0
1874,M11873,M,301.6,310.7,1567,66.0,43,0
1875,M11874,L,302.6,312.3,1370,34.2,144,0
1876,M11875,M,302.8,311.3,1874,53.0,9,0
1877,M11876,M,298.9,308.7,1810,32.7,74,0
1878,M11877,M,299.6,309.3,1657,55.8,114,0
1879,M11878,L,296.6,306.9,1555,59.9,186,0
1880,M11879,H,298.4,307.8,1421,43.8,11,0
1881,M11880,L,301.9,312.0,1535,42.8,198,0
1882,M11881,L,303.2,312.9,1832,30.5,51,0
1883,M11882,L,297.5,307.2,1694,29.4,192,0
1884,M11883,H,298.8,308.9,1575,42.9,158,0
1885,M11884,L,299.9,310.0,1704,54.4,86,0
1886,M11885,H,300.6,311.3,1637,34.6,183,0
1887,M11886,H,298.4,308.3,1610,61.9,60,1
1888,M11887,L,300.8,310.5,1715,34.0,56,0
1889,M11888,H,299.1,308.9,1632,42.3,16,0
1890,M11889,L,300.0,309.3,1693,42.3,99,0
1891,M11890,L,301.1,310.7,1568,39.0,25,0
1892,M11891,M,300.0,312.0,1494,19.8,106,0
1893,M11892,M,299.1,308.2,1441,33.9,2,0
1894,M11893,L,299.8,309.5,1420,42.0,39,0
1895,M11894,M,299.8,309.4,1252,39.0,236,0
1896,M11895,L,299.3,309.0,1376,46.3,201,0
1897,M11896,L,299.5,309.2,1371,47.5,60,0
1898,M11897,M,303.2,313.5,1448,37.6,182,0
1899,M11898,M,301.1,309.4,1819,30.5,169,0
1900,M11899,L,299.4,310.4,1511,55.3,45,0
1901,M11900,M,301.4,312.0,1582,26.6,94,0
1902,M11901,L,299.3,308.1,1588,34.1,231,0
1903,M11902,M,302.3,310.1,1823,31.6,187,0
1904,M11903,L,300.7,309.8,1436,47.4,192,0
1905,M11904,L,299.8,309.5,1499,53.0,143,0
1906,M11905,H,300.9,313.5,1520,38.3,168,0
1907,M11906,M,296.9,307.4,1742,42.3,129,0
1908,M11907,L,297.7,305.9,1780,44.2,187,0
1909,M11908,H,297.6,306.9,1624,57.9,185,0
1910,M11909,L,300.3,310.2,1760,22.4,8,0
1911,M11910,L,303.5,313.7,1571,47.4,160,0
1912,M11911,M,304.5,313.1,1508,43.7,159,0
1913,M11912,L,301.3,311.1,1750,36.3,17,0
1914,M11913,H,301.0,310.3,1626,43.2,104,0
1915,M11914,L,296.4,305.3,1407,47.3,227,0
1916,M11915,L,298.9,309.2,1718,45.8,241,0
1917,M11916,L,298.4,309.2,1502,61.4,198,0
1918,M11917,H,298.8,309.6,1480,41.3,38,0
1919,M11918,H,299.7,310.2,1699,40.3,95,1
1920,M11919,H,299.1,308.6,1523,38.2,46,0
1921,M11920,L,296.0,306.8,1609,45.5,165,0
1922,M11921,M,301.5,311.8,1657,39.7,196,0
1923,M11922,L,297.9,308.0,1399,40.1,224,0
1924,M11923,L,300.5,309.9,1608,40.2,218,0
1925,M11924,L,304.1,313.7,1781,38.7,25,0
1926,M11925,M,298.2,308.2,1368,34.0,32,0
1927,M11926,L,294.9,307.4,1620,44.1,230,0
1928,M11927,M,299.4,309.7,1391,37.2,213,0
1929,M11928,H,302.2,311.6,1722,46.1,116,0
1930,M11929,L,303.9,313.1,1720,41.1,109,0
1931,M11930,L,297.5,307.0,1476,36.2,140,0
1932,M11931,L,301.0,313.2,1935,55.5,151,0
1933,M11932,H,299.1,308.7,1737,39.0,64,0
1934,M11933,M,299.8,310.7,1666,46.2,102,0
1935,M11934,M,305.3,314.9,1655,33.1,157,0
1936,M11935,M,297.0,307.3,1715,19.9,52,0
1937,M11936,M,300.5,311.3,1361,34.4,253,0
1938,M11937,M,300.9,310.4,1574,18.8,72,0
1939,M11938,L,302.2,311.5,1608,37.7,140,0
1940,M11939,M,300.2,311.9,1467,54.5,140,0
1941,M11940,H,300.6,311.6,1622,31.0,114,0
1942,M11941,M,299.2,310.0,1759,19.2,61,0
1943,M11942,H,300.5,311.3,1464,54.9,143,0
1944,M11943,L,299.3,309.8,1529,35.3,23,0
1945,M11944,L,301.2,313.3,1392,39.8,98,0
1946,M11945,L,299.3,309.3,1219,47.8,57,0
1947,M11946,L,300.8,311.3,1678,45.2,31,0
1948,M11947,M,299.9,308.5,1534,47.4,234,0
1949,M11948,H,302.3,311.4,1548,48.9,177,0
1950,M11949,L,299.9,308.7,1362,22.7,43,0
1951,M11950,H,296.5,307.7,1506,26.0,240,0
1952,M11951,H,302.5,310.0,1735,51.6,55,0
1953,M11952,H,298.2,307.8,1539,32.3,60,0
1954,M11953,L,298.7,305.7,1544,33.3,34,0
1955,M11954,L,298.8,308.0,1576,27.5,184,0
1956,M11955,L,302.7,312.3,1318,36.0,144,0
1957,M11956,L,295.7,307.1,1651,36.5,15,0
1958,M11957,L,306.3,316.7,1314,30.7,6,0
1959,M11958,H,302.1,311.3,1371,29.6,135,0
1960,M11959,M,300.4,311.5,1351,43.2,165,0
1961,M11960,L,299.9,309.9,1508,32.0,208,0
1962,M11961,H,300.6,310.6,1476,34.0,121,0
1963,M11962,L,301.0,309.8,1539,18.4,171,0
1964,M11963,H,301.3,310.3,1377,59.2,186,0
1965,M11964,L,301.1,310.3,1719,49.3,155,0
1966,M11965,M,300.2,310.2,1688,35.1,89,0
1967,M11966,M,299.6,309.7,1508,31.1,33,0
1968,M11967,M,299.7,311.2,1453,40.1,164,0
1969,M11968,M,299.6,310.0,1435,39.8,194,0
1970,M11969,L,302.3,309.6,1483,27.4,48,0
1971,M11970,L,301.2,311.4,1288,14.7,125,0
1972,M11971,H,294.1,302.7,1367,34.8,101,0
1973,M11972,L,301.3,310.3,1693,24.5,52,0
1974,M11973,H,300.4,309.6,1593,41.7,62,0
1975,M11974,M,300.0,309.3,1832,41.8,60,0
1976,M11975,M,299.2,307.8,1485,30.4,106,0
1977,M11976,H,302.2,312.5,1474,34.7,99,0
1978,M11977,M,301.9,310.5,1466,57.5,140,0
1979,M11978,M,298.5,308.8,1482,47.7,24,0
1980,M11979,H,300.8,313.1,1421,35.5,147,0
1981,M11980,L,298.1,306.7,1588,62.7,6,0
1982,M11981,H,297.2,307.0,1544,28.2,65,0
1983,M11982,L,298.7,306.2,1448,32.0,127,0
1984,M11983,M,301.7,311.4,1763,38.9,174,0
1985,M11984,H,301.9,312.5,1878,24.8,195,0
1986,M11985,M,301.0,311.7,1748,57.7,9,0
1987,M11986,L,301.5,311.5,1639,41.8,136,0
1988,M11987,L,301.0,311.9,1675,32.2,90,0
1989,M11988,L,298.7,311.3,1871,44.4,176,0
1990,M11989,M,300.9,312.6,1675,41.4,72,0
1991,M11990,M,301.6,311.1,1434,37.0,188,0
1992,M11991,M,301.5,310.1,1609,28.0,152,0
1993,M11992,H,302.4,312.0,1651,25.8,200,0
1994,M11993,L,301.4,310.5,1361,61.6,249,0
1995,M11994,L,300.7,311.2,1488,26.6,230,1
1996,M11995,L,302.1,311.0,1736,56.8,150,0
1997,M11996,L,299.9,309.9,1213,31.6,226,0
1998,M11997,L,298.2,309.1,1315,47.8,39,1
1999,M11998,L,299.7,309.6,1507,44.6,11,0
2000,M11999,M,298.5,307.6,1602,46.6,135,0
2001,M12000,L,298.6,309.8,1296,47.2,247,0
2002,M12001,L,299.7,307.8,1516,24.0,180,0
2003,M12002,M,298.4,308.1,1746,33.3,77,0
2004,M12003,H,299.4,309.3,1551,26.5,169,0
2005,M12004,M,296.2,306.2,1707,41.9,10,0
2006,M12005,L,300.4,310.6,1433,26.9,119,0
2007,M12006,L,300.0,310.6,1394,20.4,60,0
2008,M12007,L,298.4,308.3,1691,37.6,12,0
2009,M12008,L,301.3,311.0,1605,18.1,63,0
2010,M12009,H,301.9,311.5,1327,42.6,183,0
2011,M12010,H,296.8,306.2,1396,27.5,139,0
2012,M12011,L,298.5,309.3,1819,31.7,6,0
2013,M12012,H,298.5,307.8,1374,17.4,104,0
2014,M12013,M,298.1,309.0,1706,56.3,190,0
2015,M12014,H,301.7,311.7,1453,25.5,242,0
2016,M12015,M,299.6,309.1,1538,36.4,221,0
2017,M12016,L,299.5,310.1,1592,22.3,0,0
2018,M12017,L,296.0,305.3,1163,31.7,55,0
2019,M12018,L,301.3,311.9,1277,57.3,53,0
2020,M12019,M,297.5,307.7,1554,42.9,105,0
2021,M12020,H,300.1,309.5,1409,32.8,163,0
2022,M12021,M,300.6,311.1,1717,39.7,39,0
2023,M12022,L,302.7,313.3,1252,34.5,232,0
2024,M12023,M,297.4,308.5,1640,39.1,197,0
2025,M12024,L,294.0,304.9,1293,47.4,106,0
2026,M12025,H,300.4,310.9,1476,36.7,148,0
2027,M12026,L,303.6,312.5,1348,42.2,137,0
2028,M12027,M,302.5,314.9,1880,42.3,147,0
2029,M12028,L,300.4,309.0,1299,36.8,218,0
2030,M12029,L,299.0,310.0,1517,32.7,51,0
2031,M12030,M,301.6,312.0,1230,34.8,173,0
2032,M12031,M,298.1,306.9,1825,46.9,27,0
2033,M12032,L,301.0,310.8,1611,47.7,116,0
2034,M12033,M,301.0,310.9,1564,28.7,161,0
2035,M12034,L,302.1,313.4,1803,37.4,3,0
2036,M12035,H,305.5,314.8,1565,32.5,27,0
2037,M12036,M,300.8,310.5,1578,47.9,23,0
2038,M12037,L,299.0,306.6,1563,35.3,95,0
2039,M12038,L,299.9,311.7,1640,61.8,157,0
2040,M12039,L,296.5,305.4,1451,42.2,252,0
2041,M12040,L,298.6,308.9,1501,51.7,64,0
2042,M12041,M,299.2,309.1,1684,30.0,34,0
2043,M12042,L,299.0,308.9,1589,40.1,105,0
2044,M12043,L,300.3,311.1,1519,46.1,37,0
2045,M12044,L,298.4,310.0,1288,29.8,6,0
2046,M12045,M,302.2,312.5,1807,40.2,143,0
2047,M12046,M,300.0,310.7,1421,50.4,223,0
2048,M12047,M,300.0,310.3,1716,36.8,218,0
2049,M12048,H,299.3,310.4,1570,31.6,25,0
2050,M12049,L,300.3,309.8,1307,57.8,37,0
2051,M12050,L,301.7,312.7,1763,28.4,124,0
2052,M12051,H,298.3,309.4,1585,41.5,93,0
2053,M12052,L,298.7,309.8,1778,33.0,178,0
2054,M12053,H,299.4,308.7,1506,30.7,125,0
2055,M12054,L,297.3,307.1,1665,47.3,5,0
2056,M12055,M,298.4,308.6,1224,38.0,72,0
2057,M12056,L,299.0,307.7,1449,44.0,228,0
2058,M12057,H,301.7,313.3,1311,17.7,129,0
2059,M12058,M,300.5,310.5,1472,45.0,202,0
2060,M12059,L,300.4,310.7,1623,32.9,102,0
2061,M12060,M,301.7,311.1,1431,21.4,171,0
2062,M12061,L,299.7,308.4,1694,58.7,43,0
2063,M12062,L,300.8,310.2,1386,46.0,186,0
2064,M12063,L,299.8,310.0,1697,42.3,199,0
2065,M12064,L,300.5,311.2,1773,52.4,23,0
2066,M12065,M,298.8,309.0,1720,42.5,46,0
2067,M12066,H,295.1,305.5,1477,32.1,117,0
2068,M12067,M,299.7,309.4,1159,38.3,161,0
2069,M12068,M,302.8,313.3,1643,33.3,161,0
2070,M12069,M,301.9,313.3,1517,35.0,169,0
2071,M12070,H,301.9,312.6,1364,27.5,181,0
2072,M12071,L,302.5,313.3,1439,30.4,128,0
2073,M12072,M,300.2,310.5,1796,48.9,145,0
2074,M12073,L,300.4,308.9,1335,43.3,2,0
2075,M12074,M,298.8,307.7,1623,35.0,42,0
2076,M12075,L,299.4,309.8,1578,29.8,126,0
2077,M12076,L,301.2,311.2,1475,36.0,189,0
2078,M12077,L,302.4,312.8,1654,23.3,205,0
2079,M12078,H,299.7,311.4,1831,41.3,184,0
2080,M12079,L,299.1,309.8,1486,49.4,123,0
2081,M12080,M,300.0,311.3,1495,63.4,71,0
2082,M12081,H,301.2,311.3,1650,29.1,113,0
2083,M12082,L,297.1,306.3,1703,48.9,2,0
2084,M12083,M,295.4,305.3,1516,33.0,151,0
2085,M12084,L,298.9,308.1,1484,28.8,19,1
2086,M12085,M,297.6,309.1,1142,28.8,37,0
2087,M12086,H,299.0,309.8,1400,41.4,158,0
2088,M12087,L,299.7,310.2,1335,30.8,3,0
2089,M12088,L,299.1,310.3,1662,34.0,145,0
2090,M12089,L,302.9,310.9,1495,35.6,162,0
2091,M12090,L,300.7,311.2,1488,32.7,199,0
2092,M12091,M,300.6,309.3,1537,32.0,17,0
2093,M12092,H,301.2,311.2,1383,16.0,1,0
2094,M12093,L,297.7,307.4,1817,40.9,194,0
2095,M12094,L,302.1,312.7,1771,40.7,73,0
2096,M12095,L,299.8,310.1,1829,32.1,224,0
2097,M12096,H,301.3,312.7,1661,43.6,47,0
2098,M12097,L,297.9,307.3,1534,53.8,148,0
2099,M12098,L,296.9,307.6,1828,40.2,28,0
2100,M12099,M,301.6,311.8,1417,53.2,102,0
2101,M12100,L,300.8,309.1,1383,62.2,223,0
2102,M12101,L,298.2,307.3,1431,65.1,154,0
2103,M12102,L,298.3,308.1,1633,28.2,174,0
2104,M12103,H,302.3,313.4,1403,28.3,57,0
2105,M12104,L,297.6,308.1,1511,35.6,233,0
2106,M12105,L,303.3,312.1,1252,41.3,158,0
2107,M12106,M,298.2,308.1,1625,55.7,27,0
2108,M12107,L,301.3,313.3,1267,46.2,4,0
2109,M12108,M,299.3,309.5,1372,28.1,4,0
2110,M12109,L,301.2,310.9,1757,33.9,13,0
2111,M12110,L,298.9,309.4,1750,39.6,231,0
2112,M12111,L,299.7,310.4,1606,25.3,91,0
2113,M12112,H,300.1,309.6,1588,40.1,75,0
2114,M12113,H,298.0,308.5,1444,28.2,105,0
2115,M12114,H,301.5,311.2,1401,23.7,104,0
2116,M12115,H,299.0,309.7,1474,30.6,60,0
2117,M12116,H,299.5,309.7,1268,44.1,23,0
2118,M12117,L,298.0,308.5,1584,44.0,27,0
2119,M12118,M,294.9,304.1,1548,41.0,152,0
2120,M12119,L,299.6,308.8,1372,49.8,100,0
2121,M12120,L,304.8,315.8,1820,48.8,228,0
2122,M12121,H,301.6,311.5,1648,42.0,117,0
2123,M12122,L,300.0,310.2,1663,40.7,127,0
2124,M12123,L,299.5,309.2,1452,41.3,235,0
2125,M12124,H,300.0,310.9,1539,38.5,127,0
2126,M12125,M,301.1,310.5,1651,18.5,127,0
2127,M12126,L,297.6,307.5,1566,51.2,92,0
2128,M12127,L,302.2,313.0,1826,43.9,180,0
2129,M12128,M,301.4,312.6,1503,28.0,99,0
2130,M12129,M,301.4,310.9,1449,54.1,149,0
2131,M12130,M,300.9,312.8,1653,34.2,113,0
2132,M12131,L,300.0,310.4,1313,38.9,134,0
2133,M12132,L,301.3,310.3,1704,50.1,209,0
2134,M12133,M,301.2,311.6,1306,42.2,105,0
2135,M12134,H,299.3,308.9,1653,53.2,58,0
2136,M12135,L,298.9,309.3,1423,36.5,144,0
2137,M12136,L,300.2,310.2,1624,56.7,237,1
2138,M12137,M,303.1,313.2,1701,32.3,175,0
2139,M12138,L,297.5,306.6,1566,53.0,78,0
2140,M12139,M,297.1,308.1,1324,17.6,244,0
2141,M12140,L,300.3,309.2,1378,29.1,87,0
2142,M12141,M,300.1,309.0,1409,42.9,249,0
2143,M12142,M,300.3,310.7,1200,36.0,49,0
2144,M12143,L,300.5,312.1,1741,39.3,253,0
2145,M12144,H,299.6,309.2,1559,40.4,19,0
2146,M12145,L,303.0,313.7,1336,28.2,180,0
2147,M12146,L,296.8,307.9,1800,29.0,187,1
2148,M12147,L,298.3,309.2,1413,42.3,172,0
2149,M12148,H,299.8,309.5,1584,33.4,197,0
2150,M12149,H,296.7,305.6,1391,53.3,119,0
2151,M12150,L,299.6,307.4,1178,38.1,14,0
2152,M12151,L,303.3,313.1,1295,47.1,91,0
2153,M12152,L,300.0,311.2,1459,44.4,163,0
2154,M12153,M,300.5,309.3,1700,34.0,164,0
2155,M12154,H,297.5,308.2,1601,20.4,49,0
2156,M12155,M,298.8,307.8,1564,51.7,64,0
2157,M12156,H,299.2,309.4,1179,30.3,123,0
2158,M12157,M,299.4,310.1,1766,36.0,184,0
2159,M12158,L,302.6,311.9,1579,38.5,216,0
2160,M12159,H,301.1,311.3,1518,39.5,22,0
2161,M12160,L,297.8,307.4,1742,49.5,234,0
2162,M12161,L,300.5,311.2,1762,40.1,235,0
2163,M12162,H,301.0,311.2,1746,38.7,2,0
2164,M12163,H,302.3,312.3,1495,50.1,128,0
2165,M12164,L,303.2,314.7,1359,45.9,149,0
2166,M12165,L,298.0,308.6,1716,32.7,140,0
2167,M12166,L,298.4,307.7,1295,28.6,156,0
2168,M12167,L,297.5,307.4,1888,31.8,127,0
2169,M12168,M,299.5,309.5,1544,39.5,74,0
2170,M12169,H,300.9,311.0,1349,27.7,24,0
2171,M12170,H,302.0,314.5,1318,40.9,53,0
2172,M12171,H,299.8,310.2,1310,38.7,187,0
2173,M12172,L,299.4,307.3,1564,14.8,61,0
2174,M12173,L,300.3,309.8,1538,26.1,210,0
2175,M12174,M,298.3,306.4,1318,11.4,102,0
2176,M12175,M,304.2,313.8,1475,36.6,105,0
2177,M12176,L,296.8,304.8,1294,50.6,220,0
2178,M12177,L,300.4,309.5,1644,21.3,54,0
2179,M12178,L,304.0,312.5,1529,26.9,48,0
2180,M12179,M,300.0,310.4,1471,38.4,249,0
2181,M12180,L,299.6,309.6,1308,29.5,137,0
2182,M12181,M,299.3,309.6,1485,29.4,48,0
2183,M12182,L,299.6,309.5,1465,45.4,42,0
2184,M12183,L,302.7,311.4,1596,35.1,218,0
2185,M12184,M,295.6,306.1,1569,25.3,152,0
2186,M12185,L,303.1,315.0,1681,19.3,29,0
2187,M12186,L,297.2,307.6,1452,61.9,224,0
2188,M12187,M,299.5,309.0,1206,51.2,112,0
2189,M12188,L,299.1,307.7,1716,35.5,250,0
2190,M12189,L,301.2,310.3,1371,40.9,71,0
2191,M12190,L,296.8,307.3,1341,35.2,134,0
2192,M12191,L,300.9,312.0,1531,45.1,44,0
2193,M12192,L,304.0,314.3,1593,31.5,111,0
2194,M12193,L,297.3,308.1,1444,34.6,45,0
2195,M12194,L,300.4,311.1,1443,44.5,78,0
2196,M12195,M,298.7,309.2,1469,54.4,68,0
2197,M12196,M,300.9,310.2,1793,47.3,72,0
2198,M12197,M,300.0,310.2,1539,52.2,245,0
2199,M12198,M,298.7,307.9,1366,36.9,10,0
2200,M12199,L,301.0,311.0,1368,33.8,126,0
2201,M12200,L,303.6,313.9,1494,20.8,159,0
2202,M12201,M,299.6,311.3,1582,40.7,167,0
2203,M12202,L,301.4,310.1,1626,43.8,191,0
2204,M12203,M,297.4,307.9,1561,37.0,193,0
2205,M12204,M,298.1,309.6,1388,32.3,242,0
2206,M12205,L,300.9,311.7,1463,52.3,191,0
2207,M12206,M,303.0,313.8,1670,46.3,208,0
2208,M12207,L,300.7,311.3,1334,53.0,135,0
2209,M12208,M,299.4,310.7,1456,30.6,166,0
2210,M12209,L,300.0,308.9,1646,33.0,121,0
2211,M12210,L,297.5,306.1,1696,51.9,70,0
2212,M12211,H,301.2,311.2,1504,39.5,79,0
2213,M12212,M,301.8,309.6,1465,34.4,91,0
2214,M12213,L,299.1,310.3,1302,35.1,86,0
2215,M12214,M,299.1,310.3,1633,39.9,135,0
2216,M12215,L,300.5,310.1,1775,49.9,63,0
2217,M12216,L,299.1,308.8,1998,38.4,131,0
2218,M12217,H,299.9,309.8,1608,47.8,232,0
2219,M12218,L,304.2,314.3,1530,44.6,103,0
2220,M12219,L,299.5,309.6,1374,31.3,56,0
2221,M12220,H,299.3,309.8,1203,31.3,88,0
2222,M12221,L,298.7,308.5,1571,35.5,222,0
2223,M12222,L,301.5,312.4,1960,26.8,238,0
2224,M12223,L,299.6,310.1,1766,34.9,224,0
2225,M12224,L,298.7,308.1,1739,55.0,73,0
2226,M12225,L,302.6,314.0,1583,39.7,98,0
2227,M12226,M,302.8,311.5,1603,32.4,247,0
2228,M12227,M,298.8,308.7,1105,59.0,82,1
2229,M12228,M,296.3,307.2,1675,30.8,35,0
2230,M12229,M,302.0,311.3,1435,30.5,71,0
2231,M12230,L,298.6,308.9,1413,52.2,244,0
2232,M12231,L,301.6,312.1,1481,46.5,105,0
2233,M12232,H,296.1,305.2,1475,38.7,236,0
2234,M12233,L,301.8,311.7,1411,48.2,26,1
2235,M12234,H,297.6,307.4,1541,43.0,194,0
2236,M12235,L,301.5,310.9,1439,28.3,24,0
2237,M12236,L,300.0,312.3,1557,16.3,50,0
2238,M12237,L,298.1,307.3,1273,34.4,156,0
2239,M12238,L,299.2,310.2,1501,50.7,110,0
2240,M12239,H,301.4,311.0,1343,35.8,169,0
2241,M12240,L,300.2,309.1,1424,44.6,246,0
2242,M12241,M,301.2,311.3,1565,41.8,13,0
2243,M12242,L,304.0,314.6,1252,23.2,48,0
2244,M12243,M,296.9,307.8,1392,36.0,162,0
2245,M12244,L,303.2,314.8,1641,43.6,227,0
2246,M12245,M,300.2,313.2,1286,32.2,202,0
2247,M12246,H,298.2,308.5,1857,36.4,118,0
2248,M12247,L,297.3,306.7,1755,43.9,189,0
2249,M12248,H,299.6,310.1,1450,40.7,53,0
2250,M12249,L,301.8,311.6,1398,50.4,3,0
2251,M12250,H,299.7,310.7,1575,43.8,144,0
2252,M12251,L,303.0,311.7,1280,30.5,206,0
2253,M12252,H,297.1,309.5,1181,35.3,110,0
2254,M12253,L,300.0,310.8,1457,40.2,144,0
2255,M12254,M,297.5,305.8,1515,53.3,107,0
2256,M12255,H,300.7,310.0,1556,35.3,130,0
2257,M12256,H,301.8,312.6,1429,22.8,224,0
2258,M12257,L,299.2,310.3,1767,44.4,121,0
2259,M12258,L,294.8,303.5,1271,32.5,2,0
2260,M12259,M,300.4,311.1,1335,27.3,202,0
2261,M12260,M,300.9,308.9,1626,40.2,156,0
2262,M12261,M,300.8,310.7,1331,49.6,185,0
2263,M12262,H,302.5,313.6,1324,34.3,228,0
2264,M12263,L,297.9,307.3,1561,44.9,72,0
2265,M12264,M,301.4,309.9,1350,46.8,127,0
2266,M12265,M,302.4,312.5,1515,47.8,152,0
2267,M12266,L,296.4,305.8,1414,32.8,87,0
2268,M12267,L,300.6,311.3,1385,28.9,214,0
2269,M12268,M,299.0,308.1,1163,30.3,176,0
2270,M12269,L,299.8,309.1,1564,47.8,186,0
2271,M12270,M,300.7,308.7,1316,46.6,204,0
2272,M12271,H,299.0,309.2,1509,30.5,65,0
2273,M12272,L,298.6,308.5,1447,61.1,189,0
2274,M12273,M,300.1,308.9,1502,29.3,196,0
2275,M12274,M,297.8,308.0,1512,49.9,213,0
2276,M12275,L,297.8,308.9,1574,55.0,124,0
2277,M12276,M,301.4,311.1,1409,41.1,128,0
2278,M12277,H,297.7,308.0,1761,32.4,25,0
2279,M12278,H,301.3,311.6,1208,32.6,216,0
2280,M12279,M,300.9,309.7,1498,37.4,135,0
2281,M12280,M,296.5,308.6,1689,50.7,150,0
2282,M12281,M,298.6,308.2,1624,28.1,31,0
2283,M12282,M,302.4,313.0,1365,21.8,152,0
2284,M12283,L,298.0,308.8,1394,43.6,11,0
2285,M12284,L,299.1,308.9,1359,45.8,234,0
2286,M12285,L,300.9,311.5,1646,59.5,218,0
2287,M12286,M,301.6,311.8,1407,26.3,49,0
2288,M12287,L,299.5,308.1,1585,38.7,150,0
2289,M12288,M,298.8,308.5,1586,51.5,152,0
2290,M12289,L,302.8,312.2,1963,41.2,203,0
2291,M12290,M,303.5,313.0,1595,38.1,192,0
2292,M12291,M,302.0,310.7,1394,47.8,251,0
2293,M12292,M,300.2,311.3,1278,34.1,89,0
2294,M12293,M,298.4,310.0,1490,48.4,32,0
2295,M12294,H,298.3,309.3,1518,27.6,145,0
2296,M12295,H,301.0,312.3,1143,25.0,193,0
2297,M12296,M,300.8,310.5,1411,37.3,72,0
2298,M12297,L,302.8,312.2,1592,14.6,60,0
2299,M12298,L,301.3,310.5,1444,40.8,203,0
2300,M12299,L,297.0,307.6,1712,22.8,191,1
2301,M12300,M,302.1,312.3,1260,42.8,51,0
2302,M12301,M,298.0,307.9,1660,41.8,220,0
2303,M12302,M,299.2,310.5,1703,39.3,34,0
2304,M12303,L,300.5,310.9,1710,44.3,28,0
2305,M12304,L,304.0,313.2,1259,42.0,89,0
2306,M12305,M,306.2,315.5,1595,37.1,224,0
2307,M12306,L,301.2,311.9,1419,58.1,176,0
2308,M12307,L,299.6,310.7,1287,43.9,100,0
2309,M12308,L,301.1,311.6,1465,47.6,40,0
2310,M12309,M,301.8,313.7,1377,50.6,181,0
2311,M12310,M,299.4,311.0,1704,46.6,152,0
2312,M12311,L,303.6,314.0,1631,60.4,250,0
2313,M12312,L,300.5,309.6,1333,41.6,194,0
2314,M12313,M,301.0,309.7,1409,39.9,26,0
2315,M12314,H,301.3,310.9,1471,33.6,184,0
2316,M12315,H,300.8,311.6,1526,37.5,65,0
2317,M12316,L,301.7,313.5,1719,32.8,243,0
2318,M12317,L,298.8,309.2,1663,46.7,5,0
2319,M12318,M,298.9,310.1,1548,31.0,60,0
2320,M12319,L,297.8,307.6,1492,40.7,126,0
2321,M12320,L,300.9,311.5,1222,45.5,20,0
2322,M12321,M,301.6,312.4,1770,41.5,87,0
2323,M12322,L,300.9,308.9,1459,31.1,126,0
2324,M12323,L,303.3,312.9,1817,46.9,113,0
2325,M12324,M,300.0,310.9,1574,39.2,117,0
2326,M12325,M,301.3,311.6,1902,11.6,222,0
2327,M12326,M,297.8,306.6,1648,30.3,128,0
2328,M12327,H,299.2,306.8,1283,53.9,238,0
2329,M12328,L,301.4,311.0,1429,54.7,37,0
2330,M12329,M,301.7,311.6,1509,45.2,71,0
2331,M12330,L,299.4,308.5,1383,47.8,166,0
2332,M12331,L,299.9,310.0,1472,32.3,72,0
2333,M12332,M,297.0,307.5,1294,37.4,88,0
2334,M12333,L,299.3,310.0,1540,52.2,228,0
2335,M12334,M,301.8,309.4,1581,44.2,136,0
2336,M12335,L,301.2,309.8,1359,40.6,85,0
2337,M12336,M,301.0,310.7,1886,38.2,197,0
2338,M12337,L,300.1,310.7,1550,51.6,18,0
2339,M12338,L,300.0,310.5,1393,51.1,143,0
2340,M12339,M,298.7,309.2,1247,46.4,25,0
2341,M12340,L,301.4,311.0,1550,40.7,45,0
2342,M12341,L,300.8,310.5,1492,36.5,16,0
2343,M12342,L,301.0,310.3,1679,46.9,228,0
2344,M12343,L,298.9,309.7,1513,29.1,12,0
2345,M12344,L,295.7,304.8,1325,31.1,131,0
2346,M12345,M,302.2,313.0,1838,25.6,57,0
2347,M12346,H,299.0,309.3,1617,52.2,97,0
2348,M12347,M,298.3,308.2,1494,32.9,125,0
2349,M12348,L,301.4,310.7,1568,44.0,114,0
2350,M12349,L,299.2,307.9,1624,38.8,189,0
2351,M12350,L,302.1,311.5,1283,68.7,231,0
2352,M12351,L,301.2,310.9,1567,44.4,76,0
2353,M12352,L,301.4,309.0,1458,21.6,6,0
2354,M12353,L,297.3,307.1,1630,51.6,226,0
2355,M12354,M,302.4,313.3,1407,36.2,248,0
2356,M12355,L,300.5,311.1,1431,38.0,110,0
2357,M12356,H,299.3,308.8,1837,33.3,115,0
2358,M12357,M,300.3,310.3,1759,41.9,36,0
2359,M12358,H,296.4,305.9,949,41.8,120,0
2360,M12359,H,300.8,311.0,1746,33.6,77,0
2361,M12360,M,297.9,309.5,1526,35.0,252,0
2362,M12361,L,297.3,308.3,1412,41.0,47,0
2363,M12362,L,297.0,307.5,1359,16.8,96,0
2364,M12363,L,302.2,311.7,1369,25.7,156,0
2365,M12364,L,298.7,309.5,1417,56.5,87,0
2366,M12365,M,303.1,311.4,1337,43.2,120,0
2367,M12366,M,298.9,308.7,1297,34.8,246,0
2368,M12367,L,296.6,307.2,1353,23.2,129,0
2369,M12368,M,297.8,308.5,1597,39.4,230,0
2370,M12369,L,302.5,313.1,1548,49.8,11,0
2371,M12370,H,299.7,310.0,1638,66.1,30,0
2372,M12371,L,298.9,308.7,1527,58.7,239,0
2373,M12372,L,300.3,310.9,1305,31.2,33,0
2374,M12373,L,301.0,310.1,1628,35.1,186,0
2375,M12374,M,302.2,311.4,1359,25.4,113,0
2376,M12375,L,302.9,313.0,1655,31.7,103,0
2377,M12376,H,299.3,309.5,1330,37.9,167,0
2378,M12377,L,297.3,305.5,1416,36.4,184,0
2379,M12378,L,299.2,309.6,1474,60.3,236,0
2380,M12379,L,300.5,311.3,1660,27.0,65,0
2381,M12380,M,298.1,308.0,1571,39.6,177,0
2382,M12381,L,298.1,310.5,1543,19.6,87,0
2383,M12382,L,300.7,310.0,1877,43.3,182,0
2384,M12383,L,299.9,309.5,1210,26.7,36,0
2385,M12384,H,300.1,309.7,1353,50.9,116,0
2386,M12385,L,298.5,308.4,1345,37.1,46,0
2387,M12386,L,299.5,309.2,1222,26.1,85,0
2388,M12387,M,298.2,306.7,1410,19.2,181,0
2389,M12388,M,301.8,311.2,1662,30.3,59,0
2390,M12389,H,302.1,312.0,1433,42.4,173,0
2391,M12390,M,296.3,307.5,1479,44.2,125,0
2392,M12391,L,298.1,310.3,1231,35.1,23,0
2393,M12392,L,297.0,308.3,1396,49.2,98,0
2394,M12393,L,298.7,307.9,1456,28.8,220,0
2395,M12394,H,299.8,309.1,1654,11.0,250,0
2396,M12395,L,297.1,306.9,1239,42.8,93,0
2397,M12396,L,298.2,309.9,1458,52.8,14,0
2398,M12397,L,298.0,307.8,1734,52.9,33,0
2399,M12398,H,300.4,309.1,1459,27.1,199,0
2400,M12399,L,300.1,309.6,1160,34.6,166,0
2401,M12400,L,298.6,309.3,1768,47.2,72,0
2402,M12401,L,300.4,311.0,1671,33.8,99,0
2403,M12402,L,298.9,308.7,1695,41.0,205,0
2404,M12403,M,299.5,310.1,1227,32.9,105,0
2405,M12404,M,303.3,311.1,1810,29.2,191,0
2406,M12405,L,302.7,312.8,1401,31.1,75,0
2407,M12406,H,297.4,308.3,1448,49.5,183,0
2408,M12407,M,301.7,310.8,1413,40.1,118,0
2409,M12408,M,301.6,310.8,1709,52.6,138,0
2410,M12409,M,297.7,305.8,1507,45.2,151,0
2411,M12410,M,301.6,313.2,1625,55.9,114,0
2412,M12411,M,303.1,312.4,1553,48.1,118,0
2413,M12412,L,297.8,308.0,1522,47.5,67,0
2414,M12413,L,298.2,308.8,1370,38.8,249,0
2415,M12414,L,302.0,313.5,1863,69.8,229,0
2416,M12415,M,300.5,310.4,1277,41.1,133,0
2417,M12416,H,301.1,310.6,1613,20.5,9,0
2418,M12417,L,300.7,310.9,1606,42.7,43,0
2419,M12418,M,300.8,312.1,1746,30.3,216,0
2420,M12419,L,297.3,307.2,1787,50.1,235,0
2421,M12420,H,302.1,311.1,1514,47.2,41,0
2422,M12421,M,302.3,310.8,1634,38.1,186,0
2423,M12422,L,299.5,308.3,1855,31.2,158,0
2424,M12423,L,299.9,310.8,1527,41.4,77,0
2425,M12424,L,296.9,306.6,1348,33.7,110,0
2426,M12425,M,301.0,310.4,1470,47.8,171,0
2427,M12426,M,301.1,310.4,1305,45.5,26,0
2428,M12427,H,299.9,310.0,1606,69.1,48,0
2429,M12428,M,302.2,312.0,1730,35.6,8,0
2430,M12429,L,299.3,309.1,1517,37.0,228,0
2431,M12430,M,301.1,312.5,1249,38.5,145,0
2432,M12431,H,298.0,309.5,1722,38.9,132,0
2433,M12432,H,300.0,308.3,1221,50.2,179,0
2434,M12433,M,299.7,310.0,1262,37.3,250,0
2435,M12434,L,300.5,309.7,1507,59.5,44,0
2436,M12435,M,299.3,309.0,1584,45.8,34,0
2437,M12436,M,299.7,310.0,1615,35.2,75,0
2438,M12437,M,301.7,311.4,1527,32.7,229,0
2439,M12438,L,299.1,309.4,1854,50.3,104,0
2440,M12439,L,296.8,307.5,1551,40.3,201,0
2441,M12440,M,303.5,313.8,1724,40.1,51,0
2442,M12441,M,302.8,312.1,1680,34.1,125,0
2443,M12442,L,297.4,306.8,1308,39.4,32,0
2444,M12443,L,301.4,309.9,1509,33.7,104,0
2445,M12444,M,299.0,308.1,1919,53.5,66,0
2446,M12445,M,300.5,312.5,1449,47.1,139,0
2447,M12446,L,300.6,309.8,1418,38.3,197,0
2448,M12447,L,299.5,308.3,1570,38.1,237,0
2449,M12448,L,298.4,308.8,1455,40.9,72,0
2450,M12449,H,298.6,308.5,1397,39.9,188,0
2451,M12450,L,298.2,308.0,1452,30.5,224,0
2452,M12451,L,298.3,309.7,1795,21.2,32,0
2453,M12452,H,299.9,310.4,1515,32.1,148,0
2454,M12453,M,298.6,308.0,1301,38.7,155,0
2455,M12454,M,301.4,310.9,1268,32.7,69,0
2456,M12455,M,303.0,312.5,1934,48.1,6,0
2457,M12456,L,298.8,309.7,1499,37.7,65,1
2458,M12457,L,300.5,310.2,1617,58.5,148,0
2459,M12458,L,301.0,309.2,1401,34.4,50,0
2460,M12459,L,300.9,310.9,1596,41.4,73,0
2461,M12460,L,300.2,308.6,1800,37.1,179,0
2462,M12461,H,301.5,313.7,1422,44.4,101,0
2463,M12462,L,301.0,310.0,1621,50.6,17,0
2464,M12463,L,297.5,307.4,1287,46.0,101,0
2465,M12464,L,301.7,312.0,1901,19.9,253,0
2466,M12465,L,301.8,311.5,1587,44.9,66,0
2467,M12466,L,298.5,308.2,1465,30.0,67,0
2468,M12467,L,300.1,310.5,1486,36.9,43,0
2469,M12468,M,301.4,312.9,1448,46.8,69,0
2470,M12469,M,299.6,310.3,1457,28.9,145,0
2471,M12470,L,302.1,313.6,1101,51.4,244,0
2472,M12471,M,304.7,313.7,1521,36.5,154,0
2473,M12472,L,298.4,308.7,1514,61.5,104,1
2474,M12473,M,297.2,307.4,1626,40.7,99,0
2475,M12474,L,300.6,311.0,1445,56.9,6,0
2476,M12475,M,301.4,312.8,1401,51.9,1,0
2477,M12476,L,299.5,309.3,1538,34.0,202,0
2478,M12477,L,302.9,312.5,1250,27.1,124,0
2479,M12478,L,297.3,307.9,1565,41.1,8,0
2480,M12479,L,301.4,309.6,1206,34.2,72,0
2481,M12480,M,298.8,308.6,1740,55.6,90,0
2482,M12481,H,303.4,313.3,1661,37.6,198,0
2483,M12482,H,304.0,313.1,1373,37.0,110,0
2484,M12483,M,298.5,309.5,1657,26.2,200,0
2485,M12484,H,298.9,307.8,1559,44.2,160,0
2486,M12485,H,301.7,311.6,1358,28.4,8,0
2487,M12486,M,299.2,309.5,1177,44.4,245,0
2488,M12487,L,299.9,311.3,1596,45.7,46,0
2489,M12488,H,300.1,310.0,1397,32.6,70,0
2490,M12489,L,296.2,307.1,1735,49.5,205,0
2491,M12490,L,300.0,310.7,1542,37.3,48,0
2492,M12491,M,298.6,308.7,1414,25.4,101,0
2493,M12492,H,299.0,307.9,1861,55.3,219,0
2494,M12493,M,302.9,311.5,1642,30.9,161,0
2495,M12494,L,297.5,307.6,885,45.0,76,0
2496,M12495,L,301.6,311.1,1452,44.2,163,0
2497,M12496,L,299.4,310.4,1291,43.9,206,0
2498,M12497,L,299.4,310.2,1396,43.7,102,0
2499,M12498,L,301.6,311.4,1513,30.4,145,0
2500,M12499,M,300.7,309.5,1602,56.7,250,0
2501,M12500,M,301.1,311.7,1586,49.5,244,1
2502,M12501,L,301.9,310.9,1732,44.7,129,0
2503,M12502,L,299.3,308.6,1653,26.8,24,0
2504,M12503,M,298.8,307.8,1642,30.3,177,0
2505,M12504,M,297.8,307.7,1575,46.5,68,0
2506,M12505,M,298.3,309.5,1769,20.2,169,0
2507,M12506,H,305.9,315.9,1482,43.4,89,0
2508,M12507,L,302.5,312.0,1487,26.8,182,0
2509,M12508,L,297.3,305.8,1198,31.4,93,0
2510,M12509,M,297.4,307.9,1728,26.0,238,0
2511,M12510,H,301.0,310.2,1525,42.4,35,0
2512,M12511,L,301.1,311.2,2064,51.1,17,0
2513,M12512,M,301.1,310.7,1466,43.4,198,0
2514,M12513,L,299.5,310.3,1555,44.5,102,0
2515,M12514,L,299.7,309.6,1637,41.7,118,0
2516,M12515,H,300.7,310.6,1342,46.8,236,0
2517,M12516,L,300.2,310.7,1603,44.6,149,0
2518,M12517,M,295.6,307.7,1545,13.1,167,0
2519,M12518,M,299.5,310.4,1485,49.0,5,0
2520,M12519,M,298.3,308.2,1749,47.9,170,0
2521,M12520,L,300.4,310.4,1377,36.4,98,0
2522,M12521,H,306.0,315.4,1588,20.5,116,0
2523,M12522,M,300.7,309.8,1799,42.4,204,0
2524,M12523,L,299.4,308.8,1413,43.2,133,0
2525,M12524,L,301.8,311.1,1486,35.6,250,0
2526,M12525,L,301.0,311.6,1959,41.8,202,0
2527,M12526,L,300.8,309.8,1624,50.6,184,0
2528,M12527,L,301.2,312.5,1448,63.7,149,0
2529,M12528,L,304.1,314.9,1683,41.5,104,0
2530,M12529,M,297.7,307.8,1437,43.3,13,0
2531,M12530,H,300.9,310.9,1259,31.8,5,0
2532,M12531,L,298.1,307.6,1785,35.0,12,0
2533,M12532,M,301.1,311.4,1342,38.7,243,0
2534,M12533,L,298.2,309.3,1978,51.7,82,0
2535,M12534,L,299.2,308.5,1451,48.1,177,0
2536,M12535,L,299.4,307.9,1921,59.1,150,0
2537,M12536,H,302.0,312.7,1294,25.2,145,0
2538,M12537,H,301.8,312.2,1723,26.9,147,0
2539,M12538,M,297.5,306.4,1628,50.9,76,0
2540,M12539,L,300.1,309.4,1689,54.3,224,0
2541,M12540,L,298.6,307.7,1712,40.3,233,0
2542,M12541,L,297.5,306.8,1450,-4.2,163,0
2543,M12542,H,299.6,309.2,1305,32.6,219,0
2544,M12543,M,299.4,309.1,1530,43.3,15,0
2545,M12544,M,304.9,314.2,1579,31.1,25,0
2546,M12545,M,300.9,310.1,1455,41.8,141,0
2547,M12546,M,297.2,307.0,1589,58.8,214,0
2548,M12547,M,298.9,309.0,1598,54.1,80,0
2549,M12548,M,302.0,311.7,1376,48.0,139,0
2550,M12549,H,304.2,315.3,1610,39.4,3,0
2551,M12550,L,296.8,307.3,1491,35.1,250,0
2552,M12551,H,296.2,304.6,1414,47.5,194,0
2553,M12552,M,303.7,314.3,1680,40.3,91,0
2554,M12553,M,300.8,311.4,1400,40.6,249,0
2555,M12554,H,298.3,307.8,1457,24.6,23,0
2556,M12555,H,301.1,309.6,1552,32.9,117,0
2557,M12556,L,294.7,304.7,1785,47.4,15,0
2558,M12557,H,300.0,310.0,1574,29.1,85,0
2559,M12558,L,300.7,309.5,1634,42.6,55,0
2560,M12559,L,301.8,310.4,1486,44.1,80,0
2561,M12560,L,298.0,307.9,1525,44.7,240,0
2562,M12561,L,300.2,309.9,1530,45.5,108,0
2563,M12562,H,298.1,307.7,1592,46.2,82,0
2564,M12563,L,300.5,310.4,1486,33.8,162,0
2565,M12564,M,298.2,307.1,1779,25.5,173,0
2566,M12565,L,299.2,308.7,1472,31.4,249,0
2567,M12566,M,298.0,308.5,1233,47.2,138,0
2568,M12567,L,301.3,311.0,2030,28.1,190,0
2569,M12568,M,301.7,310.0,1480,29.7,97,0
2570,M12569,M,299.5,309.1,1774,29.6,43,0
2571,M12570,L,300.1,309.0,1790,21.7,109,0
2572,M12571,H,297.1,307.4,1708,28.6,106,0
2573,M12572,L,299.4,309.7,1504,49.9,106,0
2574,M12573,M,299.9,308.2,1590,32.9,176,0
2575,M12574,M,305.2,316.0,1311,22.7,103,0
2576,M12575,L,297.8,306.7,1895,34.9,241,0
2577,M12576,H,302.9,314.5,1387,45.1,249,1
2578,M12577,M,302.0,311.9,1494,21.9,132,0
2579,M12578,H,300.6,309.3,1557,49.4,141,0
2580,M12579,M,303.5,312.4,1520,25.7,103,0
2581,M12580,M,300.7,311.1,1421,36.1,90,0
2582,M12581,L,300.8,310.4,1789,36.0,249,0
2583,M12582,H,299.9,309.8,1709,34.4,10,0
2584,M12583,L,302.4,314.1,1597,39.4,104,0
2585,M12584,H,302.2,311.5,1467,47.7,38,0
2586,M12585,M,298.7,308.8,1730,39.6,184,0
2587,M12586,M,297.4,308.8,1456,34.0,49,0
2588,M12587,L,299.6,309.9,1820,44.5,224,0
2589,M12588,L,298.4,306.8,1559,42.1,95,0
2590,M12589,L,299.9,310.4,1759,33.4,232,0
2591,M12590,H,302.5,311.3,1519,40.4,250,0
2592,M12591,L,299.1,310.5,1552,32.6,195,0
2593,M12592,L,299.9,309.1,1758,31.4,158,0
2594,M12593,L,300.1,313.1,1932,48.0,38,0
2595,M12594,H,301.7,313.2,1818,44.4,236,0
2596,M12595,M,295.5,304.7,1696,47.6,197,0
2597,M12596,L,298.8,308.8,1644,46.3,73,0
2598,M12597,M,300.4,311.2,1448,31.2,119,0
2599,M12598,L,302.4,313.2,1592,49.9,17,0
2600,M12599,L,299.0,309.5,1376,37.1,167,0
2601,M12600,M,296.2,307.5,1606,49.2,32,0
2602,M12601,L,301.2,311.1,1618,38.8,165,0
2603,M12602,L,298.7,308.4,1188,43.1,170,0
2604,M12603,L,297.6,307.3,1546,43.4,82,0
2605,M12604,L,298.8,309.6,1613,48.1,240,0
2606,M12605,H,299.6,310.0,1524,23.8,197,0
2607,M12606,M,298.8,309.1,1603,24.4,126,0
2608,M12607,L,295.6,306.4,1299,46.6,232,0
2609,M12608,M,301.8,309.7,1400,43.5,217,0
2610,M12609,L,302.5,312.9,1724,32.3,175,0
2611,M12610,M,301.3,311.5,1539,43.6,39,0
2612,M12611,M,297.7,309.4,1600,26.1,126,0
2613,M12612,L,299.6,308.1,1441,72.3,219,0
2614,M12613,L,300.0,311.5,1542,53.0,154,0
2615,M12614,H,301.2,311.3,1127,46.2,138,0
2616,M12615,L,301.3,311.8,1690,40.7,242,0
2617,M12616,L,298.5,310.2,1863,33.9,4,0
2618,M12617,H,300.2,310.7,1348,27.0,3,0
2619,M12618,H,300.9,311.3,1371,38.9,226,0
2620,M12619,L,302.9,313.2,1618,31.5,10,0
2621,M12620,M,301.4,310.9,1803,32.1,84,0
2622,M12621,L,301.6,311.5,1539,26.0,234,0
2623,M12622,H,300.2,309.5,1319,42.5,175,1
2624,M12623,L,302.8,312.8,1502,36.3,164,0
2625,M12624,M,300.8,308.5,1355,45.3,166,0
2626,M12625,L,298.3,308.7,1419,44.5,80,0
2627,M12626,M,302.8,312.7,1485,42.3,134,0
2628,M12627,M,301.4,311.1,1373,66.3,159,0
2629,M12628,L,299.1,309.3,1400,48.2,77,0
2630,M12629,H,299.0,307.6,1552,27.5,201,0
2631,M12630,L,300.6,312.5,1577,44.5,81,0
2632,M12631,H,300.9,310.8,1284,39.5,18,0
2633,M12632,M,300.4,310.2,1610,26.7,51,0
2634,M12633,H,300.6,309.7,1471,25.9,103,0
2635,M12634,M,303.4,313.4,1668,44.5,230,0
2636,M12635,L,302.1,313.5,1679,46.9,105,0
2637,M12636,L,300.4,311.4,1442,29.6,23,0
2638,M12637,M,301.9,312.7,1649,49.6,50,0
2639,M12638,L,297.9,308.5,1389,42.8,138,0
2640,M12639,L,300.8,310.4,1776,51.8,45,0
2641,M12640,L,303.6,312.2,1396,50.8,16,1
2642,M12641,M,299.6,309.4,1602,38.4,181,0
2643,M12642,M,298.3,308.1,1505,56.2,198,0
2644,M12643,L,298.7,309.7,1357,28.9,215,0
2645,M12644,L,297.8,308.1,1700,63.7,214,0
2646,M12645,M,298.4,310.0,1429,31.3,96,0
2647,M12646,L,299.3,310.5,1235,39.5,186,0
2648,M12647,M,297.2,306.7,1023,34.4,148,0
2649,M12648,L,300.0,308.2,1382,36.3,6,0
2650,M12649,L,301.8,313.2,1785,68.9,102,0
2651,M12650,L,298.2,309.5,1764,35.4,13,0
2652,M12651,L,303.0,311.7,1410,48.4,21,0
2653,M12652,L,301.0,312.5,1472,37.7,14,0
2654,M12653,H,302.1,312.4,1456,49.3,243,0
2655,M12654,M,298.7,308.8,1300,34.6,214,0
2656,M12655,L,301.7,313.3,1369,42.5,111,0
2657,M12656,L,297.8,309.2,1715,46.2,63,0
2658,M12657,L,301.8,312.4,1629,32.9,18,1
2659,M12658,M,300.3,310.8,1588,67.3,109,0
2660,M12659,H,301.1,311.7,1300,46.7,152,1
2661,M12660,L,297.6,307.2,1557,37.8,202,0
2662,M12661,L,298.2,308.2,1127,33.1,13,0
2663,M12662,L,301.2,310.3,1690,40.9,106,0
2664,M12663,L,298.1,307.8,1585,28.0,247,0
2665,M12664,L,300.9,310.6,1298,57.6,31,0
2666,M12665,M,297.3,306.6,1828,44.3,101,0
2667,M12666,H,301.7,311.8,1217,39.1,70,0
2668,M12667,M,297.5,307.2,1634,50.4,34,0
2669,M12668,H,301.1,311.6,1638,32.9,212,0
2670,M12669,L,301.3,309.6,1317,28.6,176,0
2671,M12670,M,298.6,308.5,1532,38.7,104,0
2672,M12671,H,301.2,311.3,1246,41.3,93,0
2673,M12672,L,300.5,310.2,1029,45.3,209,0
2674,M12673,H,298.9,308.7,1348,25.4,23,0
2675,M12674,L,298.0,306.4,1429,35.5,37,0
2676,M12675,H,296.1,306.4,1654,9.5,229,0
2677,M12676,L,300.7,311.3,1551,28.3,207,0
2678,M12677,L,296.9,307.4,1556,47.1,196,0
2679,M12678,L,300.2,311.2,1357,49.5,158,0
2680,M12679,L,299.5,309.7,1444,28.7,74,0
2681,M12680,H,301.4,311.8,1373,36.8,237,0
2682,M12681,L,299.4,309.6,1320,40.3,124,0
2683,M12682,M,299.3,310.0,1433,50.7,71,0
2684,M12683,H,301.5,309.9,1552,55.1,92,0
2685,M12684,H,300.7,309.8,1436,41.5,4,0
2686,M12685,H,300.6,312.2,1481,37.4,65,0
2687,M12686,H,300.9,308.5,1663,25.7,48,0
2688,M12687,L,296.9,306.8,1449,41.1,34,0
2689,M12688,H,301.5,312.7,1300,60.5,8,0
2690,M12689,L,301.2,311.1,1640,52.8,57,0
2691,M12690,L,298.0,307.6,1587,41.7,26,0
2692,M12691,L,299.5,309.6,1598,43.0,11,0
2693,M12692,M,299.9,309.6,1651,33.2,35,0
2694,M12693,L,299.7,309.8,1621,36.5,51,0
2695,M12694,L,300.7,310.0,1544,41.5,105,0
2696,M12695,M,302.9,314.0,1967,41.5,148,0
2697,M12696,L,302.2,313.6,1309,50.0,82,0
2698,M12697,L,297.4,307.2,1434,49.5,36,0
2699,M12698,M,301.2,309.9,1712,45.2,238,0
2700,M12699,L,302.7,312.1,1565,30.1,130,0
2701,M12700,M,300.8,310.6,1675,30.5,188,0
2702,M12701,M,302.2,312.7,1569,31.2,176,0
2703,M12702,H,304.0,313.0,1785,42.3,72,0
2704,M12703,H,302.0,311.3,1359,19.9,142,0
2705,M12704,L,300.5,311.0,1779,39.9,152,0
2706,M12705,L,302.1,313.0,1749,53.9,89,0
2707,M12706,H,300.3,309.7,1322,46.6,170,0
2708,M12707,M,300.0,308.7,1652,36.5,200,0
2709,M12708,M,299.3,312.6,1531,33.1,92,0
2710,M12709,M,303.1,313.9,1430,48.0,4,0
2711,M12710,M,298.4,308.1,1201,43.0,88,0
2712,M12711,L,303.1,313.9,1358,37.6,30,0
2713,M12712,M,301.0,310.9,1666,34.2,39,0
2714,M12713,H,297.2,308.1,1685,40.8,93,0
2715,M12714,L,300.7,310.9,1501,37.0,53,0
2716,M12715,L,295.8,305.9,1685,47.8,237,0
2717,M12716,M,301.3,311.1,1708,52.3,165,0
2718,M12717,H,301.8,310.3,1567,26.5,131,0
2719,M12718,H,298.8,310.8,1410,27.9,2,0
2720,M12719,M,300.2,309.3,1618,53.3,26,0
2721,M12720,M,303.9,312.5,1626,41.6,199,0
2722,M12721,H,299.0,308.8,1660,28.8,99,0
2723,M12722,L,297.9,306.9,1694,49.7,12,0
2724,M12723,H,303.0,312.9,1295,43.4,209,0
2725,M12724,L,303.9,314.6,1448,61.8,77,0
2726,M12725,M,300.0,311.0,1199,37.7,98,0
2727,M12726,H,302.0,312.8,1673,51.0,247,0
2728,M12727,M,302.7,312.4,1501,25.7,4,0
2729,M12728,L,298.5,308.6,1616,53.8,182,0
2730,M12729,H,299.0,309.4,1275,49.3,240,0
2731,M12730,M,302.5,310.7,1790,55.9,16,0
2732,M12731,L,303.4,313.9,1325,51.0,219,0
2733,M12732,L,301.1,309.7,1678,39.0,105,0
2734,M12733,L,298.2,310.3,1560,28.4,222,0
2735,M12734,L,304.0,313.6,1505,34.0,78,0
2736,M12735,M,298.9,308.8,1491,22.6,249,0
2737,M12736,M,299.3,308.6,1425,30.9,164,0
2738,M12737,H,300.7,310.1,1771,44.2,159,0
2739,M12738,M,303.1,315.4,1541,39.5,204,0
2740,M12739,L,301.7,312.6,1312,37.8,110,0
2741,M12740,L,300.8,309.3,1470,32.1,65,0
2742,M12741,L,300.9,312.4,1562,22.5,67,0
2743,M12742,H,300.1,311.3,1700,41.8,84,0
2744,M12743,L,301.1,310.8,1431,43.8,156,0
2745,M12744,L,294.9,305.2,1443,30.2,212,0
2746,M12745,M,299.4,309.4,1543,34.7,126,0
2747,M12746,H,300.5,312.5,1695,55.3,102,0
2748,M12747,L,297.7,306.9,1294,51.5,201,0
2749,M12748,L,300.8,310.9,1629,25.3,73,0
2750,M12749,L,299.6,309.2,1456,39.2,174,0
2751,M12750,L,303.5,312.1,1481,54.4,27,0
2752,M12751,L,303.1,315.3,1897,37.9,29,0
2753,M12752,M,299.1,307.9,1504,37.3,163,0
2754,M12753,M,299.7,309.9,1674,50.8,21,0
2755,M12754,L,299.9,308.1,1668,49.8,39,0
2756,M12755,M,299.1,308.7,1328,49.3,158,0
2757,M12756,L,300.4,310.8,1209,37.4,111,0
2758,M12757,H,298.5,307.7,1686,46.6,142,0
2759,M12758,H,297.7,308.3,1345,54.8,247,1
2760,M12759,M,301.2,311.0,1241,39.5,160,0
2761,M12760,L,301.3,312.4,1723,36.0,149,0
2762,M12761,H,298.4,309.8,1357,52.2,96,0
2763,M12762,H,301.8,311.2,1401,60.2,160,0
2764,M12763,L,298.7,308.8,1892,60.9,3,0
2765,M12764,L,300.5,310.7,1242,36.3,141,0
2766,M12765,L,301.6,312.3,1314,37.3,17,0
2767,M12766,L,299.9,309.9,1457,29.8,56,0
2768,M12767,L,300.9,311.1,1496,41.2,142,0
2769,M12768,M,299.0,308.7,1379,29.4,169,0
2770,M12769,L,299.6,309.7,1332,34.8,97,0
2771,M12770,L,299.6,310.9,1809,46.9,106,0
2772,M12771,L,298.5,309.2,1586,43.9,126,0
2773,M12772,L,299.6,310.3,1644,22.1,192,0
2774,M12773,M,296.9,307.6,1514,55.5,4,0
2775,M12774,M,299.0,308.9,1591,29.2,113,0
2776,M12775,L,299.4,309.7,1706,30.5,4,0
2777,M12776,L,299.5,308.4,1361,27.7,81,0
2778,M12777,M,299.5,310.8,1586,33.5,132,0
2779,M12778,H,299.9,307.1,1664,31.1,20,0
2780,M12779,M,301.0,310.9,1816,31.4,123,0
2781,M12780,L,301.7,312.9,1888,15.6,234,0
2782,M12781,M,298.7,307.3,1552,41.3,173,0
2783,M12782,L,297.6,308.0,1743,42.3,198,0
2784,M12783,L,297.9,307.2,1061,62.2,147,0
2785,M12784,L,299.0,308.7,1817,44.8,227,0
2786,M12785,L,299.3,310.2,1409,35.1,37,0
2787,M12786,H,298.5,308.7,1496,28.1,114,0
2788,M12787,H,297.4,305.4,1618,39.0,151,0
2789,M12788,L,299.1,308.1,1512,44.4,221,0
2790,M12789,H,300.4,311.3,1574,35.0,78,0
2791,M12790,L,301.2,311.6,1823,40.6,0,0
2792,M12791,M,298.9,310.6,1470,58.8,247,0
2793,M12792,M,299.2,310.9,1344,36.2,7,0
2794,M12793,M,298.1,307.8,1864,21.3,39,0
2795,M12794,L,299.9,312.4,1633,48.6,107,0
2796,M12795,H,298.3,308.3,1883,43.1,126,0
2797,M12796,L,301.1,310.2,1694,23.1,211,0
2798,M12797,M,296.4,305.8,1302,44.2,113,0
2799,M12798,M,299.3,307.0,1655,30.1,138,0
2800,M12799,H,300.6,312.2,1363,44.4,51,0
2801,M12800,L,300.4,312.0,1540,58.9,144,0
2802,M12801,M,305.4,314.4,1525,38.2,88,0
2803,M12802,L,300.7,310.5,1249,50.7,25,0
2804,M12803,M,298.0,308.1,1394,27.8,239,0
2805,M12804,M,299.8,308.8,1934,25.0,21,0
2806,M12805,L,296.4,304.7,1582,60.0,172,0
2807,M12806,L,299.8,309.6,1508,43.0,230,0
2808,M12807,L,298.3,308.0,1864,46.3,45,0
2809,M12808,L,301.8,311.4,1468,51.4,60,0
2810,M12809,M,298.9,309.1,1523,34.8,108,0
2811,M12810,H,299.8,311.2,1716,48.2,75,0
2812,M12811,M,298.7,308.4,1467,46.7,192,0
2813,M12812,M,303.5,313.6,1405,27.2,86,0
2814,M12813,H,299.4,310.1,1136,55.0,249,0
2815,M12814,M,303.7,314.2,1371,52.9,217,0
2816,M12815,L,301.6,311.0,1370,27.3,227,0
2817,M12816,M,301.0,311.1,1567,42.0,16,0
2818,M12817,M,300.7,311.3,1430,37.7,45,0
2819,M12818,H,300.8,309.7,1925,54.0,43,0
2820,M12819,H,296.1,307.4,1350,26.0,170,0
2821,M12820,H,299.4,310.9,1790,75.7,3,0
2822,M12821,L,301.7,311.0,1578,38.3,204,0
2823,M12822,L,299.9,310.1,1683,47.3,138,0
2824,M12823,M,297.2,307.8,1673,53.7,143,0
2825,M12824,L,299.9,309.3,1142,38.1,136,0
2826,M12825,M,303.4,313.9,1537,38.9,135,0
2827,M12826,M,302.5,312.7,1492,35.0,50,0
2828,M12827,M,299.9,308.4,1336,31.2,72,0
2829,M12828,L,301.9,312.4,1621,42.7,123,0
2830,M12829,M,299.3,308.2,1846,38.7,171,0
2831,M12830,M,296.6,307.5,1061,35.0,69,0
2832,M12831,M,298.2,307.5,1443,35.5,204,0
2833,M12832,H,303.1,313.0,1316,45.7,205,0
2834,M12833,H,299.5,310.8,1552,32.1,69,0
2835,M12834,L,299.5,310.0,1481,37.6,142,0
2836,M12835,H,299.4,308.3,1431,48.9,88,0
2837,M12836,L,303.8,312.8,1662,42.4,48,0
2838,M12837,M,303.3,312.7,1832,29.6,204,0
2839,M12838,H,304.4,314.8,2015,39.8,251,0
2840,M12839,M,299.7,310.0,1407,44.3,143,0
2841,M12840,L,300.6,309.7,1213,49.8,231,0
2842,M12841,L,297.0,305.8,1639,32.5,162,0
2843,M12842,H,303.0,313.2,1827,34.5,143,0
2844,M12843,L,297.7,307.5,1685,33.1,121,0
2845,M12844,H,300.4,312.6,1827,33.6,60,0
2846,M12845,M,297.8,307.8,1499,44.0,21,0
2847,M12846,H,298.8,310.6,1430,45.9,112,0
2848,M12847,L,298.3,307.2,1560,50.4,142,0
2849,M12848,L,298.8,307.2,1480,39.1,129,0
2850,M12849,L,298.9,307.8,1658,26.1,176,0
2851,M12850,M,298.9,310.1,1713,46.6,49,0
2852,M12851,L,301.7,313.4,1727,41.6,90,0
2853,M12852,L,297.8,307.0,1630,40.6,105,0
2854,M12853,H,300.4,310.0,1583,27.3,47,0
2855,M12854,M,302.4,311.3,1681,38.1,229,0
2856,M12855,L,299.0,307.2,1188,28.2,172,0
2857,M12856,M,298.6,309.3,1577,44.8,23,0
2858,M12857,M,299.5,309.8,1548,35.7,180,0
2859,M12858,M,302.4,312.4,1577,34.9,139,0
2860,M12859,M,300.4,309.0,1523,24.8,133,0
2861,M12860,M,298.9,310.6,1616,50.2,250,0
2862,M12861,L,301.0,310.5,1436,37.4,156,0
2863,M12862,L,297.8,308.3,1741,40.9,227,0
2864,M12863,M,301.4,309.9,1624,32.7,231,0
2865,M12864,M,300.8,310.6,1566,23.7,26,0
2866,M12865,H,299.4,309.7,1414,34.7,2,0
2867,M12866,L,298.3,308.6,1685,36.3,110,0
2868,M12867,L,298.2,308.4,1576,42.9,195,0
2869,M12868,L,301.1,311.6,1404,36.5,209,0
2870,M12869,L,302.5,311.3,1529,32.9,199,0
2871,M12870,L,298.7,308.9,1652,25.1,113,0
2872,M12871,L,300.9,311.0,1638,40.5,190,0
2873,M12872,M,295.8,306.1,1626,32.1,182,0
2874,M12873,L,298.8,308.9,1556,53.1,79,0
2875,M12874,L,299.9,308.7,1723,41.5,43,0
2876,M12875,M,298.2,306.9,1761,45.6,157,0
2877,M12876,H,298.1,305.9,1671,37.5,171,0
2878,M12877,L,298.7,309.5,1434,42.0,144,0
2879,M12878,L,300.6,311.4,1350,31.2,54,0
2880,M12879,M,299.6,310.5,1442,28.3,70,0
2881,M12880,L,295.5,305.8,1889,40.1,179,0
2882,M12881,L,295.8,303.6,1589,45.6,244,0
2883,M12882,H,298.8,307.8,1920,20.7,239,0
2884,M12883,H,300.9,311.1,1517,35.1,131,0
2885,M12884,M,294.5,304.6,1493,58.2,224,0
2886,M12885,L,299.0,308.8,1526,44.7,7,0
2887,M12886,L,298.9,309.3,1523,55.2,218,0
2888,M12887,M,302.8,312.8,1401,33.7,120,0
2889,M12888,M,299.2,309.4,1333,35.5,198,0
2890,M12889,M,300.8,310.1,1629,49.6,1,0
2891,M12890,L,300.3,311.3,1728,46.2,220,0
2892,M12891,L,295.7,305.3,1977,39.1,151,0
2893,M12892,L,301.5,310.2,1461,27.5,61,0
2894,M12893,H,300.4,309.7,1476,51.5,88,0
2895,M12894,M,301.0,310.7,1401,64.9,51,0
2896,M12895,L,307.9,318.8,1741,24.4,107,1
2897,M12896,H,295.8,305.8,1685,53.9,83,0
2898,M12897,H,303.4,313.3,1382,35.4,135,0
2899,M12898,M,299.4,308.2,1378,36.7,206,0
2900,M12899,M,300.6,311.4,1710,42.7,249,0
2901,M12900,L,299.9,309.3,1608,28.1,64,0
2902,M12901,L,299.2,309.1,1675,39.6,27,0
2903,M12902,M,298.9,310.3,1381,24.0,100,0
2904,M12903,H,300.7,311.2,1203,44.7,36,0
2905,M12904,M,297.0,305.3,1382,62.1,211,0
2906,M12905,L,301.5,309.7,1662,33.7,127,0
2907,M12906,M,299.2,309.1,1917,38.3,157,0
2908,M12907,H,297.7,306.5,1462,38.8,38,0
2909,M12908,M,299.1,309.7,1946,49.8,190,0
2910,M12909,L,302.5,312.6,1688,44.0,246,0
2911,M12910,H,298.9,309.1,1290,49.1,122,0
2912,M12911,L,300.7,310.0,1577,35.0,244,0
2913,M12912,L,298.5,310.3,1694,44.3,9,0
2914,M12913,H,301.5,314.4,1105,6.7,9,0
2915,M12914,M,301.4,311.1,1654,46.6,243,0
2916,M12915,M,303.7,314.1,1749,27.9,177,0
2917,M12916,L,299.6,309.7,1610,36.8,48,0
2918,M12917,M,301.3,311.1,1528,47.4,92,0
2919,M12918,H,300.2,309.4,1508,24.8,128,0
2920,M12919,L,302.6,311.5,1498,50.8,178,0
2921,M12920,L,298.6,307.4,1328,38.8,213,0
2922,M12921,L,301.5,311.9,1416,54.4,21,0
2923,M12922,L,299.6,309.1,1464,31.1,166,0
2924,M12923,M,299.9,307.3,1559,22.1,121,0
2925,M12924,L,300.2,310.6,1439,39.7,151,0
2926,M12925,M,300.5,310.5,1383,45.8,129,0
2927,M12926,L,299.8,311.1,1675,46.6,114,0
2928,M12927,M,300.4,310.8,1605,28.8,52,0
2929,M12928,L,303.2,311.7,1442,23.9,120,0
2930,M12929,M,302.0,309.7,1630,36.9,48,0
2931,M12930,M,301.7,311.0,1458,45.1,11,0
2932,M12931,M,299.1,308.5,1550,44.6,95,0
2933,M12932,H,298.2,309.2,1714,55.6,6,0
2934,M12933,H,301.9,311.9,1431,36.3,142,0
2935,M12934,H,301.8,312.9,1329,21.7,18,0
2936,M12935,H,302.9,311.6,1513,51.8,111,0
2937,M12936,L,298.8,309.8,1295,41.9,248,0
2938,M12937,M,299.5,310.3,1489,42.8,3,0
2939,M12938,L,296.7,304.7,1489,47.6,93,0
2940,M12939,H,299.2,310.5,1098,52.5,170,0
2941,M12940,H,302.0,312.1,1634,39.8,40,0
2942,M12941,L,299.1,309.5,1506,51.6,142,0
2943,M12942,M,301.3,310.4,1751,45.5,65,0
2944,M12943,H,299.6,310.9,1578,33.5,56,0
2945,M12944,M,300.6,309.5,1671,37.7,226,0
2946,M12945,L,297.7,308.5,1752,46.1,51,0
2947,M12946,L,300.2,311.0,1515,33.0,95,0
2948,M12947,M,294.0,303.0,1539,48.8,43,0
2949,M12948,L,299.6,311.6,1257,41.6,72,0
2950,M12949,M,296.7,307.0,1761,43.8,74,0
2951,M12950,H,302.4,313.1,1513,54.3,83,0
2952,M12951,L,301.6,310.0,1359,43.5,162,0
2953,M12952,M,300.9,313.1,1671,40.7,188,0
2954,M12953,M,303.0,311.8,1149,39.2,129,0
2955,M12954,L,298.1,309.1,1462,38.7,154,0
2956,M12955,H,303.5,312.5,1702,43.1,206,0
2957,M12956,L,301.9,311.2,1461,53.5,253,0
2958,M12957,L,299.5,310.3,1410,33.9,115,0
2959,M12958,H,302.3,313.3,1465,33.2,237,0
2960,M12959,M,297.8,306.5,1179,52.7,124,0
2961,M12960,L,298.4,309.4,1667,34.4,198,0
2962,M12961,L,298.8,309.8,1517,42.1,145,0
2963,M12962,L,298.9,308.0,1490,34.1,224,0
2964,M12963,H,297.9,309.5,1491,23.4,114,0
2965,M12964,L,302.4,311.0,1542,42.0,176,0
2966,M12965,H,299.5,308.9,1656,51.0,118,0
2967,M12966,L,300.7,311.2,1530,39.4,217,0
2968,M12967,M,298.9,308.0,1295,25.3,252,0
2969,M12968,M,296.4,306.6,1642,41.1,62,0
2970,M12969,L,300.5,310.8,1628,32.5,120,0
2971,M12970,L,296.2,306.0,1576,14.1,21,0
2972,M12971,L,299.9,310.7,1731,39.2,36,0
2973,M12972,M,297.3,307.0,1544,45.1,235,0
2974,M12973,H,304.0,314.2,1738,51.7,138,0
2975,M12974,H,301.8,313.0,1791,57.4,100,0
2976,M12975,L,300.2,311.0,1643,46.4,170,0
2977,M12976,H,302.5,313.3,1405,49.2,142,0
2978,M12977,L,298.3,307.2,1516,27.3,73,0
2979,M12978,H,301.1,311.6,1761,56.1,57,0
2980,M12979,M,300.4,309.5,1271,52.5,149,0
2981,M12980,H,300.5,309.2,1469,36.4,48,0
2982,M12981,L,302.5,312.5,1478,46.7,35,0
2983,M12982,M,301.5,310.6,1384,45.8,81,0
2984,M12983,M,300.6,311.4,1695,54.6,218,0
2985,M12984,L,296.7,307.5,1606,38.5,9,0
2986,M12985,H,298.1,306.2,1412,32.6,211,0
2987,M12986,L,299.8,308.9,1647,35.1,157,0
2988,M12987,H,300.2,308.7,1511,48.9,10,0
2989,M12988,H,297.7,307.3,1380,21.0,152,0
2990,M12989,M,304.8,315.3,1411,10.3,108,0
2991,M12990,L,303.0,312.8,1617,48.9,213,0
2992,M12991,L,301.2,310.6,1707,42.7,230,0
2993,M12992,H,300.1,311.4,1452,40.2,72,0
2994,M12993,M,299.6,307.3,1636,27.1,198,0
2995,M12994,H,298.1,309.3,1822,23.1,78,0
2996,M12995,L,300.2,309.6,1314,33.7,75,0
2997,M12996,H,300.5,310.4,1603,43.6,49,0
2998,M12997,H,297.5,307.0,1688,34.2,172,0
2999,M12998,H,300.7,312.2,1522,48.9,66,0
3000,M12999,L,299.7,308.5,1761,30.6,118,0
3001,M13000,L,296.2,306.2,1933,34.9,205,0
3002,M13001,L,298.3,308.8,1600,47.0,200,0
3003,M13002,M,299.2,307.6,1497,36.3,216,0
3004,M13003,M,303.8,312.9,1714,36.8,41,0
3005,M13004,L,301.1,311.0,1690,33.6,148,0
3006,M13005,L,297.3,306.4,1088,31.8,231,0
3007,M13006,M,301.0,310.2,1539,43.5,11,0
3008,M13007,L,296.9,306.6,1468,44.8,201,0
3009,M13008,L,302.2,312.8,1610,42.2,62,0
3010,M13009,L,299.1,308.7,1504,33.9,169,0
3011,M13010,M,299.8,310.9,1524,38.0,182,0
3012,M13011,L,302.7,311.7,1384,55.8,234,0
3013,M13012,M,297.4,306.2,1670,25.9,129,0
3014,M13013,L,297.2,309.1,1835,58.7,215,0
3015,M13014,L,298.8,308.2,1387,41.0,11,0
3016,M13015,M,302.1,310.8,1289,38.2,106,0
3017,M13016,M,297.0,305.2,1543,49.4,111,0
3018,M13017,L,294.3,305.4,1534,19.5,136,0
3019,M13018,L,299.1,308.8,1749,53.7,122,0
3020,M13019,L,301.1,310.8,1319,58.4,245,0
3021,M13020,L,302.4,312.2,1443,50.8,20,0
3022,M13021,M,299.1,310.1,1155,19.2,67,0
3023,M13022,H,299.2,309.0,1785,47.6,245,0
3024,M13023,L,302.3,314.7,1584,56.3,113,0
3025,M13024,L,296.3,306.4,1456,55.3,145,0
3026,M13025,L,299.2,310.3,1302,26.1,20,0
3027,M13026,H,300.4,311.2,1319,50.1,72,0
3028,M13027,L,300.9,310.9,1613,57.8,10,0
3029,M13028,L,299.0,308.4,1341,40.3,35,0
3030,M13029,L,300.1,310.4,1558,25.6,160,0
3031,M13030,M,295.0,305.5,1905,48.2,193,0
3032,M13031,H,298.7,308.1,1477,50.4,220,0
3033,M13032,L,300.9,311.1,1367,38.6,64,0
3034,M13033,L,298.0,309.3,1607,28.2,84,0
3035,M13034,L,300.1,312.2,1320,49.7,144,0
3036,M13035,L,300.9,311.7,1847,32.4,21,0
3037,M13036,H,299.3,311.2,1790,43.9,204,0
3038,M13037,M,300.3,309.7,1510,55.4,122,0
3039,M13038,L,298.1,308.8,1378,23.6,244,0
3040,M13039,L,299.6,310.9,1463,49.0,30,0
3041,M13040,H,301.2,310.3,1486,38.0,34,0
3042,M13041,M,300.3,309.8,1608,38.2,88,0
3043,M13042,M,298.8,310.6,1725,45.1,52,0
3044,M13043,M,300.4,309.5,1353,32.4,176,0
3045,M13044,M,301.4,310.1,1720,28.4,240,0
3046,M13045,L,295.9,307.4,1650,22.3,23,0
3047,M13046,L,302.3,313.5,1448,52.2,61,0
3048,M13047,H,299.3,309.8,1344,36.3,60,0
3049,M13048,L,300.9,310.8,1560,45.6,129,0
3050,M13049,L,302.4,312.0,1349,35.2,114,0
3051,M13050,H,297.3,307.5,1722,28.5,184,0
3052,M13051,L,298.6,310.2,1338,46.5,185,0
3053,M13052,M,299.4,309.7,1637,43.2,145,0
3054,M13053,M,298.4,310.6,1525,37.7,150,0
3055,M13054,L,303.5,312.6,1439,43.0,213,0
3056,M13055,L,298.3,308.3,1521,30.5,100,0
3057,M13056,L,298.9,308.5,1732,50.5,3,0
3058,M13057,L,300.4,309.3,1326,52.8,54,0
3059,M13058,L,297.6,307.4,1465,47.5,9,0
3060,M13059,M,299.2,309.6,1404,36.3,100,0
3061,M13060,H,300.6,311.2,1532,40.6,91,0
3062,M13061,L,299.3,311.5,1416,55.5,25,0
3063,M13062,L,299.8,310.3,1223,52.7,191,0
3064,M13063,H,298.9,310.1,1350,59.7,140,0
3065,M13064,L,297.0,307.0,1832,32.3,57,0
3066,M13065,M,300.6,312.3,1583,31.4,192,0
3067,M13066,M,303.5,315.9,1577,41.3,169,0
3068,M13067,L,300.0,310.6,1488,44.0,48,0
3069,M13068,L,300.5,309.5,1530,38.6,249,0
3070,M13069,M,301.4,310.8,1462,36.1,45,0
3071,M13070,H,297.5,307.7,1633,52.5,195,0
3072,M13071,M,303.4,313.9,1557,39.1,245,0
3073,M13072,M,300.4,311.1,1329,28.0,184,0
3074,M13073,M,303.3,313.7,1584,29.1,168,0
3075,M13074,L,298.5,308.5,1099,42.4,229,0
3076,M13075,M,303.6,313.0,1613,69.7,68,0
3077,M13076,L,301.6,312.0,1287,30.3,70,0
3078,M13077,H,301.1,313.0,1522,36.9,162,0
3079,M13078,M,300.5,311.5,1325,63.8,223,0
3080,M13079,L,299.5,310.0,1540,35.2,156,0
3081,M13080,L,302.4,313.4,1643,44.5,247,0
3082,M13081,L,300.3,309.9,1808,58.6,56,0
3083,M13082,L,296.1,305.6,1263,30.6,209,0
3084,M13083,L,297.8,307.0,1714,36.9,235,0
3085,M13084,M,299.6,309.5,1562,35.2,108,0
3086,M13085,L,300.6,310.2,1458,25.0,243,0
3087,M13086,H,299.9,311.1,1675,55.5,51,0
3088,M13087,L,302.4,312.0,1497,34.2,241,0
3089,M13088,M,296.1,305.3,1667,31.3,228,0
3090,M13089,H,300.3,312.2,1361,35.6,17,0
3091,M13090,L,296.4,305.9,1426,49.2,132,0
3092,M13091,L,301.5,311.7,1708,41.1,134,0
3093,M13092,L,299.8,310.3,1805,32.2,14,0
3094,M13093,M,300.8,309.7,1533,44.1,10,0
3095,M13094,H,298.3,309.5,1040,48.0,1,0
3096,M13095,L,302.6,313.2,1503,39.8,133,0
3097,M13096,M,302.1,313.6,1545,37.7,117,0
3098,M13097,M,301.2,310.5,1497,50.1,238,0
3099,M13098,L,299.7,309.8,1599,38.2,87,0
3100,M13099,L,301.2,311.2,1454,55.9,167,0
3101,M13100,L,298.6,308.9,1689,32.5,2,0
3102,M13101,L,301.7,310.3,1330,32.3,168,0
3103,M13102,L,303.3,313.4,1760,31.1,231,0
3104,M13103,L,302.1,310.7,1816,37.6,90,0
3105,M13104,M,298.5,308.9,1376,40.0,79,0
3106,M13105,H,300.7,308.6,1375,26.9,158,0
3107,M13106,L,297.4,305.6,1613,41.0,83,0
3108,M13107,L,301.1,312.0,1326,45.6,102,0
3109,M13108,L,300.9,310.4,1451,25.5,69,0
3110,M13109,H,296.3,305.3,1736,34.8,87,0
3111,M13110,H,297.7,308.9,1671,45.6,172,0
3112,M13111,L,299.4,309.8,1893,29.2,233,0
3113,M13112,L,299.4,310.3,1570,36.9,148,0
3114,M13113,H,297.6,307.4,1430,50.8,3,1
3115,M13114,M,300.8,313.5,1548,57.8,67,0
3116,M13115,M,300.5,309.9,1512,44.4,241,0
3117,M13116,M,299.6,311.4,1515,38.3,230,0
3118,M13117,M,298.5,308.4,1535,35.0,29,0
3119,M13118,L,302.1,310.4,1372,49.0,230,0
3120,M13119,L,303.3,313.8,1590,51.2,244,0
3121,M13120,L,299.0,309.3,1287,28.6,82,0
3122,M13121,M,298.8,307.7,1411,49.0,177,0
3123,M13122,H,301.0,310.1,1518,34.0,142,0
3124,M13123,L,299.3,309.3,1135,31.5,85,0
3125,M13124,H,299.7,310.1,1677,38.5,39,0
3126,M13125,M,301.5,309.0,1171,49.8,93,0
3127,M13126,L,296.2,307.2,1659,43.1,235,0
3128,M13127,M,302.6,312.1,1308,42.8,205,0
3129,M13128,L,300.1,308.8,1467,43.5,84,0
3130,M13129,L,299.2,310.1,1632,44.6,139,0
3131,M13130,L,299.8,309.8,1932,38.9,103,0
3132,M13131,L,299.9,311.1,1560,46.3,118,0
3133,M13132,M,296.5,307.0,1184,33.5,193,0
3134,M13133,H,303.0,313.0,1710,46.4,137,0
3135,M13134,L,300.1,309.9,1497,48.5,46,0
3136,M13135,M,300.9,311.4,1552,46.9,68,0
3137,M13136,M,301.9,311.5,1639,47.4,144,0
3138,M13137,M,298.0,307.1,1141,44.6,175,0
3139,M13138,L,300.9,311.6,1540,51.6,129,0
3140,M13139,L,299.5,309.3,1466,17.5,157,0
3141,M13140,L,301.7,311.7,1758,48.5,200,0
3142,M13141,M,295.7,306.8,1669,59.6,138,0
3143,M13142,H,299.8,309.7,1248,33.8,247,0
3144,M13143,L,298.8,308.8,1765,32.7,60,0
3145,M13144,M,300.9,310.3,1619,52.7,233,0
3146,M13145,L,300.9,311.4,1262,30.8,63,0
3147,M13146,H,298.6,308.9,1549,33.4,135,0
3148,M13147,M,298.6,309.5,1724,41.7,115,0
3149,M13148,M,299.8,309.2,1322,32.1,94,0
3150,M13149,M,298.2,307.7,1786,48.7,244,0
3151,M13150,L,301.7,312.5,1268,32.2,69,0
3152,M13151,L,299.3,309.5,1397,43.6,171,0
3153,M13152,M,294.2,303.3,1370,42.8,203,0
3154,M13153,M,299.3,310.6,1785,56.5,50,0
3155,M13154,L,297.9,306.2,1451,51.5,246,0
3156,M13155,H,296.7,307.5,1331,34.8,138,0
3157,M13156,L,297.5,306.3,1619,27.5,231,0
3158,M13157,L,300.2,312.1,1657,48.3,168,0
3159,M13158,L,302.7,311.1,1658,33.5,164,0
3160,M13159,H,300.6,311.8,1490,36.7,87,0
3161,M13160,L,298.8,308.7,1585,29.5,195,0
3162,M13161,H,300.9,310.5,1423,46.7,8,0
3163,M13162,M,299.1,309.3,1839,33.6,141,0
3164,M13163,L,298.6,309.2,1744,39.7,8,0
3165,M13164,M,297.7,306.8,1733,39.8,78,0
3166,M13165,H,296.5,305.7,1681,41.8,24,0
3167,M13166,M,299.2,309.9,1632,46.6,231,0
3168,M13167,L,300.3,308.6,1316,37.6,159,0
3169,M13168,L,299.8,309.2,1652,32.7,169,0
3170,M13169,L,299.2,312.2,1559,21.6,215,0
3171,M13170,L,298.1,307.1,1765,41.0,185,0
3172,M13171,L,301.2,312.4,1684,38.4,31,0
3173,M13172,M,297.4,306.8,1638,33.0,156,0
3174,M13173,L,301.6,312.1,1238,40.6,247,0
3175,M13174,L,298.0,308.6,1523,48.5,54,0
3176,M13175,L,298.5,309.6,1439,51.0,157,0
3177,M13176,H,297.1,306.9,1584,24.8,143,0
3178,M13177,M,299.0,311.0,1465,36.4,99,0
3179,M13178,H,302.0,311.4,1490,49.5,242,0
3180,M13179,L,301.0,311.3,1621,55.8,90,0
3181,M13180,L,302.0,312.2,1462,31.9,24,0
3182,M13181,H,301.0,309.9,1561,53.6,244,0
3183,M13182,M,297.8,307.5,1267,26.6,184,0
3184,M13183,L,299.3,309.5,1390,51.4,87,0
3185,M13184,M,298.4,308.0,1656,37.2,71,0
3186,M13185,L,302.7,315.1,1319,55.5,235,1
3187,M13186,L,297.6,306.8,1762,35.4,69,0
3188,M13187,H,301.8,313.0,1713,36.9,136,0
3189,M13188,H,301.8,312.6,1491,38.7,54,0
3190,M13189,L,303.7,313.6,2076,24.8,252,0
3191,M13190,M,299.2,308.3,1762,22.6,195,0
3192,M13191,M,301.4,310.7,1369,45.1,144,0
3193,M13192,M,304.6,314.0,1673,49.8,189,0
3194,M13193,L,298.8,307.0,1551,46.0,232,0
3195,M13194,M,296.9,305.9,1400,27.6,244,0
3196,M13195,M,296.2,304.8,1347,44.8,199,0
3197,M13196,L,301.4,312.8,1717,30.2,215,0
3198,M13197,M,296.2,306.9,1432,44.0,101,0
3199,M13198,M,299.3,310.0,1521,51.2,99,0
3200,M13199,L,300.9,311.5,1374,43.6,204,0
3201,M13200,L,300.4,310.5,1405,54.5,192,0
3202,M13201,M,300.9,312.3,1516,38.5,228,0
3203,M13202,L,300.4,309.8,1608,37.9,34,0
3204,M13203,H,302.6,312.7,1076,40.7,175,1
3205,M13204,L,298.1,308.8,1542,26.7,164,0
3206,M13205,M,298.6,307.3,1405,36.0,202,0
3207,M13206,H,298.5,311.6,1790,36.9,6,0
3208,M13207,H,301.7,311.7,2066,37.2,209,0
3209,M13208,L,301.8,311.9,1475,42.7,83,0
3210,M13209,L,300.9,312.2,1231,25.3,174,0
3211,M13210,M,302.4,313.3,1560,28.7,156,0
3212,M13211,L,297.6,307.7,1502,51.2,111,0
3213,M13212,L,303.3,313.5,1892,20.1,189,0
3214,M13213,H,303.0,311.5,1837,46.1,243,0
3215,M13214,L,301.5,310.9,1694,36.3,82,0
3216,M13215,M,303.6,314.1,1434,41.6,189,0
3217,M13216,M,296.7,307.1,1660,55.4,80,0
3218,M13217,L,299.0,310.2,1586,38.7,214,0
3219,M13218,H,298.5,308.4,1582,46.2,111,1
3220,M13219,L,301.4,310.1,1260,40.6,114,0
3221,M13220,L,297.9,309.0,1729,38.9,195,0
3222,M13221,L,301.5,313.0,1558,37.7,126,0
3223,M13222,M,302.7,313.6,1521,46.9,67,0
3224,M13223,L,301.4,311.2,1432,32.8,252,0
3225,M13224,H,300.6,311.6,1397,28.8,157,0
3226,M13225,M,298.0,311.5,1596,40.7,163,0
3227,M13226,M,298.3,308.4,1226,41.9,164,0
3228,M13227,L,302.5,311.2,1680,21.9,223,0
3229,M13228,M,301.6,311.0,1350,39.9,47,0
3230,M13229,M,299.9,310.5,1170,27.9,15,0
3231,M13230,L,299.2,307.6,1865,46.2,98,0
3232,M13231,M,295.9,306.1,1385,22.1,143,0
3233,M13232,H,297.9,308.2,1410,59.1,72,0
3234,M13233,L,303.8,315.4,1742,36.7,174,0
3235,M13234,M,297.4,308.7,1871,31.4,19,0
3236,M13235,H,300.4,311.2,1265,37.2,200,0
3237,M13236,L,302.0,309.9,1368,45.5,182,1
3238,M13237,L,297.5,308.4,1381,48.8,54,0
3239,M13238,M,300.4,311.1,1706,37.3,76,0
3240,M13239,H,301.9,312.1,1832,25.8,204,0
3241,M13240,H,300.0,308.3,1346,28.0,196,0
3242,M13241,L,305.7,315.0,1792,42.8,206,0
3243,M13242,H,296.7,305.5,1412,49.8,82,0
3244,M13243,M,302.1,310.1,1599,51.1,245,0
3245,M13244,L,299.7,309.7,1311,41.7,181,0
3246,M13245,H,301.5,310.7,1517,49.6,16,0
3247,M13246,H,300.9,313.5,1519,58.9,121,0
3248,M13247,M,298.5,308.4,1483,51.8,168,0
3249,M13248,L,300.5,311.8,1608,49.1,43,0
3250,M13249,L,296.3,304.7,1359,32.0,228,0
3251,M13250,L,301.2,310.7,1381,49.5,191,0
3252,M13251,M,300.6,310.7,1617,44.6,21,0
3253,M13252,H,301.3,310.4,1779,46.4,231,0
3254,M13253,L,302.1,311.7,1535,52.5,102,0
3255,M13254,H,300.7,310.5,1629,43.5,114,0
3256,M13255,L,300.3,310.1,1675,39.0,198,0
3257,M13256,L,298.2,310.1,1688,29.4,163,0
3258,M13257,L,298.6,309.0,1368,37.1,111,0
3259,M13258,L,302.4,312.9,1400,42.1,66,0
3260,M13259,M,302.9,313.4,1415,42.7,131,0
3261,M13260,L,299.5,310.1,1884,42.4,147,0
3262,M13261,M,300.1,310.0,1630,49.5,160,0
3263,M13262,M,298.2,307.9,1622,48.6,153,0
3264,M13263,H,302.3,312.5,1605,39.4,156,0
3265,M13264,L,301.3,312.5,1303,31.6,120,0
3266,M13265,M,303.9,315.0,1886,43.8,142,0
3267,M13266,L,298.2,308.0,1625,62.2,73,0
3268,M13267,L,299.2,310.0,1668,43.2,40,0
3269,M13268,L,300.5,310.3,1223,37.1,154,0
3270,M13269,L,301.3,311.3,1679,45.3,12,0
3271,M13270,L,299.6,309.1,1475,45.9,16,0
3272,M13271,L,298.3,308.1,1302,45.8,63,0
3273,M13272,L,301.8,313.1,1368,53.6,49,0
3274,M13273,M,301.4,311.5,1313,43.8,95,0
3275,M13274,M,298.2,308.3,1310,53.1,94,0
3276,M13275,L,302.7,311.3,1550,42.3,30,0
3277,M13276,L,302.3,312.0,1470,55.0,62,0
3278,M13277,L,300.3,310.0,1599,51.9,1,0
3279,M13278,L,300.2,309.3,1839,49.1,89,0
3280,M13279,H,301.1,311.1,1516,47.8,201,0
3281,M13280,M,298.3,307.8,1137,62.8,67,0
3282,M13281,L,300.1,310.1,1496,50.7,163,0
3283,M13282,L,295.7,305.8,1753,31.6,25,0
3284,M13283,L,301.8,310.8,1524,42.4,3,0
3285,M13284,L,296.9,306.5,1813,37.4,126,0
3286,M13285,M,303.0,313.1,1620,60.4,117,0
3287,M13286,M,299.3,310.5,1210,52.4,48,0
3288,M13287,M,299.6,309.8,1559,60.1,73,0
3289,M13288,H,298.7,308.1,1592,32.5,8,0
3290,M13289,L,299.4,309.8,1732,50.9,202,0
3291,M13290,L,302.8,314.5,1865,26.5,76,0
3292,M13291,H,295.0,305.9,1701,24.2,56,0
3293,M13292,L,302.6,313.1,1618,36.1,204,0
3294,M13293,M,300.7,311.4,1660,55.0,10,0
3295,M13294,H,297.6,309.0,1509,30.2,72,0
3296,M13295,H,297.8,308.9,1277,39.8,66,0
3297,M13296,M,303.4,313.9,1546,51.8,67,0
3298,M13297,H,298.1,309.2,1604,48.4,3,0
3299,M13298,M,297.7,306.6,1324,61.9,236,0
3300,M13299,L,302.3,310.8,1776,40.0,219,0
3301,M13300,H,300.7,310.8,1719,35.6,105,0
3302,M13301,H,298.1,308.2,1293,29.2,113,0
3303,M13302,M,300.4,309.9,1783,36.4,133,0
3304,M13303,L,297.9,308.8,1484,29.1,121,0
3305,M13304,H,302.2,310.3,1400,22.2,197,0
3306,M13305,L,302.1,311.6,1732,59.4,124,0
3307,M13306,M,301.1,310.6,1530,40.5,48,0
3308,M13307,L,300.7,309.1,1879,65.7,30,0
3309,M13308,L,303.5,315.0,1386,31.7,232,0
3310,M13309,L,300.0,308.6,1229,35.8,12,0
3311,M13310,M,297.6,307.0,1489,32.3,227,0
3312,M13311,H,300.9,311.8,1680,33.7,175,0
3313,M13312,L,304.2,314.8,1373,48.6,102,0
3314,M13313,M,298.0,306.9,1301,45.6,47,0
3315,M13314,H,299.3,310.0,1580,48.7,79,0
3316,M13315,H,300.8,311.1,1277,53.3,134,0
3317,M13316,M,299.9,312.2,1594,51.0,166,0
3318,M13317,H,298.0,308.4,1478,30.0,175,0
3319,M13318,H,302.2,312.1,1628,34.8,113,0
3320,M13319,M,304.6,313.8,1291,41.2,95,0
3321,M13320,H,300.4,309.6,1771,76.9,194,0
3322,M13321,L,298.2,307.4,1506,47.6,234,0
3323,M13322,M,296.9,308.3,1676,41.1,231,0
3324,M13323,L,300.5,310.5,1711,46.7,140,0
3325,M13324,H,302.2,312.8,1332,34.0,20,0
3326,M13325,L,301.0,312.5,1697,42.6,19,0
3327,M13326,L,300.0,307.6,1284,49.5,102,0
3328,M13327,L,298.8,310.1,1294,39.7,185,0
3329,M13328,L,297.8,307.9,1891,32.5,126,0
3330,M13329,H,301.7,312.1,1738,39.2,159,0
3331,M13330,H,301.8,311.0,1910,36.8,213,0
3332,M13331,H,296.9,306.2,1473,26.6,10,0
3333,M13332,L,303.2,313.7,1557,34.3,234,0
3334,M13333,L,301.1,313.5,1633,26.2,84,0
3335,M13334,L,302.8,313.8,1537,27.8,12,0
3336,M13335,M,297.3,308.6,1405,28.7,211,0
3337,M13336,L,297.3,307.1,1379,49.4,236,0
3338,M13337,H,299.7,309.1,1577,54.7,194,0
3339,M13338,H,301.0,310.2,1348,24.8,204,0
3340,M13339,L,303.6,313.1,1343,55.6,220,0
3341,M13340,M,301.4,309.4,1609,28.8,132,0
3342,M13341,L,299.5,308.8,1522,47.4,172,0
3343,M13342,L,297.9,307.4,1707,42.6,72,0
3344,M13343,M,302.5,312.3,1463,46.3,63,0
3345,M13344,H,298.1,308.2,1435,28.5,154,0
3346,M13345,H,303.3,313.6,1615,22.1,186,0
3347,M13346,L,299.4,309.4,1394,32.1,100,0
3348,M13347,L,303.2,312.6,1421,44.2,101,0
3349,M13348,M,301.4,309.4,1428,59.4,241,0
3350,M13349,L,299.7,309.2,1501,29.8,131,0
3351,M13350,L,299.0,308.0,1856,39.0,250,0
3352,M13351,M,299.3,309.8,1293,32.6,218,0
3353,M13352,M,300.9,311.8,1771,39.8,162,0
3354,M13353,M,300.2,311.1,1671,20.9,2,0
3355,M13354,H,298.8,309.6,1819,54.8,75,0
3356,M13355,L,299.7,309.5,2100,40.2,106,0
3357,M13356,M,300.2,309.6,1795,49.1,165,0
3358,M13357,L,295.7,305.0,1705,37.7,100,0
3359,M13358,H,300.9,309.4,1304,41.9,209,0
3360,M13359,H,298.0,309.0,1327,51.2,168,0
3361,M13360,H,297.7,307.5,1603,41.3,88,0
3362,M13361,M,296.6,305.4,1235,41.7,198,1
3363,M13362,M,296.4,305.6,1649,32.1,77,0
3364,M13363,L,297.3,306.4,1157,34.7,16,0
3365,M13364,L,298.6,308.6,1745,30.0,44,0
3366,M13365,L,303.9,315.0,1481,32.7,1,0
3367,M13366,L,298.9,308.6,1562,52.4,211,0
3368,M13367,M,300.4,308.1,1405,57.9,159,0
3369,M13368,L,300.8,310.6,1199,27.7,144,0
3370,M13369,L,300.3,310.1,1760,43.9,167,0
3371,M13370,L,299.8,309.6,1778,36.9,165,0
3372,M13371,M,297.6,307.0,1476,53.8,143,0
3373,M13372,M,302.9,313.1,1657,41.3,213,1
3374,M13373,L,303.6,313.7,1469,39.9,112,0
3375,M13374,L,296.6,306.6,1591,32.6,204,0
3376,M13375,M,298.0,308.4,1675,24.8,199,0
3377,M13376,L,299.4,309.0,1638,47.5,50,0
3378,M13377,H,298.1,307.6,1779,43.5,115,0
3379,M13378,M,301.0,312.4,1632,43.7,211,0
3380,M13379,L,298.5,309.1,1544,34.1,210,0
3381,M13380,H,304.3,315.2,1403,38.6,6,0
3382,M13381,L,302.4,313.6,1453,47.8,56,0
3383,M13382,M,300.4,311.0,1684,49.7,107,0
3384,M13383,M,302.1,313.0,1270,28.3,12,0
3385,M13384,L,302.2,310.6,1737,33.7,66,0
3386,M13385,M,298.9,309.1,1489,26.2,65,0
3387,M13386,M,298.4,308.2,1392,42.0,54,0
3388,M13387,H,300.2,311.8,1342,48.8,100,0
3389,M13388,M,301.7,312.7,1660,37.2,206,0
3390,M13389,L,300.3,309.6,1536,33.4,62,0
3391,M13390,H,296.8,307.2,1823,36.7,147,0
3392,M13391,L,298.4,308.6,1313,62.8,141,0
3393,M13392,H,299.9,310.3,1436,51.8,207,0
3394,M13393,H,299.8,308.8,1522,47.2,100,0
3395,M13394,M,303.9,314.3,1404,43.2,57,0
3396,M13395,L,297.2,307.0,1540,39.9,226,0
3397,M13396,M,301.0,311.3,1596,31.0,211,0
3398,M13397,H,303.0,312.3,1626,29.5,157,0
3399,M13398,M,304.5,314.0,1809,34.4,24,0
3400,M13399,H,299.2,310.4,1306,30.6,4,0
3401,M13400,L,301.0,309.9,1599,34.0,46,0
3402,M13401,L,301.1,310.2,1423,39.0,50,0
3403,M13402,L,300.4,310.3,1616,39.7,34,0
3404,M13403,L,299.8,309.0,1616,33.9,66,0
3405,M13404,L,300.9,310.0,1362,44.9,85,0
3406,M13405,H,294.9,305.0,1378,38.1,191,0
3407,M13406,L,301.4,309.9,1631,42.1,180,0
3408,M13407,M,300.3,309.2,1543,32.6,26,0
3409,M13408,L,299.6,311.6,1500,46.9,247,0
3410,M13409,H,304.1,314.6,1657,34.7,190,0
3411,M13410,M,298.7,307.9,1670,55.9,41,0
3412,M13411,L,299.2,309.6,1444,37.8,31,0
3413,M13412,M,304.0,314.6,1386,39.1,22,0
3414,M13413,M,298.3,309.3,1313,45.9,185,0
3415,M13414,L,298.9,308.8,1545,48.0,60,0
3416,M13415,M,299.7,310.7,1284,49.1,18,0
3417,M13416,L,301.7,309.6,1557,57.6,107,0
3418,M13417,L,300.4,309.4,1757,46.6,179,0
3419,M13418,L,297.4,307.6,1476,39.3,77,0
3420,M13419,H,298.9,309.3,1443,34.8,122,0
3421,M13420,H,298.8,307.9,1897,38.7,49,0
3422,M13421,H,299.8,310.1,1809,54.7,109,0
3423,M13422,L,300.9,310.2,1402,26.3,91,0
3424,M13423,H,300.8,310.6,1564,31.9,110,0
3425,M13424,M,296.4,307.5,1598,37.8,118,0
3426,M13425,L,302.1,313.0,1575,31.8,23,0
3427,M13426,L,300.5,309.5,1864,36.0,24,0
3428,M13427,M,302.8,311.7,1555,57.9,66,0
3429,M13428,L,300.9,310.5,1581,37.0,29,0
3430,M13429,M,302.2,312.2,1662,44.1,64,0
3431,M13430,M,300.9,310.3,1752,23.6,6,0
3432,M13431,M,302.7,313.7,1707,29.1,89,0
3433,M13432,H,301.0,311.4,1635,49.2,54,0
3434,M13433,L,299.8,310.2,1260,56.5,226,0
3435,M13434,L,304.5,313.3,1452,42.2,217,0
3436,M13435,M,301.8,312.9,1686,37.0,76,0
3437,M13436,M,301.1,308.3,1584,44.9,120,0
3438,M13437,M,297.4,308.3,1687,14.3,242,0
3439,M13438,L,297.4,308.4,1877,42.3,133,0
3440,M13439,L,300.6,310.2,1328,29.6,215,0
3441,M13440,M,300.3,311.6,1743,47.9,209,0
3442,M13441,L,298.8,308.7,1480,18.3,238,0
3443,M13442,M,300.3,310.3,1706,33.8,77,0
3444,M13443,L,303.2,313.5,1532,39.6,11,0
3445,M13444,M,301.4,314.6,1920,32.5,26,0
3446,M13445,L,297.7,309.1,1562,36.3,145,0
3447,M13446,L,299.8,310.5,1424,49.0,134,0
3448,M13447,M,298.4,307.5,1614,39.8,76,0
3449,M13448,M,299.2,309.4,1597,30.8,63,0
3450,M13449,L,299.2,308.4,1743,49.3,179,0
3451,M13450,L,299.0,309.9,1619,42.5,86,0
3452,M13451,M,297.5,307.6,1982,42.9,153,0
3453,M13452,M,299.7,308.6,1519,31.2,180,0
3454,M13453,M,298.9,309.0,1521,14.8,109,0
3455,M13454,L,294.1,303.3,1431,31.0,49,0
3456,M13455,L,304.1,314.3,1554,30.0,218,0
3457,M13456,L,302.2,311.3,1580,33.9,24,0
3458,M13457,L,299.2,309.3,1589,31.7,210,0
3459,M13458,L,300.0,310.8,1551,41.1,212,0
3460,M13459,H,297.7,307.6,1430,48.7,144,0
3461,M13460,L,303.4,313.0,1381,50.7,159,0
3462,M13461,L,303.8,314.0,1472,48.3,91,0
3463,M13462,L,300.3,311.0,1743,31.1,213,0
3464,M13463,H,302.0,310.9,1782,40.6,67,0
3465,M13464,H,300.4,310.6,1525,55.5,142,0
3466,M13465,M,297.3,308.6,1370,24.3,0,0
3467,M13466,L,299.2,309.8,1524,53.3,238,0
3468,M13467,L,300.3,310.3,1913,30.1,240,0
3469,M13468,L,299.1,309.7,1718,42.9,180,0
3470,M13469,L,299.6,310.0,1638,44.1,107,0
3471,M13470,M,299.8,310.6,1711,41.9,45,0
3472,M13471,H,299.8,307.8,1815,62.1,125,0
3473,M13472,L,300.1,308.6,1333,37.0,200,0
3474,M13473,L,297.9,308.9,1469,23.8,153,0
3475,M13474,H,298.6,307.1,1444,43.5,133,0
3476,M13475,M,297.4,307.8,1644,38.3,215,0
3477,M13476,H,302.0,311.6,1568,45.5,79,0
3478,M13477,H,295.8,304.8,1674,48.7,218,0
3479,M13478,L,302.3,312.7,1448,39.7,111,0
3480,M13479,M,302.8,313.0,1785,44.3,1,0
3481,M13480,M,299.4,311.5,1527,41.4,185,0
3482,M13481,M,294.8,304.2,1663,57.7,222,0
3483,M13482,L,299.3,310.7,1753,36.3,123,0
3484,M13483,H,299.9,310.2,1739,33.2,115,0
3485,M13484,M,298.0,307.3,1604,48.7,204,0
3486,M13485,L,299.0,309.8,1686,30.8,224,0
3487,M13486,L,303.1,313.6,1851,43.9,247,0
3488,M13487,L,301.3,311.4,1631,38.3,87,0
3489,M13488,H,298.2,308.4,1408,39.0,150,0
3490,M13489,L,296.8,306.2,1643,64.1,208,0
3491,M13490,L,299.3,308.5,1532,52.2,135,0
3492,M13491,L,299.6,310.3,1119,50.1,117,0
3493,M13492,M,301.0,310.8,1622,45.3,145,0
3494,M13493,L,298.9,308.8,1560,33.2,90,0
3495,M13494,L,301.0,311.3,1746,42.6,49,0
3496,M13495,H,303.9,314.1,1405,45.8,17,0
3497,M13496,L,301.6,310.2,1269,42.0,154,0
3498,M13497,L,299.9,311.2,1569,40.9,96,0
3499,M13498,L,299.6,309.8,1607,36.1,223,0
3500,M13499,L,299.3,309.1,1556,42.7,56,0
3501,M13500,L,302.4,312.8,1543,34.8,79,0
3502,M13501,M,298.7,309.0,1348,47.0,246,0
3503,M13502,L,300.1,310.9,1514,20.0,141,0
3504,M13503,M,300.1,310.6,1477,53.5,88,0
3505,M13504,L,299.0,309.7,1731,27.0,218,0
3506,M13505,L,297.3,308.6,1607,29.4,188,0
3507,M13506,H,300.6,311.5,1489,44.0,145,0
3508,M13507,L,299.9,309.7,1848,45.3,225,0
3509,M13508,H,301.0,309.9,1491,60.6,24,0
3510,M13509,M,298.9,310.6,1639,42.9,100,0
3511,M13510,M,302.4,312.2,1509,39.6,205,0
3512,M13511,M,298.2,307.8,1831,41.9,98,0
3513,M13512,L,303.4,311.7,1555,55.7,234,0
3514,M13513,L,296.5,306.8,1560,64.0,39,0
3515,M13514,L,300.9,311.0,1514,38.2,85,0
3516,M13515,M,301.0,309.4,1574,45.4,108,0
3517,M13516,M,298.4,308.9,1754,39.3,174,0
3518,M13517,H,300.8,310.4,1690,39.1,49,0
3519,M13518,H,302.6,315.2,1544,58.6,2,0
3520,M13519,H,295.6,305.0,1844,30.8,247,0
3521,M13520,L,301.0,310.6,1695,16.9,227,0
3522,M13521,L,295.0,304.1,1461,43.1,76,0
3523,M13522,L,298.1,309.3,1292,51.9,122,0
3524,M13523,M,303.3,312.9,1465,42.2,124,0
3525,M13524,L,298.8,308.1,1613,45.0,220,0
3526,M13525,L,297.7,308.4,1646,47.4,151,0
3527,M13526,M,299.6,308.2,1782,41.1,209,0
3528,M13527,L,304.1,314.8,1343,45.5,231,0
3529,M13528,M,296.3,308.1,1460,45.3,143,0
3530,M13529,M,297.9,308.5,1328,20.6,72,0
3531,M13530,L,303.0,313.6,1299,41.1,126,0
3532,M13531,H,303.7,314.6,1427,24.4,215,0
3533,M13532,M,299.8,311.5,1605,39.6,148,0
3534,M13533,L,297.5,308.7,1677,35.1,227,0
3535,M13534,L,304.2,314.6,1369,50.2,227,0
3536,M13535,H,303.2,314.1,1394,42.4,94,0
3537,M13536,H,301.4,310.5,1220,44.7,113,0
3538,M13537,L,298.4,309.2,1577,38.1,172,0
3539,M13538,H,299.9,308.9,1408,50.4,28,0
3540,M13539,M,299.7,309.3,1837,24.2,118,0
3541,M13540,L,300.7,307.6,1612,31.1,38,0
3542,M13541,M,302.9,313.3,1508,52.7,215,0
3543,M13542,L,301.8,311.1,1424,35.7,239,1
3544,M13543,L,297.8,309.0,1271,18.8,36,0
3545,M13544,L,302.8,313.1,1294,54.4,169,0
3546,M13545,M,300.6,311.8,1428,50.7,161,0
3547,M13546,M,301.4,310.3,1414,47.0,192,0
3548,M13547,M,302.9,314.0,1360,40.9,176,0
3549,M13548,L,297.8,309.9,1606,56.4,55,0
3550,M13549,M,299.9,310.7,1631,52.5,74,0
3551,M13550,L,298.9,309.7,1457,55.3,42,0
3552,M13551,H,296.9,307.0,1885,46.9,233,0
3553,M13552,L,300.7,310.2,1226,41.2,132,0
3554,M13553,L,305.0,315.8,1549,36.0,247,0
3555,M13554,M,296.3,304.8,1500,27.4,114,0
3556,M13555,M,299.9,309.5,1440,45.0,140,0
3557,M13556,L,301.3,309.5,1414,45.8,200,0
3558,M13557,L,300.2,309.5,1538,36.5,202,0
3559,M13558,H,299.8,310.4,1499,46.1,58,0
3560,M13559,L,297.4,307.9,1469,36.7,73,0
3561,M13560,L,300.5,310.5,1307,48.6,25,0
3562,M13561,M,298.5,308.7,1249,31.3,204,0
3563,M13562,L,295.6,303.7,1487,29.6,201,0
3564,M13563,L,302.4,312.0,1467,37.6,21,0
3565,M13564,L,301.9,311.2,1504,48.2,65,0
3566,M13565,H,300.1,309.4,1520,28.5,114,0
3567,M13566,L,300.5,311.1,1445,50.4,137,0
3568,M13567,M,302.1,311.3,1501,23.7,132,0
3569,M13568,L,300.4,309.8,1386,37.6,249,0
3570,M13569,M,301.8,309.7,1812,26.0,193,0
3571,M13570,M,299.4,309.1,1396,14.2,29,0
3572,M13571,L,302.6,311.5,1473,43.6,74,0
3573,M13572,L,300.6,310.7,1409,38.2,87,0
3574,M13573,M,300.4,309.4,1406,26.2,80,0
3575,M13574,H,297.5,307.6,1543,34.9,199,0
3576,M13575,L,300.6,310.4,1521,44.4,91,0
3577,M13576,M,298.3,310.0,1457,36.4,125,0
3578,M13577,H,298.7,309.2,1488,38.0,135,0
3579,M13578,L,298.4,306.5,1410,36.1,68,0
3580,M13579,H,297.9,306.6,1611,34.2,82,0
3581,M13580,M,304.2,314.3,1907,34.1,197,0
3582,M13581,L,302.7,311.7,1382,33.8,219,0
3583,M13582,L,303.8,310.9,1610,32.5,9,0
3584,M13583,L,297.6,308.9,1547,29.9,153,0
3585,M13584,L,300.1,310.9,1659,36.2,160,0
3586,M13585,M,297.4,307.9,1664,33.7,187,0
3587,M13586,L,298.6,308.0,1576,29.4,176,0
3588,M13587,L,298.2,308.6,1532,47.6,222,0
3589,M13588,H,302.5,311.8,1461,52.2,20,0
3590,M13589,L,299.2,309.4,1402,40.0,98,0
3591,M13590,H,302.1,311.2,1522,40.7,198,0
3592,M13591,M,301.2,312.7,1309,33.1,214,0
3593,M13592,L,304.6,313.0,1433,50.6,67,0
3594,M13593,M,297.0,308.3,1737,57.2,148,0
3595,M13594,L,302.5,312.6,1557,38.4,46,0
3596,M13595,M,302.3,311.8,1699,34.8,215,0
3597,M13596,H,298.1,308.2,1802,43.4,185,0
3598,M13597,L,302.0,312.7,1507,41.3,56,0
3599,M13598,L,300.7,312.0,1576,35.0,158,0
3600,M13599,L,299.5,309.9,1485,44.7,129,0
3601,M13600,H,298.4,307.5,1394,49.3,65,0
3602,M13601,H,298.6,308.6,1368,32.2,226,0
3603,M13602,L,304.1,315.9,1690,65.2,37,0
3604,M13603,L,300.0,311.3,1576,24.8,118,0
3605,M13604,L,301.6,312.5,1870,31.6,147,0
3606,M13605,L,298.4,309.2,1713,42.3,208,0
3607,M13606,L,298.4,309.1,1408,62.2,38,0
3608,M13607,L,302.2,313.3,1689,34.4,154,0
3609,M13608,L,297.3,306.8,1484,29.4,2,0
3610,M13609,M,299.2,307.8,1757,45.4,208,0
3611,M13610,L,300.1,310.1,1452,37.5,59,0
3612,M13611,L,300.2,309.4,1351,46.6,182,0
3613,M13612,L,299.6,308.6,1397,39.3,152,0
3614,M13613,L,300.8,310.1,1406,31.5,13,0
3615,M13614,L,301.4,313.9,1389,63.3,46,0
3616,M13615,L,301.5,311.6,1437,10.8,68,0
3617,M13616,L,298.0,308.4,1692,58.0,224,0
3618,M13617,H,299.4,308.2,1860,49.2,122,0
3619,M13618,L,302.4,310.5,1301,32.6,231,0
3620,M13619,L,301.8,311.0,1765,58.5,12,0
3621,M13620,M,297.3,308.7,1453,26.4,2,0
3622,M13621,L,300.7,311.0,1601,50.0,240,0
3623,M13622,H,296.0,306.6,1243,19.4,183,0
3624,M13623,H,300.1,310.8,1633,28.7,198,0
3625,M13624,H,303.8,313.2,1180,28.6,232,0
3626,M13625,L,298.1,309.5,1595,32.6,249,0
3627,M13626,L,298.3,307.7,1585,40.1,25,0
3628,M13627,M,301.5,312.9,1573,31.8,40,0
3629,M13628,L,296.9,307.4,1407,19.8,48,0
3630,M13629,L,298.7,306.9,1637,44.6,207,0
3631,M13630,L,301.2,310.4,1609,40.5,90,0
3632,M13631,M,298.7,306.9,1501,44.0,150,0
3633,M13632,H,299.5,310.7,1659,41.7,216,0
3634,M13633,M,301.5,311.5,1522,49.4,173,0
3635,M13634,M,300.8,308.6,1634,39.3,17,0
3636,M13635,M,300.5,310.9,1516,50.0,113,0
3637,M13636,M,299.3,308.8,1578,32.3,17,0
3638,M13637,H,300.7,309.3,1642,32.9,121,0
3639,M13638,L,299.8,311.4,1468,53.6,55,0
3640,M13639,H,300.9,311.0,1318,53.4,0,0
3641,M13640,L,299.0,308.7,1588,45.7,206,0
3642,M13641,L,299.6,309.2,1752,31.2,245,0
3643,M13642,M,298.0,306.5,1593,30.4,244,0
3644,M13643,L,299.9,308.6,1596,53.1,76,0
3645,M13644,L,298.4,309.7,1531,52.6,210,0
3646,M13645,H,297.8,307.3,1671,39.4,172,0
3647,M13646,L,300.5,310.5,1506,63.2,202,0
3648,M13647,H,300.4,308.4,1458,44.5,214,0
3649,M13648,M,301.6,310.2,1737,29.0,248,0
3650,M13649,H,299.1,309.7,1444,37.3,38,0
3651,M13650,H,300.8,311.2,1698,40.1,195,0
3652,M13651,M,301.1,312.9,1737,40.9,186,0
3653,M13652,M,300.9,312.2,1640,52.4,73,0
3654,M13653,H,298.3,308.1,1315,30.5,99,0
3655,M13654,M,300.3,310.8,1544,26.8,45,0
3656,M13655,L,300.7,310.4,1503,46.0,231,0
3657,M13656,H,300.0,312.1,1450,35.0,222,0
3658,M13657,L,295.8,307.0,1565,64.0,155,0
3659,M13658,L,300.3,310.5,1677,49.3,129,0
3660,M13659,M,304.4,314.6,1457,34.8,59,0
3661,M13660,L,299.3,310.7,1508,52.0,200,0
3662,M13661,L,298.5,309.1,1496,47.2,2,0
3663,M13662,M,300.7,312.3,1747,46.3,117,0
3664,M13663,L,300.6,308.4,1493,38.8,218,0
3665,M13664,M,302.4,312.8,1318,44.2,156,0
3666,M13665,M,297.5,307.0,1257,19.2,161,0
3667,M13666,L,301.5,313.2,1604,53.0,18,0
3668,M13667,H,301.2,312.7,1403,6.0,73,0
3669,M13668,H,299.7,309.7,1659,35.6,170,0
3670,M13669,M,300.7,312.2,1301,24.2,13,0
3671,M13670,M,302.1,313.8,1443,35.0,84,0
3672,M13671,H,301.7,311.8,1301,39.3,90,0
3673,M13672,L,297.7,310.2,1617,28.2,126,0
3674,M13673,M,301.6,311.6,1655,12.5,92,0
3675,M13674,M,299.9,309.7,1600,42.0,115,0
3676,M13675,L,300.1,311.0,1345,60.7,138,0
3677,M13676,H,300.1,309.8,1406,36.5,32,0
3678,M13677,L,299.7,309.8,1581,49.5,46,0
3679,M13678,L,302.4,313.8,1237,54.9,211,0
3680,M13679,H,299.8,309.9,1496,21.2,116,0
3681,M13680,H,297.8,306.1,1811,35.5,90,0
3682,M13681,M,299.2,309.6,1507,27.4,110,0
3683,M13682,M,300.4,309.7,1273,32.0,44,0
3684,M13683,M,302.5,313.3,1430,56.8,61,0
3685,M13684,L,301.2,311.9,1426,42.2,130,1
3686,M13685,L,298.3,309.8,1922,47.8,91,0
3687,M13686,M,305.0,315.9,1837,39.6,120,0
3688,M13687,L,300.5,311.6,1670,28.0,38,0
3689,M13688,H,302.6,311.9,1478,46.7,40,0
3690,M13689,L,299.7,310.5,1754,52.4,97,0
3691,M13690,H,301.1,313.0,1336,43.1,96,0
3692,M13691,L,301.7,311.0,1732,44.8,223,0
3693,M13692,L,302.4,314.2,1705,27.8,8,0
3694,M13693,L,302.1,311.6,1512,47.0,251,0
3695,M13694,M,301.7,310.9,1743,53.3,242,0
3696,M13695,M,299.4,309.7,1459,44.0,137,0
3697,M13696,H,298.9,309.6,1313,22.2,182,0
3698,M13697,L,300.7,311.6,1714,56.2,237,0
3699,M13698,M,301.9,310.9,1524,30.6,64,0
3700,M13699,M,299.6,310.0,1647,43.8,80,0
3701,M13700,L,302.1,311.4,1865,49.4,28,0
3702,M13701,H,302.9,311.4,1410,50.7,143,0
3703,M13702,L,298.2,307.2,1513,22.2,40,0
3704,M13703,M,298.3,307.6,1820,41.2,236,0
3705,M13704,M,299.7,310.2,1659,40.5,109,0
3706,M13705,L,300.6,311.8,1414,54.2,233,0
3707,M13706,L,299.0,307.5,1368,44.5,52,0
3708,M13707,M,302.7,313.1,1444,54.3,176,0
3709,M13708,L,300.8,309.7,1407,45.3,164,0
3710,M13709,L,300.1,310.7,1581,39.3,101,0
3711,M13710,L,297.1,306.5,1553,41.9,227,0
3712,M13711,M,297.4,306.3,1589,55.1,110,0
3713,M13712,M,300.6,311.4,1388,27.2,50,0
3714,M13713,L,295.7,305.1,1526,49.0,247,0
3715,M13714,L,302.0,311.7,1171,33.8,112,0
3716,M13715,M,299.7,307.5,1565,31.7,53,0
3717,M13716,M,306.5,317.4,1749,50.1,92,0
3718,M13717,H,304.6,315.4,1284,31.3,155,0
3719,M13718,L,299.6,309.6,1626,43.7,130,0
3720,M13719,H,299.8,308.3,1430,35.2,161,0
3721,M13720,L,302.0,313.2,1683,16.7,167,0
3722,M13721,L,303.4,312.7,1567,44.7,31,0
3723,M13722,M,296.7,306.3,1611,41.3,80,0
3724,M13723,H,296.4,308.7,1551,21.1,189,0
3725,M13724,L,298.8,308.1,1777,33.1,165,0
3726,M13725,H,301.2,311.9,1601,22.1,22,0
3727,M13726,L,301.0,311.6,1413,47.2,80,0
3728,M13727,L,302.1,312.5,1557,53.7,236,0
3729,M13728,L,297.6,307.9,1473,48.4,218,0
3730,M13729,M,295.4,305.7,1568,49.8,170,0
3731,M13730,L,301.7,312.0,1464,34.9,18,0
3732,M13731,L,298.3,308.3,1418,45.4,154,0
3733,M13732,L,296.0,307.5,1575,39.9,3,0
3734,M13733,M,300.3,309.0,1549,41.8,167,0
3735,M13734,L,301.6,312.6,1729,49.5,185,0
3736,M13735,L,299.8,310.6,1465,51.6,126,0
3737,M13736,L,299.1,309.8,1184,36.1,1,0
3738,M13737,L,299.7,310.8,1474,26.1,169,0
3739,M13738,M,299.3,309.2,1248,38.1,207,0
3740,M13739,L,297.3,305.4,1613,37.8,148,0
3741,M13740,M,298.6,308.5,1239,42.8,179,0
3742,M13741,L,301.0,310.1,1362,48.2,23,0
3743,M13742,M,300.6,309.9,1474,21.0,181,0
3744,M13743,M,300.3,309.1,1815,33.4,155,0
3745,M13744,L,298.0,307.5,1347,30.5,84,0
3746,M13745,L,299.6,309.0,1541,52.4,173,0
3747,M13746,L,295.6,303.3,1643,37.9,163,0
3748,M13747,L,300.4,311.1,1805,34.9,152,0
3749,M13748,L,302.9,315.1,1678,45.3,46,0
3750,M13749,L,297.1,307.7,1735,34.1,75,0
3751,M13750,M,298.8,308.6,1694,39.8,251,0
3752,M13751,L,300.7,310.6,1323,58.0,110,0
3753,M13752,L,302.5,312.1,1603,57.7,15,0
3754,M13753,L,299.1,309.2,1691,36.0,227,0
3755,M13754,H,298.6,308.6,1368,38.2,44,0
3756,M13755,L,296.1,305.2,1435,33.9,102,0
3757,M13756,L,300.2,311.9,1395,20.9,70,0
3758,M13757,M,304.1,312.6,1677,50.3,244,0
3759,M13758,L,300.6,311.3,1527,64.0,96,0
3760,M13759,H,300.0,309.9,1482,35.6,179,0
3761,M13760,H,300.6,312.5,1310,31.9,151,0
3762,M13761,L,300.0,310.3,1527,37.3,11,0
3763,M13762,H,298.4,308.0,1437,40.8,97,0
3764,M13763,M,301.6,311.4,1583,28.8,99,0
3765,M13764,L,300.5,310.5,1334,35.5,250,0
3766,M13765,H,300.0,308.9,1571,50.0,205,0
3767,M13766,H,298.0,307.3,1460,41.3,217,0
3768,M13767,L,302.6,310.8,1315,52.6,79,0
3769,M13768,M,301.3,310.4,1301,43.6,83,0
3770,M13769,H,298.9,309.0,1328,29.2,130,0
3771,M13770,M,302.0,312.3,1502,34.3,160,0
3772,M13771,L,299.0,307.0,1561,42.5,184,0
3773,M13772,L,298.4,308.3,1587,28.9,208,0
3774,M13773,H,298.5,309.0,1594,27.6,221,0
3775,M13774,M,296.5,306.3,1403,28.2,6,0
3776,M13775,M,300.9,310.3,1728,45.1,201,0
3777,M13776,H,296.3,305.9,1460,36.4,155,0
3778,M13777,L,297.5,307.0,1620,51.7,135,0
3779,M13778,L,295.8,305.2,1510,31.1,159,0
3780,M13779,M,299.8,310.0,1606,15.7,223,0
3781,M13780,L,299.7,312.0,1501,38.7,138,0
3782,M13781,M,299.3,308.6,1609,56.3,41,0
3783,M13782,H,297.9,307.6,1538,40.3,111,0
3784,M13783,L,297.7,307.6,1685,26.4,234,0
3785,M13784,H,300.9,310.2,1392,23.9,206,0
3786,M13785,H,298.9,310.0,1222,51.9,51,0
3787,M13786,H,300.6,308.3,1365,32.0,181,0
3788,M13787,M,298.2,307.7,1730,55.3,65,0
3789,M13788,H,300.4,311.2,1511,46.5,88,0
3790,M13789,M,302.6,312.3,1555,32.4,119,0
3791,M13790,H,301.2,310.4,1350,51.6,112,0
3792,M13791,L,299.2,309.6,1551,30.9,7,0
3793,M13792,L,300.5,311.4,1356,25.7,196,0
3794,M13793,L,299.5,309.7,1382,31.4,214,0
3795,M13794,L,300.0,309.2,1467,47.6,134,0
3796,M13795,M,299.3,309.8,1619,51.3,44,0
3797,M13796,L,299.7,309.3,1638,36.1,63,0
3798,M13797,M,300.4,311.2,1643,21.5,32,0
3799,M13798,H,298.0,309.5,1255,24.6,43,0
3800,M13799,L,298.0,305.4,1538,29.4,222,0
3801,M13800,H,297.2,307.3,1504,27.2,121,0
3802,M13801,L,296.8,305.1,1265,42.6,28,0
3803,M13802,M,297.6,310.0,1542,59.2,64,0
3804,M13803,L,300.3,309.9,1494,47.9,240,0
3805,M13804,L,298.2,309.0,1631,28.8,129,0
3806,M13805,M,301.0,311.0,1554,33.1,130,0
3807,M13806,M,300.1,309.3,1441,35.1,133,0
3808,M13807,M,296.1,305.1,1705,43.9,28,0
3809,M13808,H,301.3,312.9,1141,55.6,245,0
3810,M13809,L,301.6,312.6,1527,35.4,21,0
3811,M13810,L,298.0,310.0,1223,55.2,177,0
3812,M13811,M,300.8,310.9,1376,60.8,15,0
3813,M13812,L,298.3,308.6,1633,36.5,112,0
3814,M13813,M,300.2,309.9,1311,36.3,228,0
3815,M13814,H,297.5,307.2,1284,36.4,194,0
3816,M13815,M,296.4,305.4,1965,40.6,85,0
3817,M13816,M,299.2,309.3,1296,36.5,139,0
3818,M13817,M,299.8,309.0,1834,48.8,42,0
3819,M13818,L,299.2,309.6,1508,24.7,242,0
3820,M13819,M,297.6,307.8,1445,34.7,179,0
3821,M13820,L,299.2,309.5,1640,43.3,95,0
3822,M13821,L,300.5,312.2,1778,48.6,80,0
3823,M13822,M,299.9,309.9,1334,61.7,60,0
3824,M13823,H,300.4,311.1,1448,27.2,199,1
3825,M13824,L,298.7,310.7,1691,33.5,110,0
3826,M13825,M,302.3,313.7,1591,17.6,84,0
3827,M13826,M,297.6,308.8,1736,29.0,229,0
3828,M13827,H,301.0,310.7,1631,22.5,38,0
3829,M13828,L,302.4,312.6,1863,34.8,67,0
3830,M13829,H,301.0,309.6,1571,37.7,87,0
3831,M13830,H,299.6,310.1,1579,44.6,66,0
3832,M13831,L,298.9,309.2,1597,37.0,148,0
3833,M13832,L,302.1,312.1,1513,44.7,152,0
3834,M13833,L,297.2,308.2,1691,41.1,14,0
3835,M13834,L,298.1,306.9,1581,29.8,37,0
3836,M13835,L,299.2,310.8,1680,23.3,50,0
3837,M13836,H,302.5,313.4,1708,45.8,18,0
3838,M13837,L,300.8,310.7,1616,56.3,32,0
3839,M13838,L,298.1,307.9,1629,65.1,61,0
3840,M13839,H,299.4,309.9,1358,49.3,87,0
3841,M13840,M,298.8,310.3,1440,54.4,200,0
3842,M13841,L,298.6,308.7,1690,44.6,55,0
3843,M13842,L,302.0,312.1,1794,43.0,170,0
3844,M13843,M,297.3,307.3,1192,41.1,15,0
3845,M13844,L,303.2,315.0,1437,39.0,167,0
3846,M13845,L,301.7,311.3,1543,46.0,201,0
3847,M13846,L,302.2,312.2,1382,34.8,153,0
3848,M13847,L,299.1,310.5,1392,38.5,51,0
3849,M13848,L,299.7,309.8,1624,28.3,84,0
3850,M13849,L,297.1,308.3,1822,44.7,204,0
3851,M13850,L,299.0,308.0,1175,30.5,109,0
3852,M13851,M,301.0,310.8,1508,40.3,65,0
3853,M13852,M,302.6,314.1,1622,45.0,236,0
3854,M13853,M,297.8,307.1,1679,45.8,161,0
3855,M13854,M,299.3,309.1,1596,47.6,204,0
3856,M13855,M,299.7,310.0,1854,37.9,6,0
3857,M13856,M,297.2,306.2,1544,44.8,86,0
3858,M13857,M,301.2,310.8,1774,35.2,116,0
3859,M13858,L,298.6,308.7,1423,20.5,149,0
3860,M13859,H,299.6,309.7,1549,45.3,48,0
3861,M13860,M,299.1,310.4,1322,43.0,126,0
3862,M13861,H,298.4,310.0,1700,50.0,173,0
3863,M13862,L,300.0,309.1,1517,39.7,88,0
3864,M13863,L,299.6,309.7,1603,24.1,175,0
3865,M13864,H,299.3,309.9,1483,39.1,99,0
3866,M13865,M,298.5,310.1,1644,48.8,119,0
3867,M13866,M,300.6,311.4,1610,44.7,34,0
3868,M13867,M,303.3,313.6,1361,38.5,165,0
3869,M13868,L,300.3,310.9,1371,23.5,57,0
3870,M13869,M,302.0,312.7,1534,29.8,210,0
3871,M13870,L,297.2,306.3,1657,44.7,140,0
3872,M13871,H,300.3,310.5,1872,23.5,142,0
3873,M13872,L,297.8,309.3,1593,36.8,231,0
3874,M13873,L,297.0,306.8,1719,40.4,42,0
3875,M13874,H,298.5,308.7,1250,51.4,134,0
3876,M13875,H,302.4,312.1,1899,46.1,97,0
3877,M13876,M,301.9,309.6,1647,49.5,244,0
3878,M13877,M,300.5,310.5,1530,43.0,201,0
3879,M13878,H,296.9,307.2,1510,31.6,192,0
3880,M13879,M,299.6,309.1,1341,33.9,52,0
3881,M13880,M,300.6,309.4,1392,30.8,60,0
3882,M13881,L,300.4,309.5,1881,45.8,7,0
3883,M13882,M,296.3,307.1,1362,33.1,162,0
3884,M13883,H,298.2,310.2,1359,36.1,94,0
3885,M13884,L,299.9,311.3,1413,40.2,79,0
3886,M13885,M,301.1,309.7,1325,56.2,161,0
3887,M13886,L,295.6,306.5,1542,46.5,210,0
3888,M13887,M,299.7,309.0,1734,32.3,34,0
3889,M13888,L,300.3,309.7,1430,41.5,232,0
3890,M13889,H,301.7,311.2,1293,56.3,9,0
3891,M13890,L,301.4,312.1,1591,46.1,24,0
3892,M13891,L,301.2,312.1,1529,24.2,212,0
3893,M13892,H,298.4,308.3,1718,30.9,125,0
3894,M13893,L,296.2,306.1,1458,30.2,238,0
3895,M13894,M,299.2,309.7,1492,54.3,117,0
3896,M13895,H,302.0,312.6,1512,52.4,234,0
3897,M13896,L,302.8,314.0,1555,33.8,61,0
3898,M13897,L,301.4,310.1,1469,33.6,156,0
3899,M13898,H,300.9,310.9,1440,40.4,252,0
3900,M13899,M,300.8,309.7,1208,40.7,95,0
3901,M13900,L,298.9,308.8,1438,30.5,0,0
3902,M13901,L,299.7,309.5,1667,37.5,16,0
3903,M13902,M,303.3,313.3,1691,25.6,217,0
3904,M13903,M,298.1,307.3,1455,52.6,124,0
3905,M13904,M,303.2,311.7,1772,22.6,136,0
3906,M13905,M,299.4,307.3,1534,22.5,202,0
3907,M13906,M,302.7,312.5,1300,44.3,205,0
3908,M13907,H,297.2,306.8,1243,27.8,121,0
3909,M13908,L,301.2,310.5,1757,35.0,217,0
3910,M13909,H,298.5,309.8,1472,40.6,119,0
3911,M13910,M,297.2,306.3,1322,46.7,171,0
3912,M13911,L,300.4,311.9,1135,37.8,8,0
3913,M13912,L,302.0,313.6,1468,57.6,35,0
3914,M13913,M,298.3,306.4,1611,40.0,215,0
3915,M13914,L,297.0,307.1,1414,51.8,79,0
3916,M13915,L,299.8,309.4,1350,42.8,85,0
3917,M13916,M,299.8,306.9,1441,61.1,168,0
3918,M13917,M,301.1,309.7,1762,50.5,150,0
3919,M13918,L,301.9,312.7,1290,40.4,21,0
3920,M13919,L,299.9,311.9,1424,46.2,194,0
3921,M13920,M,303.7,314.6,1756,37.4,156,0
3922,M13921,H,300.4,310.8,1627,37.3,216,0
3923,M13922,L,299.3,309.3,1571,27.1,135,0
3924,M13923,M,296.8,308.5,1423,32.0,105,0
3925,M13924,M,299.5,311.6,1544,60.4,94,0
3926,M13925,M,299.3,308.7,1443,28.1,1,0
3927,M13926,L,301.9,309.9,1385,33.5,10,0
3928,M13927,M,300.9,308.8,1346,39.1,33,0
3929,M13928,L,297.6,309.0,1679,39.4,235,0
3930,M13929,L,300.3,310.3,1528,43.8,223,0
3931,M13930,H,301.3,311.5,1595,35.4,126,0
3932,M13931,L,303.1,311.3,1566,44.4,46,0
3933,M13932,L,301.8,311.0,1618,51.3,37,0
3934,M13933,L,301.5,311.2,1493,52.5,65,0
3935,M13934,L,300.1,310.3,1453,37.4,230,0
3936,M13935,M,300.8,310.4,1393,46.1,132,0
3937,M13936,L,302.5,311.5,1286,28.7,203,0
3938,M13937,M,297.3,306.5,1338,32.9,128,0
3939,M13938,L,299.3,310.5,1474,28.4,154,0
3940,M13939,L,298.5,308.7,1252,39.5,154,0
3941,M13940,L,300.8,311.4,1292,31.5,8,0
3942,M13941,H,302.5,311.6,1726,24.9,113,0
3943,M13942,H,298.8,305.9,1579,36.2,219,0
3944,M13943,L,295.2,304.7,1458,22.9,124,0
3945,M13944,L,299.2,308.3,1946,53.1,110,0
3946,M13945,L,301.8,312.2,1244,34.5,133,0
3947,M13946,L,301.1,314.4,1714,49.8,96,0
3948,M13947,L,300.9,311.6,1519,35.1,130,0
3949,M13948,M,299.4,312.2,1680,28.2,34,0
3950,M13949,L,297.4,308.0,1559,51.6,245,0
3951,M13950,M,301.0,310.4,1204,40.9,9,0
3952,M13951,L,298.3,308.7,1556,58.7,122,0
3953,M13952,M,304.4,316.1,1599,35.4,53,0
3954,M13953,M,301.1,313.0,1147,35.6,15,0
3955,M13954,M,298.8,308.3,1887,49.9,165,0
3956,M13955,H,298.8,309.0,1595,50.0,249,0
3957,M13956,H,299.8,308.4,1659,41.5,190,0
3958,M13957,M,299.5,310.3,1330,73.0,64,0
3959,M13958,L,302.2,313.8,1663,37.2,125,0
3960,M13959,L,300.4,310.4,1734,27.4,13,0
3961,M13960,H,298.5,307.9,1584,30.1,135,0
3962,M13961,M,303.8,314.1,1537,37.3,25,0
3963,M13962,M,300.1,310.5,1379,55.0,201,0
3964,M13963,L,301.5,311.6,1500,38.2,14,0
3965,M13964,M,298.8,309.0,1447,55.5,2,0
3966,M13965,H,300.7,310.6,1641,44.3,218,0
3967,M13966,L,300.6,311.6,1387,50.7,238,0
3968,M13967,M,296.2,307.0,1640,43.8,22,0
3969,M13968,L,304.0,313.0,1389,43.8,71,0
3970,M13969,L,302.6,311.6,1492,47.5,188,0
3971,M13970,L,299.2,309.0,1649,34.4,137,0
3972,M13971,M,297.8,308.5,1413,34.5,240,0
3973,M13972,L,300.7,310.8,1655,43.5,98,0
3974,M13973,L,300.2,309.5,1638,59.2,1,0
3975,M13974,L,300.7,311.0,1490,24.7,5,0
3976,M13975,L,300.4,310.1,1747,19.9,143,1
3977,M13976,L,301.0,311.9,1553,37.4,190,0
3978,M13977,H,302.9,313.2,1736,50.2,200,0
3979,M13978,L,301.1,310.8,1860,40.5,231,0
3980,M13979,M,297.9,308.1,1496,28.4,58,0
3981,M13980,L,302.7,314.0,1654,40.8,187,0
3982,M13981,L,303.3,312.7,1425,22.8,209,0
3983,M13982,L,306.3,316.7,1354,46.2,212,0
3984,M13983,L,297.8,307.7,1504,36.9,104,0
3985,M13984,M,300.5,310.9,1295,39.2,158,0
3986,M13985,L,295.8,305.2,1371,44.2,140,0
3987,M13986,L,301.1,311.2,1645,42.0,151,0
3988,M13987,L,298.9,310.0,1447,34.6,71,0
3989,M13988,L,303.8,312.9,1666,50.2,173,0
3990,M13989,H,298.5,307.1,1593,47.9,180,0
3991,M13990,L,296.6,305.3,1870,22.4,50,0
3992,M13991,L,299.1,307.9,1633,37.7,112,0
3993,M13992,L,296.0,306.6,1738,29.3,107,0
3994,M13993,M,301.5,310.1,1611,27.4,189,0
3995,M13994,L,295.9,305.6,1595,45.3,169,0
3996,M13995,L,300.1,310.7,1747,35.8,120,0
3997,M13996,H,295.8,306.3,1659,38.6,165,0
3998,M13997,M,299.4,309.0,1577,33.4,67,0
3999,M13998,L,303.3,313.5,1576,43.7,59,0
4000,M13999,M,300.7,310.8,1635,46.7,61,0
4001,M14000,L,298.3,308.0,1419,61.5,7,0
4002,M14001,M,299.9,309.7,1411,38.2,175,0
4003,M14002,H,300.0,312.3,1794,25.7,249,0
4004,M14003,L,300.9,311.8,1873,35.0,78,0
4005,M14004,H,297.3,309.7,1373,48.4,235,0
4006,M14005,M,301.2,310.7,1419,32.4,153,0
4007,M14006,H,294.6,304.5,1744,25.3,57,0
4008,M14007,M,298.7,307.4,1635,32.6,3,0
4009,M14008,L,299.0,308.2,1660,34.7,183,0
4010,M14009,L,301.3,313.2,1699,29.3,176,0
4011,M14010,M,300.0,309.5,1496,42.2,58,0
4012,M14011,L,297.2,309.1,1598,39.2,84,0
4013,M14012,L,298.0,306.8,1584,47.8,227,0
4014,M14013,M,300.4,309.3,1385,35.6,40,0
4015,M14014,M,299.8,309.5,1595,45.5,211,0
4016,M14015,L,298.8,308.8,1761,35.1,43,0
4017,M14016,L,299.0,310.0,1479,28.8,122,0
4018,M14017,M,301.4,311.8,1566,34.6,126,0
4019,M14018,M,299.0,308.5,1576,24.0,119,0
4020,M14019,L,299.8,309.7,1488,57.7,73,0
4021,M14020,L,304.3,314.0,1660,41.4,64,0
4022,M14021,H,297.2,306.2,1417,32.1,185,0
4023,M14022,L,296.3,305.4,1778,36.3,70,0
4024,M14023,M,301.6,312.6,1651,15.7,154,0
4025,M14024,L,298.6,306.8,1371,54.2,214,0
4026,M14025,L,299.4,311.0,1843,53.2,212,0
4027,M14026,H,298.4,308.1,1569,41.1,42,0
4028,M14027,L,299.5,308.7,1410,43.2,166,0
4029,M14028,M,303.2,313.9,1737,27.4,152,0
4030,M14029,L,301.6,313.1,1628,28.2,71,0
4031,M14030,L,301.7,312.8,1222,23.2,99,0
4032,M14031,L,297.2,307.7,1445,38.4,72,0
4033,M14032,M,297.7,308.8,1589,50.5,136,0
4034,M14033,L,294.3,302.6,1152,36.2,203,0
4035,M14034,L,298.4,307.9,1554,43.4,222,0
4036,M14035,H,301.9,311.0,1567,49.7,183,0
4037,M14036,L,301.0,312.3,1327,23.9,122,0
4038,M14037,H,299.6,309.2,1587,58.3,242,0
4039,M14038,L,300.0,310.8,1540,51.5,143,0
4040,M14039,H,298.6,309.2,1326,45.1,121,0
4041,M14040,L,300.4,309.5,1704,49.1,217,0
4042,M14041,H,301.5,310.9,1689,49.6,47,0
4043,M14042,M,296.8,308.1,1487,42.9,40,0
4044,M14043,M,300.6,309.8,1503,54.1,198,0
4045,M14044,L,301.9,312.0,1669,35.5,220,0
4046,M14045,M,299.2,308.4,1503,44.6,18,0
4047,M14046,H,301.4,311.1,1193,53.1,193,0
4048,M14047,M,305.6,315.6,1626,13.4,107,0
4049,M14048,L,299.8,309.0,1393,44.3,178,0
4050,M14049,L,300.8,309.8,1469,47.2,34,0
4051,M14050,H,298.5,308.8,1800,23.1,246,0
4052,M14051,L,300.4,309.5,1515,42.8,223,0
4053,M14052,L,300.9,310.1,1539,32.1,103,0
4054,M14053,L,300.4,309.5,1630,43.9,226,0
4055,M14054,M,298.0,307.9,1629,39.1,226,0
4056,M14055,M,300.4,311.4,1374,30.6,117,0
4057,M14056,L,302.9,314.4,1528,51.0,240,0
4058,M14057,M,300.9,310.2,1545,35.9,247,0
4059,M14058,L,301.9,314.1,1588,42.7,55,0
4060,M14059,L,299.5,308.5,1591,53.0,17,0
4061,M14060,M,301.5,312.6,2002,30.9,84,0
4062,M14061,L,300.6,309.8,1329,40.1,124,0
4063,M14062,L,298.1,307.2,1714,35.1,23,0
4064,M14063,L,300.6,309.9,1751,37.3,36,0
4065,M14064,L,298.0,308.0,1627,61.3,246,0
4066,M14065,L,298.7,309.3,1423,44.5,187,0
4067,M14066,M,300.4,311.0,1837,43.1,221,0
4068,M14067,M,300.6,309.7,1147,45.2,246,0
4069,M14068,L,297.6,306.6,1417,44.3,96,0
4070,M14069,L,302.1,311.2,1749,21.9,174,0
4071,M14070,M,301.1,311.0,1473,62.7,47,0
4072,M14071,M,298.6,308.4,1825,25.5,140,0
4073,M14072,H,296.9,306.0,1268,57.2,53,0
4074,M14073,L,299.7,310.0,1340,46.1,41,0
4075,M14074,H,299.1,311.4,1444,41.8,25,0
4076,M14075,L,300.2,309.7,1614,37.0,147,0
4077,M14076,L,299.3,308.8,1499,65.8,240,0
4078,M14077,M,296.0,306.5,1451,46.0,31,0
4079,M14078,L,299.2,308.7,1793,40.2,127,0
4080,M14079,L,299.4,310.1,1810,34.7,174,0
4081,M14080,L,301.3,310.5,1465,33.5,125,0
4082,M14081,L,298.6,310.4,1233,40.5,231,0
4083,M14082,L,303.4,313.7,1153,30.8,42,0
4084,M14083,M,296.2,305.6,1582,46.7,6,0
4085,M14084,M,302.6,312.0,1656,33.6,97,0
4086,M14085,H,299.6,309.0,1550,49.9,141,0
4087,M14086,M,301.7,313.1,1526,49.7,64,0
4088,M14087,L,300.2,308.9,1395,39.5,43,0
4089,M14088,H,302.3,311.6,1656,45.7,204,0
4090,M14089,M,299.2,308.7,1839,46.2,48,0
4091,M14090,L,297.8,307.8,1142,25.5,112,0
4092,M14091,L,302.8,312.6,1525,57.1,241,1
4093,M14092,L,299.8,308.3,1365,37.5,155,0
4094,M14093,H,300.4,310.0,1272,46.9,126,0
4095,M14094,L,302.5,312.4,1337,47.2,91,0
4096,M14095,L,297.9,307.3,1607,15.4,132,0
4097,M14096,H,301.2,311.9,1611,33.5,186,0
4098,M14097,H,298.8,309.7,1800,48.3,208,0
4099,M14098,L,299.7,309.7,1541,40.6,164,0
4100,M14099,H,300.1,310.4,1224,46.8,200,0
4101,M14100,L,297.0,304.8,1496,40.9,22,0
4102,M14101,H,298.4,308.0,1291,52.2,4,0
4103,M14102,H,302.7,313.7,1323,41.1,186,0
4104,M14103,M,301.8,311.3,1643,54.1,66,0
4105,M14104,M,299.9,309.1,1574,30.3,222,0
4106,M14105,M,300.5,312.8,1644,38.7,136,0
4107,M14106,L,299.4,311.2,1475,34.1,121,0
4108,M14107,L,302.7,313.2,1681,43.8,196,0
4109,M14108,L,299.6,310.7,1465,37.2,187,0
4110,M14109,H,300.5,308.2,1739,37.7,178,0
4111,M14110,M,302.3,311.5,1601,33.0,175,0
4112,M14111,M,298.4,308.0,1502,35.4,130,0
4113,M14112,L,303.1,312.9,1577,39.9,234,0
4114,M14113,H,296.9,306.4,1536,20.0,225,0
4115,M14114,L,303.3,310.7,1825,17.2,83,0
4116,M14115,L,299.3,309.6,1583,40.6,204,0
4117,M14116,L,299.5,310.1,1539,12.6,225,0
4118,M14117,H,296.2,307.8,1496,38.1,156,0
4119,M14118,H,299.1,308.3,1690,36.3,141,0
4120,M14119,H,297.9,307.1,1666,45.4,170,0
4121,M14120,L,298.8,306.1,1490,33.3,41,0
4122,M14121,H,299.7,309.4,1332,55.5,22,0
4123,M14122,L,301.9,312.8,1378,48.4,207,0
4124,M14123,L,300.4,309.8,1506,25.0,145,0
4125,M14124,M,300.6,312.8,1780,37.2,31,0
4126,M14125,H,297.8,307.6,1494,55.1,105,0
4127,M14126,M,298.2,308.4,1433,33.1,75,0
4128,M14127,L,303.6,312.2,1224,39.5,221,0
4129,M14128,L,298.5,308.8,1810,53.9,128,0
4130,M14129,M,303.3,311.3,1641,34.6,146,0
4131,M14130,H,299.5,310.2,1681,51.1,60,0
4132,M14131,L,300.0,310.7,1711,31.0,202,0
4133,M14132,H,302.1,313.5,1510,11.4,235,0
4134,M14133,L,302.5,311.5,1554,52.2,201,0
4135,M14134,H,299.8,309.9,1805,44.3,125,0
4136,M14135,M,299.2,309.8,1571,45.0,211,0
4137,M14136,L,299.9,310.3,1644,29.2,48,0
4138,M14137,L,300.7,309.8,1695,30.0,29,0
4139,M14138,H,301.8,309.4,1654,51.4,111,0
4140,M14139,M,300.0,310.4,1516,42.4,46,0
4141,M14140,L,301.2,311.1,1533,38.8,66,0
4142,M14141,L,303.3,312.7,1678,42.2,148,0
4143,M14142,L,300.8,311.5,1678,54.9,102,0
4144,M14143,M,300.6,310.6,1748,47.2,219,0
4145,M14144,M,297.0,305.6,1638,35.3,57,0
4146,M14145,H,294.7,302.8,1646,26.1,252,0
4147,M14146,M,300.8,309.6,1459,45.8,91,0
4148,M14147,L,299.8,312.2,1435,30.9,130,0
4149,M14148,M,299.0,309.7,1679,28.3,33,0
4150,M14149,M,300.5,310.7,1436,53.0,147,0
4151,M14150,L,299.9,309.7,1535,48.6,243,0
4152,M14151,H,302.3,312.0,1786,43.8,190,0
4153,M14152,M,300.2,311.3,1757,27.7,62,0
4154,M14153,L,298.5,308.0,1593,57.7,112,0
4155,M14154,H,302.0,312.6,1486,50.2,108,0
4156,M14155,H,299.6,309.2,1517,37.0,25,1
4157,M14156,H,301.1,313.0,1694,34.9,224,0
4158,M14157,H,299.0,309.8,1532,40.8,97,0
4159,M14158,L,298.7,309.9,1439,35.3,125,0
4160,M14159,H,300.2,309.6,1757,61.9,74,0
4161,M14160,M,300.0,311.1,1572,36.2,39,0
4162,M14161,M,301.0,310.6,1436,29.4,228,1
4163,M14162,H,299.5,309.6,1625,55.7,9,0
4164,M14163,L,296.3,308.0,1713,34.4,101,0
4165,M14164,H,299.1,308.1,1359,47.8,185,0
4166,M14165,M,301.6,311.8,1503,46.7,78,0
4167,M14166,M,299.4,309.8,1495,39.4,113,0
4168,M14167,M,299.5,310.0,1620,30.4,143,0
4169,M14168,M,302.0,311.5,1652,39.5,252,0
4170,M14169,L,298.6,310.7,1440,28.4,192,0
4171,M14170,H,296.9,305.6,1272,39.8,245,0
4172,M14171,L,299.7,311.1,1724,47.7,175,0
4173,M14172,H,299.0,310.2,1339,57.0,68,0
4174,M14173,M,298.1,310.0,1588,29.2,73,0
4175,M14174,H,299.6,308.1,1515,37.5,208,0
4176,M14175,L,301.0,310.1,1568,34.8,108,0
4177,M14176,H,300.0,311.5,1835,42.7,94,0
4178,M14177,M,300.6,308.7,2083,24.9,239,0
4179,M14178,H,303.6,312.0,1247,30.8,3,0
4180,M14179,L,299.3,308.8,1715,23.2,133,0
4181,M14180,H,300.6,310.7,1511,25.8,196,0
4182,M14181,H,299.0,310.6,1727,33.5,186,0
4183,M14182,L,298.3,308.1,1710,56.5,93,0
4184,M14183,L,298.8,308.2,1791,43.4,136,0
4185,M14184,M,299.0,309.4,1590,40.6,1,0
4186,M14185,L,300.7,311.2,1380,53.3,135,0
4187,M14186,L,304.7,315.1,1705,43.8,149,0
4188,M14187,H,298.6,308.4,1560,44.7,221,0
4189,M14188,L,299.2,307.2,1497,35.3,53,0
4190,M14189,M,299.9,309.0,1454,33.7,209,0
4191,M14190,M,300.8,312.2,1719,27.0,182,0
4192,M14191,L,300.5,310.7,1826,34.0,169,0
4193,M14192,M,302.6,312.2,1325,37.2,100,0
4194,M14193,H,295.1,306.3,1650,43.4,93,0
4195,M14194,M,295.2,304.1,1472,39.6,178,0
4196,M14195,M,299.0,308.8,1276,36.4,251,0
4197,M14196,M,302.2,312.3,1565,31.0,103,0
4198,M14197,L,296.9,306.4,1390,44.0,232,0
4199,M14198,L,294.0,304.1,1257,35.1,148,0
4200,M14199,L,301.1,311.0,1399,43.5,220,0
4201,M14200,L,300.5,309.1,1355,21.1,55,0
4202,M14201,H,297.8,308.0,1423,43.3,193,0
4203,M14202,L,298.0,306.7,1302,47.4,211,0
4204,M14203,L,298.1,308.2,1468,46.1,211,0
4205,M14204,M,300.2,311.6,1411,38.1,199,0
4206,M14205,M,298.7,308.5,1606,49.1,77,0
4207,M14206,L,301.0,309.8,1645,27.4,132,0
4208,M14207,L,294.3,304.2,1586,39.1,76,0
4209,M14208,L,298.3,307.5,1497,38.1,87,0
4210,M14209,M,297.7,308.3,1492,50.3,76,0
4211,M14210,L,299.5,309.3,1389,20.0,72,0
4212,M14211,M,298.9,310.6,1393,29.5,175,0
4213,M14212,L,301.6,312.8,1665,57.3,165,0
4214,M14213,L,296.3,306.1,1224,15.9,52,0
4215,M14214,H,300.1,310.8,1525,48.1,175,0
4216,M14215,L,301.1,310.7,1481,33.1,74,0
4217,M14216,M,303.7,313.7,1646,42.5,51,0
4218,M14217,L,299.0,308.7,1284,54.0,189,0
4219,M14218,L,300.6,311.4,1541,42.9,92,0
4220,M14219,L,296.4,307.8,1600,54.2,144,0
4221,M14220,H,295.2,306.0,1198,35.1,51,0
4222,M14221,M,301.7,312.6,1347,36.4,155,0
4223,M14222,M,300.0,310.9,1523,47.8,53,0
4224,M14223,M,302.4,312.9,1631,35.6,42,0
4225,M14224,L,297.3,306.1,1572,45.9,98,0
4226,M14225,L,301.0,312.7,1639,51.7,200,0
4227,M14226,L,303.7,315.5,1346,48.6,45,0
4228,M14227,L,300.8,310.6,1255,24.4,30,0
4229,M14228,L,300.6,310.2,1554,36.6,8,0
4230,M14229,H,300.0,310.6,1319,42.8,105,0
4231,M14230,M,296.9,307.4,1384,37.6,71,0
4232,M14231,L,302.7,312.5,1706,40.8,74,0
4233,M14232,H,298.8,307.5,1573,42.9,248,0
4234,M14233,L,301.0,311.3,1437,34.8,49,0
4235,M14234,L,296.9,307.4,1414,38.1,116,0
4236,M14235,H,297.6,308.4,1650,28.3,250,0
4237,M14236,L,302.9,313.2,1577,35.3,8,0
4238,M14237,L,299.3,309.0,1322,24.9,176,0
4239,M14238,L,302.9,313.9,1190,41.2,94,0
4240,M14239,M,299.8,309.9,1876,38.1,229,0
4241,M14240,L,296.3,305.9,1320,30.9,231,0
4242,M14241,L,301.8,311.6,1633,57.7,98,0
4243,M14242,L,298.8,307.1,1809,37.6,56,0
4244,M14243,H,301.4,311.2,1565,42.8,108,0
4245,M14244,H,300.1,310.7,1432,33.7,244,0
4246,M14245,L,296.9,307.3,1284,35.9,71,0
4247,M14246,L,300.3,311.8,1281,43.2,248,0
4248,M14247,M,304.4,314.1,1606,36.7,207,0
4249,M14248,L,301.0,311.5,1799,40.0,68,0
4250,M14249,H,299.9,310.7,1468,48.0,200,0
4251,M14250,M,302.2,314.5,1440,34.9,13,0
4252,M14251,L,300.4,310.6,1664,26.8,139,0
4253,M14252,L,300.4,309.4,1416,24.9,90,0
4254,M14253,H,297.8,308.7,1588,54.2,108,0
4255,M14254,L,300.5,312.3,1546,49.2,120,0
4256,M14255,L,302.1,311.7,1466,46.5,127,0
4257,M14256,L,298.3,309.2,1536,35.7,166,0
4258,M14257,L,302.8,314.1,1855,26.8,176,0
4259,M14258,L,299.8,310.8,1647,37.2,247,0
4260,M14259,H,298.2,308.4,1735,39.1,193,0
4261,M14260,M,302.0,311.3,1375,28.8,174,0
4262,M14261,M,299.4,309.3,1735,25.5,99,0
4263,M14262,L,301.5,312.0,1653,22.9,30,0
4264,M14263,L,299.4,310.3,1271,46.5,15,0
4265,M14264,H,299.9,310.2,1636,28.1,121,0
4266,M14265,L,301.0,310.6,1447,43.1,169,0
4267,M14266,H,300.6,311.1,1262,36.1,164,0
4268,M14267,M,296.0,306.9,1562,45.8,241,0
4269,M14268,M,297.8,308.1,1635,43.3,97,0
4270,M14269,L,301.9,311.0,1566,37.7,159,0
4271,M14270,M,299.7,309.6,1519,41.3,225,0
4272,M14271,H,299.0,309.9,1480,38.9,102,0
4273,M14272,L,297.3,305.9,1981,33.9,121,0
4274,M14273,L,297.8,305.7,1327,49.7,234,0
4275,M14274,M,296.0,307.5,1695,35.8,139,0
4276,M14275,M,299.8,310.3,1542,39.1,202,1
4277,M14276,M,298.8,309.4,1386,26.0,237,0
4278,M14277,L,298.1,307.0,1530,42.7,144,0
4279,M14278,L,299.9,310.6,1290,34.0,28,0
4280,M14279,L,300.7,311.0,1432,35.3,208,0
4281,M14280,L,304.2,312.6,1531,31.7,207,0
4282,M14281,M,297.0,308.4,1261,38.8,29,0
4283,M14282,L,302.3,312.5,1630,20.1,139,0
4284,M14283,H,301.9,311.6,1366,46.8,123,0
4285,M14284,H,298.4,308.1,1279,39.6,214,0
4286,M14285,L,300.4,308.4,1346,35.4,69,0
4287,M14286,M,299.1,309.7,1928,24.7,108,0
4288,M14287,H,300.4,310.6,1185,44.3,153,0
4289,M14288,M,303.0,312.8,1617,33.7,131,0
4290,M14289,L,301.2,312.5,1404,52.9,242,0
4291,M14290,H,301.0,309.6,1476,44.8,243,0
4292,M14291,M,299.1,308.5,1647,55.2,21,0
4293,M14292,L,297.0,306.2,1638,41.4,75,0
4294,M14293,M,299.6,309.3,1417,50.7,2,0
4295,M14294,M,302.4,312.5,1296,44.6,106,0
4296,M14295,L,296.9,307.4,1650,35.5,168,0
4297,M14296,H,297.9,307.5,1638,41.9,119,0
4298,M14297,H,300.3,309.4,1488,31.7,17,0
4299,M14298,L,298.0,309.7,1618,60.5,50,0
4300,M14299,M,298.4,310.8,1459,39.0,44,0
4301,M14300,L,299.2,309.3,1391,40.3,129,0
4302,M14301,L,297.3,306.5,1540,43.9,171,0
4303,M14302,H,298.1,309.5,1632,29.2,80,0
4304,M14303,L,301.4,310.0,1594,53.1,33,0
4305,M14304,L,297.4,307.1,1630,29.8,202,0
4306,M14305,H,296.8,306.1,1403,27.6,217,0
4307,M14306,L,298.7,307.6,1822,38.4,70,0
4308,M14307,M,301.5,311.2,1478,27.3,106,0
4309,M14308,H,299.6,308.7,1518,55.5,21,0
4310,M14309,L,299.1,309.1,1303,37.7,58,0
4311,M14310,L,300.1,310.1,1504,8.1,194,0
4312,M14311,L,296.5,305.9,1634,42.0,92,0
4313,M14312,H,301.0,310.6,1675,45.5,153,0
4314,M14313,L,300.8,310.5,1819,35.8,239,0
4315,M14314,M,299.2,310.0,1632,26.6,183,0
4316,M14315,L,302.0,311.9,1589,39.0,115,0
4317,M14316,H,297.7,308.6,1459,35.2,93,0
4318,M14317,M,302.3,312.8,1421,30.3,48,0
4319,M14318,M,300.3,310.9,1713,29.5,191,0
4320,M14319,M,299.3,310.7,1709,41.5,28,0
4321,M14320,M,300.0,308.8,1346,48.9,16,0
4322,M14321,L,299.8,309.3,1668,44.6,27,0
4323,M14322,H,302.4,314.2,1655,22.9,61,0
4324,M14323,L,297.8,307.6,1340,46.1,159,0
4325,M14324,L,298.5,305.7,1636,47.6,218,0
4326,M14325,L,302.1,311.9,1351,53.8,251,0
4327,M14326,L,298.8,308.9,1104,30.6,185,0
4328,M14327,L,301.8,309.2,1510,39.4,37,0
4329,M14328,L,303.4,314.7,1585,45.6,70,0
4330,M14329,L,299.2,308.5,1518,34.8,33,0
4331,M14330,H,301.4,311.7,2052,45.5,29,0
4332,M14331,H,297.7,307.5,1607,39.8,144,0
4333,M14332,L,301.5,310.2,1565,31.6,229,0
4334,M14333,L,300.4,309.3,1616,32.5,173,0
4335,M14334,L,300.9,310.0,1460,52.4,203,0
4336,M14335,H,298.7,309.8,1705,30.1,129,0
4337,M14336,L,296.7,306.5,1604,28.4,120,0
4338,M14337,M,301.0,310.5,1595,43.4,237,0
4339,M14338,L,295.9,304.9,1427,39.7,183,0
4340,M14339,M,299.4,310.6,1259,27.0,116,0
4341,M14340,M,301.9,313.3,1449,34.9,84,0
4342,M14341,L,300.4,311.6,1590,31.9,24,0
4343,M14342,L,303.9,314.4,1459,33.6,208,0
4344,M14343,M,302.1,312.3,1591,65.0,43,0
4345,M14344,L,298.7,307.5,1497,37.0,130,0
4346,M14345,L,300.1,309.8,1616,31.3,161,0
4347,M14346,L,299.9,309.2,1364,60.0,188,0
4348,M14347,M,296.8,305.0,1574,48.8,21,0
4349,M14348,M,298.1,309.2,1424,47.2,3,0
4350,M14349,L,298.9,308.2,1264,31.8,179,0
4351,M14350,L,295.9,307.1,1509,51.8,115,0
4352,M14351,L,300.1,311.0,1814,48.1,46,0
4353,M14352,M,299.5,310.1,1278,41.5,248,0
4354,M14353,H,296.7,307.3,1560,23.0,200,1
4355,M14354,L,300.8,310.2,1682,39.8,146,0
4356,M14355,M,301.4,313.3,1951,57.1,178,0
4357,M14356,L,300.5,310.5,1451,42.2,39,0
4358,M14357,M,299.4,309.7,1426,36.3,243,0
4359,M14358,M,301.2,310.5,1330,37.7,252,0
4360,M14359,M,301.4,310.4,1743,38.4,164,0
4361,M14360,L,300.6,311.1,1384,32.1,169,0
4362,M14361,L,298.4,308.6,1473,39.6,178,0
4363,M14362,L,300.6,309.8,1208,54.3,168,0
4364,M14363,L,302.4,311.0,1697,53.2,111,0
4365,M14364,L,298.8,307.5,1746,32.5,137,0
4366,M14365,H,304.2,315.4,1690,52.6,72,0
4367,M14366,L,298.9,308.3,1252,47.5,113,0
4368,M14367,M,300.1,309.7,1648,46.3,110,0
4369,M14368,L,298.7,310.1,1240,44.3,73,0
4370,M14369,L,300.4,309.3,1549,30.8,199,0
4371,M14370,M,296.5,305.8,1576,36.0,104,0
4372,M14371,L,298.9,308.1,1595,48.2,140,0
4373,M14372,H,297.8,309.4,1635,28.1,39,0
4374,M14373,M,300.3,312.3,1538,29.7,120,0
4375,M14374,H,302.0,312.7,1188,43.0,193,0
4376,M14375,H,301.3,312.1,1635,32.2,112,0
4377,M14376,M,295.3,304.7,1556,48.2,141,0
4378,M14377,M,304.1,316.0,1377,32.5,178,0
4379,M14378,M,300.6,310.9,1258,42.4,98,0
4380,M14379,L,298.4,309.3,1815,43.2,89,0
4381,M14380,H,300.3,310.2,1759,35.2,22,0
4382,M14381,L,300.4,310.1,1665,37.6,147,0
4383,M14382,M,298.7,310.3,1418,33.3,179,0
4384,M14383,M,300.4,310.9,1088,39.8,147,0
4385,M14384,M,298.8,310.2,1676,30.5,72,0
4386,M14385,M,299.2,309.4,1605,37.8,66,0
4387,M14386,L,298.6,307.8,1472,47.4,40,0
4388,M14387,M,297.1,306.6,1740,28.7,12,0
4389,M14388,H,300.3,310.4,1691,35.2,108,0
4390,M14389,L,301.2,310.5,1571,45.1,41,0
4391,M14390,L,301.0,309.9,1545,19.4,175,0
4392,M14391,M,301.6,312.8,1548,58.4,243,1
4393,M14392,L,300.6,310.1,1661,50.3,19,0
4394,M14393,L,298.9,309.1,1386,24.8,226,0
4395,M14394,L,301.7,312.0,1615,19.2,166,1
4396,M14395,M,297.3,306.7,1374,40.3,218,0
4397,M14396,M,298.2,309.6,1778,28.9,39,0
4398,M14397,M,298.1,307.0,1634,49.5,229,0
4399,M14398,H,302.2,312.4,1416,43.9,242,0
4400,M14399,L,301.9,312.1,1553,41.2,229,0
4401,M14400,H,301.0,310.9,1386,34.4,199,0
4402,M14401,M,302.1,310.8,1808,55.8,23,0
4403,M14402,M,298.2,309.1,1829,47.5,56,0
4404,M14403,M,300.7,311.4,1664,46.0,231,0
4405,M14404,M,299.7,309.1,1818,51.9,58,0
4406,M14405,L,301.7,312.4,1566,29.9,88,0
4407,M14406,H,299.8,310.1,1676,52.7,13,0
4408,M14407,L,299.2,307.9,1758,37.4,159,0
4409,M14408,L,301.1,310.2,1538,43.3,143,0
4410,M14409,L,301.8,312.9,1552,38.5,243,0
4411,M14410,M,298.7,309.0,1706,21.4,226,0
4412,M14411,H,299.9,309.3,1655,49.5,128,0
4413,M14412,L,297.9,307.0,1404,21.9,154,0
4414,M14413,L,295.0,304.5,1148,30.4,105,0
4415,M14414,L,300.4,310.0,1508,35.5,34,0
4416,M14415,H,301.2,310.4,1164,20.7,220,0
4417,M14416,L,300.5,308.8,1362,29.1,139,0
4418,M14417,L,296.1,307.2,1383,42.4,108,0
4419,M14418,L,299.3,310.3,1437,36.6,17,0
4420,M14419,H,295.6,304.3,1686,37.4,168,0
4421,M14420,L,302.7,312.9,1725,30.9,101,0
4422,M14421,H,297.8,306.9,1630,40.5,64,0
4423,M14422,L,302.5,312.2,1652,36.8,222,0
4424,M14423,L,301.9,311.5,1656,23.8,46,0
4425,M14424,L,298.2,307.8,1092,38.0,130,0
4426,M14425,L,297.7,309.7,1541,27.7,201,0
4427,M14426,L,300.7,310.3,1217,48.9,215,0
4428,M14427,H,298.3,307.5,1630,36.1,207,0
4429,M14428,M,300.2,309.4,1164,65.0,227,0
4430,M14429,H,299.0,310.1,1507,49.6,36,0
4431,M14430,M,296.4,304.8,1637,38.7,238,0
4432,M14431,H,295.5,304.8,1339,45.7,3,0
4433,M14432,M,300.5,311.9,1711,19.3,65,0
4434,M14433,L,298.9,309.1,1630,49.5,21,0
4435,M14434,M,298.9,309.1,1607,31.9,239,0
4436,M14435,L,301.4,313.5,1664,40.9,107,0
4437,M14436,L,302.3,312.6,1475,32.8,80,0
4438,M14437,M,299.5,308.7,1566,33.8,42,0
4439,M14438,M,299.3,309.0,1541,38.2,39,0
4440,M14439,M,301.0,309.9,1537,40.8,155,0
4441,M14440,M,297.3,308.5,1419,39.7,12,1
4442,M14441,L,300.4,311.0,1317,40.0,150,0
4443,M14442,L,301.1,312.2,1479,23.9,196,0
4444,M14443,M,301.4,312.6,1469,63.1,152,0
4445,M14444,L,296.1,305.7,1407,42.3,209,0
4446,M14445,M,298.5,307.5,1692,44.3,67,0
4447,M14446,L,298.2,308.2,1329,36.6,20,0
4448,M14447,L,300.2,309.3,1508,31.3,182,0
4449,M14448,L,301.0,311.1,1748,41.5,210,0
4450,M14449,L,303.0,314.1,1702,42.9,127,0
4451,M14450,H,299.0,308.8,1757,52.9,208,0
4452,M14451,L,299.0,309.2,1433,60.6,116,1
4453,M14452,L,302.3,312.2,1679,54.6,50,0
4454,M14453,H,300.6,311.4,1349,22.5,120,0
4455,M14454,L,302.5,311.9,1490,35.4,55,0
4456,M14455,M,300.6,308.4,1506,43.3,119,0
4457,M14456,M,297.7,308.2,1436,36.0,37,0
4458,M14457,H,297.3,308.3,1474,39.6,47,0
4459,M14458,L,296.9,307.3,1451,18.8,223,0
4460,M14459,L,301.3,310.7,1363,49.1,29,0
4461,M14460,L,302.4,311.2,1692,21.4,57,0
4462,M14461,M,303.7,314.2,1506,24.4,252,0
4463,M14462,L,301.7,311.8,1575,30.0,146,0
4464,M14463,L,302.3,312.2,1568,39.0,148,0
4465,M14464,M,298.8,310.7,1549,23.9,214,0
4466,M14465,L,297.7,306.7,1556,29.5,133,0
4467,M14466,H,301.7,313.5,1484,51.4,56,0
4468,M14467,M,300.8,310.9,1793,38.9,107,0
4469,M14468,L,300.2,308.4,1675,44.3,191,0
4470,M14469,L,300.8,310.6,1542,27.8,221,0
4471,M14470,L,300.6,311.6,1459,39.5,69,0
4472,M14471,L,302.6,312.2,1518,38.7,66,0
4473,M14472,L,302.6,311.1,1614,32.1,83,0
4474,M14473,L,301.1,310.9,1807,39.5,151,0
4475,M14474,H,301.7,310.8,1293,21.3,70,0
4476,M14475,H,301.0,311.5,1657,44.3,226,0
4477,M14476,L,299.1,309.9,1741,36.0,247,0
4478,M14477,L,301.5,310.5,1273,37.5,172,0
4479,M14478,L,297.2,306.5,1507,48.4,245,0
4480,M14479,L,302.1,312.9,1348,44.3,73,0
4481,M14480,L,297.6,306.8,1616,36.8,206,0
4482,M14481,L,300.6,309.5,1475,28.9,172,0
4483,M14482,L,298.3,307.1,1516,53.2,67,0
4484,M14483,L,301.1,311.5,1465,26.7,81,0
4485,M14484,L,299.9,310.2,1668,46.2,124,0
4486,M14485,H,296.8,306.1,1580,24.2,200,0
4487,M14486,L,300.8,310.8,1580,49.1,221,0
4488,M14487,L,298.8,310.4,1568,50.0,160,0
4489,M14488,L,301.8,310.8,1641,21.1,183,0
4490,M14489,M,300.0,308.1,1492,44.4,67,0
4491,M14490,L,300.8,311.2,1843,43.6,187,0
4492,M14491,H,298.1,308.0,1318,47.0,153,0
4493,M14492,L,298.8,308.1,1230,43.6,56,0
4494,M14493,H,299.1,309.7,1215,30.5,240,0
4495,M14494,L,301.7,312.6,1167,37.8,130,0
4496,M14495,L,303.4,311.1,1659,56.5,201,0
4497,M14496,H,298.4,307.7,1638,29.0,133,0
4498,M14497,L,302.2,314.5,1755,43.2,236,0
4499,M14498,H,295.7,306.2,1350,51.4,36,0
4500,M14499,M,297.6,308.3,1672,30.2,138,0
4501,M14500,L,298.1,309.3,1549,26.0,6,0
4502,M14501,H,297.3,307.3,1569,27.5,50,0
4503,M14502,L,296.8,307.6,1651,43.9,71,0
4504,M14503,M,300.8,311.5,1404,27.4,120,0
4505,M14504,L,299.6,310.1,2002,38.7,208,0
4506,M14505,L,300.8,310.4,1777,53.6,118,0
4507,M14506,M,301.4,311.6,1444,39.5,142,0
4508,M14507,M,300.5,309.9,1344,32.3,234,0
4509,M14508,L,301.3,311.3,1523,41.2,191,0
4510,M14509,L,299.9,308.7,1572,39.3,13,0
4511,M14510,L,297.6,306.8,1730,44.5,45,0
4512,M14511,M,302.1,311.8,1330,56.0,10,0
4513,M14512,H,298.8,307.9,1590,43.9,17,0
4514,M14513,H,298.1,307.6,1265,60.1,86,0
4515,M14514,L,299.6,309.5,1617,44.5,184,0
4516,M14515,L,298.2,308.6,1520,32.4,62,0
4517,M14516,M,299.2,310.1,1886,62.7,99,0
4518,M14517,M,300.7,310.2,1262,38.8,100,0
4519,M14518,M,300.7,312.0,1784,29.6,149,0
4520,M14519,H,298.2,309.1,1234,63.0,226,0
4521,M14520,L,299.0,309.5,1301,32.7,249,0
4522,M14521,L,302.1,312.3,1239,32.4,153,0
4523,M14522,H,301.0,311.3,1584,34.5,128,0
4524,M14523,M,304.2,315.3,1329,41.6,173,0
4525,M14524,M,302.4,313.6,1298,49.2,169,0
4526,M14525,L,302.3,313.6,1575,13.8,133,0
4527,M14526,M,297.2,307.3,1620,49.2,186,0
4528,M14527,M,301.5,312.1,1546,34.5,124,0
4529,M14528,M,299.9,311.2,1510,35.9,252,0
4530,M14529,M,298.9,308.3,1866,57.0,12,0
4531,M14530,M,300.3,310.0,1565,42.1,112,0
4532,M14531,H,301.9,311.9,1683,44.4,100,0
4533,M14532,L,301.0,311.9,1565,39.5,195,0
4534,M14533,L,298.2,309.2,1342,47.6,48,0
4535,M14534,L,301.5,311.3,1637,56.0,110,0
4536,M14535,H,298.7,307.2,1422,15.5,177,0
4537,M14536,L,300.4,310.7,1523,50.7,153,0
4538,M14537,L,299.4,308.5,1594,55.3,138,0
4539,M14538,L,299.6,308.1,1191,45.0,110,0
4540,M14539,L,301.5,310.3,1251,33.3,190,0
4541,M14540,L,297.9,308.2,1702,28.6,164,0
4542,M14541,H,303.9,315.3,1420,63.4,221,1
4543,M14542,L,296.4,306.4,1429,31.0,185,0
4544,M14543,L,298.8,309.0,1569,55.0,36,0
4545,M14544,M,300.7,311.9,1470,43.9,157,0
4546,M14545,M,301.2,309.6,1614,60.3,11,0
4547,M14546,H,299.8,310.3,1530,36.8,98,0
4548,M14547,M,299.9,309.9,1575,24.1,104,0
4549,M14548,L,300.8,311.4,1413,40.0,216,0
4550,M14549,H,299.5,309.1,1574,25.3,46,0
4551,M14550,M,302.8,312.0,1737,66.5,163,0
4552,M14551,L,301.7,311.8,1437,46.2,49,0
4553,M14552,L,301.7,313.4,1703,47.7,240,0
4554,M14553,H,298.1,308.9,1530,47.7,134,0
4555,M14554,L,299.8,309.3,1670,33.1,179,0
4556,M14555,L,299.4,308.1,1562,38.7,164,0
4557,M14556,L,298.0,306.3,1533,41.1,77,0
4558,M14557,M,300.7,312.0,1602,59.2,228,0
4559,M14558,L,298.9,308.0,1756,28.5,159,0
4560,M14559,L,301.3,311.0,1581,32.8,129,0
4561,M14560,L,297.9,309.2,1625,36.4,134,0
4562,M14561,L,303.4,311.8,1473,33.3,225,0
4563,M14562,M,298.2,309.7,1820,25.6,15,0
4564,M14563,L,300.4,310.2,1654,13.2,98,0
4565,M14564,L,301.6,310.4,1553,21.9,213,0
4566,M14565,L,298.9,308.6,1517,50.9,9,0
4567,M14566,M,301.7,311.0,1714,39.9,162,0
4568,M14567,M,297.5,308.0,1430,48.3,102,0
4569,M14568,H,302.9,312.3,1220,34.2,52,0
4570,M14569,L,300.0,308.1,1552,39.0,155,0
4571,M14570,H,298.8,308.6,1752,56.0,210,0
4572,M14571,L,299.4,308.0,1824,55.4,118,0
4573,M14572,H,301.6,311.8,1520,49.3,37,0
4574,M14573,H,298.8,307.6,1547,42.0,77,0
4575,M14574,H,298.5,308.0,1632,45.1,248,0
4576,M14575,L,299.6,309.7,1492,43.7,28,0
4577,M14576,L,297.6,307.4,1631,38.3,41,0
4578,M14577,L,303.6,313.9,1524,36.0,251,0
4579,M14578,M,298.9,309.5,1720,51.1,223,0
4580,M14579,M,301.7,310.5,1668,27.2,179,0
4581,M14580,M,300.4,310.4,1684,54.7,38,0
4582,M14581,L,298.0,304.7,1502,37.3,61,0
4583,M14582,M,300.0,310.2,1884,27.0,46,0
4584,M14583,L,301.6,311.3,1626,34.6,160,0
4585,M14584,M,299.6,308.6,1583,31.3,101,0
4586,M14585,H,302.4,312.7,1403,34.3,12,0
4587,M14586,M,302.0,313.2,1522,34.1,74,0
4588,M14587,M,301.8,311.4,1559,33.7,218,0
4589,M14588,L,299.1,308.1,1398,37.0,201,0
4590,M14589,L,297.8,308.0,1487,39.4,163,0
4591,M14590,L,298.8,307.4,1509,47.6,22,0
4592,M14591,H,300.4,309.7,1549,37.6,223,0
4593,M14592,L,301.1,312.3,1223,43.2,135,0
4594,M14593,H,295.7,305.7,1515,40.1,125,0
4595,M14594,L,300.0,308.1,1471,45.4,236,0
4596,M14595,M,300.3,308.5,1535,40.5,2,0
4597,M14596,M,299.4,309.6,1724,33.6,141,0
4598,M14597,M,302.6,313.4,1906,30.9,200,0
4599,M14598,M,300.8,309.2,1660,42.1,16,1
4600,M14599,M,302.6,313.1,1318,52.6,90,0
4601,M14600,L,299.6,310.9,1477,37.7,247,0
4602,M14601,H,301.9,313.8,1646,33.1,54,0
4603,M14602,L,303.3,313.6,1626,37.5,134,0
4604,M14603,L,302.6,313.1,1716,34.4,189,0
4605,M14604,M,297.8,305.7,1522,33.4,99,0
4606,M14605,L,299.5,311.6,1474,25.7,103,0
4607,M14606,M,299.3,308.7,1853,37.6,16,0
4608,M14607,L,301.0,310.0,1550,42.3,48,0
4609,M14608,L,301.4,311.1,1357,29.3,223,0
4610,M14609,M,298.3,309.8,1803,31.3,207,0
4611,M14610,L,300.1,312.3,1271,30.6,77,0
4612,M14611,H,296.0,306.1,913,26.3,97,0
4613,M14612,L,302.9,313.9,1677,30.5,111,0
4614,M14613,L,299.0,309.0,1702,38.0,88,0
4615,M14614,H,300.1,309.1,1613,26.7,165,0
4616,M14615,L,299.4,310.9,1306,38.6,3,0
4617,M14616,L,302.3,311.7,1528,33.0,223,0
4618,M14617,H,294.3,305.9,1489,30.8,76,0
4619,M14618,H,300.0,311.3,1443,43.7,221,0
4620,M14619,L,299.8,310.4,1792,33.7,115,0
4621,M14620,H,299.1,310.9,1352,35.3,196,0
4622,M14621,L,303.5,315.7,1596,52.9,209,0
4623,M14622,L,298.2,308.1,1753,30.9,76,0
4624,M14623,M,301.5,310.7,1607,55.5,162,0
4625,M14624,H,300.7,308.8,1761,36.6,154,0
4626,M14625,L,302.5,314.8,1640,28.8,120,0
4627,M14626,M,298.7,308.2,1616,34.5,119,0
4628,M14627,L,298.5,309.7,1605,40.7,77,0
4629,M14628,H,302.2,311.5,1649,52.4,78,0
4630,M14629,L,300.9,312.4,1470,47.9,139,0
4631,M14630,L,296.9,306.2,1306,40.6,8,0
4632,M14631,H,298.9,307.7,1710,52.5,236,0
4633,M14632,H,300.8,310.6,1747,21.4,164,0
4634,M14633,M,301.7,311.1,1584,42.5,112,0
4635,M14634,L,298.6,309.2,1441,43.1,16,0
4636,M14635,M,294.2,304.1,1260,43.2,159,0
4637,M14636,H,301.0,311.7,1554,24.1,4,0
4638,M14637,M,297.6,307.3,1298,29.9,172,0
4639,M14638,L,296.0,305.3,1272,38.4,18,0
4640,M14639,H,294.3,303.8,1535,51.0,166,0
4641,M14640,H,301.6,313.7,1402,59.0,103,0
4642,M14641,M,300.3,310.5,1601,33.4,168,0
4643,M14642,H,299.5,307.6,1510,27.0,35,0
4644,M14643,L,302.8,312.3,1430,48.1,30,0
4645,M14644,L,301.3,311.4,1234,65.9,63,0
4646,M14645,L,303.2,315.1,1386,51.0,104,0
4647,M14646,H,297.2,308.2,1393,32.6,64,0
4648,M14647,H,299.9,309.0,1320,68.3,21,0
4649,M14648,H,296.8,309.2,1480,46.8,82,0
4650,M14649,M,299.5,309.5,1334,32.2,179,0
4651,M14650,M,299.5,310.7,1510,59.1,148,0
4652,M14651,H,301.3,310.1,1582,31.4,244,0
4653,M14652,M,300.1,307.7,1391,33.9,110,0
4654,M14653,L,301.2,309.8,1615,47.2,84,0
4655,M14654,L,301.4,308.2,1295,39.8,176,0
4656,M14655,H,304.3,316.4,1340,40.4,104,0
4657,M14656,L,299.4,309.6,1519,40.4,156,0
4658,M14657,L,298.1,307.2,1662,51.0,239,0
4659,M14658,M,300.5,310.9,1694,17.0,126,0
4660,M14659,H,298.4,308.6,1828,42.8,126,0
4661,M14660,L,303.0,313.6,1472,37.1,196,0
4662,M14661,L,299.4,310.6,1516,32.6,191,0
4663,M14662,H,298.9,308.6,1354,32.5,131,0
4664,M14663,L,299.1,308.2,1315,13.9,16,0
4665,M14664,H,301.4,312.3,1580,32.1,248,0
4666,M14665,L,299.7,310.5,1400,52.8,95,0
4667,M14666,L,298.7,308.8,1760,48.2,80,0
4668,M14667,H,303.3,315.5,1277,38.1,248,0
4669,M14668,L,298.3,307.8,1626,26.0,221,0
4670,M14669,L,300.1,309.2,1359,48.1,84,0
4671,M14670,H,301.3,311.7,1392,53.0,78,0
4672,M14671,M,296.7,306.1,1636,50.2,182,0
4673,M14672,L,301.0,311.5,1418,30.4,85,0
4674,M14673,M,297.9,307.1,1447,31.4,64,0
4675,M14674,H,301.6,311.2,1394,56.4,248,0
4676,M14675,H,298.1,310.0,1859,28.0,143,0
4677,M14676,L,301.4,311.0,1428,44.7,193,0
4678,M14677,M,302.2,311.4,1548,22.4,180,0
4679,M14678,M,301.7,312.9,1503,37.0,191,0
4680,M14679,L,300.5,309.5,1579,45.8,229,0
4681,M14680,M,299.5,308.8,1429,39.7,127,0
4682,M14681,L,298.8,309.4,1503,45.2,191,1
4683,M14682,L,302.9,313.9,1610,27.9,202,0
4684,M14683,L,298.6,309.8,1385,31.9,239,0
4685,M14684,M,297.9,307.2,1734,44.8,180,0
4686,M14685,L,301.3,311.9,1751,46.9,226,0
4687,M14686,M,298.4,307.9,1648,42.2,24,0
4688,M14687,L,298.1,307.5,1552,49.4,32,0
4689,M14688,M,297.1,308.3,1004,23.6,40,0
4690,M14689,L,299.0,308.5,1615,35.4,37,0
4691,M14690,L,299.8,310.1,1469,58.0,22,0
4692,M14691,M,300.5,310.6,1495,52.7,31,0
4693,M14692,L,301.9,310.8,1199,46.3,252,0
4694,M14693,M,301.1,312.0,1627,38.5,69,0
4695,M14694,H,299.6,310.2,1280,50.2,121,0
4696,M14695,L,299.6,307.6,1560,44.2,208,0
4697,M14696,L,301.0,311.3,1701,25.0,30,0
4698,M14697,L,302.5,311.8,1455,49.9,80,0
4699,M14698,H,300.3,311.3,1757,31.4,40,0
4700,M14699,M,299.1,307.6,1405,47.5,16,0
4701,M14700,M,298.0,307.7,1646,24.0,243,0
4702,M14701,M,297.1,307.5,1305,55.8,217,1
4703,M14702,H,301.3,311.4,1724,37.3,222,0
4704,M14703,L,301.2,311.9,1696,29.0,220,0
4705,M14704,M,301.2,309.6,1623,33.2,39,0
4706,M14705,H,299.7,311.4,1469,36.7,199,0
4707,M14706,M,302.8,313.3,1288,39.9,184,0
4708,M14707,L,299.0,310.4,1469,53.0,234,0
4709,M14708,H,301.9,312.8,1738,40.7,55,0
4710,M14709,L,299.9,309.9,1562,18.5,105,0
4711,M14710,L,298.8,307.5,1261,27.8,75,0
4712,M14711,L,301.2,310.6,1338,67.3,65,0
4713,M14712,H,300.8,312.4,1763,41.3,165,0
4714,M14713,L,300.7,312.1,1626,49.4,41,0
4715,M14714,H,300.2,309.5,1318,36.9,118,0
4716,M14715,L,299.9,307.1,1223,30.1,164,0
4717,M14716,M,304.8,314.6,1427,35.2,33,0
4718,M14717,L,302.4,312.1,1208,41.3,65,0
4719,M14718,L,301.4,311.2,1511,35.4,245,0
4720,M14719,L,300.2,310.8,1978,59.0,201,0
4721,M14720,H,302.0,312.9,1253,33.9,171,0
4722,M14721,L,301.0,312.0,1506,29.6,217,0
4723,M14722,M,300.1,310.5,1774,48.0,4,0
4724,M14723,H,299.4,307.6,1673,49.2,2,0
4725,M14724,L,299.8,309.5,1512,40.3,39,0
4726,M14725,M,293.7,306.0,1513,34.0,125,0
4727,M14726,L,300.4,310.8,1332,21.2,144,0
4728,M14727,L,299.0,309.4,1491,52.1,29,0
4729,M14728,M,303.2,313.5,1583,48.6,18,0
4730,M14729,L,300.0,310.5,1737,35.6,210,0
4731,M14730,L,297.6,305.2,1428,40.6,118,0
4732,M14731,L,299.9,309.7,1505,37.8,251,0
4733,M14732,L,297.9,307.9,1369,56.1,58,0
4734,M14733,M,300.9,312.2,1579,29.7,164,0
4735,M14734,M,300.6,310.6,1679,33.9,204,0
4736,M14735,L,301.9,310.3,1652,32.9,221,0
4737,M14736,M,298.4,308.8,1330,43.1,77,0
4738,M14737,M,300.1,309.3,1565,40.6,49,0
4739,M14738,M,297.3,306.1,1418,42.0,57,0
4740,M14739,H,301.4,310.6,1720,31.3,169,0
4741,M14740,H,301.0,311.6,1510,54.7,132,1
4742,M14741,M,301.0,312.3,1267,35.5,152,0
4743,M14742,L,300.0,310.5,1500,51.8,5,0
4744,M14743,L,300.8,311.5,1621,71.1,99,0
4745,M14744,L,303.2,313.7,1583,31.4,78,0
4746,M14745,M,299.4,309.5,1447,43.4,219,0
4747,M14746,H,300.3,311.0,1434,38.7,196,0
4748,M14747,L,297.8,305.4,1362,60.1,109,0
4749,M14748,L,298.3,308.4,1468,37.2,160,0
4750,M14749,L,300.2,309.2,1386,42.5,12,0
4751,M14750,L,302.2,313.4,1713,42.2,161,0
4752,M14751,M,299.5,309.3,1378,39.0,25,0
4753,M14752,L,299.5,309.6,1561,47.5,181,0
4754,M14753,H,299.2,307.7,1549,40.9,145,0
4755,M14754,H,298.9,309.9,1708,44.8,76,0
4756,M14755,L,300.6,311.2,1734,42.1,94,0
4757,M14756,L,297.0,307.6,1664,34.0,23,0
4758,M14757,H,302.6,311.7,1602,37.3,82,0
4759,M14758,H,298.7,307.9,1351,45.5,245,0
4760,M14759,H,301.4,311.7,1348,45.5,123,0
4761,M14760,L,297.5,306.8,1388,52.3,120,0
4762,M14761,L,301.3,311.8,1674,58.4,159,0
4763,M14762,M,301.3,309.2,1552,34.8,123,0
4764,M14763,H,300.8,310.3,1694,41.3,90,0
4765,M14764,L,298.0,309.8,1719,38.1,35,0
4766,M14765,H,300.5,310.9,1409,29.0,159,0
4767,M14766,L,297.6,307.8,1545,45.6,189,0
4768,M14767,L,299.5,311.5,1537,47.7,234,0
4769,M14768,L,302.1,309.7,1480,29.3,1,0
4770,M14769,L,301.6,310.8,1443,36.3,17,0
4771,M14770,L,300.0,309.6,1751,35.3,228,0
4772,M14771,L,298.1,308.9,1548,25.1,160,0
4773,M14772,M,301.3,312.2,1541,39.6,242,0
4774,M14773,M,300.0,309.2,1395,28.7,109,0
4775,M14774,L,295.4,306.4,1660,41.6,105,0
4776,M14775,H,301.6,311.2,1359,42.7,87,0
4777,M14776,L,300.0,311.2,1620,43.9,36,0
4778,M14777,M,302.4,311.4,1625,44.4,96,0
4779,M14778,M,297.8,307.7,1465,55.2,4,0
4780,M14779,H,293.6,303.2,1596,32.0,129,0
4781,M14780,L,300.6,311.6,1572,32.5,214,0
4782,M14781,L,300.6,310.1,1532,46.5,81,0
4783,M14782,L,296.6,306.6,1541,38.7,24,0
4784,M14783,L,298.0,308.5,1550,51.1,246,0
4785,M14784,L,305.5,316.1,1562,45.6,33,0
4786,M14785,L,299.4,310.3,1550,59.0,134,1
4787,M14786,M,301.5,311.7,1341,39.1,205,0
4788,M14787,L,298.7,308.3,1512,25.3,64,0
4789,M14788,L,295.8,305.5,1586,43.4,213,0
4790,M14789,L,299.7,309.7,1556,39.3,141,0
4791,M14790,H,299.5,309.7,1710,45.3,84,0
4792,M14791,L,299.2,309.1,1650,46.6,219,0
4793,M14792,L,299.8,309.8,1383,34.7,157,0
4794,M14793,L,300.5,309.0,1509,30.0,156,0
4795,M14794,L,299.7,310.4,1483,38.6,128,0
4796,M14795,L,297.5,307.7,1538,16.4,70,0
4797,M14796,L,301.0,312.0,1538,40.8,77,0
4798,M14797,L,296.1,306.1,1648,36.0,22,0
4799,M14798,H,295.9,304.2,1571,48.5,62,0
4800,M14799,L,301.5,311.1,1759,20.3,70,0
4801,M14800,L,301.0,310.8,1582,40.1,15,0
4802,M14801,M,299.9,310.6,1390,55.6,28,0
4803,M14802,H,297.2,305.1,1455,46.7,68,0
4804,M14803,H,298.6,308.6,1647,49.7,171,0
4805,M14804,L,299.5,310.0,1250,43.4,47,0
4806,M14805,H,296.8,306.1,1298,23.6,132,0
4807,M14806,L,298.5,308.6,1541,41.6,128,0
4808,M14807,H,301.3,310.7,1709,44.0,211,0
4809,M14808,L,302.9,312.1,1773,29.3,154,0
4810,M14809,L,299.2,308.8,1500,38.7,232,0
4811,M14810,L,301.5,310.8,1729,11.3,159,0
4812,M14811,L,296.2,306.9,1552,36.7,6,0
4813,M14812,H,301.3,310.6,1265,35.7,97,0
4814,M14813,L,298.4,307.5,1538,53.9,177,0
4815,M14814,L,300.6,312.4,1428,34.0,120,0
4816,M14815,L,299.5,310.5,1703,37.4,106,0
4817,M14816,L,302.6,310.8,1534,39.2,170,0
4818,M14817,L,298.3,307.5,1310,34.2,72,0
4819,M14818,L,301.3,311.5,1271,47.1,230,1
4820,M14819,H,299.4,309.8,1535,20.3,105,0
4821,M14820,L,299.7,308.2,1106,51.3,160,0
4822,M14821,H,299.6,310.8,1446,39.9,249,0
4823,M14822,M,298.3,309.1,1580,52.9,199,0
4824,M14823,L,300.0,310.5,1350,12.8,135,0
4825,M14824,M,299.9,311.2,1717,15.9,217,0
4826,M14825,H,300.5,310.9,1752,37.1,142,0
4827,M14826,M,300.2,310.6,1357,45.0,112,0
4828,M14827,M,301.6,313.2,1486,34.5,221,0
4829,M14828,M,301.8,312.9,1717,45.8,7,0
4830,M14829,H,297.9,307.1,1539,49.7,103,0
4831,M14830,M,301.7,312.4,1289,46.6,87,0
4832,M14831,L,297.6,307.0,1513,41.0,181,0
4833,M14832,L,301.2,311.7,1386,40.9,3,0
4834,M14833,L,301.2,311.7,1737,33.9,167,0
4835,M14834,M,296.2,304.8,1647,39.5,88,0
4836,M14835,M,300.2,310.1,1483,29.9,25,0
4837,M14836,L,299.1,309.3,1564,32.2,248,0
4838,M14837,M,298.5,308.0,1305,45.1,54,0
4839,M14838,L,302.7,313.0,1404,35.4,88,0
4840,M14839,L,298.7,309.5,1817,32.7,52,0
4841,M14840,L,298.4,308.4,1549,44.4,167,0
4842,M14841,M,300.2,310.4,1705,43.8,198,0
4843,M14842,L,301.4,312.8,1581,37.9,218,0
4844,M14843,H,299.7,310.2,1774,38.5,79,0
4845,M14844,H,302.3,312.5,1181,44.1,133,0
4846,M14845,L,301.1,310.1,1505,49.6,168,0
4847,M14846,L,295.6,306.3,1833,42.0,159,0
4848,M14847,L,298.9,309.3,1710,28.2,181,0
4849,M14848,M,298.9,310.2,1776,37.8,195,0
4850,M14849,L,301.0,311.0,1538,36.0,25,0
4851,M14850,L,294.8,302.9,1443,29.6,43,0
4852,M14851,L,305.1,313.4,1355,44.9,186,0
4853,M14852,L,301.1,311.8,1343,45.7,121,0
4854,M14853,L,300.3,309.7,1683,47.2,108,0
4855,M14854,H,302.4,312.8,1631,30.2,115,0
4856,M14855,H,304.7,314.8,1527,41.6,94,0
4857,M14856,M,301.7,311.6,1630,39.9,150,0
4858,M14857,M,301.9,311.8,1564,43.0,82,0
4859,M14858,L,300.3,309.4,1711,41.3,161,0
4860,M14859,H,299.7,309.7,1710,39.9,51,0
4861,M14860,L,299.0,308.5,1348,38.7,192,0
4862,M14861,M,298.3,308.0,1588,51.0,198,0
4863,M14862,L,298.6,308.3,1240,31.5,146,0
4864,M14863,M,297.3,307.1,1563,38.3,93,0
4865,M14864,M,299.8,310.8,1647,50.7,4,0
4866,M14865,H,296.6,306.5,1304,32.0,31,0
4867,M14866,M,300.4,311.4,1464,32.5,20,0
4868,M14867,L,299.9,311.5,1541,47.3,3,0
4869,M14868,H,300.3,311.1,1581,25.9,183,0
4870,M14869,M,299.0,309.5,1489,46.5,242,0
4871,M14870,L,306.2,316.5,1329,35.2,3,0
4872,M14871,L,302.7,313.6,1529,44.1,29,0
4873,M14872,L,297.5,307.6,1243,27.9,218,0
4874,M14873,L,300.5,311.5,1497,51.7,174,0
4875,M14874,L,298.8,309.4,1460,27.9,102,0
4876,M14875,H,298.0,307.6,1515,47.2,251,0
4877,M14876,L,297.3,308.2,1439,28.4,145,0
4878,M14877,H,300.9,311.0,1269,57.9,169,0
4879,M14878,M,298.6,308.5,1473,39.3,165,0
4880,M14879,H,301.9,311.5,1706,59.3,56,0
4881,M14880,M,302.0,312.2,1765,31.9,123,0
4882,M14881,M,302.7,313.7,1976,35.6,55,0
4883,M14882,L,298.3,309.2,1842,52.0,129,0
4884,M14883,M,301.0,311.3,1325,25.9,8,0
4885,M14884,L,301.3,311.9,1466,33.1,97,0
4886,M14885,L,299.1,310.3,1535,44.9,94,0
4887,M14886,H,298.5,308.3,1524,29.9,74,0
4888,M14887,M,303.2,312.1,1551,45.2,20,0
4889,M14888,M,300.5,311.8,1970,41.7,195,0
4890,M14889,L,301.3,310.7,1345,25.0,106,0
4891,M14890,M,298.4,307.7,1411,49.6,206,0
4892,M14891,M,297.6,305.8,1833,27.5,211,0
4893,M14892,L,298.9,309.4,1429,47.6,54,0
4894,M14893,H,299.8,308.1,1609,41.3,107,0
4895,M14894,L,297.9,307.1,1724,35.5,182,0
4896,M14895,M,300.0,310.6,1626,29.1,126,0
4897,M14896,L,296.6,307.3,1573,43.3,216,1
4898,M14897,M,297.8,307.1,1707,31.4,145,0
4899,M14898,L,301.3,311.2,1379,52.0,159,0
4900,M14899,H,301.2,310.3,1450,52.3,199,0
4901,M14900,M,299.2,308.7,1635,56.3,31,0
4902,M14901,M,298.0,308.2,1169,42.8,148,0
4903,M14902,L,297.9,307.4,1793,36.0,22,0
4904,M14903,H,299.3,309.0,1593,37.1,66,0
4905,M14904,M,301.3,309.8,1566,36.3,54,0
4906,M14905,L,301.9,313.0,1247,42.5,143,0
4907,M14906,L,299.0,309.5,1309,44.3,214,0
4908,M14907,L,297.7,308.5,1468,52.2,34,0
4909,M14908,L,300.5,311.8,1684,40.2,194,0
4910,M14909,M,298.4,307.5,1167,26.1,36,0
4911,M14910,M,299.0,308.6,1680,36.0,48,0
4912,M14911,L,302.7,310.8,1475,55.4,232,0
4913,M14912,L,301.7,314.8,1499,24.6,2,0
4914,M14913,L,300.3,310.2,1584,47.3,50,0
4915,M14914,L,297.5,308.5,1587,36.1,55,0
4916,M14915,L,300.4,309.2,1411,31.3,71,0
4917,M14916,L,302.1,313.1,1651,43.9,92,0
4918,M14917,M,299.2,311.1,1124,55.5,26,0
4919,M14918,M,302.7,312.6,1458,43.4,119,0
4920,M14919,H,302.6,311.6,1567,37.4,101,0
4921,M14920,M,303.3,313.2,1477,27.2,158,0
4922,M14921,L,300.6,308.4,1212,39.0,219,0
4923,M14922,M,301.2,311.1,1675,26.8,75,0
4924,M14923,L,302.8,313.6,1316,36.9,138,0
4925,M14924,H,300.9,310.9,1527,39.4,94,0
4926,M14925,M,299.0,308.7,1566,16.6,10,0
4927,M14926,L,299.1,309.6,1543,53.7,208,0
4928,M14927,L,300.5,311.1,1748,27.7,160,0
4929,M14928,H,297.4,305.8,1529,38.2,1,0
4930,M14929,H,299.7,309.8,1616,45.3,63,0
4931,M14930,L,302.2,314.6,1529,53.0,78,0
4932,M14931,L,295.6,304.3,1649,32.2,205,0
4933,M14932,H,303.1,313.0,1788,15.2,192,0
4934,M14933,H,302.2,314.2,1564,50.7,100,0
4935,M14934,H,299.1,310.2,1679,27.6,40,0
4936,M14935,H,301.1,310.6,1800,43.6,98,0
4937,M14936,M,300.0,310.2,1782,44.2,205,0
4938,M14937,H,302.5,312.5,1470,7.8,114,0
4939,M14938,L,302.0,311.2,1725,24.0,29,0
4940,M14939,H,297.2,307.1,1584,35.4,10,0
4941,M14940,L,301.2,310.9,1739,14.4,84,0
4942,M14941,M,299.6,309.7,1641,26.8,38,0
4943,M14942,L,300.2,309.4,1588,41.2,188,0
4944,M14943,H,298.5,307.3,1617,39.1,71,0
4945,M14944,L,303.5,313.5,1585,43.0,222,0
4946,M14945,H,302.1,313.8,1592,44.4,156,0
4947,M14946,L,298.5,308.6,1511,23.3,100,0
4948,M14947,L,297.3,307.0,1494,27.3,154,0
4949,M14948,H,299.2,310.0,1855,47.5,75,0
4950,M14949,M,300.9,310.7,1624,55.1,36,0
4951,M14950,H,300.5,312.3,1436,30.4,244,0
4952,M14951,M,302.5,312.5,1489,42.6,142,0
4953,M14952,M,301.6,312.3,1728,48.0,2,0
4954,M14953,H,301.9,311.2,1407,42.4,79,0
4955,M14954,H,300.7,311.2,1274,37.5,40,0
4956,M14955,L,297.2,307.5,1287,33.7,65,0
4957,M14956,L,299.6,309.6,1230,59.7,14,0
4958,M14957,M,302.1,311.6,1307,41.0,62,0
4959,M14958,H,299.9,309.3,1328,43.9,173,0
4960,M14959,M,301.0,311.3,1787,43.2,208,0
4961,M14960,M,299.4,310.0,1531,32.0,88,0
4962,M14961,L,297.9,307.8,1474,40.5,132,0
4963,M14962,M,299.8,310.0,1281,36.8,11,0
4964,M14963,L,300.6,310.6,1513,36.6,23,0
4965,M14964,L,298.7,308.8,1228,43.1,140,0
4966,M14965,L,299.5,309.3,1473,30.9,213,0
4967,M14966,L,298.1,308.1,1909,28.1,22,0
4968,M14967,H,302.2,314.9,1658,45.0,106,0
4969,M14968,L,299.4,309.7,1501,34.7,246,0
4970,M14969,M,302.9,313.6,1664,36.6,187,0
4971,M14970,L,303.1,313.5,1446,20.9,50,0
4972,M14971,H,299.8,309.6,1396,49.5,72,0
4973,M14972,M,298.0,309.3,1844,45.2,240,1
4974,M14973,L,295.8,305.5,1335,47.0,56,0
4975,M14974,L,297.1,308.1,1476,43.8,112,0
4976,M14975,L,297.3,306.9,1594,25.0,90,0
4977,M14976,M,302.8,311.8,1371,42.3,124,0
4978,M14977,L,300.2,310.6,1655,34.0,60,0
4979,M14978,L,300.8,309.7,1484,30.5,169,0
4980,M14979,L,295.6,306.1,1658,45.0,59,0
4981,M14980,L,297.6,306.4,1644,56.4,152,0
4982,M14981,M,301.8,311.5,1496,54.8,91,0
4983,M14982,L,300.6,309.1,1845,46.2,64,0
4984,M14983,H,299.7,312.5,1420,39.7,176,0
4985,M14984,L,301.1,309.5,1780,37.9,244,0
4986,M14985,L,303.3,313.3,1749,31.0,220,0
4987,M14986,L,299.6,310.7,1856,37.3,22,0
4988,M14987,L,300.1,311.2,1570,49.0,115,0
4989,M14988,H,300.4,311.2,1398,58.0,176,1
4990,M14989,L,304.8,314.5,1911,31.9,142,0
4991,M14990,L,295.8,307.2,1479,20.2,184,0
4992,M14991,L,301.4,312.3,1393,34.7,247,0
4993,M14992,L,299.8,310.0,1505,48.9,87,0
4994,M14993,M,301.1,311.4,1363,60.5,195,0
4995,M14994,L,298.7,308.4,1633,53.0,24,0
4996,M14995,M,299.9,309.0,1431,52.7,220,0
4997,M14996,H,301.4,312.7,1488,31.6,197,0
4998,M14997,H,306.2,317.5,1712,31.9,132,0
4999,M14998,M,301.6,310.7,1651,26.9,208,0
5000,M14999,L,298.3,308.2,1542,33.4,169,0
5001,M15000,L,299.2,309.0,1570,49.0,140,0
5002,M15001,M,299.1,309.1,1541,56.1,239,0
5003,M15002,L,296.4,306.5,1462,43.4,33,0
5004,M15003,M,299.3,310.3,1539,37.5,251,0
5005,M15004,M,301.5,310.7,1627,29.4,39,0
5006,M15005,M,297.5,306.6,1516,38.9,121,0
5007,M15006,L,302.1,313.3,1614,42.0,59,0
5008,M15007,M,301.0,310.5,1389,25.5,69,0
5009,M15008,L,298.5,307.3,1431,49.1,160,0
5010,M15009,L,299.7,309.2,1408,35.8,9,0
5011,M15010,M,303.2,312.9,1438,48.5,238,0
5012,M15011,L,301.5,313.0,1769,39.9,71,0
5013,M15012,M,300.0,310.9,1669,42.9,69,0
5014,M15013,L,299.5,310.7,1346,33.1,218,0
5015,M15014,L,300.2,311.0,1617,36.6,194,0
5016,M15015,M,299.0,309.9,1469,46.4,170,0
5017,M15016,M,295.8,305.1,1417,38.7,37,0
5018,M15017,H,304.1,313.9,1273,29.1,195,0
5019,M15018,H,300.3,309.3,1713,41.1,91,0
5020,M15019,L,300.8,310.6,1295,43.8,251,0
5021,M15020,H,299.9,310.6,1530,53.6,170,0
5022,M15021,L,298.5,308.7,1370,51.4,211,0
5023,M15022,L,299.6,310.9,1678,39.4,186,0
5024,M15023,M,296.8,305.7,1479,34.6,150,0
5025,M15024,L,304.6,315.1,1515,37.7,181,0
5026,M15025,L,297.5,306.3,1521,34.8,151,0
5027,M15026,L,297.9,308.0,1593,45.0,13,0
5028,M15027,L,299.1,309.9,1541,50.3,87,0
5029,M15028,H,302.6,312.4,1531,52.3,80,0
5030,M15029,M,300.0,310.6,1446,35.9,181,0
5031,M15030,L,297.5,306.6,1257,34.9,146,0
5032,M15031,M,302.5,310.8,1339,35.8,154,0
5033,M15032,H,301.5,312.0,1668,20.9,214,0
5034,M15033,L,301.1,312.8,1484,28.1,133,0
5035,M15034,M,301.4,310.4,1420,39.7,55,0
5036,M15035,M,304.8,316.0,1287,43.8,3,0
5037,M15036,M,304.4,314.4,1231,44.9,40,0
5038,M15037,H,298.6,307.3,1413,32.3,8,0
5039,M15038,L,303.2,312.1,1698,35.1,60,0
5040,M15039,M,300.8,310.8,1439,37.3,161,0
5041,M15040,L,301.0,310.6,1611,36.2,38,0
5042,M15041,M,296.6,305.3,1431,46.8,21,0
5043,M15042,H,299.7,308.0,1653,27.0,246,0
5044,M15043,L,298.4,307.5,1476,28.6,252,0
5045,M15044,L,301.7,311.8,1318,37.0,161,0
5046,M15045,H,302.1,312.1,1491,26.5,27,0
5047,M15046,H,295.9,305.3,1867,21.2,208,0
5048,M15047,H,300.0,310.2,1859,25.2,136,0
5049,M15048,H,302.2,313.3,1626,37.6,46,0
5050,M15049,M,299.6,310.0,1514,46.2,146,0
5051,M15050,H,301.5,311.3,1593,46.4,10,0
5052,M15051,H,300.7,311.6,1596,55.7,246,0
5053,M15052,L,300.7,309.7,1532,41.0,209,0
5054,M15053,H,299.5,309.2,1618,42.3,66,0
5055,M15054,M,297.6,307.4,1576,37.5,106,0
5056,M15055,L,297.8,306.5,1482,38.0,100,0
5057,M15056,M,301.4,311.0,1325,60.6,218,0
5058,M15057,L,300.0,308.0,1457,42.6,90,0
5059,M15058,H,299.7,311.6,1682,43.4,12,0
5060,M15059,H,299.2,308.2,1533,28.7,54,0
5061,M15060,H,299.4,311.0,1593,44.1,55,0
5062,M15061,L,302.1,312.1,1488,46.5,240,0
5063,M15062,M,299.3,309.9,1349,51.0,234,0
5064,M15063,L,297.3,306.8,1496,46.2,76,0
5065,M15064,M,301.5,311.7,1356,38.7,1,0
5066,M15065,M,299.6,310.2,1345,38.3,131,0
5067,M15066,L,300.1,310.7,1755,39.3,202,0
5068,M15067,L,303.2,314.0,1464,41.1,68,0
5069,M15068,M,300.0,309.6,1406,52.5,111,0
5070,M15069,L,300.6,310.1,1829,50.6,44,0
5071,M15070,L,297.6,306.0,1685,47.5,83,0
5072,M15071,H,299.6,310.1,1472,60.1,192,0
5073,M15072,M,301.2,312.3,1616,13.7,108,0
5074,M15073,M,296.9,308.5,1497,35.4,113,0
5075,M15074,H,300.4,310.7,1415,39.9,200,0
5076,M15075,L,300.2,309.4,1624,33.3,193,0
5077,M15076,M,300.1,308.4,1481,30.8,47,0
5078,M15077,H,302.1,313.1,1553,23.0,105,0
5079,M15078,L,300.7,308.9,1722,36.9,215,0
5080,M15079,L,303.0,312.6,1702,48.9,116,0
5081,M15080,L,298.0,307.8,1441,47.7,167,0
5082,M15081,H,300.3,310.2,1626,32.6,77,0
5083,M15082,M,300.2,310.2,1337,42.2,15,0
5084,M15083,L,297.9,308.0,1620,53.4,42,0
5085,M15084,L,301.9,309.5,1566,25.0,102,0
5086,M15085,L,304.6,314.7,1607,38.4,89,0
5087,M15086,M,300.0,307.7,1486,42.8,227,0
5088,M15087,H,301.0,311.7,1912,40.1,138,0
5089,M15088,L,300.2,309.6,1378,48.4,159,0
5090,M15089,L,298.6,306.4,1713,25.2,174,0
5091,M15090,L,296.4,305.5,1354,30.0,135,0
5092,M15091,L,298.6,308.0,1629,46.8,195,0
5093,M15092,M,297.2,308.4,1642,23.1,198,0
5094,M15093,M,303.4,313.6,1549,48.0,89,0
5095,M15094,H,299.8,310.1,1450,44.5,21,0
5096,M15095,M,299.3,310.5,1564,47.3,250,0
5097,M15096,L,301.8,311.7,1587,35.4,163,0
5098,M15097,M,297.8,308.5,1859,45.0,179,0
5099,M15098,H,298.5,309.2,1383,28.4,191,0
5100,M15099,M,300.1,308.8,1439,35.9,155,0
5101,M15100,M,302.1,313.5,1590,40.4,119,0
5102,M15101,M,301.0,309.6,1493,31.1,249,0
5103,M15102,H,300.5,311.4,1521,42.2,184,0
5104,M15103,H,300.2,308.6,1731,28.7,214,0
5105,M15104,L,300.8,311.4,1034,42.7,111,0
5106,M15105,H,300.4,312.3,1432,57.2,229,0
5107,M15106,L,297.9,307.7,1227,27.6,185,0
5108,M15107,H,300.1,309.8,1325,39.8,189,0
5109,M15108,H,297.9,308.5,1969,24.0,22,0
5110,M15109,M,300.2,309.8,1646,31.8,156,0
5111,M15110,M,299.0,310.9,1709,46.9,85,0
5112,M15111,L,305.1,315.3,1525,35.7,169,0
5113,M15112,L,299.9,309.6,1675,47.3,144,0
5114,M15113,M,297.2,306.7,1223,43.5,28,0
5115,M15114,L,299.7,308.8,1725,39.4,134,0
5116,M15115,H,301.0,310.4,1392,29.8,114,0
5117,M15116,L,303.3,313.0,1444,46.8,196,0
5118,M15117,M,298.8,308.3,1629,43.0,127,0
5119,M15118,M,296.8,306.2,1596,24.9,122,0
5120,M15119,M,301.6,313.7,1554,30.5,182,0
5121,M15120,M,297.2,306.2,1295,12.6,169,0
5122,M15121,M,299.1,309.3,1557,26.5,251,0
5123,M15122,L,299.5,310.1,1711,36.9,89,0
5124,M15123,H,299.9,310.5,1444,29.5,174,0
5125,M15124,M,301.4,311.3,1774,31.8,42,0
5126,M15125,L,298.6,308.4,1383,53.8,204,0
5127,M15126,M,299.5,309.9,1540,50.2,199,0
5128,M15127,M,300.0,310.2,1814,33.1,184,0
5129,M15128,L,300.3,310.0,1417,47.9,30,0
5130,M15129,H,300.2,308.6,1728,52.0,250,0
5131,M15130,L,300.9,310.4,1892,46.1,238,0
5132,M15131,M,301.7,310.5,1570,43.0,94,0
5133,M15132,L,300.8,310.1,1445,50.9,146,0
5134,M15133,M,300.9,310.9,1401,47.6,225,0
5135,M15134,M,296.8,307.2,1773,28.0,125,0
5136,M15135,L,300.1,311.9,1768,38.1,152,0
5137,M15136,L,301.0,310.4,1798,34.5,153,0
5138,M15137,M,301.5,312.2,1533,51.4,164,0
5139,M15138,M,298.6,308.9,1725,34.3,146,0
5140,M15139,L,298.7,310.0,1530,32.6,103,0
5141,M15140,L,298.9,309.4,1381,50.2,136,0
5142,M15141,H,301.1,310.1,1740,42.6,220,0
5143,M15142,M,302.1,310.3,1831,60.9,219,0
5144,M15143,L,299.2,309.5,1356,31.5,195,0
5145,M15144,H,301.8,311.3,1353,34.9,105,0
5146,M15145,H,300.2,309.3,1546,51.1,199,0
5147,M15146,L,299.8,308.5,1710,27.3,98,0
5148,M15147,H,299.6,309.7,1336,53.1,168,0
5149,M15148,L,301.5,313.0,1580,28.0,144,0
5150,M15149,L,300.7,310.2,1433,46.0,76,0
5151,M15150,L,304.6,315.1,1664,21.8,115,0
5152,M15151,L,298.3,308.2,1396,40.4,210,0
5153,M15152,M,301.0,309.7,1677,26.4,231,1
5154,M15153,M,298.9,309.7,1511,59.1,52,0
5155,M15154,L,298.3,307.2,1371,29.4,115,0
5156,M15155,L,300.0,310.0,1550,31.8,110,0
5157,M15156,M,300.3,309.9,1192,45.3,124,0
5158,M15157,M,305.8,316.7,1439,34.1,247,0
5159,M15158,L,299.6,308.6,1599,46.9,131,0
5160,M15159,H,297.7,308.1,1222,33.0,210,0
5161,M15160,M,300.5,309.7,1079,32.2,168,0
5162,M15161,L,295.9,305.3,1120,39.7,27,0
5163,M15162,M,299.8,306.2,1777,28.0,176,0
5164,M15163,L,300.0,312.1,1525,43.9,164,0
5165,M15164,L,301.6,312.1,1444,48.7,192,0
5166,M15165,M,301.9,311.2,1708,45.5,19,0
5167,M15166,L,299.0,307.9,1467,46.4,61,0
5168,M15167,M,299.7,309.2,1587,20.9,195,0
5169,M15168,L,298.5,309.2,1544,35.4,94,0
5170,M15169,M,297.7,305.9,1455,37.8,230,0
5171,M15170,L,300.6,310.5,1592,54.4,131,1
5172,M15171,L,297.5,309.2,1677,34.2,0,0
5173,M15172,L,299.2,308.0,1506,17.2,177,0
5174,M15173,M,298.0,308.1,1457,30.1,130,0
5175,M15174,H,301.1,313.3,1478,33.5,80,0
5176,M15175,L,303.6,314.2,1128,18.7,5,0
5177,M15176,L,297.4,307.5,1590,49.6,50,0
5178,M15177,L,296.3,306.8,1323,24.5,41,0
5179,M15178,M,299.8,309.3,1652,44.4,147,0
5180,M15179,H,300.0,311.3,1523,29.2,195,0
5181,M15180,H,300.4,310.0,1558,54.9,59,0
5182,M15181,L,299.1,307.1,1664,37.3,177,0
5183,M15182,H,299.6,309.2,1373,35.3,228,0
5184,M15183,L,300.7,309.8,1605,45.2,157,0
5185,M15184,H,302.1,311.8,1587,30.0,196,0
5186,M15185,H,296.1,305.8,1506,45.7,52,0
5187,M15186,L,299.3,310.5,1373,35.2,19,0
5188,M15187,L,300.4,311.1,1646,34.1,92,0
5189,M15188,L,298.2,308.4,1665,39.1,179,0
5190,M15189,L,303.5,313.5,1559,29.2,174,0
5191,M15190,L,298.7,307.7,1347,38.1,242,0
5192,M15191,M,299.9,307.7,1445,43.4,159,0
5193,M15192,M,301.1,311.2,1528,17.1,104,0
5194,M15193,L,298.8,309.6,1662,50.8,202,0
5195,M15194,L,296.3,306.2,1256,48.1,39,0
5196,M15195,H,299.1,308.6,1438,21.6,206,0
5197,M15196,L,302.1,312.5,1467,20.1,93,1
5198,M15197,M,299.3,309.2,1524,48.3,39,0
5199,M15198,M,298.3,310.0,1306,47.6,41,0
5200,M15199,M,301.9,313.1,1500,46.2,249,0
5201,M15200,L,299.3,310.3,1483,25.9,158,0
5202,M15201,L,299.0,309.7,1353,58.1,44,0
5203,M15202,M,300.3,309.0,1518,32.5,68,0
5204,M15203,H,301.5,312.2,1442,42.4,94,0
5205,M15204,H,304.8,315.1,1628,42.5,14,0
5206,M15205,L,301.7,312.3,1381,55.8,27,0
5207,M15206,L,302.3,312.8,1555,41.2,193,0
5208,M15207,L,299.0,309.4,1394,44.1,199,0
5209,M15208,H,297.9,310.6,1432,39.2,250,0
5210,M15209,L,300.1,310.0,1592,28.2,17,0
5211,M15210,M,300.2,311.2,1581,17.0,225,0
5212,M15211,L,297.8,307.4,1464,40.3,80,0
5213,M15212,H,299.6,310.4,1491,26.0,83,0
5214,M15213,L,300.8,311.7,1279,43.5,32,0
5215,M15214,M,300.7,311.1,1790,41.5,250,0
5216,M15215,M,301.0,312.7,1662,41.2,248,0
5217,M15216,L,300.6,309.7,1656,29.6,219,0
5218,M15217,L,299.0,308.5,1253,50.3,23,0
5219,M15218,H,299.0,309.2,1432,44.7,213,0
5220,M15219,M,297.6,308.5,1479,28.3,161,0
5221,M15220,M,303.6,313.7,1193,60.5,33,0
5222,M15221,H,300.0,311.3,1698,37.9,66,0
5223,M15222,L,299.6,308.9,1799,26.8,174,0
5224,M15223,H,298.1,307.0,1908,32.5,203,0
5225,M15224,M,305.9,316.2,1352,25.1,215,0
5226,M15225,M,297.9,307.8,1560,53.5,138,0
5227,M15226,L,299.1,309.7,1776,50.7,135,0
5228,M15227,H,300.8,310.8,1494,47.3,173,0
5229,M15228,L,301.2,310.9,1438,45.5,197,0
5230,M15229,L,301.9,311.8,1205,52.4,43,0
5231,M15230,M,303.6,313.6,1742,37.6,187,0
5232,M15231,M,301.0,310.7,1536,44.2,86,0
5233,M15232,L,297.9,307.7,1408,32.0,97,0
5234,M15233,H,299.5,309.1,1590,38.5,20,0
5235,M15234,L,300.6,311.5,1566,44.5,149,0
5236,M15235,L,304.1,314.3,1569,9.5,24,0
5237,M15236,L,297.2,309.5,1500,33.9,231,0
5238,M15237,M,302.4,312.6,1829,41.6,157,0
5239,M15238,H,300.4,309.8,1515,39.2,251,0
5240,M15239,H,301.7,314.3,1829,35.5,62,0
5241,M15240,M,299.8,310.2,1640,45.8,172,0
5242,M15241,M,298.3,309.3,1602,33.0,244,0
5243,M15242,M,301.5,312.1,1519,27.9,76,0
5244,M15243,M,301.3,311.9,1713,51.7,24,0
5245,M15244,H,301.9,312.5,1559,50.3,160,0
5246,M15245,L,300.0,308.9,1372,34.1,93,0
5247,M15246,L,298.8,309.2,1366,39.3,69,0
5248,M15247,L,296.9,305.6,1615,48.4,251,0
5249,M15248,L,301.6,311.5,1377,40.4,191,0
5250,M15249,H,300.8,310.1,1528,45.2,123,0
5251,M15250,M,298.1,308.4,1728,44.7,13,0
5252,M15251,L,298.9,309.3,1593,36.8,48,0
5253,M15252,L,299.1,309.5,1410,45.1,76,0
5254,M15253,H,297.0,307.3,1791,30.4,123,0
5255,M15254,M,298.4,307.8,1637,43.9,126,0
5256,M15255,L,297.7,307.5,1721,39.3,6,0
5257,M15256,L,299.2,310.1,1133,36.4,239,0
5258,M15257,L,298.5,309.6,1598,27.7,137,0
5259,M15258,M,296.7,305.6,1690,41.3,5,0
5260,M15259,M,304.0,312.5,1843,40.4,177,0
5261,M15260,L,302.5,311.8,1277,31.7,18,0
5262,M15261,L,298.4,309.5,1755,24.2,182,0
5263,M15262,L,300.5,311.8,1833,23.7,177,0
5264,M15263,M,300.8,309.9,1178,37.5,249,0
5265,M15264,H,302.4,312.7,1625,43.0,87,0
5266,M15265,H,298.4,310.2,1650,58.3,37,0
5267,M15266,M,302.2,312.6,1480,39.6,23,0
5268,M15267,H,298.9,310.3,1451,23.9,18,0
5269,M15268,L,297.3,308.3,1659,38.0,205,0
5270,M15269,L,301.4,310.5,1429,52.4,182,0
5271,M15270,L,302.6,312.4,1500,33.2,247,0
5272,M15271,L,305.2,315.2,1684,51.1,78,0
5273,M15272,H,297.6,307.7,1853,41.7,203,0
5274,M15273,H,301.4,312.3,1635,46.4,24,0
5275,M15274,L,299.2,309.6,1563,58.4,229,0
5276,M15275,L,301.6,308.6,1447,21.8,13,0
5277,M15276,L,297.1,305.7,1358,48.9,199,0
5278,M15277,M,297.5,305.3,1738,39.1,78,0
5279,M15278,L,298.4,308.6,1512,30.6,46,0
5280,M15279,L,300.2,310.4,1745,39.0,178,0
5281,M15280,H,298.7,309.0,1480,56.7,227,0
5282,M15281,H,301.3,310.4,1423,53.2,193,0
5283,M15282,L,302.1,312.7,1614,20.2,79,0
5284,M15283,L,301.2,311.9,1525,32.4,89,0
5285,M15284,L,303.2,312.0,1323,49.3,48,0
5286,M15285,M,300.8,309.4,1864,39.8,208,0
5287,M15286,L,297.6,307.6,1427,39.8,27,0
5288,M15287,L,302.7,314.5,1705,24.5,229,0
5289,M15288,H,298.8,310.5,1690,32.6,152,0
5290,M15289,L,301.8,312.4,1314,26.6,149,0
5291,M15290,L,303.1,312.4,1360,23.6,212,0
5292,M15291,H,300.9,311.8,1485,27.5,169,0
5293,M15292,M,297.0,306.6,1384,30.8,77,0
5294,M15293,M,298.2,307.4,1848,32.5,88,0
5295,M15294,L,302.6,310.5,1503,31.7,44,0
5296,M15295,H,299.7,309.8,1698,50.1,117,0
5297,M15296,L,300.2,309.5,1631,31.0,28,0
5298,M15297,L,301.5,311.6,1586,54.1,165,0
5299,M15298,L,301.4,309.1,1546,35.2,43,0
5300,M15299,H,300.6,310.7,1760,44.3,219,0
5301,M15300,H,299.6,307.2,1391,44.7,177,0
5302,M15301,M,299.4,310.5,1848,31.1,226,0
5303,M15302,H,301.7,312.2,1309,36.8,22,0
5304,M15303,L,301.1,310.8,1679,35.0,202,0
5305,M15304,L,299.5,310.0,1287,43.7,223,0
5306,M15305,L,302.2,311.2,1482,38.7,11,1
5307,M15306,L,299.7,309.8,1556,32.6,253,0
5308,M15307,M,298.3,309.1,1452,41.2,76,0
5309,M15308,L,298.5,305.4,1506,43.4,54,0
5310,M15309,L,298.0,307.6,1291,58.3,105,0
5311,M15310,M,299.5,309.4,1362,40.7,2,0
5312,M15311,L,302.5,312.3,1628,40.1,224,0
5313,M15312,L,298.4,309.8,1544,44.2,68,0
5314,M15313,L,300.4,309.3,1415,30.6,132,0
5315,M15314,M,298.7,308.1,1776,22.9,158,0
5316,M15315,H,299.5,307.6,1321,36.9,200,0
5317,M15316,H,297.0,308.5,1474,50.6,63,0
5318,M15317,L,299.6,309.3,1448,52.2,181,0
5319,M15318,M,299.6,309.2,1649,21.4,30,0
5320,M15319,L,301.1,311.0,1548,46.6,178,0
5321,M15320,L,300.4,311.1,1520,18.4,233,0
5322,M15321,M,297.6,308.0,1209,44.5,22,0
5323,M15322,M,302.2,314.8,1694,44.0,30,0
5324,M15323,L,300.4,310.9,1500,22.9,141,0
5325,M15324,L,300.4,309.9,1560,49.9,12,0
5326,M15325,L,300.0,309.4,1405,57.3,47,0
5327,M15326,L,299.0,308.6,1377,39.4,48,0
5328,M15327,L,300.4,308.9,1807,41.4,122,0
5329,M15328,H,301.0,311.0,1222,54.6,63,0
5330,M15329,L,296.5,307.3,1350,28.8,120,0
5331,M15330,L,298.9,308.3,1804,29.1,132,0
5332,M15331,L,299.5,308.7,1654,31.7,185,0
5333,M15332,M,300.5,312.0,1481,40.4,239,0
5334,M15333,M,302.4,311.0,1762,40.3,127,0
5335,M15334,L,298.5,306.4,1619,34.5,90,0
5336,M15335,L,299.0,307.9,1581,37.0,65,0
5337,M15336,M,299.0,307.4,1579,34.7,161,0
5338,M15337,L,298.4,308.8,1622,35.1,239,0
5339,M15338,L,299.3,308.9,1630,32.4,193,0
5340,M15339,L,301.5,311.3,1932,32.5,52,0
5341,M15340,H,297.9,309.0,1504,20.2,226,0
5342,M15341,L,300.9,310.2,1510,37.8,186,0
5343,M15342,L,296.6,307.4,1318,20.6,32,0
5344,M15343,M,298.9,310.4,1530,47.4,180,0
5345,M15344,M,299.3,308.9,1872,34.5,73,0
5346,M15345,L,303.3,314.1,1715,38.8,124,0
5347,M15346,H,299.5,309.2,1442,36.3,76,0
5348,M15347,L,295.6,306.5,1544,37.6,21,0
5349,M15348,H,296.0,304.4,1307,52.5,194,0
5350,M15349,M,300.1,308.4,1366,26.6,210,0
5351,M15350,H,301.2,310.8,1566,23.9,59,0
5352,M15351,L,300.8,309.9,1450,41.2,61,0
5353,M15352,L,300.3,309.8,1352,35.1,109,0
5354,M15353,L,302.3,312.1,1627,43.6,205,0
5355,M15354,L,298.9,309.6,1524,47.1,20,0
5356,M15355,L,301.8,311.4,1258,29.0,205,0
5357,M15356,L,296.7,305.9,1168,46.0,233,0
5358,M15357,L,298.2,307.8,1437,29.9,142,0
5359,M15358,L,296.4,305.6,1255,40.7,15,0
5360,M15359,H,299.5,308.5,1204,27.8,68,0
5361,M15360,M,299.9,308.3,1741,41.3,28,0
5362,M15361,L,300.2,310.3,1522,39.8,66,0
5363,M15362,M,300.1,309.6,1491,29.1,205,0
5364,M15363,M,298.1,309.1,1505,26.6,14,0
5365,M15364,L,299.6,308.2,1335,47.4,72,0
5366,M15365,L,297.0,306.5,1613,35.5,131,0
5367,M15366,H,302.7,314.5,1516,50.0,221,0
5368,M15367,M,299.4,308.5,1403,34.6,63,0
5369,M15368,L,299.0,308.8,1430,52.9,197,0
5370,M15369,L,303.2,312.0,1319,30.6,148,0
5371,M15370,M,297.5,306.2,1466,54.6,171,0
5372,M15371,L,297.7,309.3,1496,41.7,218,0
5373,M15372,L,297.8,308.0,1462,44.0,7,0
5374,M15373,L,299.9,310.0,1549,30.1,134,0
5375,M15374,L,300.9,309.2,1525,47.2,189,0
5376,M15375,M,301.5,311.8,1580,47.6,224,0
5377,M15376,L,305.1,316.3,1708,36.8,34,0
5378,M15377,M,295.5,306.7,1645,18.9,86,0
5379,M15378,H,301.2,311.9,1710,29.0,20,0
5380,M15379,H,298.9,307.8,1387,29.0,211,0
5381,M15380,L,298.8,309.1,1448,44.4,217,0
5382,M15381,L,298.8,309.4,1656,35.4,122,0
5383,M15382,M,298.2,306.4,1659,35.6,5,0
5384,M15383,L,303.4,312.2,1418,34.4,26,0
5385,M15384,H,301.7,312.6,1648,54.5,158,0
5386,M15385,H,300.0,310.9,1370,40.4,249,0
5387,M15386,H,302.7,311.2,1625,42.0,212,0
5388,M15387,M,297.0,307.8,1534,33.9,202,0
5389,M15388,M,297.3,307.4,1291,39.7,106,0
5390,M15389,M,295.6,306.4,1461,30.3,249,0
5391,M15390,L,298.6,308.0,1930,43.4,209,0
5392,M15391,H,300.3,311.0,1575,28.6,85,0
5393,M15392,L,300.2,311.0,1951,47.4,189,0
5394,M15393,H,300.3,309.9,1281,32.7,109,0
5395,M15394,H,297.2,307.2,1673,49.4,167,0
5396,M15395,L,301.6,311.0,1085,58.9,245,0
5397,M15396,L,300.5,312.1,1539,40.0,62,0
5398,M15397,H,301.5,311.3,1652,53.0,201,0
5399,M15398,H,296.2,305.3,1689,47.4,149,0
5400,M15399,H,300.6,309.9,1396,25.8,240,0
5401,M15400,H,297.6,307.8,1725,41.1,34,0
5402,M15401,H,299.2,310.0,1443,45.0,182,0
5403,M15402,H,301.1,309.7,1510,45.9,9,0
5404,M15403,L,300.2,312.0,1461,41.8,62,0
5405,M15404,L,298.3,308.6,1336,41.6,81,0
5406,M15405,M,300.0,310.5,1820,40.1,109,0
5407,M15406,L,296.9,306.8,1548,41.3,244,0
5408,M15407,M,302.3,312.3,1734,27.9,17,0
5409,M15408,M,299.6,309.4,1726,37.7,43,0
5410,M15409,H,302.2,313.3,1366,25.6,51,0
5411,M15410,L,298.9,308.9,1757,35.1,107,0
5412,M15411,M,299.0,309.7,1629,34.2,15,0
5413,M15412,H,298.5,308.0,1353,33.5,244,0
5414,M15413,L,301.8,311.9,1619,29.6,142,0
5415,M15414,M,298.6,307.8,1356,42.7,206,0
5416,M15415,M,301.3,312.5,1827,36.9,195,0
5417,M15416,L,299.2,308.4,1685,35.8,167,0
5418,M15417,L,296.0,305.7,1526,26.1,229,0
5419,M15418,M,298.9,308.5,1765,37.1,228,1
5420,M15419,L,297.6,307.3,1256,51.3,32,0
5421,M15420,L,300.1,310.8,1405,51.5,228,0
5422,M15421,H,297.6,307.3,1494,43.7,133,0
5423,M15422,L,301.9,313.2,1939,37.1,68,0
5424,M15423,H,299.8,309.0,1347,45.5,154,0
5425,M15424,L,299.6,309.8,1233,33.4,71,0
5426,M15425,L,301.3,310.5,1280,37.0,121,0
5427,M15426,M,301.9,312.3,1701,32.6,207,0
5428,M15427,L,300.0,309.9,1433,49.0,8,0
5429,M15428,L,298.5,308.3,1511,47.7,46,0
5430,M15429,H,296.5,307.6,1676,39.7,242,0
5431,M15430,M,298.6,308.0,1511,57.1,113,0
5432,M15431,L,298.8,309.4,1576,44.1,77,0
5433,M15432,L,300.2,309.4,1635,43.5,234,0
5434,M15433,M,299.3,309.4,1462,42.5,231,0
5435,M15434,M,301.4,310.2,1509,27.5,11,0
5436,M15435,L,298.8,308.1,1582,31.1,92,0
5437,M15436,M,299.9,309.8,1694,39.5,231,0
5438,M15437,L,302.4,314.2,1397,39.5,45,0
5439,M15438,L,300.7,310.8,998,45.8,146,1
5440,M15439,L,299.9,311.5,1661,33.4,81,0
5441,M15440,L,298.8,309.0,1705,40.7,186,0
5442,M15441,L,298.7,308.3,1575,40.9,40,0
5443,M15442,M,298.3,309.8,1587,41.3,151,0
5444,M15443,L,298.9,309.4,1438,40.2,0,0
5445,M15444,M,301.5,310.9,1629,26.1,64,0
5446,M15445,M,299.6,310.0,1692,17.6,41,0
5447,M15446,H,297.3,307.0,1549,30.7,53,0
5448,M15447,L,303.5,311.5,1985,34.7,218,0
5449,M15448,H,300.6,311.6,1259,28.3,231,0
5450,M15449,L,297.2,308.3,1568,39.4,191,0
5451,M15450,M,299.1,311.0,1329,50.8,149,0
5452,M15451,M,300.2,310.6,1696,47.2,58,0
5453,M15452,M,303.4,313.2,1256,44.6,70,0
5454,M15453,H,297.8,308.6,1300,49.8,78,0
5455,M15454,L,302.0,312.8,1426,30.8,197,0
5456,M15455,M,302.8,314.4,1587,35.5,64,0
5457,M15456,M,298.7,308.7,1432,46.1,246,0
5458,M15457,L,299.4,309.3,1434,35.3,202,0
5459,M15458,L,297.9,307.2,1507,35.8,253,0
5460,M15459,L,299.6,310.1,1496,58.4,116,0
5461,M15460,M,299.9,308.4,1805,40.9,149,0
5462,M15461,L,301.3,312.1,1662,57.5,71,0
5463,M15462,H,302.2,312.8,1481,21.9,153,0
5464,M15463,L,298.5,309.1,1914,33.8,246,0
5465,M15464,M,296.1,306.2,1627,44.0,8,0
5466,M15465,L,300.0,311.5,1366,40.9,73,0
5467,M15466,L,300.6,311.5,1585,19.7,71,0
5468,M15467,L,300.5,309.9,1635,37.7,249,0
5469,M15468,M,299.3,308.8,1416,64.5,34,0
5470,M15469,L,300.2,309.4,1351,42.4,206,0
5471,M15470,L,303.0,313.6,1554,46.0,69,0
5472,M15471,H,300.8,309.8,1475,33.6,218,0
5473,M15472,L,299.3,310.3,1804,42.4,123,0
5474,M15473,L,299.0,310.3,1672,39.9,61,0
5475,M15474,M,299.7,308.8,1424,51.1,180,0
5476,M15475,L,303.3,313.1,1615,50.8,213,0
5477,M15476,L,299.6,309.7,1766,44.0,119,0
5478,M15477,M,300.0,310.8,1290,40.7,181,0
5479,M15478,H,299.0,310.6,1356,23.4,46,0
5480,M15479,L,302.2,310.5,1537,23.0,237,0
5481,M15480,L,303.9,313.6,1545,40.8,24,0
5482,M15481,H,300.9,310.6,1530,48.7,56,0
5483,M15482,M,300.2,308.8,1483,53.2,73,0
5484,M15483,L,300.1,309.6,1481,31.2,39,0
5485,M15484,L,295.2,305.7,1608,25.1,103,0
5486,M15485,M,301.5,311.2,1742,49.2,116,0
5487,M15486,L,300.3,308.7,1453,31.9,131,0
5488,M15487,M,300.9,313.7,1975,24.4,10,0
5489,M15488,M,298.6,308.8,1890,35.1,55,0
5490,M15489,M,299.2,309.3,1777,34.9,204,0
5491,M15490,L,299.2,308.1,1650,53.1,205,0
5492,M15491,L,302.0,312.3,1898,48.6,83,0
5493,M15492,H,299.2,309.1,1487,32.7,117,0
5494,M15493,L,304.2,312.3,1390,53.8,46,0
5495,M15494,L,300.9,309.8,1445,41.2,208,0
5496,M15495,H,297.4,308.2,1359,50.5,242,0
5497,M15496,L,299.7,311.7,1561,53.1,74,0
5498,M15497,H,298.7,309.1,1593,37.4,198,0
5499,M15498,H,295.6,306.7,1575,45.7,89,0
5500,M15499,L,303.2,313.0,1537,36.0,1,0
5501,M15500,M,301.4,311.3,1563,49.2,152,0
5502,M15501,L,301.1,312.2,1850,40.9,104,0
5503,M15502,M,300.3,312.0,1650,49.5,192,0
5504,M15503,M,297.2,308.5,1704,55.1,189,0
5505,M15504,L,299.0,308.0,1573,45.4,239,0
5506,M15505,L,301.7,311.6,1250,39.1,111,0
5507,M15506,H,297.9,308.2,1214,39.2,122,0
5508,M15507,H,294.9,304.7,1912,10.7,101,0
5509,M15508,H,299.5,309.9,1444,32.9,75,0
5510,M15509,M,299.7,310.5,1429,49.2,161,0
5511,M15510,L,300.3,311.3,1583,49.6,209,0
5512,M15511,L,301.5,313.1,1638,32.7,40,0
5513,M15512,M,301.3,310.9,1660,41.6,248,0
5514,M15513,L,300.5,309.2,1857,38.1,173,0
5515,M15514,H,302.4,312.7,1808,46.8,197,0
5516,M15515,H,297.0,308.8,1394,61.9,253,0
5517,M15516,M,301.0,310.5,1712,47.0,128,0
5518,M15517,L,301.3,311.9,1470,33.4,18,0
5519,M15518,M,297.5,308.2,1514,39.2,200,0
5520,M15519,L,297.0,307.2,1343,53.9,220,0
5521,M15520,L,298.5,308.5,1236,26.1,41,0
5522,M15521,M,298.7,307.8,1533,33.9,6,0
5523,M15522,M,301.5,309.2,1368,47.0,34,0
5524,M15523,L,298.8,307.7,1705,52.8,82,0
5525,M15524,H,298.3,307.9,1489,46.0,234,0
5526,M15525,L,298.8,309.9,1594,34.0,1,0
5527,M15526,M,302.2,312.1,1784,45.3,203,0
5528,M15527,H,300.0,309.5,1273,44.1,216,0
5529,M15528,M,299.6,308.8,1409,43.5,205,0
5530,M15529,L,299.8,310.4,1571,39.0,21,0
5531,M15530,L,302.6,313.9,1595,40.5,172,0
5532,M15531,L,298.5,309.6,1737,31.0,241,0
5533,M15532,L,302.6,313.2,1694,64.6,30,0
5534,M15533,L,300.4,308.9,1556,41.6,8,0
5535,M15534,M,299.7,309.3,1593,45.4,221,0
5536,M15535,H,305.0,316.9,1598,37.8,163,0
5537,M15536,L,297.9,309.0,1276,48.4,164,0
5538,M15537,M,299.3,307.8,1511,27.1,244,0
5539,M15538,M,297.5,307.5,1583,22.7,195,0
5540,M15539,M,301.9,312.3,1621,39.7,101,0
5541,M15540,L,303.4,312.6,1374,60.3,110,0
5542,M15541,L,303.3,311.0,1312,52.0,37,0
5543,M15542,M,302.4,312.5,1497,32.0,77,0
5544,M15543,L,299.6,308.8,1891,45.1,113,0
5545,M15544,L,299.3,308.5,1392,33.7,66,0
5546,M15545,H,296.7,306.3,1749,44.2,232,0
5547,M15546,H,304.1,313.9,1823,45.0,3,0
5548,M15547,L,300.9,310.9,1547,49.2,149,0
5549,M15548,M,299.0,308.1,1417,24.5,195,0
5550,M15549,M,302.7,312.4,1631,27.5,185,0
5551,M15550,L,298.1,306.3,1574,39.3,163,0
5552,M15551,L,300.8,311.1,1385,29.8,104,0
5553,M15552,M,299.7,306.8,1421,29.0,232,0
5554,M15553,L,301.3,311.0,1620,42.7,83,0
5555,M15554,L,299.9,310.8,1706,30.9,190,0
5556,M15555,H,297.1,306.0,1481,62.4,234,0
5557,M15556,L,300.2,310.9,1527,34.7,32,0
5558,M15557,M,302.1,313.3,1659,37.3,240,0
5559,M15558,H,299.9,306.6,1508,42.9,196,0
5560,M15559,H,301.6,311.4,1485,25.1,156,0
5561,M15560,M,297.9,305.0,1404,45.0,94,0
5562,M15561,M,299.9,309.8,1401,43.4,229,0
5563,M15562,H,298.8,308.7,2017,36.5,11,0
5564,M15563,L,301.5,309.0,1504,42.7,109,0
5565,M15564,M,300.1,312.0,1783,44.2,191,1
5566,M15565,L,301.4,311.7,1840,54.2,205,0
5567,M15566,M,302.2,311.3,1506,64.8,51,0
5568,M15567,M,301.4,312.8,1605,29.5,12,0
5569,M15568,L,300.5,308.8,1557,27.2,203,0
5570,M15569,H,298.0,306.8,1250,41.0,107,0
5571,M15570,L,300.0,307.7,1261,19.4,36,0
5572,M15571,L,298.9,310.7,1548,46.4,22,1
5573,M15572,H,299.3,309.6,1463,41.1,162,0
5574,M15573,L,299.3,309.9,1878,43.6,147,0
5575,M15574,M,298.0,308.3,1497,37.0,216,0
5576,M15575,L,296.1,306.7,1888,42.5,8,0
5577,M15576,L,298.7,308.7,1454,44.7,220,0
5578,M15577,M,300.4,310.7,1881,42.0,224,0
5579,M15578,L,297.3,307.4,1630,26.7,113,0
5580,M15579,M,300.0,309.4,1640,41.7,19,0
5581,M15580,H,303.8,313.8,1447,58.4,240,0
5582,M15581,H,302.0,312.3,1642,42.4,18,0
5583,M15582,H,303.3,313.4,1842,41.4,149,0
5584,M15583,L,300.8,309.3,1513,55.4,125,0
5585,M15584,M,302.3,311.0,1478,32.6,211,0
5586,M15585,M,298.6,309.6,1495,48.8,127,0
5587,M15586,H,298.7,308.4,1829,34.8,119,0
5588,M15587,L,294.5,305.1,1692,50.8,223,0
5589,M15588,M,302.4,311.3,1798,47.9,244,0
5590,M15589,L,303.1,311.6,1595,35.9,139,0
5591,M15590,L,298.9,308.1,1546,37.4,115,0
5592,M15591,L,299.5,309.3,1615,49.7,210,0
5593,M15592,M,298.5,307.8,1731,21.6,210,0
5594,M15593,L,300.8,312.1,1495,35.6,81,0
5595,M15594,L,302.2,312.4,1784,46.1,146,0
5596,M15595,L,296.5,308.4,1604,36.9,39,0
5597,M15596,L,300.8,311.2,1108,41.3,161,0
5598,M15597,L,299.4,307.0,1697,19.8,211,0
5599,M15598,H,300.2,311.3,1311,31.5,47,0
5600,M15599,M,300.9,309.4,1693,46.7,82,0
5601,M15600,L,299.6,309.9,1700,32.6,114,0
5602,M15601,L,299.8,309.0,1598,27.1,214,0
5603,M15602,H,299.6,311.7,1636,50.5,185,0
5604,M15603,H,301.9,313.4,1736,45.1,80,0
5605,M15604,M,300.8,310.1,1450,29.2,61,0
5606,M15605,L,300.4,310.3,1681,41.4,176,0
5607,M15606,M,297.5,307.7,1747,29.5,121,0
5608,M15607,M,299.2,310.1,1854,38.5,150,0
5609,M15608,M,301.8,311.8,1341,41.7,164,0
5610,M15609,M,300.1,309.1,1612,32.0,141,0
5611,M15610,L,301.3,310.6,1367,47.3,155,0
5612,M15611,H,303.5,313.5,1359,48.9,225,0
5613,M15612,H,302.1,313.3,1603,42.6,220,0
5614,M15613,L,300.2,310.6,1553,44.1,38,0
5615,M15614,H,299.0,308.2,1744,25.6,148,1
5616,M15615,M,294.9,305.5,1477,53.5,111,0
5617,M15616,H,299.7,309.3,1515,39.1,72,0
5618,M15617,H,299.3,310.2,1577,30.7,160,0
5619,M15618,L,300.8,313.3,1385,41.4,129,0
5620,M15619,L,299.7,309.3,1410,47.4,196,0
5621,M15620,L,299.4,310.2,1739,45.1,24,0
5622,M15621,L,296.4,305.7,1441,29.3,77,0
5623,M15622,L,298.1,308.0,1751,47.5,7,0
5624,M15623,L,301.0,311.0,1648,39.4,189,0
5625,M15624,L,303.4,313.2,1262,45.0,231,0
5626,M15625,L,299.8,312.3,1634,32.1,149,0
5627,M15626,L,300.7,310.3,1633,50.4,156,1
5628,M15627,L,301.9,312.5,1615,41.8,12,0
5629,M15628,L,298.4,306.4,1514,51.8,127,0
5630,M15629,H,300.7,311.2,1371,24.8,133,0
5631,M15630,H,298.5,309.7,1780,26.1,10,0
5632,M15631,L,301.7,311.2,1521,37.6,198,0
5633,M15632,M,300.3,307.8,1381,54.5,70,0
5634,M15633,H,300.6,310.6,1621,59.4,183,0
5635,M15634,M,298.4,308.5,1406,31.2,102,0
5636,M15635,M,301.4,312.1,1369,40.5,252,0
5637,M15636,H,304.2,316.2,1472,41.5,54,0
5638,M15637,L,298.0,307.6,1420,47.1,15,0
5639,M15638,L,299.3,308.5,1376,48.8,248,0
5640,M15639,M,300.5,309.3,1683,29.0,62,0
5641,M15640,M,301.6,311.8,1519,40.6,161,0
5642,M15641,L,298.9,309.4,1763,20.1,95,0
5643,M15642,H,294.3,303.8,1386,48.0,162,0
5644,M15643,H,302.7,313.5,1230,36.6,151,0
5645,M15644,L,301.5,312.0,1566,28.1,179,0
5646,M15645,M,296.5,306.6,1871,43.3,5,0
5647,M15646,H,298.8,307.9,1634,36.3,212,0
5648,M15647,L,303.1,312.7,2115,52.5,121,0
5649,M15648,L,302.9,310.5,1598,31.2,131,0
5650,M15649,H,301.9,312.1,1581,62.0,104,0
5651,M15650,L,299.6,309.7,1153,48.5,250,0
5652,M15651,L,300.2,310.4,1616,52.7,203,0
5653,M15652,L,299.7,310.2,1569,29.8,79,0
5654,M15653,H,302.3,312.6,1466,57.7,198,0
5655,M15654,L,298.2,308.1,1515,28.0,111,0
5656,M15655,L,298.4,308.4,1527,37.9,220,0
5657,M15656,M,302.0,310.6,1507,52.9,8,0
5658,M15657,L,299.9,309.3,1913,45.0,90,0
5659,M15658,L,302.8,312.8,1473,27.7,109,0
5660,M15659,L,298.7,307.9,1569,51.2,188,0
5661,M15660,M,299.9,310.8,1467,43.4,46,0
5662,M15661,L,298.2,307.5,1679,35.9,72,0
5663,M15662,L,300.0,310.2,1571,24.7,183,0
5664,M15663,H,297.0,307.2,1489,44.3,19,0
5665,M15664,L,299.0,309.8,1194,38.4,51,0
5666,M15665,H,297.1,308.0,1583,41.5,191,0
5667,M15666,M,301.4,312.1,1484,24.3,222,0
5668,M15667,H,301.4,309.3,1528,35.9,184,0
5669,M15668,L,296.5,307.7,1327,44.8,133,0
5670,M15669,L,302.7,314.2,1796,58.6,25,0
5671,M15670,M,305.0,314.5,1692,38.0,209,0
5672,M15671,L,300.1,310.3,1795,54.3,31,0
5673,M15672,M,298.7,307.8,1744,47.8,97,0
5674,M15673,L,305.6,313.7,1645,42.3,13,0
5675,M15674,L,297.4,306.6,1335,30.0,180,0
5676,M15675,H,300.0,309.5,1869,30.4,127,0
5677,M15676,M,300.4,310.0,1373,46.1,230,0
5678,M15677,M,302.7,311.7,1491,34.8,35,0
5679,M15678,L,300.7,310.0,1666,33.9,207,0
5680,M15679,M,299.0,309.0,1674,38.2,129,0
5681,M15680,L,298.1,307.3,1641,38.4,93,0
5682,M15681,H,299.3,309.9,1467,48.9,163,0
5683,M15682,L,298.0,308.7,1430,35.0,200,0
5684,M15683,H,300.1,312.5,1993,47.9,111,0
5685,M15684,H,298.9,310.0,1532,44.4,59,0
5686,M15685,L,297.0,307.3,1510,23.4,232,0
5687,M15686,L,302.5,311.9,1411,42.9,79,0
5688,M15687,H,299.0,309.3,1583,13.6,253,0
5689,M15688,M,297.5,307.8,1574,31.1,194,0
5690,M15689,L,299.7,309.2,1536,44.6,174,0
5691,M15690,H,300.1,310.9,1607,39.9,3,0
5692,M15691,H,296.5,305.1,1855,22.5,113,0
5693,M15692,L,300.7,310.4,1432,28.9,127,0
5694,M15693,H,297.9,308.5,1547,14.2,95,0
5695,M15694,M,303.4,313.1,1423,26.7,38,0
5696,M15695,L,301.0,310.8,1592,45.7,93,0
5697,M15696,L,299.2,309.1,1437,34.5,19,0
5698,M15697,H,298.5,307.7,1445,41.7,74,0
5699,M15698,L,299.8,311.0,1278,40.1,21,0
5700,M15699,L,301.2,310.2,1557,40.3,190,0
5701,M15700,M,299.9,310.3,1616,50.1,170,0
5702,M15701,L,299.6,310.0,1872,38.0,238,0
5703,M15702,M,300.1,309.2,1623,49.0,96,0
5704,M15703,L,298.8,308.9,1459,15.5,199,0
5705,M15704,L,299.3,308.4,1296,51.0,149,0
5706,M15705,M,295.8,307.2,1320,27.2,163,0
5707,M15706,M,301.9,310.8,1307,29.4,139,0
5708,M15707,M,300.6,309.9,1875,33.0,197,0
5709,M15708,M,298.5,307.2,1591,50.7,11,0
5710,M15709,L,303.8,312.4,1435,31.2,20,0
5711,M15710,L,300.2,311.8,1367,33.5,24,0
5712,M15711,L,297.9,308.5,1386,30.5,73,0
5713,M15712,L,301.7,311.9,1430,42.5,150,0
5714,M15713,H,300.8,310.1,1775,47.4,163,0
5715,M15714,M,300.8,311.7,1534,56.9,180,0
5716,M15715,L,299.1,308.3,1280,63.8,71,0
5717,M15716,L,300.9,311.7,1953,46.4,165,0
5718,M15717,H,299.5,308.6,1335,43.6,30,0
5719,M15718,H,301.1,310.5,1433,27.9,3,0
5720,M15719,M,296.2,306.9,1774,58.9,176,0
5721,M15720,M,299.1,310.0,1613,42.1,181,0
5722,M15721,H,303.4,314.0,1455,37.1,157,0
5723,M15722,M,298.5,307.4,1319,43.8,65,0
5724,M15723,M,298.8,308.3,1366,33.7,235,1
5725,M15724,H,299.1,309.3,1377,16.9,222,1
5726,M15725,L,297.6,306.7,1540,45.7,130,0
5727,M15726,M,295.6,307.0,1573,53.3,250,0
5728,M15727,L,299.5,307.1,1512,45.5,76,0
5729,M15728,L,300.3,309.5,1532,39.9,124,0
5730,M15729,H,299.9,309.4,1351,40.1,235,0
5731,M15730,M,299.7,306.9,1591,41.7,117,0
5732,M15731,L,300.1,308.7,1768,41.4,119,0
5733,M15732,M,302.0,312.7,1510,39.4,20,0
5734,M15733,H,299.6,309.6,1506,40.3,53,0
5735,M15734,H,298.9,310.4,1554,55.4,40,0
5736,M15735,M,299.4,311.0,1739,44.7,143,0
5737,M15736,M,301.2,311.6,1379,41.0,81,0
5738,M15737,M,302.8,313.1,1799,46.5,19,0
5739,M15738,M,298.7,308.8,1614,46.5,129,0
5740,M15739,H,300.2,307.5,1544,49.4,169,0
5741,M15740,L,300.7,309.3,1756,32.5,186,0
5742,M15741,M,298.0,308.1,1327,35.2,212,0
5743,M15742,L,300.0,310.7,1632,31.9,122,0
5744,M15743,M,297.1,307.4,1616,47.6,99,0
5745,M15744,L,296.5,305.6,1372,47.1,173,0
5746,M15745,H,300.7,311.7,1621,27.4,3,0
5747,M15746,M,299.2,310.7,1590,43.9,160,0
5748,M15747,H,300.4,311.3,1507,53.6,103,0
5749,M15748,H,300.0,311.0,1693,37.7,115,0
5750,M15749,H,298.0,307.5,1437,43.1,75,0
5751,M15750,L,299.9,311.0,1587,47.2,32,0
5752,M15751,L,297.5,307.7,1515,26.9,102,0
5753,M15752,L,302.8,313.3,1429,41.5,78,0
5754,M15753,M,297.3,307.7,1629,52.6,243,0
5755,M15754,L,299.6,309.5,1502,34.1,239,0
5756,M15755,H,297.9,307.1,1275,48.2,163,0
5757,M15756,L,301.1,311.1,1217,40.3,229,0
5758,M15757,M,299.3,310.3,1680,33.3,190,0
5759,M15758,H,299.0,308.5,1321,39.0,88,0
5760,M15759,H,301.7,312.6,1589,34.8,153,0
5761,M15760,L,300.1,310.8,1549,31.2,56,0
5762,M15761,L,301.0,310.7,1473,37.5,174,0
5763,M15762,M,298.0,309.4,1889,40.7,11,0
5764,M15763,M,297.2,306.8,1571,38.4,210,0
5765,M15764,M,300.2,311.7,1674,37.4,148,0
5766,M15765,L,299.4,309.8,1590,42.2,15,0
5767,M15766,L,301.3,311.2,1498,45.3,221,1
5768,M15767,L,299.8,309.0,1536,28.7,222,0
5769,M15768,L,300.4,310.3,1800,37.5,216,0
5770,M15769,L,296.8,306.5,1734,20.5,196,0
5771,M15770,H,303.8,312.5,1888,38.4,172,1
5772,M15771,L,299.7,309.5,1579,41.5,100,0
5773,M15772,M,301.4,310.6,1382,45.6,34,0
5774,M15773,H,298.3,308.9,1460,41.5,73,0
5775,M15774,L,300.6,311.9,1326,45.4,88,0
5776,M15775,L,297.4,306.2,1676,40.6,91,0
5777,M15776,L,300.9,312.6,1434,33.3,143,0
5778,M15777,L,299.3,309.2,992,29.0,53,0
5779,M15778,M,300.1,309.1,1980,37.4,48,0
5780,M15779,L,301.4,312.2,1437,32.4,181,0
5781,M15780,M,297.5,307.1,1436,38.8,2,0
5782,M15781,L,298.6,308.5,1838,35.1,38,0
5783,M15782,H,300.9,310.5,1323,44.1,110,0
5784,M15783,L,304.2,313.4,1742,40.5,38,0
5785,M15784,L,299.7,310.4,1434,44.4,243,0
5786,M15785,L,301.2,310.9,1302,44.4,170,0
5787,M15786,L,299.8,308.3,1844,38.2,109,0
5788,M15787,L,303.9,314.4,1704,38.8,28,0
5789,M15788,L,296.5,305.3,1704,45.0,97,0
5790,M15789,H,300.2,309.0,1605,64.2,165,0
5791,M15790,L,296.7,307.9,1646,30.2,245,0
5792,M15791,L,295.0,303.8,1318,40.4,120,0
5793,M15792,M,300.6,308.3,1559,28.2,175,0
5794,M15793,L,300.3,310.9,1373,39.8,49,0
5795,M15794,L,299.4,309.1,1290,33.3,158,0
5796,M15795,H,299.8,309.6,1613,38.8,60,0
5797,M15796,L,306.2,315.9,1746,41.5,50,0
5798,M15797,M,299.5,309.7,1470,35.2,129,0
5799,M15798,H,301.0,310.3,1501,22.3,54,0
5800,M15799,L,298.7,310.2,1335,54.1,182,0
5801,M15800,L,300.6,309.1,1540,48.3,237,0
5802,M15801,L,299.5,310.0,1675,38.7,100,0
5803,M15802,L,299.2,309.8,1681,31.1,82,0
5804,M15803,H,303.6,312.9,1637,40.8,44,0
5805,M15804,L,302.4,311.3,1428,43.6,99,0
5806,M15805,M,300.3,311.3,1423,47.6,142,0
5807,M15806,H,295.4,304.4,1681,48.5,94,0
5808,M15807,M,299.3,308.7,1684,50.4,158,0
5809,M15808,M,305.4,316.3,1508,22.8,168,0
5810,M15809,H,299.5,309.6,1463,37.0,25,0
5811,M15810,M,302.2,310.4,1748,49.8,177,0
5812,M15811,H,302.9,314.6,1475,30.9,228,0
5813,M15812,L,300.4,309.9,1673,52.1,7,0
5814,M15813,M,298.3,307.9,1515,57.9,139,0
5815,M15814,L,295.1,305.4,1351,51.8,153,0
5816,M15815,H,301.4,312.0,1828,46.5,180,0
5817,M15816,M,298.4,310.3,1560,35.6,98,0
5818,M15817,M,300.4,308.7,1412,42.8,207,0
5819,M15818,L,297.5,308.3,1290,26.7,137,0
5820,M15819,L,299.5,310.2,1308,32.3,103,0
5821,M15820,L,300.1,309.9,1472,33.0,182,0
5822,M15821,L,300.5,311.3,1884,40.6,235,0
5823,M15822,L,297.8,308.7,1434,36.1,205,0
5824,M15823,M,302.4,311.0,1798,42.6,235,0
5825,M15824,M,298.8,310.6,1516,48.7,67,0
5826,M15825,M,296.7,305.1,1328,33.0,30,0
5827,M15826,M,299.8,308.6,1454,41.5,135,0
5828,M15827,H,300.1,309.8,1310,35.9,11,0
5829,M15828,L,300.3,312.2,1386,41.9,171,0
5830,M15829,M,302.7,312.4,1380,46.8,61,0
5831,M15830,L,299.5,309.5,1198,49.1,115,0
5832,M15831,M,299.8,311.2,1810,46.6,166,0
5833,M15832,M,297.8,307.5,1577,44.1,122,0
5834,M15833,M,301.6,310.5,1416,25.9,60,0
5835,M15834,M,300.4,310.0,1579,29.3,223,0
5836,M15835,L,299.2,310.5,1389,31.8,193,0
5837,M15836,L,296.2,306.3,1061,43.6,152,0
5838,M15837,M,302.9,314.8,2068,27.2,177,0
5839,M15838,M,297.5,308.3,1573,43.3,105,0
5840,M15839,L,298.8,308.2,1434,42.6,95,0
5841,M15840,L,300.7,310.8,1193,20.8,41,0
5842,M15841,M,297.6,306.8,1272,29.2,203,0
5843,M15842,H,297.0,306.3,1835,50.3,96,0
5844,M15843,M,295.8,310.2,1808,46.9,175,0
5845,M15844,L,301.4,312.5,1674,31.6,76,0
5846,M15845,L,298.9,309.8,1339,29.8,201,0
5847,M15846,M,305.9,315.2,1809,15.7,27,0
5848,M15847,M,298.0,309.6,1620,54.6,158,0
5849,M15848,L,298.2,309.3,1656,40.4,204,0
5850,M15849,L,298.9,310.8,1619,58.6,167,0
5851,M15850,M,300.5,312.3,1269,38.1,176,0
5852,M15851,L,299.1,307.6,1325,42.8,133,0
5853,M15852,L,301.2,310.1,1448,48.8,141,1
5854,M15853,H,298.0,307.0,1654,56.2,17,0
5855,M15854,H,297.2,306.3,1292,45.0,63,0
5856,M15855,M,296.4,306.7,1508,40.0,183,0
5857,M15856,L,295.6,305.0,1507,40.3,239,0
5858,M15857,L,299.0,311.0,1681,29.6,137,0
5859,M15858,L,299.4,311.3,1660,36.2,184,0
5860,M15859,L,298.7,308.7,1358,40.5,173,0
5861,M15860,L,302.5,314.4,1798,53.7,253,0
5862,M15861,L,302.5,313.9,1331,35.7,201,0
5863,M15862,M,299.3,308.9,1735,50.5,159,0
5864,M15863,M,296.4,304.4,1441,39.2,29,0
5865,M15864,L,298.9,308.6,1568,52.3,92,0
5866,M15865,L,298.8,308.2,1579,46.7,63,0
5867,M15866,M,298.7,308.9,1574,46.0,216,0
5868,M15867,L,298.6,308.7,1660,49.7,113,0
5869,M15868,L,298.7,308.8,1609,48.2,135,0
5870,M15869,L,299.2,309.8,1679,50.5,244,0
5871,M15870,M,298.7,307.5,1622,61.1,212,0
5872,M15871,M,300.4,310.8,1313,56.0,200,0
5873,M15872,M,300.7,310.3,1587,44.6,36,0
5874,M15873,L,298.2,308.4,1438,35.6,6,0
5875,M15874,M,302.5,313.5,1340,43.6,32,0
5876,M15875,L,298.0,306.8,1487,20.9,187,0
5877,M15876,L,296.8,306.5,1572,48.2,104,0
5878,M15877,M,300.8,310.6,1584,29.5,30,0
5879,M15878,M,298.4,307.9,1728,51.1,187,0
5880,M15879,L,300.6,311.5,1773,59.6,49,0
5881,M15880,L,295.2,304.5,1599,25.6,149,0
5882,M15881,L,302.8,312.2,1632,39.5,188,0
5883,M15882,M,301.3,310.6,1556,29.5,154,0
5884,M15883,M,297.0,308.1,1676,22.9,251,0
5885,M15884,L,297.0,306.6,1626,38.9,110,0
5886,M15885,M,303.3,313.8,1529,46.3,79,0
5887,M15886,M,298.5,310.5,1924,47.5,51,1
5888,M15887,L,298.3,308.3,1441,41.5,127,0
5889,M15888,L,295.5,306.6,1799,23.5,216,0
5890,M15889,H,299.3,311.0,1297,41.2,240,0
5891,M15890,M,299.5,310.6,1685,25.2,246,0
5892,M15891,L,301.4,311.4,1796,25.9,134,0
5893,M15892,M,297.2,307.8,1198,30.1,153,0
5894,M15893,H,297.0,305.7,1564,50.4,147,0
5895,M15894,L,300.9,310.1,1667,45.4,118,0
5896,M15895,M,302.0,311.4,1584,43.2,39,0
5897,M15896,L,296.9,309.1,1607,31.5,17,0
5898,M15897,L,302.2,311.4,1563,36.2,110,0
5899,M15898,M,300.1,309.2,1343,26.4,47,0
5900,M15899,L,302.2,311.1,1963,53.5,224,0
5901,M15900,H,299.9,310.4,1449,61.8,193,0
5902,M15901,M,295.0,305.1,1617,45.5,156,0
5903,M15902,L,299.7,310.8,1423,47.2,12,0
5904,M15903,M,302.1,312.8,1132,38.4,157,0
5905,M15904,M,298.2,306.8,1374,24.0,157,0
5906,M15905,L,299.2,308.4,1280,31.6,111,0
5907,M15906,L,299.6,311.0,1734,35.4,166,0
5908,M15907,L,294.2,304.0,1430,36.2,217,0
5909,M15908,L,303.3,314.5,1447,33.9,192,0
5910,M15909,M,298.2,308.0,1348,40.5,120,0
5911,M15910,L,301.0,310.0,1556,31.6,66,1
5912,M15911,L,299.8,309.5,1411,61.5,121,0
5913,M15912,L,302.5,311.5,1717,26.5,239,0
5914,M15913,L,300.8,310.2,1593,48.8,207,0
5915,M15914,M,299.5,309.7,1437,37.4,7,0
5916,M15915,L,298.2,308.7,1691,44.6,198,0
5917,M15916,L,301.6,310.0,1540,45.0,43,0
5918,M15917,L,296.3,306.2,1543,41.6,144,0
5919,M15918,M,301.3,310.7,1277,28.8,204,0
5920,M15919,M,297.8,307.2,1526,36.7,142,0
5921,M15920,H,302.5,312.6,1597,41.7,102,0
5922,M15921,M,300.3,309.8,1778,41.1,81,0
5923,M15922,H,301.3,312.7,1404,29.9,77,0
5924,M15923,M,300.2,311.4,1947,52.8,212,0
5925,M15924,M,296.5,307.7,1639,15.3,209,0
5926,M15925,H,298.3,307.8,1267,37.5,208,0
5927,M15926,L,301.3,310.4,1388,30.9,72,0
5928,M15927,H,300.3,310.4,1793,41.8,202,0
5929,M15928,L,302.4,312.2,1762,50.1,9,0
5930,M15929,M,300.8,310.2,1542,26.1,52,0
5931,M15930,M,298.1,306.9,1566,63.3,130,0
5932,M15931,L,298.4,308.4,1331,42.0,103,0
5933,M15932,H,300.2,309.8,1776,43.8,28,0
5934,M15933,H,295.4,306.1,1362,25.7,11,0
5935,M15934,M,303.3,314.0,1690,39.5,155,0
5936,M15935,L,300.9,312.0,1781,49.6,79,0
5937,M15936,M,302.5,311.2,1548,42.1,4,0
5938,M15937,L,296.8,307.2,1712,41.4,109,0
5939,M15938,H,302.5,311.8,1870,39.5,78,0
5940,M15939,L,304.5,313.2,1587,26.4,146,0
5941,M15940,M,297.4,306.9,1508,26.3,235,0
5942,M15941,M,301.5,312.6,1527,51.6,78,0
5943,M15942,L,300.0,309.6,1406,48.7,252,1
5944,M15943,M,296.9,308.5,1402,50.2,22,0
5945,M15944,L,301.0,311.5,1618,31.9,22,0
5946,M15945,L,301.7,311.3,1510,38.4,180,0
5947,M15946,H,298.8,310.0,1598,52.2,189,0
5948,M15947,L,302.3,312.8,1272,27.8,107,0
5949,M15948,L,296.7,305.7,1522,51.2,72,0
5950,M15949,L,297.0,308.9,1723,34.2,201,0
5951,M15950,L,300.3,310.5,1339,31.5,242,0
5952,M15951,M,300.1,310.1,1542,39.7,250,0
5953,M15952,L,298.6,307.7,1207,28.9,161,0
5954,M15953,L,301.6,312.8,1305,21.2,187,0
5955,M15954,H,301.1,311.6,1684,40.8,208,0
5956,M15955,M,301.7,312.3,1484,45.3,202,0
5957,M15956,L,299.8,309.2,1865,52.0,251,0
5958,M15957,H,301.2,312.0,1616,46.0,205,0
5959,M15958,H,299.1,310.0,1634,59.5,168,0
5960,M15959,L,304.1,313.4,1346,53.5,95,0
5961,M15960,H,298.4,307.0,1470,47.3,151,0
5962,M15961,M,304.2,314.8,1408,44.6,223,0
5963,M15962,H,300.1,308.5,1348,52.2,77,0
5964,M15963,H,297.2,307.4,1658,18.1,8,0
5965,M15964,M,302.7,312.3,1694,35.2,83,0
5966,M15965,L,300.3,311.5,1610,21.6,243,0
5967,M15966,H,301.7,311.3,1391,46.6,201,0
5968,M15967,M,302.4,313.6,1598,32.6,47,0
5969,M15968,L,300.7,310.2,1197,69.9,3,0
5970,M15969,L,298.8,309.8,1776,34.9,169,0
5971,M15970,L,302.0,314.0,1307,41.1,146,0
5972,M15971,H,300.0,308.9,1338,36.0,21,0
5973,M15972,H,301.4,311.7,1560,35.2,244,0
5974,M15973,L,295.7,308.4,1576,27.7,156,0
5975,M15974,L,300.9,311.0,1526,27.3,165,0
5976,M15975,L,298.7,308.8,1340,18.4,216,0
5977,M15976,M,303.3,314.1,1742,45.4,85,0
5978,M15977,H,301.2,311.3,1237,35.8,141,0
5979,M15978,M,300.5,308.8,1273,59.1,146,0
5980,M15979,M,301.0,312.1,1520,27.7,245,0
5981,M15980,L,298.0,306.0,1313,54.6,33,0
5982,M15981,L,303.2,312.8,1758,55.6,192,0
5983,M15982,L,304.0,315.2,1328,52.6,146,0
5984,M15983,L,300.8,310.4,1818,42.3,214,0
5985,M15984,L,303.2,312.5,1724,36.7,210,0
5986,M15985,L,298.9,309.7,1760,52.6,3,0
5987,M15986,H,298.4,307.6,1877,32.2,65,0
5988,M15987,H,300.1,308.9,1554,42.7,46,0
5989,M15988,M,300.9,311.1,1358,39.6,117,0
5990,M15989,M,299.2,309.0,1521,31.2,229,0
5991,M15990,H,301.1,309.8,1438,42.8,1,0
5992,M15991,H,300.6,311.2,1412,47.3,124,0
5993,M15992,L,298.0,308.5,1566,30.8,224,0
5994,M15993,L,301.0,310.7,1483,44.6,234,0
5995,M15994,M,301.7,311.4,1404,17.9,166,0
5996,M15995,M,300.3,310.8,1495,29.6,210,0
5997,M15996,H,302.3,313.5,1637,35.5,82,0
5998,M15997,L,297.6,307.3,1710,43.5,72,0
5999,M15998,L,300.9,311.6,1252,48.6,12,0
6000,M15999,M,297.7,308.2,1485,40.8,127,0
6001,M16000,L,297.8,308.7,1514,45.6,115,0
6002,M16001,L,298.7,308.8,1327,38.4,94,0
6003,M16002,L,298.1,307.2,1518,44.0,29,0
6004,M16003,L,298.9,308.4,1565,43.5,58,0
6005,M16004,L,299.6,309.9,1632,35.0,52,0
6006,M16005,M,301.7,313.5,1553,36.5,239,0
6007,M16006,M,299.4,308.9,1381,45.9,245,0
6008,M16007,M,296.8,307.6,1899,57.9,1,0
6009,M16008,L,302.3,312.0,1687,51.9,43,0
6010,M16009,L,298.3,308.4,1638,28.8,225,0
6011,M16010,L,299.9,311.4,1719,28.9,10,0
6012,M16011,H,300.9,311.7,1583,34.7,239,0
6013,M16012,L,300.4,309.2,1769,41.0,96,0
6014,M16013,L,302.2,311.6,1549,40.5,136,0
6015,M16014,M,301.0,312.2,1539,52.3,193,0
6016,M16015,L,298.3,308.4,1653,52.8,62,0
6017,M16016,H,304.4,313.2,1821,40.1,25,0
6018,M16017,H,300.4,309.6,1810,37.7,205,0
6019,M16018,H,299.7,310.4,1645,45.1,249,0
6020,M16019,M,301.9,312.9,1631,50.5,167,0
6021,M16020,L,300.5,310.5,1664,45.5,209,0
6022,M16021,L,300.8,313.3,1715,35.7,238,0
6023,M16022,L,305.0,315.8,1771,33.9,58,0
6024,M16023,H,299.4,309.2,1497,29.0,89,0
6025,M16024,M,299.4,308.5,1775,41.9,55,0
6026,M16025,H,300.2,309.3,1600,46.2,16,0
6027,M16026,M,302.1,312.5,1656,47.3,185,0
6028,M16027,L,297.0,306.5,1786,51.4,37,0
6029,M16028,L,296.1,307.7,1673,54.7,23,0
6030,M16029,L,298.8,310.3,1703,26.4,90,0
6031,M16030,L,296.7,307.4,1469,44.0,15,0
6032,M16031,M,299.2,308.0,1807,44.3,45,0
6033,M16032,L,301.0,310.3,1664,39.3,18,0
6034,M16033,M,298.2,309.5,1562,31.8,222,0
6035,M16034,M,297.1,306.6,1736,54.3,197,0
6036,M16035,M,300.1,311.3,2002,34.2,217,0
6037,M16036,H,301.7,312.2,1330,18.3,220,0
6038,M16037,M,296.6,306.7,1395,40.2,239,0
6039,M16038,M,301.6,310.9,2020,37.6,47,0
6040,M16039,L,301.6,311.5,1615,58.4,228,0
6041,M16040,H,301.9,312.1,1573,44.8,133,0
6042,M16041,L,302.4,313.5,1518,37.0,42,0
6043,M16042,L,304.4,313.5,1755,38.1,166,0
6044,M16043,H,299.3,309.0,2006,37.9,83,0
6045,M16044,L,300.2,310.3,1420,61.9,12,0
6046,M16045,L,299.2,309.8,1522,46.7,20,0
6047,M16046,L,300.0,309.1,1476,26.1,107,0
6048,M16047,L,303.1,311.7,1670,37.6,209,0
6049,M16048,M,297.3,308.0,1758,39.8,79,0
6050,M16049,L,298.3,306.8,1829,29.0,194,0
6051,M16050,L,302.8,314.0,1676,22.3,14,0
6052,M16051,H,302.0,311.9,1990,45.9,100,0
6053,M16052,L,299.3,307.7,1436,32.0,32,0
6054,M16053,L,301.7,311.2,1390,52.4,218,0
6055,M16054,L,300.7,311.1,1802,40.1,245,0
6056,M16055,L,303.0,312.5,1561,35.3,82,0
6057,M16056,L,300.1,310.2,1293,16.1,250,0
6058,M16057,H,302.1,312.8,1482,52.1,190,0
6059,M16058,L,305.3,315.1,1585,42.9,0,0
6060,M16059,L,301.2,310.3,1423,35.6,123,0
6061,M16060,M,300.1,309.8,1357,31.2,211,0
6062,M16061,L,301.4,312.9,1502,55.8,135,0
6063,M16062,L,299.3,311.0,1348,29.5,139,0
6064,M16063,L,304.8,312.8,1653,36.4,113,0
6065,M16064,L,300.4,311.5,1191,45.6,100,0
6066,M16065,L,299.5,309.7,1555,54.4,7,0
6067,M16066,M,298.3,309.3,1632,37.9,157,0
6068,M16067,L,302.2,311.6,1523,32.7,194,0
6069,M16068,M,301.7,310.0,1735,38.9,200,0
6070,M16069,H,299.0,309.6,1294,49.0,158,0
6071,M16070,M,301.2,310.2,1414,51.2,86,0
6072,M16071,H,297.0,305.6,1480,26.4,6,0
6073,M16072,L,300.4,309.1,1667,41.1,227,0
6074,M16073,H,300.9,311.5,1578,25.8,109,1
6075,M16074,L,303.4,313.6,1923,48.8,152,0
6076,M16075,L,298.5,309.2,1395,44.2,49,0
6077,M16076,L,297.4,308.1,1289,30.9,36,0
6078,M16077,M,298.2,307.8,1859,55.2,22,0
6079,M16078,H,297.3,307.3,1283,43.3,202,0
6080,M16079,M,302.7,312.2,1661,42.2,164,0
6081,M16080,L,303.1,312.9,1364,38.2,157,0
6082,M16081,L,300.6,309.7,1169,39.9,233,0
6083,M16082,L,302.4,312.8,1472,36.2,40,0
6084,M16083,L,300.3,311.3,1700,32.7,43,0
6085,M16084,L,299.8,309.0,1320,52.2,48,0
6086,M16085,H,299.3,310.6,1642,35.1,107,0
6087,M16086,L,299.4,309.5,1676,34.8,221,0
6088,M16087,M,296.9,307.1,1311,38.7,223,0
6089,M16088,L,300.5,308.8,1498,54.1,149,0
6090,M16089,H,299.9,308.1,1821,51.2,167,0
6091,M16090,M,301.5,311.6,1655,36.1,227,0
6092,M16091,L,300.2,311.0,1492,52.1,158,0
6093,M16092,M,299.7,309.0,1613,41.1,58,0
6094,M16093,L,298.3,309.9,1416,31.7,178,0
6095,M16094,L,300.1,310.9,1738,35.3,195,0
6096,M16095,L,301.5,310.6,1738,53.6,161,0
6097,M16096,H,297.7,307.7,1561,60.6,69,0
6098,M16097,H,300.2,312.7,1580,43.2,101,0
6099,M16098,M,300.5,309.2,1360,34.4,119,0
6100,M16099,M,298.6,309.1,1297,38.8,37,0
6101,M16100,M,298.8,308.5,1472,32.5,114,0
6102,M16101,H,300.5,311.2,1523,33.9,41,0
6103,M16102,L,297.7,309.0,1729,32.9,126,0
6104,M16103,L,300.7,310.3,1704,39.2,13,0
6105,M16104,L,298.2,309.3,1572,41.2,240,0
6106,M16105,L,302.1,314.3,1752,38.5,62,0
6107,M16106,H,304.7,314.7,1370,37.8,118,0
6108,M16107,L,298.3,309.1,1732,47.5,8,0
6109,M16108,L,301.1,310.5,1398,37.7,49,0
6110,M16109,H,298.5,308.6,1761,38.4,175,0
6111,M16110,M,302.1,311.9,1537,38.3,28,0
6112,M16111,M,297.5,308.3,1181,55.3,159,0
6113,M16112,L,301.0,312.2,1670,35.1,1,0
6114,M16113,M,298.3,308.1,1684,45.9,118,0
6115,M16114,L,299.6,311.1,1457,32.6,182,0
6116,M16115,M,297.9,309.5,1473,43.5,234,0
6117,M16116,L,301.6,312.5,1510,45.4,125,0
6118,M16117,L,298.3,307.8,1194,50.7,213,0
6119,M16118,L,301.1,310.5,1116,36.2,203,0
6120,M16119,M,299.3,308.5,1772,29.0,75,0
6121,M16120,H,299.8,310.7,1391,32.2,221,0
6122,M16121,L,300.3,309.1,1871,49.5,162,0
6123,M16122,L,298.5,309.2,1784,60.6,26,0
6124,M16123,H,300.4,309.3,1820,48.3,238,0
6125,M16124,L,303.1,313.9,1423,27.5,45,0
6126,M16125,L,298.4,308.5,1251,47.9,119,0
6127,M16126,L,302.3,313.7,1344,30.7,118,0
6128,M16127,L,303.0,314.1,1459,36.5,158,0
6129,M16128,L,298.4,309.8,1114,41.9,168,0
6130,M16129,L,297.1,308.6,1454,43.5,59,0
6131,M16130,H,300.6,310.7,1503,40.6,89,0
6132,M16131,L,298.9,307.7,1307,34.0,37,0
6133,M16132,L,303.7,312.7,1353,50.5,32,0
6134,M16133,M,300.1,308.0,1500,34.8,209,0
6135,M16134,M,298.4,307.3,1603,52.4,190,0
6136,M16135,H,297.7,307.8,1380,26.5,112,0
6137,M16136,H,302.2,311.6,1591,42.1,24,0
6138,M16137,M,298.9,308.7,1563,27.9,114,1
6139,M16138,M,300.1,310.6,1547,31.7,74,0
6140,M16139,L,301.9,311.6,1422,34.9,197,0
6141,M16140,L,299.0,307.9,1300,55.1,24,0
6142,M16141,L,299.9,309.9,1843,52.9,114,0
6143,M16142,M,300.0,309.1,1652,48.7,150,0
6144,M16143,L,301.4,311.1,1719,40.3,249,0
6145,M16144,L,301.2,312.5,1524,41.9,23,0
6146,M16145,L,299.6,309.3,1510,52.5,29,0
6147,M16146,M,300.1,311.9,1627,46.9,250,0
6148,M16147,L,299.3,310.7,1211,40.2,103,0
6149,M16148,M,297.0,306.5,1339,54.7,188,0
6150,M16149,H,300.5,309.4,1396,48.1,198,0
6151,M16150,L,303.8,313.7,1458,42.4,80,0
6152,M16151,M,298.2,309.4,1382,35.5,54,0
6153,M16152,L,298.5,308.0,1599,34.6,70,0
6154,M16153,M,298.3,309.2,1554,36.7,193,0
6155,M16154,L,301.4,312.7,1788,44.5,213,0
6156,M16155,H,300.9,310.1,1982,48.3,177,0
6157,M16156,H,299.7,309.0,1313,25.7,112,0
6158,M16157,L,298.2,308.9,1565,20.7,66,0
6159,M16158,L,300.2,310.3,1565,30.6,108,0
6160,M16159,M,296.9,306.2,1536,36.0,231,0
6161,M16160,M,300.3,309.9,1345,51.8,218,0
6162,M16161,H,301.7,311.7,1375,37.2,82,0
6163,M16162,H,297.5,305.9,1582,42.5,83,0
6164,M16163,H,296.9,307.7,1370,44.1,197,0
6165,M16164,M,303.2,312.7,1568,29.9,108,0
6166,M16165,L,298.8,306.0,1495,54.5,145,0
6167,M16166,H,302.3,312.2,1564,33.4,107,0
6168,M16167,L,299.7,309.0,1368,55.4,61,0
6169,M16168,L,299.7,311.4,1567,38.8,48,0
6170,M16169,L,300.9,310.3,1381,36.7,35,0
6171,M16170,L,298.2,307.1,1568,29.0,3,0
6172,M16171,L,300.3,310.8,1779,42.0,71,0
6173,M16172,M,299.2,308.6,1586,62.3,43,0
6174,M16173,M,297.4,306.6,1597,44.1,65,0
6175,M16174,L,300.7,311.2,1685,42.7,19,0
6176,M16175,H,299.5,308.4,1288,33.4,86,0
6177,M16176,M,299.7,308.2,1847,45.9,132,0
6178,M16177,L,297.6,309.3,1350,41.6,239,0
6179,M16178,L,303.2,313.8,1696,39.4,88,0
6180,M16179,M,301.8,311.5,1673,44.9,8,0
6181,M16180,M,301.9,311.9,1378,22.0,92,0
6182,M16181,L,299.4,309.9,1720,39.0,207,0
6183,M16182,L,296.5,307.5,1628,28.1,86,0
6184,M16183,L,303.9,313.1,1877,40.3,74,0
6185,M16184,H,299.9,310.2,1574,32.8,233,0
6186,M16185,L,298.5,308.0,1520,33.5,75,0
6187,M16186,L,300.8,310.6,1447,26.8,245,0
6188,M16187,M,302.3,312.5,1227,51.0,211,0
6189,M16188,L,300.0,309.9,1482,33.3,173,0
6190,M16189,M,302.6,313.3,1490,33.8,151,0
6191,M16190,M,302.2,312.7,1586,55.2,57,0
6192,M16191,L,297.8,306.3,1284,45.6,185,0
6193,M16192,L,298.7,307.3,1496,19.9,88,0
6194,M16193,L,301.9,311.5,1642,53.7,123,0
6195,M16194,H,294.6,306.4,1660,56.3,26,0
6196,M16195,M,299.7,308.8,1206,55.4,75,0
6197,M16196,H,297.1,306.9,1665,46.6,134,0
6198,M16197,H,299.0,308.5,1495,29.1,118,0
6199,M16198,M,299.4,308.8,1506,39.5,87,0
6200,M16199,M,299.3,309.5,1116,25.7,119,0
6201,M16200,H,298.9,310.3,1806,31.4,188,0
6202,M16201,M,297.8,308.3,1571,29.0,116,0
6203,M16202,L,304.6,313.8,1265,33.8,128,0
6204,M16203,L,303.7,316.5,1606,41.6,177,0
6205,M16204,L,297.7,307.8,1601,35.6,213,0
6206,M16205,L,303.2,312.6,1758,35.2,133,0
6207,M16206,L,299.2,310.6,1484,37.1,240,0
6208,M16207,L,300.3,309.8,1541,54.8,89,0
6209,M16208,M,299.9,311.5,1424,61.4,64,0
6210,M16209,H,298.7,307.8,1646,35.5,175,0
6211,M16210,L,302.0,313.4,1399,43.3,44,0
6212,M16211,L,300.3,310.5,1379,31.7,228,0
6213,M16212,H,299.0,310.3,1527,47.6,98,0
6214,M16213,M,297.4,309.3,1320,35.3,177,0
6215,M16214,M,298.2,307.1,1826,33.0,144,0
6216,M16215,M,296.7,308.0,1884,59.8,14,0
6217,M16216,M,300.0,308.6,1458,26.6,179,0
6218,M16217,H,297.6,306.6,1291,15.7,200,0
6219,M16218,H,299.5,308.7,1599,47.3,249,0
6220,M16219,M,302.7,313.2,1453,36.4,105,0
6221,M16220,L,302.4,312.4,1749,33.6,127,0
6222,M16221,L,299.9,309.8,1398,67.0,221,0
6223,M16222,M,299.8,310.0,1636,47.2,68,0
6224,M16223,L,303.8,314.4,1559,39.4,48,0
6225,M16224,H,301.0,311.7,1418,33.0,34,0
6226,M16225,L,299.3,310.4,1582,44.4,247,0
6227,M16226,H,297.1,309.0,1696,22.8,68,0
6228,M16227,M,300.8,310.8,1555,34.9,192,0
6229,M16228,L,301.7,311.1,1556,39.6,114,0
6230,M16229,L,298.7,309.4,1383,42.1,61,0
6231,M16230,L,300.6,309.4,1744,38.6,231,0
6232,M16231,L,299.3,308.6,1726,33.1,117,0
6233,M16232,M,299.6,310.6,1466,49.1,143,0
6234,M16233,H,295.0,304.9,1517,23.6,56,0
6235,M16234,M,299.6,308.3,1792,37.2,82,0
6236,M16235,H,301.9,310.4,1336,34.9,189,0
6237,M16236,H,298.7,308.8,1647,50.0,87,0
6238,M16237,L,300.1,311.2,1439,35.5,128,0
6239,M16238,M,298.5,309.6,1857,44.3,29,0
6240,M16239,L,300.7,310.8,1550,43.3,215,0
6241,M16240,L,299.6,311.6,1765,21.8,187,0
6242,M16241,L,298.1,308.0,1403,39.4,192,0
6243,M16242,L,302.7,312.5,1316,22.7,45,0
6244,M16243,M,301.9,309.3,1497,43.5,125,0
6245,M16244,L,298.8,308.3,1586,32.8,7,0
6246,M16245,L,301.0,311.8,1448,51.7,80,0
6247,M16246,H,301.1,312.6,1675,38.2,88,0
6248,M16247,L,301.3,310.5,1501,32.4,231,0
6249,M16248,M,296.6,307.1,1166,51.9,251,0
6250,M16249,H,302.0,313.1,1638,31.4,156,0
6251,M16250,M,298.9,308.9,1381,48.9,131,0
6252,M16251,M,299.3,307.0,1474,44.6,111,0
6253,M16252,L,305.3,315.5,1817,36.4,5,0
6254,M16253,M,300.6,311.4,1856,26.8,202,0
6255,M16254,L,299.2,308.3,1436,52.3,170,0
6256,M16255,M,295.6,305.3,1642,45.0,164,0
6257,M16256,H,302.8,311.6,1440,32.4,205,0
6258,M16257,L,297.3,304.7,1488,42.4,235,0
6259,M16258,M,298.0,309.0,1431,50.0,99,0
6260,M16259,H,299.3,309.3,1230,41.1,108,0
6261,M16260,M,302.8,314.4,1556,42.4,247,0
6262,M16261,L,301.5,312.4,1591,50.2,168,0
6263,M16262,H,299.7,309.3,1419,55.2,215,0
6264,M16263,H,300.6,310.5,1734,38.8,56,0
6265,M16264,L,298.8,309.4,1461,26.8,80,0
6266,M16265,L,300.3,311.2,1425,27.1,99,0
6267,M16266,H,300.1,310.5,1633,33.2,80,0
6268,M16267,L,301.9,313.0,1263,30.7,224,0
6269,M16268,H,301.9,311.6,1701,23.3,129,0
6270,M16269,L,301.0,310.0,1467,58.3,241,0
6271,M16270,L,299.3,309.2,1716,45.2,81,0
6272,M16271,L,301.5,311.7,1770,34.8,9,0
6273,M16272,L,299.8,308.6,1654,39.7,35,0
6274,M16273,L,297.8,306.5,1394,22.3,55,0
6275,M16274,L,299.2,309.6,1315,51.5,162,0
6276,M16275,L,300.2,309.8,1282,20.7,46,0
6277,M16276,L,301.8,311.7,1736,45.0,97,0
6278,M16277,L,299.6,309.3,1515,21.8,201,0
6279,M16278,L,297.6,309.1,1432,35.9,32,0
6280,M16279,H,300.1,311.4,1515,52.3,20,0
6281,M16280,L,300.2,309.0,1732,23.8,137,0
6282,M16281,M,300.4,309.8,1678,38.5,177,0
6283,M16282,L,301.8,312.7,1617,46.2,230,0
6284,M16283,L,302.0,312.6,1653,44.6,167,0
6285,M16284,L,298.8,308.8,1571,40.7,239,0
6286,M16285,L,298.8,307.6,1593,44.9,62,0
6287,M16286,M,297.9,307.2,1579,34.0,86,0
6288,M16287,H,301.4,310.9,1539,59.1,212,1
6289,M16288,M,302.9,313.2,1674,24.1,205,0
6290,M16289,L,299.4,311.1,1604,51.5,168,0
6291,M16290,L,299.5,308.8,1381,41.9,128,0
6292,M16291,H,302.9,311.9,1634,46.1,4,0
6293,M16292,L,301.0,310.9,1583,47.9,71,0
6294,M16293,M,300.9,311.9,1648,45.5,40,0
6295,M16294,L,297.6,306.2,1520,32.0,13,0
6296,M16295,L,301.4,312.8,1684,37.2,196,0
6297,M16296,L,298.1,308.0,1528,25.6,33,0
6298,M16297,H,297.7,307.0,1669,37.0,90,0
6299,M16298,M,299.3,307.7,1457,43.2,247,0
6300,M16299,L,298.8,309.5,1470,46.0,104,0
6301,M16300,L,299.6,309.4,1647,43.9,36,0
6302,M16301,L,297.1,307.3,1480,22.6,175,0
6303,M16302,L,301.9,311.0,1934,34.4,205,0
6304,M16303,L,302.3,311.9,1640,33.4,71,0
6305,M16304,H,296.1,305.6,1543,27.0,205,0
6306,M16305,M,302.0,311.9,1686,31.7,69,0
6307,M16306,H,298.4,307.7,1453,40.0,175,0
6308,M16307,M,301.7,310.2,1704,54.0,32,0
6309,M16308,M,299.9,312.6,1699,30.6,108,0
6310,M16309,M,300.1,308.7,1763,28.8,132,0
6311,M16310,L,299.6,309.8,1460,34.1,183,0
6312,M16311,L,302.4,310.7,1320,43.3,164,0
6313,M16312,M,297.5,305.5,1430,52.1,216,0
6314,M16313,L,301.2,311.3,1489,39.1,47,0
6315,M16314,L,302.2,312.4,1837,25.7,167,0
6316,M16315,L,301.4,312.7,1932,27.8,32,0
6317,M16316,H,304.6,315.0,1601,41.9,121,0
6318,M16317,H,298.9,308.8,1541,49.9,133,0
6319,M16318,M,301.9,311.0,1476,58.0,7,0
6320,M16319,H,299.8,311.3,1687,28.3,18,0
6321,M16320,H,302.5,313.4,1931,41.4,212,0
6322,M16321,L,300.0,308.7,1859,29.8,73,0
6323,M16322,L,299.2,309.3,1743,31.1,88,0
6324,M16323,M,302.6,312.8,1740,30.3,162,0
6325,M16324,L,299.0,308.7,1688,36.7,56,0
6326,M16325,L,297.2,307.9,1531,31.3,49,0
6327,M16326,M,299.0,309.8,1407,64.5,107,0
6328,M16327,L,301.2,311.0,1535,35.4,15,0
6329,M16328,H,302.8,312.5,1615,49.8,232,0
6330,M16329,L,300.2,311.7,1279,33.5,238,0
6331,M16330,L,302.6,313.6,1512,62.1,113,0
6332,M16331,L,297.3,307.4,1391,43.4,53,0
6333,M16332,M,299.1,307.5,1720,48.3,119,0
6334,M16333,L,299.4,309.8,1441,34.1,25,0
6335,M16334,L,299.8,310.5,1598,49.7,101,0
6336,M16335,M,300.2,307.4,1414,43.3,19,0
6337,M16336,L,301.4,311.6,1825,36.2,179,0
6338,M16337,H,299.1,308.7,1235,29.3,70,0
6339,M16338,M,300.3,310.1,1624,37.6,132,0
6340,M16339,H,299.9,309.0,1310,36.8,3,0
6341,M16340,L,298.1,308.0,1448,48.6,133,0
6342,M16341,L,299.8,311.2,1576,37.7,1,0
6343,M16342,M,299.7,309.3,1585,21.0,234,0
6344,M16343,M,299.7,310.6,1580,46.4,127,0
6345,M16344,L,300.1,309.3,1566,52.8,25,0
6346,M16345,M,300.2,310.9,1424,23.5,86,0
6347,M16346,L,299.1,309.1,1510,57.9,12,0
6348,M16347,H,302.5,312.9,1545,53.8,134,0
6349,M16348,M,297.7,307.7,1574,33.8,31,0
6350,M16349,L,298.6,309.2,1527,28.9,120,0
6351,M16350,L,305.6,313.0,1670,50.4,77,0
6352,M16351,H,297.9,306.5,1556,26.4,193,0
6353,M16352,H,297.3,307.7,1575,33.4,122,0
6354,M16353,L,301.5,309.4,1471,27.0,215,0
6355,M16354,L,295.8,305.3,1351,40.1,238,0
6356,M16355,L,299.5,309.5,1567,54.5,245,0
6357,M16356,M,304.3,313.5,1755,43.7,66,0
6358,M16357,M,296.9,306.2,1618,50.1,194,0
6359,M16358,H,296.0,306.3,1393,36.5,111,0
6360,M16359,M,297.0,308.0,1685,41.0,108,0
6361,M16360,L,301.8,310.8,1479,27.9,220,0
6362,M16361,L,302.2,311.7,1667,39.0,37,0
6363,M16362,M,299.0,308.2,1473,32.6,121,0
6364,M16363,L,301.4,308.9,1602,38.4,150,0
6365,M16364,H,302.8,312.9,1446,37.7,17,0
6366,M16365,L,303.6,314.5,1451,36.9,219,0
6367,M16366,L,299.5,310.5,1259,60.9,80,0
6368,M16367,L,295.4,304.5,1631,57.5,166,0
6369,M16368,L,298.4,307.1,1605,54.0,235,0
6370,M16369,L,299.1,309.2,1615,57.8,182,0
6371,M16370,L,299.5,310.3,1588,54.1,224,0
6372,M16371,L,299.6,309.8,1403,39.8,18,0
6373,M16372,L,302.2,312.5,1712,38.8,125,0
6374,M16373,L,302.5,313.7,1717,42.3,143,0
6375,M16374,L,299.7,308.9,1398,37.9,174,0
6376,M16375,L,302.2,312.0,1634,29.7,30,0
6377,M16376,H,300.7,312.3,1696,42.9,166,0
6378,M16377,M,300.1,309.9,1455,24.5,37,0
6379,M16378,H,301.8,310.5,1486,41.4,17,0
6380,M16379,H,300.1,309.5,1635,30.2,119,0
6381,M16380,L,304.1,313.2,1269,39.2,152,0
6382,M16381,M,297.1,307.5,1344,41.9,242,0
6383,M16382,L,299.0,308.1,1362,36.5,177,0
6384,M16383,H,299.7,310.0,1217,23.8,150,0
6385,M16384,L,300.9,310.1,1733,28.2,54,0
6386,M16385,L,302.5,310.4,1183,44.5,38,0
6387,M16386,H,300.0,310.3,1600,34.5,154,0
6388,M16387,H,297.2,307.3,1684,45.6,56,0
6389,M16388,L,301.7,312.2,1486,40.1,179,0
6390,M16389,L,301.5,310.8,1419,38.0,29,0
6391,M16390,H,296.1,305.3,1581,43.4,86,0
6392,M16391,L,300.0,310.4,1539,33.3,196,0
6393,M16392,H,296.8,308.3,1719,44.0,210,0
6394,M16393,H,298.7,308.7,1068,35.8,87,0
6395,M16394,L,298.2,308.6,1375,65.1,52,0
6396,M16395,L,301.6,311.3,1640,28.8,242,0
6397,M16396,L,300.2,308.7,1548,36.5,193,0
6398,M16397,L,297.4,308.4,1674,36.9,204,0
6399,M16398,M,301.8,312.7,1586,26.6,56,0
6400,M16399,M,297.1,307.8,1515,47.2,107,0
6401,M16400,L,300.7,310.5,1485,35.8,17,0
6402,M16401,L,298.4,309.0,1955,16.4,28,0
6403,M16402,L,299.3,310.2,1814,46.9,56,0
6404,M16403,L,301.0,312.6,1628,33.7,77,0
6405,M16404,M,301.0,312.0,1553,39.0,252,0
6406,M16405,H,302.7,312.7,1635,46.7,107,0
6407,M16406,L,299.8,308.5,1687,36.4,177,0
6408,M16407,H,300.6,310.8,1614,36.3,229,0
6409,M16408,L,299.1,309.4,1405,64.4,62,1
6410,M16409,H,300.4,311.1,1858,18.7,37,0
6411,M16410,L,300.9,312.2,1583,27.3,62,0
6412,M16411,H,299.8,309.7,1899,29.2,223,0
6413,M16412,H,296.4,308.5,1572,57.7,168,0
6414,M16413,M,300.7,308.9,1495,33.6,114,0
6415,M16414,L,300.7,311.1,1787,42.4,208,0
6416,M16415,L,298.6,307.8,1593,35.3,60,0
6417,M16416,M,297.4,305.5,1563,46.0,61,0
6418,M16417,L,303.0,312.7,1324,39.9,144,0
6419,M16418,M,301.0,309.5,1657,42.5,200,0
6420,M16419,M,299.5,309.4,1451,52.7,66,0
6421,M16420,L,297.7,307.8,1459,44.4,53,0
6422,M16421,L,298.4,309.5,1451,32.7,120,0
6423,M16422,L,302.6,311.1,1618,43.1,34,0
6424,M16423,M,300.3,311.2,1264,63.9,189,0
6425,M16424,L,298.9,309.0,1501,45.6,146,0
6426,M16425,L,301.0,312.0,1714,41.5,130,0
6427,M16426,L,298.4,307.9,1316,26.4,221,0
6428,M16427,M,303.0,311.7,1570,47.2,185,0
6429,M16428,H,302.7,311.5,1426,48.6,38,0
6430,M16429,H,299.1,307.8,1467,43.1,106,0
6431,M16430,L,298.7,309.2,1835,41.1,81,0
6432,M16431,M,294.8,306.2,1244,68.0,203,0
6433,M16432,H,297.0,306.5,1676,48.5,182,0
6434,M16433,M,297.3,308.0,1453,52.3,119,0
6435,M16434,L,300.3,308.7,1445,40.7,208,0
6436,M16435,H,299.3,309.5,1340,38.7,104,0
6437,M16436,H,297.3,308.0,1674,46.3,203,0
6438,M16437,L,299.4,308.0,1505,38.7,8,0
6439,M16438,M,301.0,310.8,1482,39.5,34,0
6440,M16439,L,301.1,311.8,1559,44.6,191,0
6441,M16440,L,296.2,303.3,1509,34.9,29,0
6442,M16441,L,299.7,311.1,1181,42.2,173,0
6443,M16442,L,297.2,307.6,1451,40.8,183,0
6444,M16443,M,301.8,312.5,1699,49.6,168,0
6445,M16444,L,301.6,311.2,1269,33.9,207,0
6446,M16445,L,298.2,306.5,1344,20.2,129,0
6447,M16446,L,298.5,309.0,1463,36.9,227,0
6448,M16447,H,299.1,309.0,1409,43.9,144,0
6449,M16448,L,295.5,305.5,1534,49.5,128,0
6450,M16449,M,300.7,311.8,1343,33.1,129,0
6451,M16450,M,299.5,310.2,1470,45.4,231,0
6452,M16451,M,301.9,313.9,1530,51.2,62,0
6453,M16452,L,297.8,308.0,1655,47.4,176,0
6454,M16453,L,298.8,308.1,1762,32.2,61,0
6455,M16454,H,297.0,306.8,1492,33.2,23,0
6456,M16455,L,298.0,308.4,1877,44.3,241,0
6457,M16456,L,297.6,308.7,1506,56.1,33,0
6458,M16457,M,302.0,310.5,1687,40.1,174,0
6459,M16458,M,298.6,308.6,1885,38.4,107,0
6460,M16459,H,300.2,311.9,1564,26.4,212,0
6461,M16460,L,299.2,309.0,1293,36.4,196,0
6462,M16461,H,297.5,308.4,1555,32.9,36,0
6463,M16462,M,299.7,310.2,1430,40.3,118,0
6464,M16463,M,301.2,312.2,1490,25.0,7,0
6465,M16464,L,297.6,306.8,1894,36.7,109,0
6466,M16465,M,301.6,310.8,1320,30.0,177,0
6467,M16466,L,298.3,308.3,1593,49.3,59,0
6468,M16467,H,299.0,307.5,1382,31.5,205,0
6469,M16468,M,301.1,310.8,1484,34.3,13,0
6470,M16469,M,298.7,308.9,1672,42.8,9,0
6471,M16470,H,300.1,311.9,1596,35.5,7,0
6472,M16471,M,299.4,309.8,1499,63.4,71,0
6473,M16472,L,300.3,310.9,1423,49.2,118,0
6474,M16473,L,295.2,306.4,1596,40.2,27,0
6475,M16474,H,296.3,305.4,1845,43.6,252,0
6476,M16475,H,301.2,311.1,1378,16.7,253,0
6477,M16476,H,302.1,314.5,1881,52.2,132,0
6478,M16477,L,298.2,308.1,1754,45.1,144,0
6479,M16478,L,299.5,310.6,1784,39.3,234,0
6480,M16479,L,300.6,311.6,1594,45.6,195,0
6481,M16480,H,301.4,309.9,1749,46.8,42,0
6482,M16481,L,295.9,306.3,1358,35.9,200,0
6483,M16482,L,298.2,308.4,1419,43.8,58,0
6484,M16483,L,299.3,309.7,1676,50.4,109,0
6485,M16484,H,301.4,310.7,1592,44.5,135,0
6486,M16485,M,305.0,313.9,1512,37.5,181,0
6487,M16486,M,299.5,309.1,1091,42.9,38,0
6488,M16487,M,297.2,307.1,1461,53.7,19,0
6489,M16488,M,300.8,312.0,1329,47.8,219,0
6490,M16489,L,302.6,314.5,1627,28.5,209,0
6491,M16490,L,300.2,311.6,1505,45.8,132,0
6492,M16491,L,298.2,309.0,1427,44.5,168,0
6493,M16492,L,301.9,310.9,2012,51.5,182,0
6494,M16493,M,301.3,310.9,1725,40.3,121,0
6495,M16494,L,297.9,308.2,1728,36.3,65,0
6496,M16495,M,300.8,310.1,1933,26.5,122,0
6497,M16496,M,302.0,312.6,1683,33.1,241,0
6498,M16497,L,302.4,313.1,1401,52.0,212,0
6499,M16498,L,299.9,310.4,1380,42.0,118,0
6500,M16499,M,299.3,310.3,1712,39.0,57,1
6501,M16500,L,302.5,311.5,1170,52.8,225,0
6502,M16501,L,297.6,308.5,1525,50.8,161,0
6503,M16502,L,300.9,310.2,1150,32.7,102,0
6504,M16503,M,297.3,306.3,1557,51.9,28,0
6505,M16504,L,302.1,312.7,1692,23.6,190,0
6506,M16505,L,299.5,310.7,1589,44.5,80,0
6507,M16506,M,302.5,313.0,1707,43.4,153,0
6508,M16507,H,301.0,311.0,1891,51.4,144,0
6509,M16508,H,297.6,307.9,1513,43.8,177,0
6510,M16509,L,302.8,313.0,2042,37.6,136,0
6511,M16510,L,303.1,312.0,1577,38.4,159,1
6512,M16511,L,301.8,310.5,1709,66.7,21,0
6513,M16512,L,298.5,308.4,1430,40.8,168,0
6514,M16513,L,299.4,309.5,1829,45.9,49,0
6515,M16514,L,300.3,310.3,1725,20.0,99,0
6516,M16515,L,298.6,309.3,1802,31.8,130,0
6517,M16516,L,303.4,313.2,1549,45.1,174,0
6518,M16517,H,300.3,310.9,1314,24.0,188,0
6519,M16518,M,294.6,304.4,1621,45.4,178,0
6520,M16519,L,300.7,312.5,1235,32.8,24,0
6521,M16520,M,299.3,309.4,1479,29.8,98,0
6522,M16521,L,299.9,312.2,1573,32.8,71,0
6523,M16522,L,299.3,309.6,1965,55.1,101,0
6524,M16523,M,301.6,311.4,1596,43.3,164,0
6525,M16524,L,302.2,311.3,1564,31.0,49,0
6526,M16525,M,300.6,309.1,1528,47.7,127,0
6527,M16526,L,299.3,308.3,1299,48.2,224,0
6528,M16527,M,299.9,309.0,1554,36.2,185,0
6529,M16528,M,300.0,310.4,1557,49.5,184,0
6530,M16529,H,298.4,307.9,1366,50.0,215,0
6531,M16530,L,301.2,311.3,1327,48.4,101,0
6532,M16531,L,300.9,312.2,1453,33.3,192,0
6533,M16532,L,303.1,313.0,1551,28.3,15,0
6534,M16533,H,302.5,314.6,1457,23.2,14,0
6535,M16534,L,298.6,307.5,1351,33.5,84,0
6536,M16535,L,301.6,311.5,1591,36.4,50,0
6537,M16536,L,298.1,307.6,1635,37.2,131,0
6538,M16537,L,301.4,312.3,1561,39.5,46,0
6539,M16538,H,299.0,306.7,1438,57.2,247,0
6540,M16539,M,298.0,306.5,1645,36.6,215,0
6541,M16540,L,300.6,310.5,1505,39.5,249,0
6542,M16541,H,294.7,306.2,1326,22.0,204,0
6543,M16542,L,296.5,306.7,1724,62.1,241,0
6544,M16543,H,299.6,308.3,1602,27.0,93,0
6545,M16544,M,300.2,309.0,1518,33.0,126,0
6546,M16545,L,299.3,310.9,1258,46.9,61,0
6547,M16546,L,296.8,306.2,1406,42.4,161,0
6548,M16547,H,298.4,307.4,1900,56.3,199,0
6549,M16548,L,300.8,312.3,1269,47.1,126,0
6550,M16549,H,301.2,312.2,1494,39.2,75,0
6551,M16550,H,300.0,311.2,1536,50.3,128,0
6552,M16551,M,302.3,311.4,1596,51.5,16,0
6553,M16552,L,300.8,309.3,1271,33.5,182,0
6554,M16553,L,298.5,308.6,1570,49.5,114,0
6555,M16554,M,299.4,309.8,1237,37.8,227,0
6556,M16555,M,297.2,307.6,1556,39.0,234,0
6557,M16556,L,299.8,311.3,1422,41.4,32,0
6558,M16557,H,302.2,310.5,1384,36.2,252,0
6559,M16558,H,301.4,312.2,1688,35.7,245,0
6560,M16559,L,302.8,311.7,1497,49.7,159,0
6561,M16560,M,299.4,310.2,1624,24.9,209,0
6562,M16561,M,302.7,312.2,1630,29.5,5,0
6563,M16562,L,299.6,308.8,1766,46.7,246,0
6564,M16563,L,302.9,312.3,1323,39.3,115,0
6565,M16564,M,300.0,308.5,1704,49.8,230,0
6566,M16565,L,301.4,311.5,1542,43.5,97,0
6567,M16566,M,303.0,312.2,1471,26.8,199,0
6568,M16567,M,299.6,310.4,1333,40.6,106,0
6569,M16568,L,300.4,311.1,1648,45.3,92,0
6570,M16569,L,302.6,314.3,1374,42.3,240,0
6571,M16570,M,299.7,310.1,1632,35.4,177,0
6572,M16571,L,297.4,307.9,1884,37.3,213,0
6573,M16572,L,304.3,315.7,1714,34.5,137,0
6574,M16573,L,299.1,308.4,1788,26.9,232,0
6575,M16574,L,300.3,308.8,1410,25.5,187,0
6576,M16575,L,302.3,312.5,1676,43.9,18,0
6577,M16576,L,298.8,307.4,1334,31.4,194,0
6578,M16577,L,298.0,310.4,1497,45.7,5,0
6579,M16578,L,300.5,312.0,1851,34.1,210,0
6580,M16579,M,296.4,308.6,1430,27.0,84,0
6581,M16580,L,299.4,309.5,1738,36.0,151,0
6582,M16581,M,300.5,311.0,1721,60.7,190,0
6583,M16582,H,299.5,309.0,1731,39.1,161,0
6584,M16583,L,296.9,307.8,1312,46.4,170,0
6585,M16584,M,303.2,312.0,1633,41.7,226,0
6586,M16585,L,300.2,307.7,1511,26.1,95,0
6587,M16586,L,302.9,312.1,1734,54.3,138,0
6588,M16587,M,299.5,308.0,1243,37.5,44,0
6589,M16588,H,298.2,309.7,1605,27.0,118,0
6590,M16589,M,300.5,312.4,1580,34.9,38,0
6591,M16590,L,299.6,308.2,1183,38.0,160,0
6592,M16591,L,297.6,308.9,1381,47.4,82,0
6593,M16592,L,302.9,313.9,1211,33.3,217,0
6594,M16593,M,298.8,307.2,1409,65.9,87,0
6595,M16594,L,296.3,305.9,1637,30.7,73,0
6596,M16595,L,302.7,312.1,1574,46.1,124,1
6597,M16596,M,299.0,309.7,1569,20.5,44,0
6598,M16597,L,298.8,307.6,1353,38.8,52,0
6599,M16598,M,296.5,306.4,1740,43.6,198,0
6600,M16599,M,303.5,312.8,1536,28.9,126,1
6601,M16600,H,297.4,307.9,1545,54.8,52,0
6602,M16601,L,300.1,309.9,1707,44.3,8,0
6603,M16602,L,301.8,311.3,1362,36.9,118,0
6604,M16603,H,300.8,310.6,1580,44.2,188,0
6605,M16604,L,299.9,311.9,1615,34.1,89,0
6606,M16605,L,296.6,306.2,1441,52.4,63,0
6607,M16606,L,298.4,307.3,1656,50.1,100,0
6608,M16607,H,300.4,311.0,1624,43.7,243,0
6609,M16608,L,298.4,308.3,1521,46.1,107,0
6610,M16609,L,300.4,309.0,1515,25.4,66,0
6611,M16610,M,301.4,313.6,1633,54.5,144,0
6612,M16611,L,301.9,311.6,1680,39.0,205,0
6613,M16612,M,297.5,307.2,1550,50.1,6,0
6614,M16613,M,304.4,314.6,1740,47.4,141,0
6615,M16614,M,301.5,313.3,1657,50.0,212,0
6616,M16615,H,300.0,308.3,1219,29.6,55,0
6617,M16616,M,302.2,312.5,1288,30.9,233,0
6618,M16617,L,304.7,316.8,1751,62.3,146,0
6619,M16618,L,297.1,307.3,1495,25.0,131,0
6620,M16619,M,299.5,308.3,1568,29.1,244,0
6621,M16620,M,295.2,304.6,1743,40.4,33,0
6622,M16621,H,300.4,310.6,1538,40.4,187,0
6623,M16622,L,300.7,312.1,1546,34.7,207,0
6624,M16623,L,299.9,309.6,1383,46.1,124,0
6625,M16624,M,298.7,309.5,1605,48.9,2,0
6626,M16625,L,295.9,304.5,1644,39.8,133,0
6627,M16626,L,300.7,309.3,1436,37.3,39,0
6628,M16627,H,302.9,312.4,1374,39.8,142,0
6629,M16628,L,298.8,310.3,2009,35.1,187,0
6630,M16629,L,300.9,310.9,1522,23.2,134,0
6631,M16630,M,296.9,307.2,1417,43.0,160,0
6632,M16631,L,300.9,311.2,1665,47.6,26,0
6633,M16632,L,299.2,310.3,1530,38.5,25,0
6634,M16633,L,298.5,307.9,1345,17.6,215,0
6635,M16634,M,298.5,309.2,1625,34.3,12,0
6636,M16635,M,299.2,308.4,1386,49.0,72,0
6637,M16636,L,300.8,312.7,1821,25.8,237,0
6638,M16637,L,297.4,306.6,1628,46.9,116,0
6639,M16638,L,299.2,308.3,1489,35.6,171,0
6640,M16639,M,299.9,310.5,1559,39.8,56,0
6641,M16640,H,297.8,307.9,1701,33.2,68,0
6642,M16641,L,303.6,313.9,1572,28.8,129,0
6643,M16642,M,298.3,308.5,1919,54.2,161,0
6644,M16643,L,298.7,307.6,1742,48.1,243,0
6645,M16644,L,298.0,309.7,1626,46.4,145,0
6646,M16645,L,303.6,314.5,1371,49.0,24,0
6647,M16646,M,301.1,312.5,1513,45.0,93,0
6648,M16647,M,298.1,307.6,1625,49.3,62,0
6649,M16648,L,302.2,312.6,1392,33.4,64,0
6650,M16649,H,300.4,310.6,1771,53.6,128,0
6651,M16650,L,300.5,311.6,1365,52.8,80,0
6652,M16651,L,299.3,310.5,1425,43.8,73,0
6653,M16652,L,298.5,308.7,1438,37.1,245,0
6654,M16653,H,300.7,309.2,1672,27.9,148,0
6655,M16654,H,298.9,310.7,1395,42.3,66,0
6656,M16655,L,303.6,314.2,1217,56.7,70,0
6657,M16656,L,297.5,306.9,1734,28.5,205,0
6658,M16657,M,303.1,313.5,1459,50.1,224,0
6659,M16658,M,299.8,308.3,1348,35.3,172,0
6660,M16659,M,300.6,311.7,1404,36.2,109,0
6661,M16660,L,301.7,310.2,1846,28.4,193,0
6662,M16661,L,298.7,308.5,1421,32.6,237,0
6663,M16662,L,301.7,312.0,1517,46.4,42,0
6664,M16663,H,294.6,305.6,1459,47.6,218,0
6665,M16664,L,298.6,308.7,1318,42.3,215,0
6666,M16665,H,298.2,308.8,1406,35.0,93,0
6667,M16666,L,297.5,307.5,1306,29.1,74,0
6668,M16667,M,299.6,309.5,1710,40.6,143,0
6669,M16668,L,300.8,310.9,1557,36.4,69,0
6670,M16669,H,301.4,311.2,1983,42.1,37,0
6671,M16670,H,300.5,308.8,1412,36.8,241,0
6672,M16671,L,298.7,307.9,1385,37.1,124,0
6673,M16672,L,300.7,311.0,1814,41.6,119,0
6674,M16673,L,300.2,310.0,1728,43.5,32,0
6675,M16674,H,301.9,311.7,1608,52.1,128,0
6676,M16675,L,301.6,311.2,1340,36.7,188,0
6677,M16676,L,300.1,309.2,1851,45.4,63,0
6678,M16677,H,298.2,307.7,1526,57.9,93,0
6679,M16678,M,298.7,308.4,1462,45.7,45,0
6680,M16679,H,298.9,308.9,1744,51.5,90,0
6681,M16680,M,299.4,309.8,1535,33.9,218,0
6682,M16681,L,300.5,310.4,1330,32.9,60,0
6683,M16682,H,301.4,310.4,1546,38.4,7,0
6684,M16683,M,299.9,308.5,1399,39.5,136,0
6685,M16684,M,300.0,312.6,1000,50.6,147,0
6686,M16685,L,300.3,309.2,1381,32.8,83,0
6687,M16686,H,299.0,308.4,1445,39.1,162,0
6688,M16687,H,298.1,308.7,1332,50.6,10,0
6689,M16688,L,296.5,306.8,1642,42.1,86,0
6690,M16689,L,298.6,309.1,1400,39.9,37,0
6691,M16690,M,300.9,310.5,1625,42.4,58,0
6692,M16691,L,298.6,308.8,1318,28.8,97,0
6693,M16692,L,299.5,309.6,1702,28.7,125,0
6694,M16693,M,300.9,310.6,1311,24.3,24,0
6695,M16694,L,301.0,311.3,1120,42.0,26,0
6696,M16695,H,297.8,308.9,1760,49.1,171,0
6697,M16696,H,302.0,312.0,1386,47.6,102,0
6698,M16697,H,302.3,312.2,1853,51.3,45,0
6699,M16698,L,297.7,308.8,1640,54.4,59,0
6700,M16699,L,298.4,309.3,1680,41.4,182,0
6701,M16700,M,302.4,314.0,1726,39.4,13,0
6702,M16701,M,299.7,308.0,1559,54.6,129,0
6703,M16702,L,295.6,306.5,1561,33.1,91,0
6704,M16703,L,297.2,307.8,1768,28.3,205,0
6705,M16704,M,299.5,308.6,1559,36.6,200,0
6706,M16705,L,297.7,307.9,1409,35.5,174,0
6707,M16706,L,299.2,310.2,1644,40.5,97,0
6708,M16707,L,300.1,309.2,1161,31.6,160,0
6709,M16708,M,302.9,313.4,1775,43.7,162,0
6710,M16709,M,299.4,310.3,1779,34.4,84,0
6711,M16710,L,302.1,311.1,1753,52.2,223,0
6712,M16711,M,302.9,312.7,1747,28.2,249,0
6713,M16712,L,302.9,313.2,1524,38.6,80,0
6714,M16713,H,300.6,309.8,1520,36.7,203,0
6715,M16714,L,296.1,305.2,1319,42.3,127,0
6716,M16715,L,300.9,310.8,1852,49.2,117,0
6717,M16716,M,302.1,312.9,1452,42.6,98,0
6718,M16717,L,299.8,310.5,1600,38.7,74,0
6719,M16718,L,303.5,312.6,1584,46.8,233,0
6720,M16719,L,301.7,312.4,1299,48.3,187,0
6721,M16720,M,301.1,310.3,1227,42.7,111,0
6722,M16721,H,302.2,310.6,1540,43.8,190,0
6723,M16722,M,300.7,310.3,1458,46.4,182,0
6724,M16723,M,295.0,306.1,1523,23.7,68,0
6725,M16724,M,299.0,309.7,1730,36.5,45,0
6726,M16725,H,302.4,312.4,1579,43.7,212,0
6727,M16726,L,298.4,308.0,1675,37.1,205,0
6728,M16727,L,299.6,309.2,1619,37.1,252,0
6729,M16728,L,297.9,308.0,1482,43.7,5,0
6730,M16729,L,303.6,312.5,1360,43.9,137,0
6731,M16730,L,303.4,313.0,1586,44.6,177,0
6732,M16731,L,298.2,308.0,1554,32.2,147,0
6733,M16732,H,300.3,308.9,1703,26.0,180,0
6734,M16733,M,298.6,307.8,1512,48.0,35,0
6735,M16734,L,301.2,311.6,1486,32.7,0,0
6736,M16735,L,301.0,311.0,1498,32.0,24,0
6737,M16736,M,301.6,311.3,1375,31.1,96,0
6738,M16737,M,300.7,309.8,1798,51.4,83,0
6739,M16738,M,305.9,317.4,1743,42.1,221,0
6740,M16739,L,297.9,307.1,1322,43.4,21,0
6741,M16740,M,296.6,306.8,1683,46.8,112,0
6742,M16741,H,299.2,308.7,1209,39.6,242,0
6743,M16742,L,296.9,306.9,1715,50.0,127,0
6744,M16743,M,297.0,307.5,1414,28.2,33,0
6745,M16744,L,298.0,306.6,1603,29.3,74,0
6746,M16745,L,298.2,308.1,1194,28.7,159,0
6747,M16746,M,298.1,309.3,1324,44.2,3,0
6748,M16747,M,301.0,312.8,1623,45.0,245,0
6749,M16748,L,299.0,308.9,1414,35.3,143,0
6750,M16749,H,299.6,309.7,1389,37.7,178,0
6751,M16750,L,301.8,314.0,1789,52.6,126,0
6752,M16751,M,298.5,309.6,1935,33.1,242,0
6753,M16752,L,299.5,308.9,1707,42.9,149,0
6754,M16753,H,300.7,310.1,1344,33.2,167,0
6755,M16754,L,296.1,307.1,1855,50.9,218,0
6756,M16755,L,295.2,304.2,1260,46.2,218,0
6757,M16756,H,300.7,311.8,1484,26.2,7,0
6758,M16757,M,301.0,311.3,1549,37.4,72,0
6759,M16758,H,304.1,314.6,1883,19.4,62,0
6760,M16759,L,300.3,310.1,1702,48.9,2,0
6761,M16760,M,301.6,311.0,1456,60.3,222,0
6762,M16761,M,299.6,311.1,1370,18.4,80,0
6763,M16762,H,300.6,310.3,1718,25.9,88,0
6764,M16763,L,303.3,312.9,1444,41.7,25,0
6765,M16764,L,295.8,305.7,1578,39.8,250,0
6766,M16765,M,300.8,311.0,1294,35.9,209,0
6767,M16766,L,304.3,313.2,1641,22.8,145,0
6768,M16767,M,300.6,310.0,1626,43.2,195,0
6769,M16768,H,303.3,312.7,1317,48.8,197,0
6770,M16769,H,298.7,309.6,1724,68.2,166,0
6771,M16770,L,299.9,309.0,1638,52.9,44,0
6772,M16771,M,300.1,308.3,1671,27.1,182,0
6773,M16772,M,295.6,303.6,1471,39.9,144,0
6774,M16773,L,297.7,306.2,1571,45.9,183,0
6775,M16774,M,297.8,309.2,1550,33.2,137,0
6776,M16775,H,301.6,311.7,1512,47.7,242,0
6777,M16776,L,301.7,312.2,1570,47.0,159,0
6778,M16777,M,300.6,311.2,1764,52.2,145,0
6779,M16778,L,301.6,311.7,1731,47.9,213,0
6780,M16779,H,299.7,309.6,1327,42.8,96,0
6781,M16780,L,302.4,313.4,1715,33.7,80,0
6782,M16781,M,300.0,310.2,1752,27.2,127,0
6783,M16782,M,300.1,311.5,1512,42.2,148,0
6784,M16783,M,299.5,310.1,1630,36.0,56,0
6785,M16784,L,301.4,310.8,1627,37.0,173,0
6786,M16785,M,299.2,308.7,1387,51.1,203,0
6787,M16786,M,302.0,311.2,1471,53.6,146,0
6788,M16787,L,297.7,309.0,1673,27.8,132,0
6789,M16788,M,297.8,307.4,1450,37.9,75,0
6790,M16789,L,301.4,310.6,1714,35.7,230,0
6791,M16790,M,299.8,310.1,1773,43.1,191,0
6792,M16791,M,299.1,309.0,1744,17.6,122,0
6793,M16792,L,301.8,312.1,1893,25.5,167,0
6794,M16793,L,298.8,310.7,1523,38.8,85,0
6795,M16794,L,299.6,310.5,1571,47.8,15,0
6796,M16795,M,302.8,312.8,1596,40.7,52,0
6797,M16796,L,303.1,311.7,1528,46.6,20,0
6798,M16797,M,303.1,312.6,1636,42.0,129,0
6799,M16798,L,299.4,310.1,1233,52.6,157,0
6800,M16799,L,302.5,311.3,1576,54.7,96,0
6801,M16800,L,298.1,310.2,1292,32.5,134,0
6802,M16801,L,298.2,308.2,1367,48.7,22,0
6803,M16802,H,295.3,305.3,1670,45.0,195,0
6804,M16803,M,303.3,312.7,1503,64.8,8,0
6805,M16804,M,298.3,308.8,1664,32.1,161,0
6806,M16805,L,299.7,308.6,1499,38.8,110,0
6807,M16806,L,298.2,310.3,1737,29.8,47,0
6808,M16807,L,301.4,312.7,1496,30.4,132,0
6809,M16808,H,299.2,310.2,1189,43.8,198,0
6810,M16809,M,297.4,306.0,1579,42.0,105,0
6811,M16810,L,300.9,311.1,1151,45.4,93,0
6812,M16811,L,297.1,308.3,1279,45.1,36,0
6813,M16812,M,298.3,308.9,1381,37.7,150,0
6814,M16813,H,295.8,304.8,1359,37.6,209,0
6815,M16814,M,297.2,306.5,1441,30.4,142,0
6816,M16815,L,300.4,309.9,1352,33.1,42,0
6817,M16816,L,296.1,305.5,1287,39.4,167,0
6818,M16817,M,297.0,308.6,1815,42.0,8,0
6819,M16818,L,300.0,308.1,1418,47.0,212,0
6820,M16819,M,298.9,309.6,1140,46.0,233,0
6821,M16820,M,304.0,312.7,1474,55.4,151,0
6822,M16821,H,303.7,312.7,1338,30.4,223,0
6823,M16822,L,298.3,306.3,1381,37.7,21,0
6824,M16823,L,301.1,310.6,1666,31.2,58,0
6825,M16824,L,301.5,313.0,1459,52.6,80,0
6826,M16825,H,298.8,309.1,1333,35.0,196,0
6827,M16826,L,297.0,305.8,1619,51.4,123,0
6828,M16827,M,300.0,311.0,1745,54.4,88,0
6829,M16828,L,299.7,310.9,1635,44.1,40,0
6830,M16829,H,299.1,309.2,1100,42.9,205,0
6831,M16830,H,300.9,312.9,1339,40.4,5,0
6832,M16831,L,298.5,309.3,1547,36.9,85,0
6833,M16832,L,297.7,308.4,1495,35.7,61,0
6834,M16833,M,300.2,309.4,1480,38.5,33,0
6835,M16834,H,300.8,311.4,1363,58.1,44,0
6836,M16835,M,297.6,307.9,1287,29.7,125,0
6837,M16836,L,301.9,312.4,1898,42.0,108,0
6838,M16837,M,296.5,305.8,1544,47.0,131,0
6839,M16838,L,298.8,309.0,1654,37.2,184,0
6840,M16839,M,299.5,308.7,1540,44.1,226,0
6841,M16840,L,298.7,306.6,1547,25.1,30,0
6842,M16841,H,298.9,309.9,1528,53.1,21,1
6843,M16842,H,303.7,312.2,1338,51.2,81,0
6844,M16843,L,298.3,308.4,1268,39.0,138,0
6845,M16844,L,304.9,315.2,1608,31.3,25,0
6846,M16845,M,300.9,311.2,1573,47.8,181,0
6847,M16846,L,300.2,309.9,1707,28.6,141,0
6848,M16847,M,301.0,311.2,1671,30.1,189,0
6849,M16848,M,305.1,315.5,1394,39.5,91,0
6850,M16849,L,298.0,308.7,1742,55.0,101,0
6851,M16850,M,297.8,309.5,1676,46.3,204,0
6852,M16851,L,298.5,308.7,1663,33.6,68,0
6853,M16852,H,300.1,310.1,1942,23.3,96,0
6854,M16853,L,296.5,305.6,1905,40.4,3,0
6855,M16854,L,300.0,310.5,1662,42.5,140,0
6856,M16855,H,303.4,314.1,1640,39.3,215,0
6857,M16856,L,300.3,310.1,1733,57.9,7,0
6858,M16857,H,299.4,310.0,1434,38.7,155,0
6859,M16858,L,298.8,308.5,1437,17.4,214,0
6860,M16859,L,301.8,312.5,1660,36.0,125,0
6861,M16860,L,298.3,309.3,1386,44.5,79,0
6862,M16861,H,303.7,314.6,1645,43.8,252,0
6863,M16862,L,303.9,314.0,1567,38.3,16,0
6864,M16863,M,300.5,309.5,1386,36.6,53,0
6865,M16864,L,300.0,309.4,1544,20.2,224,0
6866,M16865,H,302.1,312.7,1773,40.8,75,0
6867,M16866,L,302.2,314.6,1554,36.6,207,0
6868,M16867,L,298.4,308.0,1554,42.5,84,0
6869,M16868,M,298.9,309.4,1598,44.9,205,0
6870,M16869,M,297.4,306.8,1621,52.3,173,0
6871,M16870,L,300.8,309.8,1480,30.5,119,0
6872,M16871,L,301.3,310.7,1602,27.2,132,0
6873,M16872,H,297.3,305.2,1351,34.3,45,0
6874,M16873,L,299.1,310.4,1396,32.7,29,0
6875,M16874,L,297.3,305.1,1419,31.8,181,0
6876,M16875,L,298.2,307.9,1623,54.3,215,1
6877,M16876,L,301.1,309.9,1568,41.5,183,0
6878,M16877,H,298.5,307.6,1515,59.5,231,0
6879,M16878,M,299.4,310.8,1663,40.0,225,0
6880,M16879,L,296.7,306.9,1607,28.4,197,0
6881,M16880,M,300.4,309.4,1487,32.0,227,0
6882,M16881,M,299.9,309.3,1354,50.1,42,1
6883,M16882,L,298.5,307.8,1392,28.8,185,0
6884,M16883,L,299.6,309.6,1276,45.5,191,0
6885,M16884,M,300.4,310.5,1564,36.5,39,0
6886,M16885,H,298.4,310.3,1385,30.8,230,0
6887,M16886,L,297.0,305.1,1450,53.7,2,0
6888,M16887,L,303.6,313.6,1516,34.2,110,0
6889,M16888,H,298.7,308.4,1726,31.8,5,0
6890,M16889,L,299.8,310.8,1705,39.2,132,0
6891,M16890,L,302.0,312.4,1529,35.0,104,0
6892,M16891,M,307.1,317.6,1766,61.9,158,0
6893,M16892,M,297.5,307.9,1179,50.5,194,0
6894,M16893,H,300.9,310.0,1875,34.2,194,0
6895,M16894,L,298.6,309.8,1663,35.3,183,0
6896,M16895,L,298.9,309.7,1557,20.0,26,0
6897,M16896,L,298.6,309.5,1379,41.4,106,0
6898,M16897,L,297.7,309.0,1461,32.6,206,0
6899,M16898,H,299.9,310.3,1648,40.9,166,0
6900,M16899,H,297.1,308.5,1652,20.5,172,0
6901,M16900,L,301.9,312.3,1659,39.7,57,0
6902,M16901,L,300.1,309.9,1409,56.8,82,0
6903,M16902,L,300.8,310.8,1373,40.5,242,0
6904,M16903,M,299.1,309.0,1574,32.3,214,0
6905,M16904,M,299.3,308.7,1677,39.8,42,0
6906,M16905,L,300.6,312.2,1540,39.4,138,0
6907,M16906,M,297.7,308.0,1804,61.7,124,0
6908,M16907,H,299.3,309.4,1545,36.7,112,0
6909,M16908,M,298.3,308.7,1539,28.1,119,0
6910,M16909,L,298.2,311.2,1659,40.2,163,0
6911,M16910,M,295.8,304.6,1757,41.9,245,0
6912,M16911,H,302.7,311.8,1297,45.6,221,0
6913,M16912,M,298.6,307.2,1339,47.5,221,0
6914,M16913,L,302.3,312.1,1483,59.4,178,0
6915,M16914,L,302.1,312.4,2104,34.1,4,0
6916,M16915,L,297.4,307.0,1492,33.2,111,0
6917,M16916,L,297.8,307.3,1517,21.6,129,0
6918,M16917,H,305.1,315.3,1650,46.6,213,0
6919,M16918,M,303.5,313.0,1714,31.2,233,0
6920,M16919,L,299.9,310.2,1569,48.8,114,0
6921,M16920,M,300.5,311.6,1747,35.1,76,0
6922,M16921,L,298.7,309.4,1325,57.1,85,0
6923,M16922,L,300.9,311.7,1402,25.8,146,0
6924,M16923,M,298.6,309.7,1747,50.1,70,0
6925,M16924,L,295.9,306.2,1541,48.9,230,0
6926,M16925,L,297.4,307.2,1313,45.2,106,0
6927,M16926,L,300.0,309.3,1302,28.9,250,0
6928,M16927,M,297.7,307.3,1394,45.3,28,0
6929,M16928,M,299.9,309.3,1539,41.3,48,0
6930,M16929,L,297.9,308.6,1623,21.9,129,0
6931,M16930,L,298.4,308.8,1480,55.4,220,0
6932,M16931,M,301.7,312.4,1608,36.6,90,0
6933,M16932,L,300.5,309.3,1461,54.7,212,0
6934,M16933,L,300.0,311.4,1758,39.3,108,0
6935,M16934,L,301.8,311.3,1996,49.7,216,0
6936,M16935,L,301.0,309.9,1469,31.5,70,0
6937,M16936,L,302.9,312.5,1625,42.1,119,0
6938,M16937,M,299.1,311.6,1610,41.4,71,0
6939,M16938,M,299.1,308.8,1564,36.8,54,0
6940,M16939,M,297.4,307.1,1656,31.4,107,0
6941,M16940,M,299.1,308.9,1625,9.6,85,0
6942,M16941,L,301.9,311.8,1455,31.6,199,0
6943,M16942,L,302.6,311.8,1775,46.9,189,0
6944,M16943,M,301.9,312.1,1575,26.2,91,0
6945,M16944,L,296.4,307.5,1470,28.2,251,0
6946,M16945,L,302.2,312.5,1976,25.8,246,0
6947,M16946,M,296.3,305.2,1518,42.1,232,0
6948,M16947,L,301.8,311.5,1585,31.2,148,0
6949,M16948,M,299.3,308.7,1570,52.1,104,0
6950,M16949,L,301.4,311.5,1516,47.3,79,0
6951,M16950,L,297.3,308.7,1619,42.0,4,0
6952,M16951,H,302.3,312.2,1388,43.0,160,0
6953,M16952,H,297.1,307.0,1646,32.4,140,0
6954,M16953,H,298.7,310.4,1224,32.4,159,0
6955,M16954,M,298.0,308.9,1307,47.0,146,0
6956,M16955,L,296.5,307.1,1866,49.0,35,0
6957,M16956,L,300.2,312.1,1314,47.0,176,0
6958,M16957,L,303.6,314.1,1188,35.3,91,0
6959,M16958,L,305.3,313.3,1319,36.1,131,0
6960,M16959,L,300.2,311.0,1850,30.8,93,0
6961,M16960,L,302.2,310.6,1218,47.6,6,0
6962,M16961,L,300.5,310.9,1368,20.6,222,0
6963,M16962,H,301.0,309.3,1278,18.2,38,0
6964,M16963,M,299.3,308.8,1490,20.2,147,0
6965,M16964,L,300.4,310.0,1461,18.8,223,0
6966,M16965,L,301.1,310.3,1453,53.4,56,0
6967,M16966,L,298.8,308.5,1871,47.8,104,0
6968,M16967,H,299.8,310.9,1324,28.1,96,0
6969,M16968,L,299.9,309.2,1521,39.0,23,0
6970,M16969,L,301.7,312.2,1600,54.5,107,0
6971,M16970,M,297.9,306.9,1364,45.0,121,0
6972,M16971,L,299.9,309.7,1626,60.9,7,0
6973,M16972,L,303.8,314.1,1467,38.9,124,0
6974,M16973,L,302.3,311.3,1606,33.5,24,0
6975,M16974,M,302.7,311.4,1520,29.3,226,0
6976,M16975,L,300.0,310.5,1172,40.2,164,0
6977,M16976,H,300.6,311.8,1773,49.3,14,0
6978,M16977,L,302.0,311.9,1910,41.0,209,0
6979,M16978,L,303.1,312.7,1507,36.5,91,0
6980,M16979,L,296.1,306.3,1378,52.4,57,0
6981,M16980,L,297.4,307.4,1809,45.2,64,0
6982,M16981,L,302.6,312.9,1877,38.9,151,0
6983,M16982,M,299.4,306.9,1509,32.4,21,0
6984,M16983,L,298.7,307.6,1500,37.5,15,0
6985,M16984,M,297.5,306.6,1525,44.7,159,0
6986,M16985,M,298.9,309.0,1239,32.3,248,0
6987,M16986,L,297.2,307.4,1487,27.8,122,0
6988,M16987,H,304.2,314.8,1846,35.2,105,0
6989,M16988,H,300.0,310.2,1509,39.5,240,0
6990,M16989,H,299.9,308.6,1353,53.5,61,0
6991,M16990,M,301.2,312.6,1628,28.5,61,0
6992,M16991,H,301.9,313.2,1420,42.2,229,0
6993,M16992,M,301.9,310.6,1527,37.3,164,0
6994,M16993,L,302.1,312.5,1312,37.7,14,0
6995,M16994,M,298.7,308.1,1353,55.2,171,0
6996,M16995,M,299.4,309.5,1671,40.8,207,0
6997,M16996,L,301.5,312.6,1560,31.0,69,0
6998,M16997,H,298.9,311.1,1400,48.8,97,0
6999,M16998,L,300.0,310.7,1560,48.1,50,0
7000,M16999,M,300.8,311.1,1430,30.1,160,0
7001,M17000,L,301.6,311.2,1399,28.2,168,0
7002,M17001,L,296.4,306.6,1747,44.1,17,0
7003,M17002,H,301.4,312.8,1679,39.7,171,0
7004,M17003,M,299.5,309.5,1535,35.3,167,0
7005,M17004,H,301.4,310.5,1565,50.5,9,1
7006,M17005,L,301.6,309.9,1537,34.1,141,0
7007,M17006,M,303.2,313.7,1626,44.2,155,0
7008,M17007,M,302.7,313.0,1396,51.6,109,0
7009,M17008,L,302.7,312.0,1693,36.6,228,0
7010,M17009,L,302.9,313.9,1602,21.9,83,0
7011,M17010,H,300.6,310.2,1492,36.0,17,0
7012,M17011,L,300.1,309.9,1452,41.9,170,0
7013,M17012,H,301.7,311.7,1690,49.9,153,0
7014,M17013,M,301.5,311.1,1512,34.8,250,0
7015,M17014,M,299.4,309.6,1414,57.1,59,0
7016,M17015,L,300.8,312.0,1470,27.1,100,0
7017,M17016,L,299.9,308.8,1677,41.6,117,0
7018,M17017,L,298.3,308.8,1251,37.6,218,0
7019,M17018,L,302.6,312.8,1475,53.3,105,0
7020,M17019,M,300.1,310.3,1731,25.4,195,0
7021,M17020,L,304.1,315.0,1509,44.2,40,0
7022,M17021,M,296.7,306.8,1588,37.6,104,0
7023,M17022,M,298.9,309.4,1734,55.1,39,0
7024,M17023,H,300.1,310.8,1699,31.8,240,0
7025,M17024,H,302.3,311.8,1460,44.1,45,0
7026,M17025,L,300.8,311.1,1516,31.7,106,0
7027,M17026,H,300.6,310.4,1701,41.9,21,0
7028,M17027,M,297.7,307.6,1707,36.3,233,0
7029,M17028,L,297.7,307.4,1523,36.2,158,0
7030,M17029,H,300.6,311.1,1529,20.3,244,0
7031,M17030,M,297.3,307.4,1587,44.1,11,0
7032,M17031,M,298.9,309.3,1784,29.3,44,0
7033,M17032,M,301.0,311.0,1730,28.9,96,0
7034,M17033,L,298.0,306.4,1663,24.6,157,0
7035,M17034,L,303.2,313.2,1346,29.5,83,0
7036,M17035,L,302.4,312.5,1490,45.0,180,0
7037,M17036,M,296.9,307.1,1499,44.5,42,0
7038,M17037,M,298.1,307.5,1793,46.6,152,0
7039,M17038,L,295.4,304.2,1496,29.8,101,0
7040,M17039,L,298.4,309.1,1763,42.1,129,0
7041,M17040,M,301.5,311.3,1437,33.9,144,0
7042,M17041,L,299.2,309.3,1451,49.5,15,0
7043,M17042,M,300.9,310.6,1625,44.2,234,0
7044,M17043,L,297.0,306.9,1820,33.5,199,0
7045,M17044,L,301.6,311.1,1501,50.3,112,0
7046,M17045,L,298.9,307.9,1080,45.0,139,0
7047,M17046,M,300.0,310.5,1259,26.3,8,0
7048,M17047,L,299.8,309.2,1592,23.5,126,0
7049,M17048,L,297.5,307.6,1275,26.7,108,0
7050,M17049,H,297.7,308.1,1384,56.3,95,0
7051,M17050,L,301.9,311.3,1541,29.9,206,0
7052,M17051,L,300.8,309.6,1101,58.6,46,0
7053,M17052,L,302.1,314.5,1471,29.4,45,0
7054,M17053,H,300.6,310.1,1330,28.4,132,0
7055,M17054,M,300.3,310.9,1271,48.7,174,0
7056,M17055,H,296.5,308.5,1395,49.2,6,0
7057,M17056,M,299.5,310.2,1348,45.5,138,0
7058,M17057,L,299.9,309.6,1623,46.7,76,0
7059,M17058,L,303.9,313.8,1753,32.1,191,0
7060,M17059,M,301.4,310.5,1474,48.2,119,0
7061,M17060,H,303.1,314.0,1432,42.4,211,0
7062,M17061,H,301.2,311.8,1465,36.4,100,0
7063,M17062,M,298.6,308.1,1341,40.9,209,0
7064,M17063,M,300.2,309.2,1308,50.5,181,0
7065,M17064,M,300.5,309.2,1244,43.9,210,0
7066,M17065,M,298.1,309.1,1301,18.6,206,0
7067,M17066,L,299.2,309.4,1831,48.8,123,0
7068,M17067,L,299.6,309.8,1415,48.1,93,0
7069,M17068,L,303.2,312.4,1012,36.2,194,0
7070,M17069,M,295.8,304.4,1434,41.2,91,0
7071,M17070,L,302.4,313.4,1254,41.1,23,0
7072,M17071,L,298.1,308.2,1550,20.4,217,0
7073,M17072,M,297.3,308.2,1530,36.0,100,0
7074,M17073,L,302.4,312.0,1549,36.4,34,0
7075,M17074,L,301.5,311.2,1532,38.4,164,0
7076,M17075,H,302.5,313.2,1472,34.8,225,0
7077,M17076,H,301.6,312.3,1278,46.6,218,0
7078,M17077,L,304.1,314.9,1526,32.0,140,0
7079,M17078,M,301.1,310.8,1721,49.0,22,0
7080,M17079,M,299.7,310.3,1864,46.1,176,0
7081,M17080,M,300.7,311.8,1496,53.5,154,0
7082,M17081,L,302.5,312.4,1516,57.2,53,0
7083,M17082,H,298.4,307.9,1629,57.2,228,0
7084,M17083,M,298.7,310.0,1806,28.3,22,0
7085,M17084,L,299.4,308.7,1452,43.4,94,0
7086,M17085,M,295.8,306.4,1663,32.9,24,0
7087,M17086,L,300.3,310.2,1392,72.5,231,0
7088,M17087,M,296.2,304.4,1598,46.1,9,0
7089,M17088,M,300.1,311.2,1713,54.0,108,0
7090,M17089,L,301.7,309.0,1308,44.3,218,0
7091,M17090,L,299.0,307.1,1445,13.9,64,0
7092,M17091,M,303.4,313.9,1710,32.2,27,0
7093,M17092,M,297.1,307.6,1649,33.2,32,0
7094,M17093,L,302.4,311.7,1724,36.1,102,0
7095,M17094,M,301.4,311.5,1691,43.6,108,0
7096,M17095,M,296.6,304.0,1478,45.0,182,0
7097,M17096,L,305.4,316.1,1933,14.0,60,0
7098,M17097,M,299.9,310.1,1564,37.7,178,0
7099,M17098,L,298.2,308.2,992,35.2,253,0
7100,M17099,H,297.2,307.2,1488,53.7,219,0
7101,M17100,L,299.6,310.1,1455,45.9,161,0
7102,M17101,L,299.7,309.7,1681,38.2,238,0
7103,M17102,M,300.2,308.3,1458,42.2,251,0
7104,M17103,L,299.4,311.6,1736,23.3,144,0
7105,M17104,H,301.3,312.5,1639,46.5,69,0
7106,M17105,M,299.2,307.9,1360,36.1,231,0
7107,M17106,H,296.1,305.8,1514,32.0,214,0
7108,M17107,M,299.7,309.5,1400,53.0,21,0
7109,M17108,M,295.3,306.3,1572,42.7,237,0
7110,M17109,L,300.7,308.5,1399,33.4,93,0
7111,M17110,M,298.0,307.5,1552,34.0,81,0
7112,M17111,M,300.3,308.6,1490,43.6,87,0
7113,M17112,H,302.6,312.3,1512,42.9,81,0
7114,M17113,L,298.1,307.6,1906,40.3,131,0
7115,M17114,L,302.1,312.2,1474,28.1,147,0
7116,M17115,M,299.1,308.5,1193,29.6,108,0
7117,M17116,L,303.5,312.8,1721,32.6,104,0
7118,M17117,M,299.3,309.9,1719,38.1,187,0
7119,M17118,L,298.3,308.8,1185,39.6,1,0
7120,M17119,M,301.4,311.9,1414,38.4,240,0
7121,M17120,L,299.1,309.0,1617,38.9,181,0
7122,M17121,L,298.3,307.7,1633,58.6,179,0
7123,M17122,H,299.0,308.9,1538,48.4,107,0
7124,M17123,M,299.9,310.4,1542,51.8,244,0
7125,M17124,M,302.7,310.5,1371,44.6,0,0
7126,M17125,M,296.1,306.5,1109,40.7,19,0
7127,M17126,L,300.0,310.4,1906,44.1,203,0
7128,M17127,M,301.2,311.3,1366,42.2,187,0
7129,M17128,M,300.4,310.2,1571,48.0,69,0
7130,M17129,L,302.6,310.1,1511,30.3,150,0
7131,M17130,M,299.9,309.4,1700,47.2,135,0
7132,M17131,H,299.6,311.4,1560,41.7,133,0
7133,M17132,M,301.2,311.2,1566,22.1,151,0
7134,M17133,M,300.2,309.9,1067,40.8,251,0
7135,M17134,L,299.2,309.2,1390,27.1,250,0
7136,M17135,M,301.0,311.4,1672,34.7,248,0
7137,M17136,M,298.7,309.4,1656,38.4,139,0
7138,M17137,M,298.8,308.5,1369,25.1,80,0
7139,M17138,M,298.9,309.4,1257,39.5,142,0
7140,M17139,L,302.7,314.4,1562,40.7,158,0
7141,M17140,M,293.6,304.6,1019,47.5,79,0
7142,M17141,M,300.8,313.1,1333,35.5,160,0
7143,M17142,L,300.1,309.4,1854,42.7,157,0
7144,M17143,L,296.6,308.3,1798,39.1,229,0
7145,M17144,L,300.6,309.8,1626,35.9,60,0
7146,M17145,L,301.0,311.3,1594,23.5,176,0
7147,M17146,L,301.2,311.9,1190,38.9,114,0
7148,M17147,M,294.7,304.2,1406,47.4,33,0
7149,M17148,M,302.7,312.8,1486,30.8,80,0
7150,M17149,L,298.5,309.4,1410,37.8,14,0
7151,M17150,H,301.4,310.7,1476,39.3,81,0
7152,M17151,L,301.5,313.2,1772,50.9,17,0
7153,M17152,M,298.2,306.9,1442,40.3,234,0
7154,M17153,L,301.3,313.3,1478,42.9,26,0
7155,M17154,L,299.2,310.2,1671,39.9,207,0
7156,M17155,M,295.9,305.8,1285,35.1,229,0
7157,M17156,L,302.3,311.9,1389,28.8,118,0
7158,M17157,L,298.4,307.9,1407,37.2,14,0
7159,M17158,L,298.3,308.2,1549,43.9,151,0
7160,M17159,L,299.2,309.1,1477,41.2,59,0
7161,M17160,L,300.5,311.8,1483,54.6,45,0
7162,M17161,L,299.9,311.9,1420,49.4,143,0
7163,M17162,M,301.1,311.3,1347,52.3,90,0
7164,M17163,L,297.3,306.5,1648,19.9,185,0
7165,M17164,L,298.5,308.0,1479,55.6,150,0
7166,M17165,L,299.8,309.6,1650,42.6,210,0
7167,M17166,H,303.8,312.8,1340,44.0,15,0
7168,M17167,L,299.8,308.6,1420,48.9,59,0
7169,M17168,L,302.2,314.3,1499,40.2,143,0
7170,M17169,M,300.1,310.4,1516,29.4,223,0
7171,M17170,H,299.0,308.2,1674,54.3,206,0
7172,M17171,H,299.5,310.3,1462,32.4,172,0
7173,M17172,L,299.7,308.5,1673,30.2,145,0
7174,M17173,L,301.2,310.1,1606,37.7,160,0
7175,M17174,L,302.7,311.9,1520,36.2,54,0
7176,M17175,L,300.7,312.4,1369,40.0,151,0
7177,M17176,H,302.4,312.1,1674,39.0,125,0
7178,M17177,M,298.1,305.6,1373,53.3,97,0
7179,M17178,H,299.2,310.4,1535,44.5,225,1
7180,M17179,M,298.6,308.2,1529,31.5,210,0
7181,M17180,L,300.6,308.8,1502,32.9,19,0
7182,M17181,M,299.3,309.0,1469,36.2,249,0
7183,M17182,L,301.5,312.0,1392,36.2,58,0
7184,M17183,L,298.1,308.5,1250,34.9,54,0
7185,M17184,H,300.1,311.9,1790,29.1,239,0
7186,M17185,M,301.4,310.5,1451,42.9,113,0
7187,M17186,L,295.9,305.9,1516,35.5,204,0
7188,M17187,M,304.2,313.5,1515,30.6,73,0
7189,M17188,L,299.4,307.9,1735,44.8,221,0
7190,M17189,L,295.9,306.8,1885,48.4,211,0
7191,M17190,M,300.3,310.8,1568,37.6,131,0
7192,M17191,L,300.1,310.4,1511,57.6,178,0
7193,M17192,L,299.8,310.3,1338,61.9,244,0
7194,M17193,L,302.0,311.3,1281,44.9,114,0
7195,M17194,H,301.5,310.5,1221,35.4,125,0
7196,M17195,L,300.6,310.6,1397,42.7,183,0
7197,M17196,M,300.9,312.1,1165,27.9,98,0
7198,M17197,L,299.8,311.4,1732,31.4,243,0
7199,M17198,M,303.6,314.3,1615,23.3,10,0
7200,M17199,L,297.0,307.1,1494,33.8,102,0
7201,M17200,M,300.3,310.5,1738,27.8,181,0
7202,M17201,M,300.1,310.1,1347,46.2,109,0
7203,M17202,L,301.6,310.6,1392,32.6,66,0
7204,M17203,H,298.3,308.3,1193,42.7,105,0
7205,M17204,H,296.5,305.2,1678,47.4,223,0
7206,M17205,L,300.3,310.2,1394,51.6,138,0
7207,M17206,L,300.6,312.2,1542,36.5,85,0
7208,M17207,L,303.0,313.8,1718,43.1,170,0
7209,M17208,M,297.5,306.5,1784,43.4,155,0
7210,M17209,L,302.3,312.2,1534,52.6,142,0
7211,M17210,M,304.7,313.9,1608,47.8,99,0
7212,M17211,L,299.2,309.2,1377,52.9,18,0
7213,M17212,L,297.4,308.5,1840,23.5,157,0
7214,M17213,M,299.2,309.8,1509,33.4,106,0
7215,M17214,M,300.0,312.5,1553,50.2,108,0
7216,M17215,H,301.1,312.3,1466,45.7,59,0
7217,M17216,L,298.8,309.0,1754,38.8,63,0
7218,M17217,L,303.1,313.8,1575,35.3,199,0
7219,M17218,L,297.8,307.6,1675,47.8,121,0
7220,M17219,L,296.5,305.4,1602,20.4,28,0
7221,M17220,H,302.2,313.5,1500,47.8,12,0
7222,M17221,L,295.5,306.5,1705,40.9,57,0
7223,M17222,M,299.6,309.4,1601,35.2,123,0
7224,M17223,L,306.2,316.5,1367,45.0,156,0
7225,M17224,H,300.0,311.2,1362,36.2,36,0
7226,M17225,L,297.8,308.6,1566,40.3,110,0
7227,M17226,M,299.9,308.4,1701,39.5,18,0
7228,M17227,L,299.9,310.1,1832,47.4,10,0
7229,M17228,L,300.3,310.2,1221,41.6,218,0
7230,M17229,M,301.3,312.4,1544,21.1,167,0
7231,M17230,M,297.9,309.0,1627,26.2,198,0
7232,M17231,L,303.4,314.7,1592,29.3,46,0
7233,M17232,L,300.5,309.4,1720,44.5,82,0
7234,M17233,M,301.5,310.7,1656,45.5,112,0
7235,M17234,M,298.7,309.9,1363,56.5,166,0
7236,M17235,M,302.6,312.0,1357,30.0,135,0
7237,M17236,H,299.5,308.0,1595,53.0,140,0
7238,M17237,L,300.6,311.1,1716,20.8,40,0
7239,M17238,M,298.1,307.6,1565,40.2,120,0
7240,M17239,L,298.0,309.8,1257,42.4,208,0
7241,M17240,L,301.4,311.7,1352,42.4,129,0
7242,M17241,M,299.1,309.3,1663,36.9,51,0
7243,M17242,L,298.3,307.9,1477,41.2,105,0
7244,M17243,L,298.7,310.3,1560,27.8,191,0
7245,M17244,H,301.4,311.8,1730,48.6,34,0
7246,M17245,L,298.7,308.3,1324,42.5,147,0
7247,M17246,L,299.8,309.0,1465,43.6,244,0
7248,M17247,H,300.0,310.0,1445,37.2,96,0
7249,M17248,L,296.2,305.2,1603,36.8,11,0
7250,M17249,M,297.1,308.1,1677,45.2,160,0
7251,M17250,L,300.7,308.9,1274,55.7,12,0
7252,M17251,L,298.5,308.4,1538,26.2,48,0
7253,M17252,L,302.1,312.7,1695,25.7,12,0
7254,M17253,L,301.9,312.3,1207,42.6,43,0
7255,M17254,L,301.4,310.7,1527,36.7,216,0
7256,M17255,L,303.6,314.3,1321,41.2,186,0
7257,M17256,H,299.8,308.9,1424,39.8,86,1
7258,M17257,M,301.3,311.3,1091,46.2,227,0
7259,M17258,L,298.8,309.5,1788,37.2,168,0
7260,M17259,L,304.9,315.4,1475,28.0,113,0
7261,M17260,H,304.0,313.3,1395,32.2,17,0
7262,M17261,L,300.0,311.2,1598,38.4,185,0
7263,M17262,H,300.8,310.9,1352,27.6,95,0
7264,M17263,M,302.7,313.5,1335,39.6,77,0
7265,M17264,M,299.7,311.2,1809,40.6,73,0
7266,M17265,M,298.7,309.8,1863,36.5,2,0
7267,M17266,L,301.7,312.9,1433,42.1,188,0
7268,M17267,L,300.2,310.3,1730,24.0,37,0
7269,M17268,M,300.4,311.2,1603,30.6,132,0
7270,M17269,H,298.3,308.5,1286,28.7,4,0
7271,M17270,M,296.6,305.4,1373,48.7,159,0
7272,M17271,M,300.5,310.8,1817,62.8,93,0
7273,M17272,H,301.8,312.1,1284,31.3,160,0
7274,M17273,L,299.5,310.1,1947,37.7,23,0
7275,M17274,M,302.9,312.7,1437,33.1,67,0
7276,M17275,L,298.6,307.8,1822,42.2,28,0
7277,M17276,L,297.9,308.5,1484,34.0,163,0
7278,M17277,M,299.9,308.6,1682,42.8,27,0
7279,M17278,M,299.8,311.3,1789,46.6,156,0
7280,M17279,L,301.5,311.3,1788,27.9,34,0
7281,M17280,L,298.5,308.7,1434,42.7,239,0
7282,M17281,L,302.7,313.3,1386,22.2,105,0
7283,M17282,H,303.9,314.5,1524,37.5,32,0
7284,M17283,L,299.9,308.5,1306,36.8,11,0
7285,M17284,L,302.5,313.3,1582,37.7,83,0
7286,M17285,L,297.9,308.2,1392,36.9,226,0
7287,M17286,L,302.2,311.5,1733,35.1,36,0
7288,M17287,M,302.1,311.3,1437,37.4,200,0
7289,M17288,H,301.7,311.4,1227,42.4,106,0
7290,M17289,M,300.0,308.7,1790,42.6,203,0
7291,M17290,H,294.1,305.8,1572,41.1,221,0
7292,M17291,H,298.7,310.2,1544,34.3,252,0
7293,M17292,L,298.7,309.2,1735,50.7,17,0
7294,M17293,M,298.0,307.8,1695,55.1,201,0
7295,M17294,M,300.2,310.0,1403,27.2,18,0
7296,M17295,M,299.2,309.9,1458,41.6,80,0
7297,M17296,H,298.4,310.1,1340,35.4,163,0
7298,M17297,M,297.9,307.3,1277,49.2,113,0
7299,M17298,L,298.6,307.5,1643,39.9,143,0
7300,M17299,M,302.2,313.8,1609,40.5,244,0
7301,M17300,M,298.7,306.9,1675,44.9,207,0
7302,M17301,M,299.0,308.0,1768,37.1,92,0
7303,M17302,L,299.1,308.8,1678,56.6,152,0
7304,M17303,L,300.7,309.1,1694,45.0,12,0
7305,M17304,H,300.9,312.0,1167,49.2,115,0
7306,M17305,L,293.9,304.8,1484,37.8,154,0
7307,M17306,L,302.0,311.5,1712,38.8,181,0
7308,M17307,L,302.9,314.2,1330,48.0,228,0
7309,M17308,L,297.9,309.3,1555,47.0,72,0
7310,M17309,L,298.1,307.9,1632,27.6,228,0
7311,M17310,H,299.1,308.6,1618,41.3,167,0
7312,M17311,H,298.5,310.7,1605,44.7,20,0
7313,M17312,L,300.4,311.2,1646,38.7,96,0
7314,M17313,M,296.1,306.4,1571,43.8,121,0
7315,M17314,M,297.8,309.1,1277,39.1,89,0
7316,M17315,L,303.1,313.4,1630,17.8,29,0
7317,M17316,M,298.1,307.6,1590,27.0,140,0
7318,M17317,L,302.5,312.6,1279,49.7,33,0
7319,M17318,M,300.7,311.7,1786,37.6,232,0
7320,M17319,H,296.4,304.4,1635,41.9,219,0
7321,M17320,H,301.3,311.0,1292,40.0,120,0
7322,M17321,M,299.8,311.1,1393,31.8,17,0
7323,M17322,H,299.1,308.6,1438,35.4,140,0
7324,M17323,M,300.5,312.0,1438,43.3,150,0
7325,M17324,M,300.9,312.4,1591,44.3,225,0
7326,M17325,L,301.4,311.3,1364,61.7,17,0
7327,M17326,L,302.4,311.8,1741,35.3,175,0
7328,M17327,M,300.8,310.5,1726,56.5,142,0
7329,M17328,H,297.2,309.9,1650,31.5,44,0
7330,M17329,M,299.1,310.9,1547,44.8,31,0
7331,M17330,M,305.9,316.0,1707,41.8,176,0
7332,M17331,L,301.4,310.8,1490,38.8,86,0
7333,M17332,H,304.7,314.9,1409,39.9,253,0
7334,M17333,M,302.8,313.0,1752,33.8,226,0
7335,M17334,L,300.5,309.2,1596,48.9,143,0
7336,M17335,H,300.6,310.7,1417,31.7,162,0
7337,M17336,H,299.9,311.2,1464,43.1,40,0
7338,M17337,L,296.5,304.7,1407,47.5,226,0
7339,M17338,M,300.0,310.9,1901,53.7,116,0
7340,M17339,L,302.4,313.8,1540,49.6,132,0
7341,M17340,H,298.8,308.2,1567,45.7,221,0
7342,M17341,L,300.8,312.5,1668,33.7,2,0
7343,M17342,H,301.7,311.0,1321,32.2,125,0
7344,M17343,L,298.2,308.6,1735,28.7,159,0
7345,M17344,H,299.1,308.8,1430,27.8,40,0
7346,M17345,L,298.0,307.7,1867,40.0,17,0
7347,M17346,M,298.4,307.7,1483,32.8,135,0
7348,M17347,L,297.4,308.1,1725,51.9,139,0
7349,M17348,L,298.2,309.0,1092,34.3,84,0
7350,M17349,L,302.8,312.8,1329,40.9,223,0
7351,M17350,L,298.2,306.8,1486,37.4,76,0
7352,M17351,M,300.3,310.7,1175,26.1,131,0
7353,M17352,H,299.0,309.4,1647,50.8,47,0
7354,M17353,L,302.4,312.1,1595,46.9,3,0
7355,M17354,L,302.6,314.5,1362,48.0,108,0
7356,M17355,L,301.7,310.2,1536,45.9,133,0
7357,M17356,H,300.6,308.4,1683,32.5,193,0
7358,M17357,L,299.5,308.8,1163,32.7,114,0
7359,M17358,L,297.6,308.3,1311,44.5,71,0
7360,M17359,H,303.9,312.8,1479,55.3,153,1
7361,M17360,L,298.5,307.5,1543,43.8,96,0
7362,M17361,L,301.3,312.3,1529,49.7,59,0
7363,M17362,M,302.1,312.6,1698,34.8,230,0
7364,M17363,M,298.9,309.3,1624,50.9,136,0
7365,M17364,M,302.1,312.9,1664,35.8,51,0
7366,M17365,L,301.5,311.1,1290,42.4,170,0
7367,M17366,L,303.5,313.1,1565,36.4,203,0
7368,M17367,H,299.1,309.9,1484,48.8,192,0
7369,M17368,M,297.4,306.1,1801,48.9,152,0
7370,M17369,L,299.0,306.8,1570,25.4,131,0
7371,M17370,M,300.4,310.0,1419,53.1,197,0
7372,M17371,L,300.1,311.0,1692,63.5,179,0
7373,M17372,L,299.2,309.5,1640,36.5,145,0
7374,M17373,L,296.2,307.0,1392,38.7,166,0
7375,M17374,M,300.9,308.9,1477,52.3,43,0
7376,M17375,M,303.9,314.3,1480,40.7,5,0
7377,M17376,M,300.9,311.6,1759,40.0,236,1
7378,M17377,L,301.2,309.9,1575,58.8,237,0
7379,M17378,L,301.1,312.0,1669,26.6,199,0
7380,M17379,L,300.8,310.7,1451,32.2,94,0
7381,M17380,H,301.9,314.9,1599,44.1,38,0
7382,M17381,L,300.8,308.6,1772,24.0,90,0
7383,M17382,M,299.4,310.7,1474,36.3,184,0
7384,M17383,L,298.4,308.0,1560,36.2,85,0
7385,M17384,L,299.5,307.9,1295,49.5,201,0
7386,M17385,L,300.6,310.1,1402,46.9,170,0
7387,M17386,H,299.4,309.6,1479,23.3,159,0
7388,M17387,L,300.6,311.7,1349,33.1,235,0
7389,M17388,L,300.9,312.6,1776,33.2,226,0
7390,M17389,L,301.7,313.1,1389,37.9,180,0
7391,M17390,L,302.6,311.6,1680,29.1,50,0
7392,M17391,H,300.2,311.3,1572,44.5,238,0
7393,M17392,L,297.4,307.8,1545,33.1,57,0
7394,M17393,M,299.3,308.7,1805,45.8,94,0
7395,M17394,M,300.1,309.9,1134,40.0,209,0
7396,M17395,M,296.3,305.6,1504,30.4,53,0
7397,M17396,L,302.8,312.8,1346,53.7,162,0
7398,M17397,L,300.3,309.6,1188,54.0,116,0
7399,M17398,L,300.8,309.7,1325,42.9,158,0
7400,M17399,L,302.7,313.2,1542,37.6,242,0
7401,M17400,L,298.7,309.4,1409,29.5,205,0
7402,M17401,H,301.1,311.0,1699,50.6,75,0
7403,M17402,L,299.8,311.1,1501,48.1,14,0
7404,M17403,M,299.6,309.4,1481,31.9,245,0
7405,M17404,M,298.5,308.2,1482,33.2,148,0
7406,M17405,L,303.3,314.0,1521,44.5,44,0
7407,M17406,L,299.2,309.1,1464,28.4,159,0
7408,M17407,L,301.4,311.5,1387,33.8,11,0
7409,M17408,H,296.2,303.7,1716,29.7,47,0
7410,M17409,L,302.4,312.4,1427,30.0,160,0
7411,M17410,L,302.1,310.3,1470,32.9,102,0
7412,M17411,M,300.2,309.0,1616,49.0,82,0
7413,M17412,L,299.5,308.2,1596,22.6,166,0
7414,M17413,M,300.8,309.8,1379,44.3,219,0
7415,M17414,H,304.6,314.0,1674,42.6,172,0
7416,M17415,H,296.5,306.0,1635,49.6,117,0
7417,M17416,L,301.6,312.2,1571,42.5,167,0
7418,M17417,M,298.2,308.4,1462,36.2,176,0
7419,M17418,L,300.0,308.1,1466,31.9,196,0
7420,M17419,L,299.5,309.6,1503,49.8,78,0
7421,M17420,H,299.1,309.5,1319,44.9,29,0
7422,M17421,M,300.0,309.7,1532,35.1,173,0
7423,M17422,H,297.7,307.7,1699,49.0,31,0
7424,M17423,H,302.1,312.2,1696,35.6,117,0
7425,M17424,L,296.4,307.2,1471,40.0,58,0
7426,M17425,L,301.1,309.5,1729,34.0,84,0
7427,M17426,L,299.3,309.1,1880,45.3,119,0
7428,M17427,M,297.7,309.2,1482,30.2,227,0
7429,M17428,L,300.4,311.8,1663,37.0,172,0
7430,M17429,M,296.9,307.7,1134,33.5,43,0
7431,M17430,L,300.1,310.6,1314,42.6,223,0
7432,M17431,L,297.2,308.8,1555,43.8,127,0
7433,M17432,L,300.9,312.8,1359,29.1,52,0
7434,M17433,M,298.2,308.0,1904,44.0,133,0
7435,M17434,L,299.1,308.1,1646,25.4,48,0
7436,M17435,L,300.6,310.3,1712,61.7,93,0
7437,M17436,H,298.5,311.6,1534,34.9,204,0
7438,M17437,L,299.9,308.3,1359,50.4,167,0
7439,M17438,M,297.0,306.5,1446,42.0,121,0
7440,M17439,M,301.3,309.8,1585,42.4,57,0
7441,M17440,H,303.5,313.7,1425,28.5,71,0
7442,M17441,L,305.6,314.4,1659,48.4,247,0
7443,M17442,L,300.2,310.1,1666,40.5,87,0
7444,M17443,H,301.6,309.6,1540,44.7,156,0
7445,M17444,L,296.4,307.1,1212,39.1,126,0
7446,M17445,L,303.0,314.2,1846,41.3,6,0
7447,M17446,H,301.6,311.2,1501,31.2,239,0
7448,M17447,L,299.0,308.9,2024,38.5,22,0
7449,M17448,M,302.5,312.3,1656,35.8,167,0
7450,M17449,M,299.5,309.7,1501,33.0,205,0
7451,M17450,M,299.1,309.0,1619,41.3,189,0
7452,M17451,L,301.0,311.7,1178,43.6,205,0
7453,M17452,L,297.9,309.1,1723,42.5,187,0
7454,M17453,H,302.0,311.2,1998,39.0,113,0
7455,M17454,M,297.9,307.6,1165,44.1,227,0
7456,M17455,M,297.9,308.8,1488,42.4,231,0
7457,M17456,L,298.2,306.8,1520,41.0,111,0
7458,M17457,M,301.5,309.5,1696,41.6,123,0
7459,M17458,L,298.8,309.0,1916,51.7,123,0
7460,M17459,L,297.3,307.8,1608,28.1,71,0
7461,M17460,H,298.8,308.1,1922,36.8,29,0
7462,M17461,L,299.9,309.4,1570,43.3,66,0
7463,M17462,H,297.6,306.9,1620,24.3,214,0
7464,M17463,H,297.7,306.8,1598,53.7,137,0
7465,M17464,M,304.2,314.9,1757,42.5,215,0
7466,M17465,M,298.3,307.1,1463,49.5,189,0
7467,M17466,L,299.4,309.1,1685,51.1,88,0
7468,M17467,M,299.3,308.4,1319,44.1,47,0
7469,M17468,M,299.2,307.7,1488,17.9,144,0
7470,M17469,M,301.2,312.1,1425,41.5,237,0
7471,M17470,L,301.9,311.4,1555,42.1,212,0
7472,M17471,M,299.4,309.6,1482,29.2,193,0
7473,M17472,M,297.5,306.0,1742,22.3,193,0
7474,M17473,M,302.5,311.8,1382,44.6,134,0
7475,M17474,H,299.8,310.6,1229,27.6,43,0
7476,M17475,M,303.5,316.0,1296,60.4,72,0
7477,M17476,L,295.5,303.5,1717,42.6,146,0
7478,M17477,L,300.4,310.2,1365,53.4,80,0
7479,M17478,L,303.8,314.2,1610,40.3,198,0
7480,M17479,L,299.3,308.7,1486,47.4,94,0
7481,M17480,L,299.5,310.4,1687,40.5,29,0
7482,M17481,L,300.6,309.7,1498,50.0,198,0
7483,M17482,L,298.9,309.0,2034,19.8,177,0
7484,M17483,L,299.4,308.9,1879,48.8,64,1
7485,M17484,L,299.3,310.5,1483,46.6,248,0
7486,M17485,H,298.7,308.1,1458,38.5,102,0
7487,M17486,H,302.5,312.1,2100,35.9,172,0
7488,M17487,L,300.9,311.9,1346,37.0,230,0
7489,M17488,H,300.5,309.5,1529,42.8,39,0
7490,M17489,L,301.6,311.7,1543,52.0,222,0
7491,M17490,M,299.5,307.6,1539,34.7,178,0
7492,M17491,M,298.5,307.4,1228,23.2,42,0
7493,M17492,H,298.8,309.2,1628,64.6,168,0
7494,M17493,L,300.0,309.0,1365,46.6,221,0
7495,M17494,L,297.9,307.3,1796,36.1,202,0
7496,M17495,M,299.0,309.5,1278,51.8,192,0
7497,M17496,M,299.0,308.4,1550,49.2,41,0
7498,M17497,L,304.2,315.1,1142,44.9,48,0
7499,M17498,L,294.5,304.7,1153,35.3,139,0
7500,M17499,M,299.6,310.1,1389,46.6,147,0
7501,M17500,L,303.5,314.7,1414,50.8,239,0
7502,M17501,H,300.2,310.6,1801,23.0,119,0
7503,M17502,H,301.5,313.0,1532,42.2,77,0
7504,M17503,M,300.2,311.1,1770,43.0,48,0
7505,M17504,L,298.7,308.1,1471,42.6,14,0
7506,M17505,M,295.5,306.8,1647,40.5,17,0
7507,M17506,L,300.4,310.7,1409,51.7,145,0
7508,M17507,M,298.4,308.1,1397,37.9,45,0
7509,M17508,L,298.4,308.7,1213,40.0,215,0
7510,M17509,M,299.0,310.1,1599,43.1,151,0
7511,M17510,M,303.5,313.9,1586,38.2,219,0
7512,M17511,M,304.8,316.6,1678,26.3,108,0
7513,M17512,L,300.4,311.5,1577,42.1,151,0
7514,M17513,L,299.1,309.6,1902,42.2,133,0
7515,M17514,M,297.6,306.6,1571,36.4,250,0
7516,M17515,H,300.9,310.8,1717,38.7,202,0
7517,M17516,L,303.6,313.6,1481,8.5,151,0
7518,M17517,M,299.5,310.2,1376,52.0,153,0
7519,M17518,M,295.2,305.9,1667,48.9,63,0
7520,M17519,L,301.3,311.5,1523,26.8,186,0
7521,M17520,L,302.0,312.1,1688,33.3,249,0
7522,M17521,M,296.8,307.5,1602,54.3,33,0
7523,M17522,M,300.4,309.5,1397,28.6,161,0
7524,M17523,H,300.9,312.6,1731,44.7,131,0
7525,M17524,H,299.9,307.8,1383,35.1,215,0
7526,M17525,L,298.4,309.9,1651,44.1,0,0
7527,M17526,L,302.0,312.0,1768,40.5,35,0
7528,M17527,L,299.2,310.2,1470,37.2,9,0
7529,M17528,L,297.0,307.4,1746,43.8,41,0
7530,M17529,M,295.9,306.2,1610,35.1,179,0
7531,M17530,L,302.5,313.1,1691,22.3,35,0
7532,M17531,H,301.2,312.0,1389,30.8,157,0
7533,M17532,L,300.2,309.8,1577,29.6,220,0
7534,M17533,L,299.1,310.2,1287,24.1,9,0
7535,M17534,M,298.9,307.9,1845,43.7,7,0
7536,M17535,M,297.8,307.8,1178,38.3,250,0
7537,M17536,M,299.1,310.0,1475,43.5,170,0
7538,M17537,L,295.8,306.8,1372,45.2,36,0
7539,M17538,H,298.5,309.0,1660,47.5,78,0
7540,M17539,L,299.4,309.0,1883,44.0,249,0
7541,M17540,H,301.2,312.1,1656,30.3,57,0
7542,M17541,L,299.9,309.3,2069,45.7,190,0
7543,M17542,M,301.6,313.3,1292,42.2,61,1
7544,M17543,M,302.7,312.6,1306,61.7,101,0
7545,M17544,M,302.1,310.6,1379,40.1,223,0
7546,M17545,L,300.9,309.7,1561,43.8,7,0
7547,M17546,M,300.0,310.1,1355,39.1,78,0
7548,M17547,H,298.0,308.2,1404,40.5,123,0
7549,M17548,L,301.5,313.4,1650,39.8,158,0
7550,M17549,L,303.4,312.3,1317,35.7,7,0
7551,M17550,M,300.7,310.7,1336,41.8,104,0
7552,M17551,M,303.8,312.8,1468,46.2,87,0
7553,M17552,L,296.9,306.5,1485,35.8,7,0
7554,M17553,M,297.7,309.4,1720,48.3,90,0
7555,M17554,M,301.7,310.6,1378,47.1,236,0
7556,M17555,M,300.5,311.1,1410,31.3,69,0
7557,M17556,H,302.6,313.0,1643,30.5,148,0
7558,M17557,L,300.0,309.9,1682,44.4,75,0
7559,M17558,L,298.3,308.8,1795,34.2,27,1
7560,M17559,H,299.6,308.4,1623,29.6,73,0
7561,M17560,M,296.9,308.6,1562,57.0,119,0
7562,M17561,L,297.7,309.7,1642,30.4,75,0
7563,M17562,L,301.9,312.0,1491,24.9,158,0
7564,M17563,H,301.7,314.2,1490,32.2,240,0
7565,M17564,M,300.7,310.3,1221,42.3,18,0
7566,M17565,H,296.6,307.0,1699,40.7,181,0
7567,M17566,H,299.3,310.7,1577,58.7,0,0
7568,M17567,L,297.6,307.1,1678,32.4,0,0
7569,M17568,H,302.4,311.0,1035,42.3,34,0
7570,M17569,M,298.8,307.2,1531,51.2,121,0
7571,M17570,H,297.8,309.9,1386,33.5,12,0
7572,M17571,M,300.1,309.5,1808,47.0,183,0
7573,M17572,L,298.7,308.5,1649,21.9,7,0
7574,M17573,M,303.0,311.9,1581,57.4,125,0
7575,M17574,M,298.5,309.5,1462,49.8,171,0
7576,M17575,H,297.2,306.4,1610,33.3,60,0
7577,M17576,M,295.7,305.2,1373,48.2,147,0
7578,M17577,L,299.9,310.2,1521,53.0,66,0
7579,M17578,M,298.9,307.8,1435,27.2,54,0
7580,M17579,L,297.1,307.0,1945,34.1,207,0
7581,M17580,H,302.4,313.8,1802,53.3,84,0
7582,M17581,L,301.3,311.8,1729,40.7,206,0
7583,M17582,H,299.9,310.1,1272,44.3,55,0
7584,M17583,L,302.7,312.9,1694,40.7,90,0
7585,M17584,M,301.3,310.9,1573,48.8,26,0
7586,M17585,L,298.4,310.4,1758,45.1,126,0
7587,M17586,M,297.9,307.1,1597,41.1,97,0
7588,M17587,L,301.6,311.8,1538,19.2,2,0
7589,M17588,M,300.8,310.9,1581,46.3,118,0
7590,M17589,L,300.3,311.3,1216,47.2,19,0
7591,M17590,L,298.3,309.4,1402,27.7,212,0
7592,M17591,L,301.2,311.2,1606,28.4,125,0
7593,M17592,H,298.5,308.8,1743,45.1,175,0
7594,M17593,M,299.8,310.1,1440,41.9,208,0
7595,M17594,M,302.9,310.6,1532,20.4,13,0
7596,M17595,L,298.7,307.1,1252,31.9,85,0
7597,M17596,L,296.9,306.2,1800,43.1,6,0
7598,M17597,L,297.9,307.3,1738,46.7,13,0
7599,M17598,M,302.0,310.8,1656,34.2,10,0
7600,M17599,M,300.5,311.3,1612,38.5,121,0
7601,M17600,L,299.7,309.7,1817,31.3,114,0
7602,M17601,L,299.0,308.8,1395,53.1,15,0
7603,M17602,M,301.0,309.7,1376,41.7,66,0
7604,M17603,M,298.3,308.3,1729,33.4,62,0
7605,M17604,H,300.6,308.0,1717,28.6,75,0
7606,M17605,M,298.5,308.4,1325,27.5,162,0
7607,M17606,L,298.2,308.3,1444,57.9,176,0
7608,M17607,M,298.7,309.0,1841,38.3,86,0
7609,M17608,L,299.2,307.7,1613,36.0,199,0
7610,M17609,M,299.9,310.1,1680,37.9,106,0
7611,M17610,L,300.5,309.4,1332,33.8,132,0
7612,M17611,L,292.6,301.8,1657,38.9,37,0
7613,M17612,L,298.4,309.1,1285,40.3,59,0
7614,M17613,L,299.2,311.2,1185,40.1,184,0
7615,M17614,H,303.0,313.1,1669,27.5,247,0
7616,M17615,L,297.8,307.0,1796,48.8,178,0
7617,M17616,L,300.3,310.5,1494,34.5,14,0
7618,M17617,H,303.0,313.9,1441,33.5,36,0
7619,M17618,L,297.4,308.0,1845,33.0,113,0
7620,M17619,L,300.8,313.5,1504,29.6,185,0
7621,M17620,L,298.4,307.7,1527,42.7,42,0
7622,M17621,H,299.0,309.2,1842,48.9,190,0
7623,M17622,L,298.4,309.9,1476,32.8,141,0
7624,M17623,L,298.5,310.0,1422,21.8,196,0
7625,M17624,L,305.4,313.5,1685,29.8,141,0
7626,M17625,M,301.7,311.7,1412,35.6,152,0
7627,M17626,L,302.2,313.7,1513,27.8,63,0
7628,M17627,M,301.0,313.9,1303,34.1,182,0
7629,M17628,L,296.8,307.5,1572,34.5,214,0
7630,M17629,M,300.8,310.4,1551,39.8,220,0
7631,M17630,M,302.1,311.1,1712,25.6,7,0
7632,M17631,L,298.3,310.5,1692,45.7,158,0
7633,M17632,L,301.9,312.7,1638,56.4,250,0
7634,M17633,M,301.4,310.6,1610,54.1,148,1
7635,M17634,H,303.7,313.5,1526,34.2,43,0
7636,M17635,H,299.2,309.5,1648,46.6,222,0
7637,M17636,M,297.8,308.3,1340,45.4,67,0
7638,M17637,L,299.3,308.4,1119,39.6,11,0
7639,M17638,H,302.9,312.3,1747,41.8,109,0
7640,M17639,L,296.3,304.7,1660,46.8,25,0
7641,M17640,L,295.9,306.9,1516,48.7,29,0
7642,M17641,H,300.2,309.8,1731,32.0,117,0
7643,M17642,L,299.1,309.6,1408,47.4,155,0
7644,M17643,M,300.0,311.4,1413,56.5,229,0
7645,M17644,L,301.9,312.1,1388,48.7,178,0
7646,M17645,M,298.9,308.8,1641,55.2,213,0
7647,M17646,H,296.3,306.4,1256,14.4,104,0
7648,M17647,H,304.1,314.2,1402,45.9,81,0
7649,M17648,L,298.0,309.3,1591,42.6,150,0
7650,M17649,M,297.9,308.2,1323,50.2,176,0
7651,M17650,M,302.2,311.7,1421,28.9,144,0
7652,M17651,H,299.2,310.3,1143,35.0,67,0
7653,M17652,L,299.9,311.1,1647,48.9,94,0
7654,M17653,L,301.0,309.6,1416,29.5,113,0
7655,M17654,L,302.2,313.7,1342,42.4,4,0
7656,M17655,M,299.3,309.7,1307,39.8,223,0
7657,M17656,H,303.0,313.3,1464,38.1,129,0
7658,M17657,L,295.7,306.7,1256,45.7,190,0
7659,M17658,M,301.5,311.0,1887,29.0,43,0
7660,M17659,L,298.3,309.3,1112,32.3,141,0
7661,M17660,L,302.7,312.4,1458,38.6,234,0
7662,M17661,M,300.3,308.8,1558,28.1,54,0
7663,M17662,H,298.7,307.7,1400,52.2,88,0
7664,M17663,H,301.3,311.9,1577,32.1,98,0
7665,M17664,M,301.8,310.8,1396,47.8,97,0
7666,M17665,H,301.3,312.9,1813,31.3,152,0
7667,M17666,L,297.9,309.1,1339,47.0,100,0
7668,M17667,H,299.0,310.4,1118,24.1,171,0
7669,M17668,M,300.0,310.1,1307,53.9,123,0
7670,M17669,L,299.9,310.2,1608,51.2,40,0
7671,M17670,M,301.5,310.3,1518,34.5,240,0
7672,M17671,L,296.0,307.0,1674,31.8,61,0
7673,M17672,L,300.7,311.0,1629,44.5,142,0
7674,M17673,H,299.4,310.0,1425,24.9,15,0
7675,M17674,L,298.3,310.0,1451,40.3,232,0
7676,M17675,L,298.5,307.9,1470,32.0,235,0
7677,M17676,L,299.6,309.4,1876,37.5,92,0
7678,M17677,M,292.8,303.1,1663,33.6,31,0
7679,M17678,L,298.6,307.7,1878,32.1,195,0
7680,M17679,L,298.2,308.1,1689,56.9,66,0
7681,M17680,H,301.1,311.6,1528,47.7,177,0
7682,M17681,H,298.4,308.1,1357,25.3,232,0
7683,M17682,L,299.6,310.9,1575,31.3,149,0
7684,M17683,L,303.1,311.6,1528,48.5,218,0
7685,M17684,M,302.0,313.1,1522,49.6,57,0
7686,M17685,H,301.8,312.5,1502,26.3,230,0
7687,M17686,H,299.0,308.4,1172,46.9,57,0
7688,M17687,L,301.1,310.2,1765,42.6,57,0
7689,M17688,M,299.5,307.5,1530,20.8,223,0
7690,M17689,L,299.6,308.8,1286,36.0,140,0
7691,M17690,L,300.8,311.9,1625,38.7,202,0
7692,M17691,H,298.8,308.7,1386,40.5,203,0
7693,M17692,M,303.0,314.1,1640,26.9,164,0
7694,M17693,H,299.7,309.1,1697,32.4,48,0
7695,M17694,L,301.2,311.9,1722,33.8,175,0
7696,M17695,L,302.9,312.2,1510,34.7,16,0
7697,M17696,H,302.1,311.1,1465,34.9,51,0
7698,M17697,L,297.2,307.1,1427,38.7,163,0
7699,M17698,L,300.9,310.2,1410,43.1,230,0
7700,M17699,M,301.7,310.2,1536,57.6,195,0
7701,M17700,L,301.8,311.6,1502,48.6,84,1
7702,M17701,L,297.8,307.9,1391,53.0,208,0
7703,M17702,M,298.7,310.0,1334,35.2,245,0
7704,M17703,L,302.0,312.9,1520,30.1,84,0
7705,M17704,H,298.5,309.7,1461,47.9,47,0
7706,M17705,M,299.4,310.1,1335,39.8,50,0
7707,M17706,H,303.2,313.5,1688,47.2,101,0
7708,M17707,H,299.9,308.7,1856,31.3,13,0
7709,M17708,L,298.5,308.7,1711,46.4,123,0
7710,M17709,L,298.2,308.8,1410,38.3,185,0
7711,M17710,H,300.7,312.1,1530,35.4,134,0
7712,M17711,H,297.3,308.0,1815,36.4,245,0
7713,M17712,L,299.5,310.7,1329,44.9,117,0
7714,M17713,H,300.7,309.6,1679,47.7,3,0
7715,M17714,L,302.6,312.3,1280,36.4,119,0
7716,M17715,L,301.3,311.8,1840,43.4,235,0
7717,M17716,H,298.6,309.7,1462,43.4,24,0
7718,M17717,L,302.4,312.2,1938,47.3,56,0
7719,M17718,M,299.4,309.3,1848,49.8,181,1
7720,M17719,L,297.5,308.2,1520,57.9,74,0
7721,M17720,L,299.7,308.5,1410,35.4,194,0
7722,M17721,L,302.9,314.5,1574,54.5,106,0
7723,M17722,L,300.3,309.5,1507,41.2,201,0
7724,M17723,M,300.0,308.1,1467,29.2,140,0
7725,M17724,M,303.3,313.3,1242,33.6,21,0
7726,M17725,L,297.1,308.8,1447,44.6,98,0
7727,M17726,L,297.4,308.0,1340,47.2,84,0
7728,M17727,L,296.8,307.5,1638,29.9,205,0
7729,M17728,L,300.7,310.8,1716,32.4,158,0
7730,M17729,L,300.3,310.2,1672,34.7,197,0
7731,M17730,L,303.1,311.5,1600,31.5,94,0
7732,M17731,L,300.5,308.2,1386,21.4,175,0
7733,M17732,L,299.2,309.4,1576,18.0,17,0
7734,M17733,L,300.0,311.3,1681,36.2,9,0
7735,M17734,L,300.2,310.6,1434,42.5,73,0
7736,M17735,L,296.7,307.3,1560,46.5,196,0
7737,M17736,L,305.4,317.0,1513,26.5,135,0
7738,M17737,L,301.0,311.4,1837,26.7,103,0
7739,M17738,L,300.4,310.3,1691,34.8,227,0
7740,M17739,M,301.2,310.4,1648,40.0,126,0
7741,M17740,L,301.4,313.4,1232,50.0,155,0
7742,M17741,L,299.7,310.2,1570,47.1,249,0
7743,M17742,L,298.7,307.8,1511,36.4,132,0
7744,M17743,H,301.2,310.0,1510,43.6,198,0
7745,M17744,L,300.8,312.0,1259,31.6,105,0
7746,M17745,H,298.4,307.3,1344,40.7,9,0
7747,M17746,L,302.8,314.7,1527,39.4,211,0
7748,M17747,H,300.6,307.8,1738,53.9,239,0
7749,M17748,M,301.5,312.9,1433,44.9,110,0
7750,M17749,M,302.8,313.3,1467,32.4,127,0
7751,M17750,L,300.0,310.2,1858,32.5,107,0
7752,M17751,H,300.6,310.5,1486,36.7,252,0
7753,M17752,M,301.6,313.5,1516,24.5,229,0
7754,M17753,M,298.6,309.3,1518,37.7,10,0
7755,M17754,M,300.1,309.2,1298,38.6,197,0
7756,M17755,L,300.3,308.5,1641,44.6,152,0
7757,M17756,H,298.1,308.3,1422,46.1,6,0
7758,M17757,L,304.6,314.6,1534,41.0,113,0
7759,M17758,L,297.2,305.7,1619,23.9,38,0
7760,M17759,M,297.4,307.3,1887,27.9,221,0
7761,M17760,L,302.6,312.1,1303,34.0,3,0
7762,M17761,H,301.4,311.4,1694,46.5,221,0
7763,M17762,L,297.9,308.7,1695,46.1,238,0
7764,M17763,M,301.2,312.7,1425,37.5,18,0
7765,M17764,M,302.9,313.8,1646,63.4,182,1
7766,M17765,M,299.9,309.2,1833,55.5,139,0
7767,M17766,L,305.2,315.6,1402,52.3,241,0
7768,M17767,L,296.6,306.6,1582,46.9,202,0
7769,M17768,H,301.4,310.1,1611,44.5,176,0
7770,M17769,H,302.3,312.7,1635,43.8,234,0
7771,M17770,L,301.8,313.6,1677,22.1,41,0
7772,M17771,L,299.6,309.6,1569,29.6,95,0
7773,M17772,H,299.4,307.8,1631,37.8,213,0
7774,M17773,M,300.9,310.9,1376,41.3,26,0
7775,M17774,L,301.6,310.4,1568,38.8,237,0
7776,M17775,L,301.2,312.1,1454,42.7,189,0
7777,M17776,M,302.1,312.6,1319,19.2,111,0
7778,M17777,M,298.0,307.8,1448,45.0,86,0
7779,M17778,L,299.5,309.2,1587,40.6,37,0
7780,M17779,L,298.1,307.9,1617,38.1,24,0
7781,M17780,L,299.2,309.2,1312,49.2,107,0
7782,M17781,L,302.0,311.3,1371,29.6,213,0
7783,M17782,L,300.2,308.8,1669,37.7,135,0
7784,M17783,L,305.2,316.4,1630,42.8,114,0
7785,M17784,L,300.4,310.0,1698,31.6,81,0
7786,M17785,L,300.1,310.3,1784,20.2,40,0
7787,M17786,L,300.2,310.5,1635,28.6,250,0
7788,M17787,L,298.7,309.0,1465,39.4,7,0
7789,M17788,L,299.9,308.7,1560,37.5,79,0
7790,M17789,L,302.3,310.6,1836,39.8,195,0
7791,M17790,L,300.2,309.6,2034,33.5,132,0
7792,M17791,L,298.4,308.8,1622,27.0,79,0
7793,M17792,H,298.1,307.4,1635,41.4,251,0
7794,M17793,L,299.1,308.7,1669,38.4,157,0
7795,M17794,M,300.1,312.3,1543,46.3,75,0
7796,M17795,L,302.4,310.5,1747,32.6,215,0
7797,M17796,H,297.3,306.6,1719,20.0,38,0
7798,M17797,H,299.4,311.3,1602,14.2,117,0
7799,M17798,L,300.3,310.2,1482,36.0,212,0
7800,M17799,M,296.3,305.6,1267,41.3,249,0
7801,M17800,L,298.3,309.5,1670,37.7,97,1
7802,M17801,M,298.6,308.7,1577,34.4,35,1
7803,M17802,H,298.4,308.1,1407,24.2,143,0
7804,M17803,H,300.4,310.6,1337,21.3,239,0
7805,M17804,L,299.7,309.0,1657,43.6,168,0
7806,M17805,H,298.9,307.9,1252,37.7,152,0
7807,M17806,L,300.9,310.7,1593,36.4,78,0
7808,M17807,H,303.4,312.4,1690,24.7,153,0
7809,M17808,M,303.3,313.3,1637,30.4,224,0
7810,M17809,H,296.2,306.5,1469,40.4,95,0
7811,M17810,L,301.2,312.0,1315,42.8,61,0
7812,M17811,H,299.6,310.8,1644,38.4,122,0
7813,M17812,H,300.3,309.9,1754,53.7,95,1
7814,M17813,L,299.2,309.7,1436,34.3,119,0
7815,M17814,L,300.2,310.7,1630,52.7,24,0
7816,M17815,L,300.3,310.6,1822,42.1,85,0
7817,M17816,M,298.8,308.4,1600,41.1,209,0
7818,M17817,L,298.2,307.2,1468,49.2,101,0
7819,M17818,L,299.1,309.6,1725,33.8,245,0
7820,M17819,L,300.5,308.8,1407,36.7,179,0
7821,M17820,L,301.2,310.9,1307,27.9,93,0
7822,M17821,M,301.7,309.2,1684,49.3,64,0
7823,M17822,M,299.0,307.7,1466,43.3,173,0
7824,M17823,L,300.6,309.7,1482,50.9,77,0
7825,M17824,L,301.9,313.0,1427,42.0,235,0
7826,M17825,L,302.3,313.0,1454,50.9,29,0
7827,M17826,L,299.9,309.3,1790,32.6,7,0
7828,M17827,L,299.6,310.3,1837,49.8,56,0
7829,M17828,M,300.4,311.3,1860,36.1,153,0
7830,M17829,L,297.7,307.5,1734,40.0,211,0
7831,M17830,L,299.6,308.2,1622,47.2,43,1
7832,M17831,H,301.5,311.3,1283,63.0,148,0
7833,M17832,L,301.3,311.2,1505,48.1,36,0
7834,M17833,L,299.5,308.2,1925,49.1,142,0
7835,M17834,L,300.4,310.8,1461,34.6,5,0
7836,M17835,L,298.4,308.6,1810,41.6,141,0
7837,M17836,L,301.4,311.9,1549,39.1,132,0
7838,M17837,M,299.8,310.1,1060,53.9,11,0
7839,M17838,M,299.4,310.2,1654,38.6,174,0
7840,M17839,L,299.3,309.1,1766,53.2,145,0
7841,M17840,H,299.9,310.1,1530,27.1,158,0
7842,M17841,H,299.1,308.7,1760,53.8,134,0
7843,M17842,M,301.3,310.7,1240,31.5,183,0
7844,M17843,H,299.2,310.5,1291,48.5,133,0
7845,M17844,M,303.2,311.1,1576,31.4,233,0
7846,M17845,M,302.9,313.8,1624,46.1,239,0
7847,M17846,H,298.2,307.6,1782,30.5,184,0
7848,M17847,H,300.1,309.4,1653,50.3,231,0
7849,M17848,H,298.7,309.0,1325,48.4,234,0
7850,M17849,M,299.3,307.9,1577,34.1,66,0
7851,M17850,L,304.0,313.2,1647,45.7,251,0
7852,M17851,L,299.4,308.5,1204,49.4,68,0
7853,M17852,M,300.7,310.5,1531,30.9,5,0
7854,M17853,M,301.1,310.3,1479,29.8,243,0
7855,M17854,L,298.0,309.6,1422,29.4,57,0
7856,M17855,L,298.3,310.1,1628,28.0,148,0
7857,M17856,L,297.6,305.6,1333,29.3,246,0
7858,M17857,M,298.2,308.8,1614,49.2,13,0
7859,M17858,M,294.3,305.2,1639,45.5,68,0
7860,M17859,L,301.1,311.6,1733,23.2,154,0
7861,M17860,H,304.1,313.5,1338,34.9,193,1
7862,M17861,M,300.3,310.1,1270,28.5,204,0
7863,M17862,M,297.2,306.4,1589,48.5,224,0
7864,M17863,M,298.7,308.3,1488,35.5,43,0
7865,M17864,H,299.1,307.9,2059,24.7,94,0
7866,M17865,H,298.0,307.9,1621,41.7,181,0
7867,M17866,H,301.7,310.2,1549,46.0,181,0
7868,M17867,L,301.6,311.4,1508,30.6,78,0
7869,M17868,L,297.7,306.4,1321,37.4,77,0
7870,M17869,M,301.5,311.7,1640,31.1,81,0
7871,M17870,H,303.1,312.4,1525,52.3,226,1
7872,M17871,L,303.8,314.1,1525,35.7,230,0
7873,M17872,L,305.7,316.8,1556,32.9,4,0
7874,M17873,H,298.2,309.8,1579,39.5,82,0
7875,M17874,M,305.6,313.1,1228,37.9,99,0
7876,M17875,M,299.3,308.5,1689,46.8,249,0
7877,M17876,M,298.8,308.5,1387,52.0,239,0
7878,M17877,L,300.7,311.1,1514,52.1,159,0
7879,M17878,H,298.8,307.2,1769,36.2,12,0
7880,M17879,M,300.8,309.8,1858,43.0,48,0
7881,M17880,M,297.4,307.5,1235,54.7,110,0
7882,M17881,M,299.5,309.6,1544,55.1,243,0
7883,M17882,L,302.6,312.9,1588,31.3,24,0
7884,M17883,M,299.9,310.3,1269,45.9,200,0
7885,M17884,L,300.3,310.6,1683,44.2,48,0
7886,M17885,L,301.0,311.1,1560,49.2,128,0
7887,M17886,M,302.3,312.4,1574,52.3,194,0
7888,M17887,L,296.7,307.4,1375,29.7,175,0
7889,M17888,H,301.2,308.9,1613,33.2,196,0
7890,M17889,M,299.5,311.0,1689,49.0,206,0
7891,M17890,L,300.3,308.1,1562,41.5,77,0
7892,M17891,L,302.1,311.0,1447,18.0,92,0
7893,M17892,L,297.6,307.4,1461,23.5,206,0
7894,M17893,H,298.0,308.6,1578,46.6,10,0
7895,M17894,L,296.1,303.1,1548,48.3,130,0
7896,M17895,M,298.9,308.9,1701,26.6,233,0
7897,M17896,L,302.7,313.5,1453,50.9,224,0
7898,M17897,M,299.8,310.8,1321,38.0,203,0
7899,M17898,L,297.3,306.6,1603,29.9,5,0
7900,M17899,L,299.0,308.7,1454,34.5,225,0
7901,M17900,M,297.0,306.4,1679,27.9,231,0
7902,M17901,L,297.7,307.4,1540,33.9,168,0
7903,M17902,L,300.8,309.7,1656,21.5,76,0
7904,M17903,H,297.7,306.8,1357,39.3,124,0
7905,M17904,M,302.2,312.7,1565,45.8,193,0
7906,M17905,M,299.9,310.0,1414,26.7,206,0
7907,M17906,L,300.2,310.7,1321,40.2,87,0
7908,M17907,L,299.4,309.7,1385,32.0,82,0
7909,M17908,L,301.5,312.3,1442,46.6,186,0
7910,M17909,L,301.6,312.4,1762,17.1,174,0
7911,M17910,H,300.7,308.9,1437,47.0,130,0
7912,M17911,L,301.1,310.3,1311,22.0,106,0
7913,M17912,M,299.6,309.3,1563,37.9,166,0
7914,M17913,L,301.1,311.1,1544,33.0,8,0
7915,M17914,L,299.3,308.7,1451,36.4,19,0
7916,M17915,H,300.0,310.9,1510,24.9,145,0
7917,M17916,L,299.5,311.4,1714,56.4,53,0
7918,M17917,L,299.1,309.3,1659,27.3,196,0
7919,M17918,L,298.6,308.7,1644,28.0,195,0
7920,M17919,H,300.9,311.8,1327,57.8,180,0
7921,M17920,M,302.6,310.8,2056,43.2,229,0
7922,M17921,H,302.3,312.4,1727,27.6,36,0
7923,M17922,M,297.5,308.5,1632,38.7,66,0
7924,M17923,L,302.6,311.9,1331,37.7,64,0
7925,M17924,M,299.4,308.1,1709,23.3,198,0
7926,M17925,L,301.2,311.0,1449,32.5,132,0
7927,M17926,L,298.2,308.1,1504,39.7,64,0
7928,M17927,L,300.3,309.4,1238,52.5,35,0
7929,M17928,L,300.6,312.7,1317,38.1,226,0
7930,M17929,L,297.0,306.6,1617,38.9,175,0
7931,M17930,L,301.2,310.1,1719,31.9,134,0
7932,M17931,L,302.7,312.6,1662,50.8,244,0
7933,M17932,L,299.7,310.6,1655,48.9,215,0
7934,M17933,L,302.7,312.7,1527,47.8,45,0
7935,M17934,H,299.6,310.1,1466,41.1,129,0
7936,M17935,M,301.7,310.8,1591,24.2,123,0
7937,M17936,L,295.6,307.1,1686,50.8,214,0
7938,M17937,L,304.8,315.4,1540,40.6,38,0
7939,M17938,M,303.0,314.0,1756,36.9,114,0
7940,M17939,L,299.4,309.8,1501,44.4,161,0
7941,M17940,M,296.1,306.9,1364,42.2,239,0
7942,M17941,H,300.6,309.7,1537,29.4,228,0
7943,M17942,M,297.1,306.6,1558,36.8,135,0
7944,M17943,H,300.9,312.2,1524,21.1,154,0
7945,M17944,L,300.8,312.4,1768,40.9,216,0
7946,M17945,H,298.1,307.0,1683,53.2,188,0
7947,M17946,M,302.2,312.5,1283,22.2,222,0
7948,M17947,M,301.6,311.2,1814,41.3,227,0
7949,M17948,M,302.0,311.3,1048,46.6,211,0
7950,M17949,L,300.0,310.3,1924,48.1,2,0
7951,M17950,M,297.2,308.3,1488,32.6,79,0
7952,M17951,L,302.0,312.4,1505,29.1,102,0
7953,M17952,L,299.5,309.1,1528,34.2,172,0
7954,M17953,L,297.2,307.7,1608,51.8,78,0
7955,M17954,L,302.7,312.3,1539,23.1,82,0
7956,M17955,H,304.2,314.6,1515,28.0,101,0
7957,M17956,L,299.9,311.3,1773,35.5,242,0
7958,M17957,L,304.3,312.2,1640,30.3,111,0
7959,M17958,H,300.2,311.0,1367,39.6,36,0
7960,M17959,L,299.2,307.7,1672,54.0,2,0
7961,M17960,L,298.7,310.0,1633,28.1,60,0
7962,M17961,L,303.3,312.6,1441,38.6,238,0
7963,M17962,L,298.4,307.2,1681,39.9,242,0
7964,M17963,M,301.5,312.2,1511,36.7,134,0
7965,M17964,L,298.9,309.2,1499,24.4,164,0
7966,M17965,M,299.1,308.1,1494,33.7,201,0
7967,M17966,L,302.1,310.8,1104,33.7,14,0
7968,M17967,H,299.2,309.1,1445,46.3,95,0
7969,M17968,M,299.2,308.0,1667,44.2,162,0
7970,M17969,H,302.3,311.2,1535,24.6,227,0
7971,M17970,L,303.2,313.3,1309,36.2,184,0
7972,M17971,M,301.3,310.3,1712,35.0,89,0
7973,M17972,M,298.7,309.1,1486,59.4,230,0
7974,M17973,H,299.0,310.5,1320,42.9,168,0
7975,M17974,L,300.2,310.0,1934,29.3,210,0
7976,M17975,H,300.6,310.8,1350,32.3,98,0
7977,M17976,L,298.0,310.0,1696,36.3,1,0
7978,M17977,L,301.4,310.3,1401,43.6,42,0
7979,M17978,L,300.2,311.4,1563,44.8,235,0
7980,M17979,L,296.6,307.6,1378,42.0,8,0
7981,M17980,L,298.1,309.0,1317,37.9,151,0
7982,M17981,M,299.0,310.3,1632,38.7,104,0
7983,M17982,L,299.9,310.1,1612,38.7,109,0
7984,M17983,L,303.8,313.2,1744,22.3,101,0
7985,M17984,L,300.5,311.6,1533,39.4,17,0
7986,M17985,H,298.3,309.5,1936,34.3,31,0
7987,M17986,L,300.4,311.5,1587,23.6,16,0
7988,M17987,L,299.3,309.3,1640,63.9,14,0
7989,M17988,L,300.6,309.9,1296,43.1,22,0
7990,M17989,L,301.2,311.4,1429,40.1,176,0
7991,M17990,L,302.4,313.4,1632,36.3,29,0
7992,M17991,L,300.0,311.0,1524,47.2,66,0
7993,M17992,L,303.3,312.8,1573,28.5,166,0
7994,M17993,L,301.8,312.1,1393,36.9,28,0
7995,M17994,M,298.6,307.3,1561,30.6,230,0
7996,M17995,L,304.4,315.4,1560,47.1,121,0
7997,M17996,L,300.7,309.9,1328,31.8,244,0
7998,M17997,M,298.3,309.1,1654,50.9,49,0
7999,M17998,L,303.3,312.2,1235,39.0,8,0
8000,M17999,M,304.2,315.2,1572,47.7,149,0
8001,M18000,M,299.9,310.3,1855,44.0,83,0
8002,M18001,H,299.0,308.2,1661,50.5,145,0
8003,M18002,L,299.7,310.3,1660,30.7,120,0
8004,M18003,M,301.4,310.8,1378,49.0,116,0
8005,M18004,M,302.6,313.3,1856,21.6,215,0
8006,M18005,L,301.1,310.9,1785,40.4,49,0
8007,M18006,L,300.2,308.5,1388,34.6,126,0
8008,M18007,L,303.0,312.0,1454,26.1,105,0
8009,M18008,M,299.4,308.9,1764,31.2,170,0
8010,M18009,L,302.1,313.4,1861,33.7,13,0
8011,M18010,M,299.4,310.3,1313,38.1,134,0
8012,M18011,L,300.9,312.5,1359,34.8,121,0
8013,M18012,L,299.8,311.4,1513,40.8,246,0
8014,M18013,L,299.9,309.4,1150,31.8,191,0
8015,M18014,L,299.2,309.1,1542,35.3,39,0
8016,M18015,H,302.7,312.3,1751,37.1,129,0
8017,M18016,L,298.5,307.9,1281,41.8,198,0
8018,M18017,H,298.5,306.7,1562,48.4,133,0
8019,M18018,L,304.2,314.2,1435,48.5,90,0
8020,M18019,M,302.0,310.7,1833,42.4,95,0
8021,M18020,L,295.2,305.2,1437,44.3,93,0
8022,M18021,L,298.9,311.0,1811,43.1,5,0
8023,M18022,L,296.4,305.9,1432,36.9,185,0
8024,M18023,M,298.1,308.3,1677,48.9,155,0
8025,M18024,H,293.7,304.6,1584,30.9,68,0
8026,M18025,H,299.7,310.0,1514,19.7,159,0
8027,M18026,L,297.7,308.0,1397,29.7,78,0
8028,M18027,L,300.1,309.8,1597,53.9,62,0
8029,M18028,H,296.7,306.5,1460,37.1,188,0
8030,M18029,L,300.2,309.2,1416,42.7,205,0
8031,M18030,H,299.2,310.0,1803,37.3,158,0
8032,M18031,L,303.0,311.3,1637,45.6,198,0
8033,M18032,H,302.8,313.8,1654,40.7,93,0
8034,M18033,L,301.6,310.2,1469,39.3,18,0
8035,M18034,L,299.3,310.3,1506,46.1,153,0
8036,M18035,M,304.0,313.6,1495,35.4,65,0
8037,M18036,M,296.9,305.7,1599,43.7,197,0
8038,M18037,L,297.2,307.8,1654,38.3,91,0
8039,M18038,M,299.8,310.8,1534,38.9,170,0
8040,M18039,H,304.5,314.1,1397,31.9,140,0
8041,M18040,M,299.6,310.3,1675,37.9,207,0
8042,M18041,H,299.6,307.3,1545,34.6,211,0
8043,M18042,L,297.1,305.8,1281,51.2,17,0
8044,M18043,L,301.9,313.2,1157,23.3,75,0
8045,M18044,M,301.9,311.7,1592,48.8,220,0
8046,M18045,M,301.6,309.7,1391,22.7,102,0
8047,M18046,L,298.7,308.0,1616,45.3,130,0
8048,M18047,L,298.6,307.7,1400,31.7,46,0
8049,M18048,H,297.4,307.2,1563,45.6,140,0
8050,M18049,L,300.2,309.8,1471,38.8,67,0
8051,M18050,L,297.8,308.0,1853,25.8,210,0
8052,M18051,L,297.6,307.6,1709,53.5,51,0
8053,M18052,M,299.2,310.5,1780,47.7,91,0
8054,M18053,H,299.0,309.4,1543,45.0,24,0
8055,M18054,L,298.9,309.4,1686,33.7,149,0
8056,M18055,M,300.9,312.1,1555,48.0,238,0
8057,M18056,H,300.2,309.8,1802,27.3,44,0
8058,M18057,M,299.4,308.2,1526,17.9,5,0
8059,M18058,M,300.4,311.6,1289,24.5,107,0
8060,M18059,L,298.0,308.2,1181,30.9,189,0
8061,M18060,M,300.2,310.3,1838,32.5,247,0
8062,M18061,H,300.3,309.7,1625,35.7,13,0
8063,M18062,L,297.0,306.4,1636,36.1,199,0
8064,M18063,L,302.0,312.8,1806,33.6,93,0
8065,M18064,H,298.2,309.2,1243,19.0,39,0
8066,M18065,L,300.2,311.0,1475,41.9,49,0
8067,M18066,H,302.3,313.1,1497,37.4,234,0
8068,M18067,H,301.9,312.4,1672,33.1,205,0
8069,M18068,L,300.1,310.2,1415,53.8,79,0
8070,M18069,L,299.3,309.1,1324,37.6,238,0
8071,M18070,L,301.9,313.1,1322,40.6,27,0
8072,M18071,L,301.3,311.0,1745,47.9,82,0
8073,M18072,L,298.8,309.1,1406,25.3,165,0
8074,M18073,M,298.4,307.6,1440,39.8,253,0
8075,M18074,L,295.9,305.2,1653,47.8,118,0
8076,M18075,L,300.3,310.1,1414,39.1,205,0
8077,M18076,M,299.8,309.0,1234,27.1,232,0
8078,M18077,M,302.3,313.1,1256,35.2,2,0
8079,M18078,H,300.7,309.4,1529,41.9,73,0
8080,M18079,H,302.7,312.8,1628,19.1,25,0
8081,M18080,H,298.6,308.7,1503,26.6,196,0
8082,M18081,L,302.3,310.5,1616,59.5,143,0
8083,M18082,L,298.9,308.5,1250,44.8,24,0
8084,M18083,L,301.6,311.8,1262,54.7,106,0
8085,M18084,L,297.1,307.5,1942,48.6,130,0
8086,M18085,M,300.5,310.3,1760,43.9,177,0
8087,M18086,L,296.0,306.7,1677,36.9,197,0
8088,M18087,L,299.5,309.4,1421,43.8,22,0
8089,M18088,L,300.9,310.9,1496,54.4,123,0
8090,M18089,L,299.0,309.2,1539,48.2,41,0
8091,M18090,H,297.9,308.8,1774,41.7,191,0
8092,M18091,L,301.7,311.0,1611,38.3,166,0
8093,M18092,M,299.8,309.3,1633,44.9,183,0
8094,M18093,L,299.0,308.4,1509,34.7,19,0
8095,M18094,M,300.1,309.8,1681,44.9,129,0
8096,M18095,M,305.3,316.7,1593,33.1,213,0
8097,M18096,L,302.3,312.9,1547,36.5,180,0
8098,M18097,M,302.3,311.2,1406,29.8,218,0
8099,M18098,L,300.9,310.3,1519,35.6,52,0
8100,M18099,H,300.3,310.7,1346,33.2,73,0
8101,M18100,L,295.2,304.3,1532,56.7,112,0
8102,M18101,H,298.6,307.9,1555,31.1,132,0
8103,M18102,M,299.0,310.4,1109,43.8,64,0
8104,M18103,L,296.3,305.6,1498,30.6,96,0
8105,M18104,L,297.7,308.6,1329,40.5,174,0
8106,M18105,L,296.0,307.3,1628,42.9,163,0
8107,M18106,H,299.9,309.2,1653,21.7,28,0
8108,M18107,L,301.6,310.7,1463,26.2,249,0
8109,M18108,H,302.2,311.9,1637,30.5,142,0
8110,M18109,H,300.8,309.7,1645,27.1,122,0
8111,M18110,L,298.1,308.2,1498,40.8,245,0
8112,M18111,L,296.1,305.9,1814,42.4,36,0
8113,M18112,L,296.5,306.8,1409,29.5,138,0
8114,M18113,H,297.5,308.9,1802,41.2,204,0
8115,M18114,H,298.2,309.0,1499,35.8,101,0
8116,M18115,L,299.7,310.2,1388,39.0,186,0
8117,M18116,M,298.0,306.0,1476,33.8,227,0
8118,M18117,L,300.7,311.1,1342,44.8,66,1
8119,M18118,H,299.5,311.3,1679,56.2,61,0
8120,M18119,H,300.0,307.0,1252,47.7,91,0
8121,M18120,L,302.3,313.0,1788,53.8,106,0
8122,M18121,H,297.6,307.5,1371,26.1,28,0
8123,M18122,H,300.8,310.0,1689,33.3,59,0
8124,M18123,L,300.0,310.8,1543,45.6,221,0
8125,M18124,L,299.3,311.0,1587,54.9,143,0
8126,M18125,H,301.8,312.5,1433,46.4,68,0
8127,M18126,H,301.8,311.4,1602,29.8,239,0
8128,M18127,L,298.1,307.2,1563,35.7,196,0
8129,M18128,L,299.6,309.8,1278,43.3,92,0
8130,M18129,L,300.6,311.4,1367,38.4,194,0
8131,M18130,L,299.5,309.1,1442,32.1,151,0
8132,M18131,H,301.2,310.9,1404,37.1,173,0
8133,M18132,L,300.6,313.4,1763,39.9,81,0
8134,M18133,H,303.7,314.7,1540,29.3,53,0
8135,M18134,L,296.9,308.1,1400,49.7,64,0
8136,M18135,L,299.8,308.3,1451,35.6,21,0
8137,M18136,L,298.2,307.5,1449,39.3,119,0
8138,M18137,L,301.2,311.3,1487,50.2,103,0
8139,M18138,H,296.8,305.8,1347,38.8,1,0
8140,M18139,L,300.7,312.3,1393,49.7,217,0
8141,M18140,M,298.7,310.2,1676,29.8,173,0
8142,M18141,L,298.5,308.0,1572,44.3,113,0
8143,M18142,M,297.1,308.9,1512,48.3,245,0
8144,M18143,L,299.1,309.1,1539,31.8,238,0
8145,M18144,L,302.2,314.8,1531,38.2,24,0
8146,M18145,H,299.9,310.1,1502,38.4,156,0
8147,M18146,M,301.3,311.8,1632,42.1,207,0
8148,M18147,L,303.3,314.7,1618,44.7,44,0
8149,M18148,M,300.5,311.8,1258,31.0,32,0
8150,M18149,M,298.9,309.4,1515,39.4,66,0
8151,M18150,L,300.9,310.8,1269,55.8,71,0
8152,M18151,H,298.9,309.4,1653,50.4,244,0
8153,M18152,M,299.0,308.2,1676,47.9,197,0
8154,M18153,M,297.0,307.1,1430,38.1,15,0
8155,M18154,L,301.9,310.7,1518,61.1,199,0
8156,M18155,M,299.2,307.4,1161,50.2,43,0
8157,M18156,L,300.4,310.4,1713,40.4,90,0
8158,M18157,L,297.9,309.2,1666,42.2,81,0
8159,M18158,L,300.9,311.8,1745,35.5,69,0
8160,M18159,M,298.5,308.4,1805,43.9,78,0
8161,M18160,M,299.7,311.5,1320,45.9,191,0
8162,M18161,L,301.8,311.2,1698,47.0,67,0
8163,M18162,M,301.6,309.7,1804,38.2,203,0
8164,M18163,L,300.0,307.8,1271,25.4,23,0
8165,M18164,H,296.5,305.3,1508,42.4,151,0
8166,M18165,M,306.0,316.8,1474,47.0,218,0
8167,M18166,M,303.5,312.9,1692,30.3,20,0
8168,M18167,L,301.4,311.9,1110,39.1,161,0
8169,M18168,H,298.5,310.1,1864,53.3,129,0
8170,M18169,H,299.8,308.7,1519,28.1,84,0
8171,M18170,L,298.9,309.4,1703,37.2,25,0
8172,M18171,L,302.5,313.1,1528,54.7,171,1
8173,M18172,M,300.5,309.7,1627,41.6,78,0
8174,M18173,L,298.4,309.8,1123,34.8,86,0
8175,M18174,M,299.1,308.8,1470,39.9,182,0
8176,M18175,H,302.2,311.9,1691,48.2,239,0
8177,M18176,M,303.2,315.3,1591,38.0,84,0
8178,M18177,L,303.1,313.6,1246,45.9,189,0
8179,M18178,L,301.5,312.4,1550,42.3,242,0
8180,M18179,H,299.5,310.8,1392,43.1,25,0
8181,M18180,L,293.5,302.9,1377,46.5,134,0
8182,M18181,H,300.6,311.8,1267,37.1,3,0
8183,M18182,L,300.0,309.5,1650,30.6,209,0
8184,M18183,L,300.3,309.7,1738,44.7,73,0
8185,M18184,M,300.1,309.8,1919,38.7,84,0
8186,M18185,L,297.3,306.7,1275,35.6,174,0
8187,M18186,M,301.1,311.9,1676,45.2,200,0
8188,M18187,L,301.3,311.5,1688,52.6,101,0
8189,M18188,M,301.4,310.9,1435,38.5,168,0
8190,M18189,L,301.9,312.6,1375,40.1,242,0
8191,M18190,M,301.2,310.9,1345,28.3,224,0
8192,M18191,H,299.2,308.9,1445,37.8,177,0
8193,M18192,L,299.9,309.9,1575,42.2,239,0
8194,M18193,L,300.2,310.6,1782,39.8,222,0
8195,M18194,L,300.2,310.6,1737,36.4,184,0
8196,M18195,L,302.0,311.6,1250,47.2,232,1
8197,M18196,L,301.3,312.1,1398,40.6,207,0
8198,M18197,M,304.2,313.9,1772,65.6,127,0
8199,M18198,L,304.4,313.8,1408,42.1,127,0
8200,M18199,H,300.2,308.7,1529,12.8,2,0
8201,M18200,L,292.3,303.3,1234,29.0,8,0
8202,M18201,H,302.5,312.5,1745,45.3,189,0
8203,M18202,M,298.9,309.1,1197,33.6,140,0
8204,M18203,L,298.4,309.4,1245,34.2,193,0
8205,M18204,M,299.2,308.7,1727,27.7,240,0
8206,M18205,H,299.1,307.7,1883,35.3,114,0
8207,M18206,M,301.2,311.3,1487,41.9,22,0
8208,M18207,M,296.9,307.2,1531,43.8,159,0
8209,M18208,L,297.8,307.6,1702,29.9,25,0
8210,M18209,L,300.7,312.2,1591,48.0,157,0
8211,M18210,M,301.2,308.8,1472,28.2,134,0
8212,M18211,M,301.3,312.4,1452,44.3,180,0
8213,M18212,H,298.4,309.2,1259,43.3,89,0
8214,M18213,H,298.0,308.5,1581,30.7,36,0
8215,M18214,L,299.0,305.7,1523,29.6,60,0
8216,M18215,L,300.5,311.8,1461,43.8,173,0
8217,M18216,L,303.0,311.9,1360,34.5,121,0
8218,M18217,L,295.9,305.4,1378,38.1,137,0
8219,M18218,L,299.6,309.4,1650,46.8,82,0
8220,M18219,L,297.3,307.7,1697,44.7,212,0
8221,M18220,L,296.7,307.3,1480,30.9,253,0
8222,M18221,L,301.9,312.8,1462,39.5,79,0
8223,M18222,H,301.1,311.9,1386,30.7,182,0
8224,M18223,L,300.9,311.2,1707,48.6,43,0
8225,M18224,L,301.8,312.3,1545,55.2,188,0
8226,M18225,L,299.0,307.9,1605,31.6,109,0
8227,M18226,L,299.1,308.4,1603,39.7,153,0
8228,M18227,M,304.4,315.3,1484,49.1,60,0
8229,M18228,M,299.5,310.3,1330,40.2,215,0
8230,M18229,L,301.5,312.2,1361,45.6,44,0
8231,M18230,H,300.0,309.5,1741,40.5,235,0
8232,M18231,L,296.3,307.2,1409,29.5,15,0
8233,M18232,H,295.9,304.7,1466,41.2,73,0
8234,M18233,M,298.8,309.9,1336,51.2,142,0
8235,M18234,L,302.1,311.9,1321,43.1,217,0
8236,M18235,L,301.6,313.3,1401,56.1,146,0
8237,M18236,H,301.8,310.3,1841,22.5,55,0
8238,M18237,L,298.0,309.8,1657,43.8,217,0
8239,M18238,M,303.2,312.9,1445,33.6,151,0
8240,M18239,H,298.1,307.7,1733,31.3,59,0
8241,M18240,M,300.4,310.6,1512,53.2,142,0
8242,M18241,M,300.0,309.3,1781,37.5,171,0
8243,M18242,L,299.7,309.6,1935,36.5,172,0
8244,M18243,M,302.7,311.9,1723,43.4,183,0
8245,M18244,M,298.6,307.9,1556,18.7,227,0
8246,M18245,L,297.3,307.8,1664,53.4,209,0
8247,M18246,M,300.0,309.1,1542,58.9,154,0
8248,M18247,L,299.2,308.4,1210,49.1,8,0
8249,M18248,M,306.8,315.4,1422,44.1,190,0
8250,M18249,M,301.4,310.8,1369,37.9,247,0
8251,M18250,L,299.2,310.5,1418,29.4,77,0
8252,M18251,L,297.9,307.0,1860,51.8,154,0
8253,M18252,H,296.2,305.5,1740,49.1,194,0
8254,M18253,M,297.9,308.1,1618,44.5,162,0
8255,M18254,L,300.2,309.9,1684,43.3,233,0
8256,M18255,L,302.9,315.1,1200,43.0,120,0
8257,M18256,L,302.2,312.1,1669,34.8,135,0
8258,M18257,L,300.5,310.8,1707,64.8,10,0
8259,M18258,L,299.4,310.3,1138,37.2,228,0
8260,M18259,L,300.5,311.5,1676,35.8,66,0
8261,M18260,L,299.0,309.2,1284,51.1,248,0
8262,M18261,M,303.4,313.3,1186,39.7,51,0
8263,M18262,L,299.6,311.6,1776,39.8,64,0
8264,M18263,L,299.8,309.7,1359,54.0,123,0
8265,M18264,L,295.6,305.1,1411,46.7,167,0
8266,M18265,M,299.6,309.0,1716,47.2,111,0
8267,M18266,H,301.7,309.9,1484,26.0,89,0
8268,M18267,L,297.9,308.7,1507,44.0,137,0
8269,M18268,H,298.5,306.2,1503,30.0,242,0
8270,M18269,H,301.6,311.6,1601,35.5,243,0
8271,M18270,M,297.0,306.8,1498,41.7,83,0
8272,M18271,L,302.1,314.4,1559,39.6,172,0
8273,M18272,H,298.9,307.1,1449,46.5,183,0
8274,M18273,H,299.2,308.3,1602,47.6,165,0
8275,M18274,H,297.8,307.6,1595,48.4,29,0
8276,M18275,H,300.8,310.6,1879,26.7,136,0
8277,M18276,L,304.9,314.4,1471,63.4,193,0
8278,M18277,L,301.6,311.5,1506,39.8,51,0
8279,M18278,M,298.3,307.0,1582,52.0,88,0
8280,M18279,M,302.3,312.6,1712,15.1,52,0
8281,M18280,H,299.4,307.0,1344,37.4,224,0
8282,M18281,L,302.7,312.7,1558,25.5,217,0
8283,M18282,M,301.6,311.0,1090,31.5,43,0
8284,M18283,H,294.1,305.1,1490,40.5,192,0
8285,M18284,L,298.0,309.7,1731,36.7,92,0
8286,M18285,L,301.9,311.6,1409,53.0,174,0
8287,M18286,L,300.3,311.7,1571,57.5,125,0
8288,M18287,L,298.0,307.6,1444,30.4,119,0
8289,M18288,L,298.7,307.8,1385,35.2,223,0
8290,M18289,L,296.2,307.9,1713,29.8,161,0
8291,M18290,L,299.8,310.3,1352,51.4,60,0
8292,M18291,L,304.4,314.4,1591,41.6,28,0
8293,M18292,L,301.6,312.3,1594,40.3,236,0
8294,M18293,H,304.4,314.7,1387,43.1,39,0
8295,M18294,M,301.8,311.7,1567,36.9,186,0
8296,M18295,H,302.1,310.7,1372,31.5,125,0
8297,M18296,L,303.9,313.7,1632,40.5,35,0
8298,M18297,L,300.8,311.4,1304,37.4,196,0
8299,M18298,L,299.6,309.5,1478,43.4,229,0
8300,M18299,L,302.1,313.0,1494,23.8,31,0
8301,M18300,H,302.9,313.3,1738,41.8,17,0
8302,M18301,L,299.0,308.2,1564,33.2,215,0
8303,M18302,L,298.6,307.2,1710,41.5,127,0
8304,M18303,M,300.3,310.1,1638,49.0,171,0
8305,M18304,M,301.7,311.1,1637,34.5,112,0
8306,M18305,L,301.6,311.9,1480,51.8,104,0
8307,M18306,M,297.2,306.4,1722,22.8,76,0
8308,M18307,L,303.8,313.2,1475,55.3,142,0
8309,M18308,L,298.7,309.8,1229,52.3,40,0
8310,M18309,L,299.5,309.6,1501,31.2,181,0
8311,M18310,M,298.2,307.5,1620,31.3,139,0
8312,M18311,L,305.4,315.4,1251,25.2,214,0
8313,M18312,L,300.5,311.9,1381,49.1,233,0
8314,M18313,H,298.3,308.6,1319,36.7,228,0
8315,M18314,L,301.7,312.3,1680,36.0,152,0
8316,M18315,L,301.5,310.8,1838,28.9,81,0
8317,M18316,H,299.6,310.7,1501,57.9,90,0
8318,M18317,L,301.7,314.0,1634,30.4,165,0
8319,M18318,L,298.3,307.6,1629,40.2,180,0
8320,M18319,M,299.0,307.8,1817,42.1,41,0
8321,M18320,L,296.0,306.2,1422,36.1,252,0
8322,M18321,M,297.4,308.2,1500,34.1,27,0
8323,M18322,L,303.6,313.5,1478,36.3,154,0
8324,M18323,L,303.3,312.2,1552,45.6,134,0
8325,M18324,M,300.1,310.0,1987,36.6,150,0
8326,M18325,M,303.3,313.9,1545,56.1,135,0
8327,M18326,M,299.7,309.3,1386,32.3,15,0
8328,M18327,L,299.5,310.1,1332,47.5,252,0
8329,M18328,M,300.1,311.3,1763,22.6,248,1
8330,M18329,M,299.8,310.0,1385,32.3,133,0
8331,M18330,M,299.6,309.5,1658,31.9,53,0
8332,M18331,H,302.3,313.1,1417,29.1,46,0
8333,M18332,L,300.3,309.4,1312,42.8,14,0
8334,M18333,M,301.4,310.5,1647,38.9,155,0
8335,M18334,M,302.1,311.8,1426,17.4,121,0
8336,M18335,L,300.8,310.3,1615,59.8,105,0
8337,M18336,M,298.1,307.3,1628,41.7,133,0
8338,M18337,L,297.3,309.1,1637,40.0,221,0
8339,M18338,M,300.3,312.5,1491,53.0,18,0
8340,M18339,M,299.7,309.3,1662,49.8,138,0
8341,M18340,M,300.2,310.3,1374,37.0,177,0
8342,M18341,L,300.0,309.8,1100,20.7,246,0
8343,M18342,L,305.2,316.3,1666,45.6,187,0
8344,M18343,L,297.3,308.6,1569,30.5,139,0
8345,M18344,L,296.0,304.2,1430,52.3,194,0
8346,M18345,M,300.7,311.1,1276,32.3,252,0
8347,M18346,M,299.2,307.9,1174,35.5,225,0
8348,M18347,M,300.6,312.4,1548,26.7,23,0
8349,M18348,H,301.2,311.6,1834,27.5,145,0
8350,M18349,L,302.6,311.7,1514,38.9,199,0
8351,M18350,H,297.0,306.7,1474,38.0,170,0
8352,M18351,L,298.9,308.6,1535,35.3,105,0
8353,M18352,L,300.9,311.4,1929,60.3,82,0
8354,M18353,L,301.5,312.6,1674,46.0,159,0
8355,M18354,M,304.4,313.2,1372,40.1,104,0
8356,M18355,M,301.9,313.8,1544,12.7,99,0
8357,M18356,H,299.9,311.5,1599,48.2,212,0
8358,M18357,L,298.2,307.3,1350,69.6,80,0
8359,M18358,L,298.9,308.9,1675,38.1,163,0
8360,M18359,L,298.8,310.5,1393,32.0,221,0
8361,M18360,H,301.3,312.5,1269,41.6,157,0
8362,M18361,L,300.5,310.2,1553,25.8,125,0
8363,M18362,M,297.4,308.2,1524,44.6,9,0
8364,M18363,L,299.1,312.1,1539,54.9,172,0
8365,M18364,L,301.8,311.9,1402,33.4,252,0
8366,M18365,L,300.7,310.1,1427,33.7,205,0
8367,M18366,L,301.1,311.3,1741,39.2,161,0
8368,M18367,L,300.8,311.0,1618,35.0,119,0
8369,M18368,L,303.3,312.7,1368,25.0,57,0
8370,M18369,H,300.5,310.9,1190,36.2,175,0
8371,M18370,L,299.2,308.0,1375,34.2,45,0
8372,M18371,M,298.2,307.5,1567,53.5,224,0
8373,M18372,M,300.5,311.3,1426,51.4,90,0
8374,M18373,L,295.1,303.4,1412,53.8,101,0
8375,M18374,L,299.6,310.5,1434,47.9,55,0
8376,M18375,M,299.6,307.6,1526,42.0,122,0
8377,M18376,L,297.3,305.5,1679,31.3,172,0
8378,M18377,L,298.1,307.6,1539,53.1,77,0
8379,M18378,M,301.6,311.9,1550,43.4,178,0
8380,M18379,M,300.5,311.8,1499,27.6,157,0
8381,M18380,M,300.2,310.3,1450,31.0,94,0
8382,M18381,L,300.6,310.4,1699,27.5,79,0
8383,M18382,M,300.2,310.8,1672,19.7,218,0
8384,M18383,L,302.5,311.6,1905,43.8,3,0
8385,M18384,L,300.2,310.4,1648,27.7,181,0
8386,M18385,L,297.1,305.9,1450,32.5,106,0
8387,M18386,L,303.3,313.3,1377,40.4,182,0
8388,M18387,M,300.7,310.6,1710,38.1,128,0
8389,M18388,L,298.8,308.0,1393,32.9,21,0
8390,M18389,L,297.5,307.7,1684,55.0,248,0
8391,M18390,L,300.8,311.0,1403,24.9,22,0
8392,M18391,L,299.8,310.9,1601,25.3,40,0
8393,M18392,L,303.1,311.5,1349,44.5,106,0
8394,M18393,M,299.3,309.2,1679,33.8,239,0
8395,M18394,M,298.3,307.6,1318,33.4,74,0
8396,M18395,H,301.8,312.7,1588,29.3,144,0
8397,M18396,L,301.9,312.6,1504,43.3,132,0
8398,M18397,L,300.3,310.8,1557,42.2,84,0
8399,M18398,H,301.4,310.6,1468,41.2,176,0
8400,M18399,M,299.9,310.8,1464,34.2,127,0
8401,M18400,M,300.5,308.9,1567,32.6,146,0
8402,M18401,H,302.3,310.6,1360,38.4,53,0
8403,M18402,M,301.3,310.0,1359,49.6,234,0
8404,M18403,M,299.7,309.6,1475,55.5,28,0
8405,M18404,M,302.7,313.4,1468,51.0,175,0
8406,M18405,M,295.3,302.3,1359,45.0,224,0
8407,M18406,M,304.1,315.4,1704,49.7,21,0
8408,M18407,L,296.6,306.7,1479,28.3,7,0
8409,M18408,H,298.7,307.2,1498,32.9,84,0
8410,M18409,H,299.9,310.0,1301,45.2,200,0
8411,M18410,L,299.7,310.8,1910,38.8,181,0
8412,M18411,M,302.0,312.6,1973,43.3,208,0
8413,M18412,M,297.9,309.0,1399,49.7,101,0
8414,M18413,L,300.5,309.2,1758,48.2,251,0
8415,M18414,L,298.8,308.4,1523,29.2,93,0
8416,M18415,M,300.6,309.7,1826,40.1,204,0
8417,M18416,L,299.9,311.6,1599,30.9,89,0
8418,M18417,H,300.2,310.8,1557,32.3,55,0
8419,M18418,H,298.9,311.7,1092,23.1,85,0
8420,M18419,M,299.0,308.5,1382,41.3,49,0
8421,M18420,H,300.6,309.8,1543,22.3,33,0
8422,M18421,M,301.9,311.7,1575,43.9,92,0
8423,M18422,L,298.8,310.2,1322,53.4,37,0
8424,M18423,L,298.3,307.9,1409,45.3,127,0
8425,M18424,H,301.2,311.4,1638,40.5,9,0
8426,M18425,M,299.9,310.0,1291,55.2,109,0
8427,M18426,L,301.7,311.7,1563,43.2,242,0
8428,M18427,M,298.2,307.5,1761,31.5,91,0
8429,M18428,L,296.4,306.3,1608,41.2,35,0
8430,M18429,L,298.9,308.8,1599,59.4,77,0
8431,M18430,L,298.5,308.5,1177,29.2,200,0
8432,M18431,L,299.8,310.8,1392,26.3,79,0
8433,M18432,M,298.7,310.5,1907,46.1,97,0
8434,M18433,M,301.5,310.6,1432,37.8,200,0
8435,M18434,M,299.4,309.0,1765,34.7,66,0
8436,M18435,L,300.3,309.5,1430,27.5,121,0
8437,M18436,M,300.3,310.5,1489,20.7,16,0
8438,M18437,H,300.4,309.9,1631,25.6,44,0
8439,M18438,L,300.0,310.2,1557,56.0,53,0
8440,M18439,L,301.0,312.1,1607,39.9,117,0
8441,M18440,M,298.4,305.9,1393,20.6,208,0
8442,M18441,M,302.8,313.3,1336,51.7,90,0
8443,M18442,L,299.5,309.1,1380,52.2,96,0
8444,M18443,H,297.4,307.8,1444,52.2,76,0
8445,M18444,L,300.4,309.5,1498,35.8,81,0
8446,M18445,M,298.3,309.5,1725,37.3,102,0
8447,M18446,M,301.3,312.2,1555,41.4,228,0
8448,M18447,L,304.4,315.0,1626,53.9,6,0
8449,M18448,L,298.4,309.2,1564,34.5,158,0
8450,M18449,H,300.7,309.9,1339,32.5,225,0
8451,M18450,L,296.5,305.9,1542,46.9,105,0
8452,M18451,L,300.9,311.7,1562,52.0,165,0
8453,M18452,H,298.2,307.5,1675,39.5,148,1
8454,M18453,L,298.8,310.2,1348,46.6,86,0
8455,M18454,L,297.8,307.5,1174,41.1,35,0
8456,M18455,L,301.5,312.0,1571,37.5,56,0
8457,M18456,L,302.0,314.1,1602,31.8,15,0
8458,M18457,L,300.0,309.3,1507,28.6,193,0
8459,M18458,M,298.3,308.3,1544,33.9,135,0
8460,M18459,L,303.2,314.2,1696,30.3,199,0
8461,M18460,M,298.5,309.5,1457,42.8,73,0
8462,M18461,H,295.7,305.3,1489,52.1,204,0
8463,M18462,L,300.9,310.4,1553,42.0,78,0
8464,M18463,M,297.8,307.6,1321,30.9,31,0
8465,M18464,M,302.0,313.4,1512,48.5,135,0
8466,M18465,L,299.2,309.0,1528,42.9,239,0
8467,M18466,M,301.2,311.3,1832,44.9,105,0
8468,M18467,L,302.8,312.4,1486,34.9,130,0
8469,M18468,L,297.6,308.3,1575,51.2,114,0
8470,M18469,M,298.9,309.0,1703,51.2,116,0
8471,M18470,H,299.8,308.8,1389,38.2,54,0
8472,M18471,M,303.1,312.1,1785,47.1,107,0
8473,M18472,L,298.7,306.7,1855,50.9,126,0
8474,M18473,M,298.8,308.0,1534,35.4,188,0
8475,M18474,M,301.0,311.8,1442,39.2,35,0
8476,M18475,L,298.8,310.2,1830,40.8,145,0
8477,M18476,M,300.3,311.0,1681,29.1,168,0
8478,M18477,M,296.9,307.5,1554,44.4,97,0
8479,M18478,L,304.4,314.3,1794,50.1,139,0
8480,M18479,M,297.3,308.1,1775,38.6,180,0
8481,M18480,M,299.4,309.6,1479,43.4,118,0
8482,M18481,M,299.9,311.7,1584,53.8,84,0
8483,M18482,M,303.8,313.7,1642,36.0,209,0
8484,M18483,M,297.4,308.7,1544,43.6,250,0
8485,M18484,M,304.0,314.8,1290,34.4,55,0
8486,M18485,M,301.5,312.2,1371,34.1,225,0
8487,M18486,L,300.8,308.8,1296,43.4,138,0
8488,M18487,H,298.0,309.0,1627,42.4,113,0
8489,M18488,L,301.1,311.0,1327,45.5,226,0
8490,M18489,L,298.6,308.1,1573,40.8,230,0
8491,M18490,H,302.5,311.1,1867,44.6,69,0
8492,M18491,L,298.1,308.1,1795,56.5,91,0
8493,M18492,H,299.8,309.8,1210,50.5,216,0
8494,M18493,L,298.9,307.6,1310,43.3,124,0
8495,M18494,L,298.0,306.6,1400,45.0,73,0
8496,M18495,M,301.5,312.0,1330,37.0,243,0
8497,M18496,L,301.1,311.9,1243,38.4,55,0
8498,M18497,M,302.4,312.6,1537,44.9,154,0
8499,M18498,M,296.4,307.6,1665,40.9,108,0
8500,M18499,M,302.1,312.0,1710,47.9,114,0
8501,M18500,M,305.0,315.0,1454,52.5,27,0
8502,M18501,H,299.1,308.2,1490,39.0,65,0
8503,M18502,M,303.8,312.2,1603,20.1,42,0
8504,M18503,L,299.5,311.3,1520,60.1,190,0
8505,M18504,M,297.3,308.4,1684,33.5,177,0
8506,M18505,L,299.4,308.0,1616,41.9,201,0
8507,M18506,M,302.1,312.3,1472,47.2,177,0
8508,M18507,M,298.3,308.2,1207,53.9,33,0
8509,M18508,M,298.8,308.5,1807,57.9,248,0
8510,M18509,M,301.2,310.8,1416,36.4,48,0
8511,M18510,L,300.0,310.4,1603,51.8,89,0
8512,M18511,M,301.2,312.0,1196,42.0,179,0
8513,M18512,H,300.5,310.9,1537,67.2,36,0
8514,M18513,L,301.0,310.8,1557,50.9,43,0
8515,M18514,L,299.1,309.0,1566,38.2,222,0
8516,M18515,H,300.5,311.4,2078,32.1,84,0
8517,M18516,L,298.1,308.6,1426,14.0,168,0
8518,M18517,L,302.6,312.6,1686,46.7,217,0
8519,M18518,M,298.7,308.7,1633,50.0,246,0
8520,M18519,L,302.3,312.6,1418,47.4,53,0
8521,M18520,M,299.5,309.1,1683,16.7,31,0
8522,M18521,L,300.4,311.2,1510,27.5,187,0
8523,M18522,L,299.0,307.9,1696,44.8,48,0
8524,M18523,H,298.0,307.6,1890,57.7,147,0
8525,M18524,L,296.5,307.1,1566,39.5,135,0
8526,M18525,L,297.9,306.8,1489,50.8,142,0
8527,M18526,M,299.4,307.8,1727,29.8,164,0
8528,M18527,M,300.4,310.5,1789,42.1,215,0
8529,M18528,L,302.0,310.3,1381,37.3,69,0
8530,M18529,H,299.1,307.8,1458,51.8,140,0
8531,M18530,L,298.2,309.0,1660,34.7,85,0
8532,M18531,L,297.1,306.9,1515,56.6,81,0
8533,M18532,L,301.0,312.2,1368,37.0,5,0
8534,M18533,L,302.8,311.6,1636,29.4,152,0
8535,M18534,L,302.5,312.4,1659,29.7,246,0
8536,M18535,H,301.4,311.8,1479,33.8,193,0
8537,M18536,M,301.3,310.1,1550,43.7,61,0
8538,M18537,L,303.4,314.4,1436,34.0,181,0
8539,M18538,L,300.7,311.2,1343,31.9,75,0
8540,M18539,M,301.3,309.7,1450,48.8,191,0
8541,M18540,L,299.4,309.3,1552,8.2,216,0
8542,M18541,L,297.3,307.7,1275,35.7,85,0
8543,M18542,L,298.6,308.0,1463,26.8,1,0
8544,M18543,M,300.0,308.5,1555,31.4,77,0
8545,M18544,L,300.1,310.4,1753,42.4,52,0
8546,M18545,M,303.9,316.1,1483,38.0,157,0
8547,M18546,H,300.2,309.8,1316,37.1,73,0
8548,M18547,M,302.4,313.9,1501,51.8,9,0
8549,M18548,M,299.1,308.4,1438,39.9,134,0
8550,M18549,L,299.4,309.6,1638,57.9,221,0
8551,M18550,H,297.3,308.1,1479,47.1,114,0
8552,M18551,H,298.5,308.5,1054,30.4,95,0
8553,M18552,L,301.1,310.8,2200,59.1,45,0
8554,M18553,H,300.0,310.7,1564,42.8,98,0
8555,M18554,H,301.9,313.8,1555,58.5,84,0
8556,M18555,H,300.4,310.7,1263,37.4,252,0
8557,M18556,L,299.3,308.8,1277,42.7,8,0
8558,M18557,H,304.3,314.1,1523,44.3,60,0
8559,M18558,L,299.8,312.3,1599,38.3,17,0
8560,M18559,L,302.3,312.5,1665,52.6,217,0
8561,M18560,L,299.2,308.6,1582,59.1,106,0
8562,M18561,L,301.4,310.3,1327,17.3,201,0
8563,M18562,L,301.9,310.0,1091,48.1,175,0
8564,M18563,L,300.4,310.8,1521,31.1,235,0
8565,M18564,M,295.3,305.9,1443,14.3,6,0
8566,M18565,L,300.0,309.6,1313,45.1,52,0
8567,M18566,H,302.5,312.4,1687,45.1,178,0
8568,M18567,L,301.1,309.9,1257,46.7,148,0
8569,M18568,L,300.9,311.0,1649,43.7,176,0
8570,M18569,L,296.6,307.0,1287,48.7,146,0
8571,M18570,L,298.6,308.0,1563,34.0,147,0
8572,M18571,M,300.8,312.5,1706,42.6,236,0
8573,M18572,L,300.8,310.0,1479,46.9,233,0
8574,M18573,L,302.4,312.7,1841,53.4,10,0
8575,M18574,L,299.7,310.6,1882,40.4,105,0
8576,M18575,L,300.8,310.7,1581,37.9,129,0
8577,M18576,L,300.0,309.8,1636,39.5,91,0
8578,M18577,L,298.0,306.6,1729,28.2,13,0
8579,M18578,M,295.5,306.8,1636,47.6,119,0
8580,M18579,M,300.9,310.7,1617,25.6,247,0
8581,M18580,L,300.3,310.9,1445,43.9,18,0
8582,M18581,H,298.8,309.4,1237,40.8,207,0
8583,M18582,L,296.8,306.1,1290,24.6,50,0
8584,M18583,M,301.3,311.1,1965,25.2,146,0
8585,M18584,M,299.5,310.8,1597,31.5,98,0
8586,M18585,L,301.1,310.0,1495,36.6,88,0
8587,M18586,L,303.7,315.9,1765,54.7,220,0
8588,M18587,L,295.7,305.0,1405,38.9,246,0
8589,M18588,L,298.6,307.4,1643,45.4,98,0
8590,M18589,L,299.6,309.7,1553,52.5,162,0
8591,M18590,M,302.9,315.1,1621,50.6,141,0
8592,M18591,M,296.7,304.8,1479,39.9,19,0
8593,M18592,H,303.9,313.7,1366,33.0,10,0
8594,M18593,L,300.3,310.7,1392,44.9,196,0
8595,M18594,M,299.8,309.8,1399,33.2,100,0
8596,M18595,H,299.6,310.0,1538,58.0,78,0
8597,M18596,M,299.1,308.4,1260,48.6,249,0
8598,M18597,M,302.1,311.5,1316,42.1,22,0
8599,M18598,H,297.9,307.7,1563,45.1,68,0
8600,M18599,H,300.7,309.6,1516,41.8,217,0
8601,M18600,M,299.2,309.2,1573,36.4,105,0
8602,M18601,M,298.5,308.1,1531,44.9,148,0
8603,M18602,L,305.2,314.7,1990,37.6,12,0
8604,M18603,L,300.8,311.2,1562,59.2,233,0
8605,M18604,M,301.2,309.4,1471,33.1,35,0
8606,M18605,L,302.3,312.0,1557,45.0,54,0
8607,M18606,L,297.2,309.5,1722,32.3,40,0
8608,M18607,L,303.5,312.4,1530,32.1,126,0
8609,M18608,H,295.0,306.3,1662,22.3,207,0
8610,M18609,H,298.5,308.5,1610,44.1,68,0
8611,M18610,L,299.1,308.5,1487,34.7,36,0
8612,M18611,L,301.2,309.8,1559,50.7,104,0
8613,M18612,M,300.4,310.6,1825,44.1,248,0
8614,M18613,L,299.7,311.1,1583,41.5,3,0
8615,M18614,L,300.0,309.6,1363,26.0,128,0
8616,M18615,H,298.0,308.0,1482,45.8,169,0
8617,M18616,L,297.0,308.0,1161,33.4,204,0
8618,M18617,L,301.5,311.8,1564,25.8,189,0
8619,M18618,M,301.4,309.8,1774,44.3,19,0
8620,M18619,L,303.2,313.3,1299,27.5,117,0
8621,M18620,L,298.4,309.9,1566,19.3,20,0
8622,M18621,M,301.4,311.3,1715,52.8,157,0
8623,M18622,L,299.4,306.7,1734,34.4,19,0
8624,M18623,L,302.4,312.8,1768,22.7,12,0
8625,M18624,L,302.0,311.8,1205,30.5,77,0
8626,M18625,L,300.4,308.6,1629,32.9,238,0
8627,M18626,M,299.3,307.6,1270,51.3,180,0
8628,M18627,H,301.9,312.9,1360,23.5,1,0
8629,M18628,M,301.3,310.6,1686,26.7,72,0
8630,M18629,H,298.6,307.7,1567,49.7,4,0
8631,M18630,L,297.3,307.3,1669,35.5,74,0
8632,M18631,L,299.4,308.8,1373,42.3,173,0
8633,M18632,L,303.0,313.1,1803,35.1,192,0
8634,M18633,H,302.3,312.1,1662,60.0,203,0
8635,M18634,L,297.8,306.6,1698,27.2,230,0
8636,M18635,M,297.7,307.2,1346,42.8,93,0
8637,M18636,M,302.5,313.0,1749,54.9,218,0
8638,M18637,L,297.7,307.8,1482,36.3,184,0
8639,M18638,H,301.0,310.9,1430,32.5,136,0
8640,M18639,L,298.8,310.7,1651,47.6,242,0
8641,M18640,L,303.2,314.0,1643,49.9,240,0
8642,M18641,H,298.5,309.3,1387,32.1,227,0
8643,M18642,M,302.3,312.1,1907,54.5,51,0
8644,M18643,M,300.4,310.6,1864,40.5,53,0
8645,M18644,H,300.5,310.1,1647,45.0,228,0
8646,M18645,M,296.1,306.8,1616,54.7,101,0
8647,M18646,L,295.6,305.5,1598,47.6,202,0
8648,M18647,H,299.6,309.8,1262,40.0,174,0
8649,M18648,M,300.5,310.7,1559,33.4,193,0
8650,M18649,L,297.7,307.7,1557,66.8,7,0
8651,M18650,H,297.8,310.8,1436,32.2,109,0
8652,M18651,L,301.1,310.5,1484,43.1,217,0
8653,M18652,M,301.1,310.4,1113,45.0,124,0
8654,M18653,L,299.7,310.4,1343,45.5,175,0
8655,M18654,L,301.6,311.0,1704,61.1,191,1
8656,M18655,L,297.7,307.4,1849,40.5,31,0
8657,M18656,L,299.3,308.2,1370,39.1,39,0
8658,M18657,M,303.3,313.8,1572,55.4,183,0
8659,M18658,M,300.1,310.6,1736,38.7,14,0
8660,M18659,M,300.3,309.9,1446,48.7,86,0
8661,M18660,L,304.6,315.3,1660,41.9,232,0
8662,M18661,H,297.2,305.3,1533,49.1,145,0
8663,M18662,H,301.6,310.9,1752,47.2,230,0
8664,M18663,L,303.3,313.2,1309,36.0,78,0
8665,M18664,L,299.4,308.2,1341,21.7,161,0
8666,M18665,L,301.7,310.0,1589,23.4,73,0
8667,M18666,H,298.0,307.7,1556,21.8,28,0
8668,M18667,H,298.6,309.3,1529,39.1,251,0
8669,M18668,L,300.8,312.1,1642,16.7,45,0
8670,M18669,H,301.6,311.0,1372,38.4,48,0
8671,M18670,L,302.2,313.0,1294,41.3,213,0
8672,M18671,M,303.1,313.8,1449,48.5,203,0
8673,M18672,L,299.9,311.1,1469,45.0,247,0
8674,M18673,L,302.4,312.0,1488,48.9,18,0
8675,M18674,M,299.3,307.5,1766,44.1,24,0
8676,M18675,M,301.8,311.9,1677,36.8,114,0
8677,M18676,L,300.4,309.4,1634,39.0,150,0
8678,M18677,H,300.9,310.2,1579,31.6,10,0
8679,M18678,L,300.8,310.5,1461,42.3,40,0
8680,M18679,L,296.8,306.5,1386,24.3,178,0
8681,M18680,H,297.8,307.9,1325,50.6,169,0
8682,M18681,H,300.2,310.9,1415,30.5,23,0
8683,M18682,M,296.6,306.3,1531,41.5,236,0
8684,M18683,L,301.7,312.1,1332,43.2,64,0
8685,M18684,M,301.7,311.8,1569,51.5,224,1
8686,M18685,M,300.7,311.6,1504,23.4,234,0
8687,M18686,M,297.8,307.6,1468,36.8,124,0
8688,M18687,M,302.8,312.7,1747,45.4,104,0
8689,M18688,M,304.1,313.7,1099,57.3,70,0
8690,M18689,L,300.3,310.1,1470,39.6,204,0
8691,M18690,L,301.0,310.2,1118,34.1,50,0
8692,M18691,M,300.4,309.5,1582,60.1,157,0
8693,M18692,L,301.1,311.8,1675,47.9,143,0
8694,M18693,L,299.8,308.7,1297,53.6,63,0
8695,M18694,M,299.9,309.6,1320,28.0,249,0
8696,M18695,M,301.8,312.8,1235,45.2,214,0
8697,M18696,L,304.7,314.3,1550,29.3,5,0
8698,M18697,M,297.2,308.0,1478,27.1,107,0
8699,M18698,M,299.8,309.2,1489,45.8,91,0
8700,M18699,H,297.6,306.6,1473,46.5,223,0
8701,M18700,M,303.2,311.6,1365,35.2,67,0
8702,M18701,L,298.8,310.1,1742,54.2,253,0
8703,M18702,M,297.1,306.0,1588,36.3,51,0
8704,M18703,L,301.3,312.0,1327,37.3,62,0
8705,M18704,M,303.5,312.5,1414,39.6,169,0
8706,M18705,H,301.3,312.6,1383,37.6,41,0
8707,M18706,M,300.4,312.6,1791,52.6,225,0
8708,M18707,L,300.8,309.1,1666,29.7,28,0
8709,M18708,L,302.8,311.7,1516,32.5,249,0
8710,M18709,H,298.3,309.0,1845,28.2,221,0
8711,M18710,H,299.8,310.3,1799,58.6,212,0
8712,M18711,H,299.1,309.9,1498,36.8,103,0
8713,M18712,M,297.7,307.1,1466,32.4,130,0
8714,M18713,L,299.3,311.3,1474,37.2,115,0
8715,M18714,L,302.2,312.3,1368,48.4,250,0
8716,M18715,H,301.1,309.9,1849,46.6,9,0
8717,M18716,L,301.3,311.0,1359,34.3,97,0
8718,M18717,L,300.3,309.1,1694,36.0,245,0
8719,M18718,M,301.0,312.6,1663,25.6,93,0
8720,M18719,L,298.4,307.7,1484,41.4,101,0
8721,M18720,M,299.4,309.9,1863,52.7,160,0
8722,M18721,M,300.4,309.9,1260,34.2,230,0
8723,M18722,M,300.6,309.9,1525,46.3,75,0
8724,M18723,L,300.6,308.7,1451,34.2,240,0
8725,M18724,L,299.7,310.3,1711,29.2,71,0
8726,M18725,L,299.2,310.5,1602,46.7,206,0
8727,M18726,L,306.3,315.4,1230,63.2,70,0
8728,M18727,H,301.8,310.3,1761,45.4,18,0
8729,M18728,L,300.8,311.6,1626,35.9,206,0
8730,M18729,M,299.5,307.9,1354,36.5,114,0
8731,M18730,M,299.1,310.3,1476,58.9,99,0
8732,M18731,L,299.7,308.8,1306,43.0,109,0
8733,M18732,L,300.6,309.5,1508,32.4,155,0
8734,M18733,H,296.2,306.5,1566,39.4,66,0
8735,M18734,H,296.9,305.8,1479,42.1,60,0
8736,M18735,H,298.7,308.0,1458,44.6,122,0
8737,M18736,L,300.4,310.8,1250,55.0,9,0
8738,M18737,L,299.5,307.1,1599,52.6,163,0
8739,M18738,H,303.0,314.6,1195,42.0,208,0
8740,M18739,L,297.0,307.1,1545,39.6,184,0
8741,M18740,M,298.5,307.2,1217,43.9,119,0
8742,M18741,L,303.0,312.0,1548,34.0,143,0
8743,M18742,M,300.3,311.3,1538,49.7,7,0
8744,M18743,H,301.8,312.4,1611,38.0,231,0
8745,M18744,L,304.1,315.5,1693,44.9,141,0
8746,M18745,L,298.6,307.9,1727,57.0,80,0
8747,M18746,M,299.8,310.1,1251,45.5,74,0
8748,M18747,L,299.5,309.9,1529,42.3,167,0
8749,M18748,L,296.1,306.8,1899,34.9,148,0
8750,M18749,H,299.4,310.5,1560,39.2,48,0
8751,M18750,H,301.8,311.0,1390,28.8,104,0
8752,M18751,M,301.1,311.0,1525,45.3,171,0
8753,M18752,M,301.2,310.6,1470,18.9,75,0
8754,M18753,H,299.2,309.2,1328,49.6,129,0
8755,M18754,L,298.7,309.4,1695,47.2,64,0
8756,M18755,L,302.5,310.9,1644,41.0,18,0
8757,M18756,M,299.0,310.1,1300,34.7,98,0
8758,M18757,L,300.6,309.4,1522,39.8,185,0
8759,M18758,L,300.3,310.0,1438,22.4,54,1
8760,M18759,L,302.9,314.2,1252,48.2,191,0
8761,M18760,M,301.9,312.3,1286,38.4,169,0
8762,M18761,L,297.4,307.7,1312,55.0,128,0
8763,M18762,L,297.6,306.4,1529,43.9,246,0
8764,M18763,M,301.2,310.1,1457,42.3,224,0
8765,M18764,L,299.9,310.8,1367,44.0,142,0
8766,M18765,L,299.1,308.5,1469,30.3,141,0
8767,M18766,H,302.0,311.5,1673,35.5,70,0
8768,M18767,M,300.4,311.3,1603,41.3,233,0
8769,M18768,M,300.1,309.1,1718,37.0,227,0
8770,M18769,L,301.6,311.8,1498,34.3,188,0
8771,M18770,L,299.2,309.3,1826,37.2,32,0
8772,M18771,L,303.1,313.1,1601,40.4,178,0
8773,M18772,M,298.4,307.9,1451,63.0,64,0
8774,M18773,M,301.3,310.7,1556,36.8,48,0
8775,M18774,M,302.9,311.8,1316,33.3,192,0
8776,M18775,L,297.2,307.7,1484,38.5,243,0
8777,M18776,L,299.3,308.6,1616,54.9,28,0
8778,M18777,M,302.3,313.3,1648,55.6,41,0
8779,M18778,H,302.3,312.1,1466,59.3,55,0
8780,M18779,L,299.7,308.6,2028,40.6,244,0
8781,M18780,M,298.5,308.3,1508,46.4,176,0
8782,M18781,M,301.9,311.5,1239,29.6,172,1
8783,M18782,H,302.4,313.4,1756,36.5,128,0
8784,M18783,L,297.7,307.3,1648,29.0,136,0
8785,M18784,H,297.6,307.3,1580,44.7,73,0
8786,M18785,H,300.5,311.9,1456,40.4,39,0
8787,M18786,H,301.3,311.8,1609,42.2,197,0
8788,M18787,H,299.4,311.1,1829,31.6,119,0
8789,M18788,M,301.4,312.6,1575,48.4,65,0
8790,M18789,L,298.6,307.7,1276,16.2,160,0
8791,M18790,H,295.8,306.8,921,37.5,53,1
8792,M18791,L,299.2,310.7,1608,38.9,124,0
8793,M18792,M,300.1,311.7,1363,20.0,48,0
8794,M18793,L,299.4,310.4,1521,43.8,192,0
8795,M18794,L,297.7,308.7,1394,38.3,81,0
8796,M18795,L,296.4,306.1,1381,45.6,112,0
8797,M18796,M,299.0,308.1,1402,59.8,191,0
8798,M18797,L,301.8,311.4,1418,43.2,167,0
8799,M18798,L,302.5,310.8,1678,49.6,101,0
8800,M18799,L,302.4,313.7,1642,53.7,18,0
8801,M18800,L,298.4,308.1,1323,44.9,233,0
8802,M18801,H,297.7,309.0,1347,31.4,2,0
8803,M18802,H,301.0,309.8,1607,23.8,186,0
8804,M18803,M,301.3,312.4,1727,43.7,239,0
8805,M18804,L,300.8,310.3,1725,36.0,78,0
8806,M18805,M,296.0,304.7,1359,52.7,19,0
8807,M18806,M,298.3,309.9,1716,35.3,63,0
8808,M18807,M,299.9,311.0,1221,39.9,79,0
8809,M18808,H,301.0,311.2,1503,28.5,114,0
8810,M18809,H,301.5,311.6,1626,36.6,133,0
8811,M18810,L,300.3,310.7,1167,30.7,184,0
8812,M18811,M,300.7,310.9,1914,31.6,228,0
8813,M18812,L,300.2,309.4,1776,39.5,118,0
8814,M18813,H,301.4,311.0,1655,34.0,189,0
8815,M18814,M,300.6,312.6,1366,66.0,32,0
8816,M18815,M,300.1,312.8,1527,48.3,83,0
8817,M18816,M,299.5,311.0,1680,50.7,30,0
8818,M18817,L,300.2,310.6,1338,38.9,175,0
8819,M18818,L,301.0,310.6,1507,41.0,230,0
8820,M18819,L,300.5,309.7,1702,35.7,225,0
8821,M18820,L,300.8,310.0,1271,66.0,83,0
8822,M18821,L,302.7,312.1,1599,38.9,59,0
8823,M18822,H,300.5,312.7,1225,34.0,69,0
8824,M18823,L,298.7,310.5,1370,32.5,73,0
8825,M18824,H,301.8,312.5,1449,43.3,21,0
8826,M18825,L,297.3,306.3,1631,54.1,34,0
8827,M18826,L,297.8,308.7,1414,50.8,54,0
8828,M18827,H,300.7,310.4,1561,32.5,2,0
8829,M18828,H,301.0,308.9,1416,32.3,12,0
8830,M18829,L,297.5,307.8,1444,52.3,177,1
8831,M18830,L,299.2,308.4,1763,60.8,157,0
8832,M18831,L,298.8,308.0,1333,38.6,239,0
8833,M18832,M,299.0,308.8,1675,51.9,102,0
8834,M18833,L,301.9,311.4,1539,25.5,112,0
8835,M18834,L,301.4,311.4,1436,31.6,17,0
8836,M18835,H,300.0,309.9,1321,30.0,39,0
8837,M18836,H,298.9,307.0,1334,44.1,175,0
8838,M18837,H,297.3,308.8,1407,38.2,59,0
8839,M18838,M,302.8,311.9,1512,42.4,196,0
8840,M18839,L,301.2,310.2,1647,52.1,179,0
8841,M18840,M,298.6,308.3,1485,33.5,189,0
8842,M18841,H,301.4,311.3,1497,40.9,175,0
8843,M18842,L,299.9,311.3,1524,26.8,179,0
8844,M18843,H,299.4,309.7,1624,51.5,138,0
8845,M18844,L,300.9,311.4,1654,50.9,172,0
8846,M18845,L,298.5,308.8,1291,43.6,133,0
8847,M18846,L,299.3,309.5,1489,41.2,52,0
8848,M18847,H,300.2,310.6,1759,35.0,55,0
8849,M18848,L,299.0,307.1,1303,26.2,103,0
8850,M18849,L,301.3,311.1,1552,43.0,4,0
8851,M18850,M,303.7,314.9,1508,47.5,225,0
8852,M18851,H,298.5,312.4,1438,60.0,68,0
8853,M18852,L,296.7,305.5,1824,36.1,13,0
8854,M18853,M,296.0,306.4,1546,42.7,107,0
8855,M18854,H,299.7,309.1,1809,51.0,206,0
8856,M18855,H,298.7,310.7,1540,51.3,101,0
8857,M18856,H,300.4,309.1,1621,33.8,66,0
8858,M18857,H,300.3,310.9,1436,37.2,138,0
8859,M18858,L,296.8,305.4,1438,34.8,145,0
8860,M18859,L,296.4,306.1,1612,31.1,192,0
8861,M18860,H,300.6,310.6,1616,54.6,202,1
8862,M18861,M,300.3,311.3,1646,40.6,179,0
8863,M18862,L,299.1,308.1,1606,39.3,1,0
8864,M18863,M,296.7,307.3,1300,42.5,1,0
8865,M18864,L,300.9,311.0,1395,40.5,247,0
8866,M18865,M,302.5,312.8,1691,37.8,67,0
8867,M18866,L,300.6,311.5,1188,32.5,71,0
8868,M18867,M,298.3,307.0,1591,55.5,185,0
8869,M18868,H,300.1,310.9,1519,34.4,147,0
8870,M18869,M,297.3,306.7,1691,30.8,117,0
8871,M18870,M,302.1,313.2,1614,39.2,29,0
8872,M18871,L,300.2,310.5,1420,61.4,21,0
8873,M18872,L,296.5,306.3,1412,31.9,178,0
8874,M18873,M,299.4,308.8,1445,47.0,32,0
8875,M18874,M,300.9,311.7,1643,37.6,110,0
8876,M18875,L,299.3,310.6,1127,42.4,186,0
8877,M18876,H,299.4,308.9,1567,49.1,234,0
8878,M18877,M,297.6,306.4,1381,23.0,221,0
8879,M18878,M,301.1,311.8,1573,31.1,219,0
8880,M18879,L,298.7,307.3,1601,49.0,91,0
8881,M18880,H,295.7,304.4,1241,41.0,235,0
8882,M18881,H,299.3,308.2,1498,42.1,173,0
8883,M18882,M,302.0,311.5,1567,47.0,224,0
8884,M18883,L,299.2,307.9,1555,31.2,22,0
8885,M18884,L,303.5,311.5,1517,50.4,10,0
8886,M18885,L,300.9,309.7,1320,48.1,109,0
8887,M18886,L,300.7,311.3,1348,42.4,209,0
8888,M18887,L,299.7,308.5,1292,44.6,103,0
8889,M18888,L,299.9,309.5,1638,51.5,224,0
8890,M18889,L,299.5,311.4,1518,34.1,59,0
8891,M18890,H,299.4,309.3,1530,46.5,10,0
8892,M18891,M,301.1,311.4,1234,57.3,193,0
8893,M18892,L,298.1,307.2,1533,46.3,158,0
8894,M18893,M,297.8,310.0,1652,37.8,111,0
8895,M18894,L,297.8,307.2,1209,63.0,214,0
8896,M18895,H,304.1,313.9,1443,42.3,209,0
8897,M18896,M,301.1,312.4,1258,53.8,82,0
8898,M18897,M,300.6,310.4,1464,35.8,212,0
8899,M18898,L,297.9,307.9,1378,50.6,87,0
8900,M18899,L,301.2,311.0,1607,34.6,157,0
8901,M18900,M,299.8,309.5,1569,43.2,49,0
8902,M18901,M,300.4,310.8,1770,34.0,67,0
8903,M18902,L,298.0,308.6,1529,58.8,113,0
8904,M18903,L,300.3,309.7,1600,37.8,80,0
8905,M18904,L,299.2,308.4,1439,29.0,33,0
8906,M18905,L,298.5,307.9,1342,40.9,122,0
8907,M18906,L,301.5,310.1,1688,45.3,129,0
8908,M18907,L,296.9,305.3,1762,39.7,40,0
8909,M18908,H,301.1,311.4,1665,31.9,44,0
8910,M18909,M,301.4,312.3,1562,50.3,7,0
8911,M18910,H,298.2,309.1,1365,52.5,8,0
8912,M18911,L,298.4,306.0,1743,23.7,91,0
8913,M18912,H,299.6,309.3,1643,31.3,37,0
8914,M18913,H,300.6,309.5,1901,38.4,233,0
8915,M18914,L,299.7,309.8,1332,34.7,50,0
8916,M18915,M,300.9,310.4,1693,45.2,17,0
8917,M18916,M,303.5,314.1,1637,58.2,102,0
8918,M18917,L,299.0,309.0,1478,36.2,49,0
8919,M18918,L,296.6,304.7,1783,55.6,16,0
8920,M18919,L,301.7,310.7,1611,25.5,190,0
8921,M18920,H,303.4,313.4,1371,44.5,141,0
8922,M18921,M,300.8,310.9,1518,34.1,14,0
8923,M18922,L,297.8,306.4,1369,44.7,118,0
8924,M18923,M,299.8,308.2,1455,22.6,10,0
8925,M18924,L,297.8,307.8,1665,27.3,90,0
8926,M18925,L,301.3,309.9,1716,44.7,92,0
8927,M18926,M,297.3,305.6,1579,33.8,208,0
8928,M18927,H,299.4,309.0,1405,36.8,186,0
8929,M18928,L,298.0,307.5,1607,58.2,227,0
8930,M18929,L,300.3,309.4,1668,41.4,36,0
8931,M18930,L,299.3,308.6,1186,48.9,135,0
8932,M18931,L,300.4,310.4,1560,32.5,5,0
8933,M18932,L,300.0,309.3,1505,26.7,209,0
8934,M18933,L,298.0,308.1,1710,39.2,93,0
8935,M18934,M,301.3,310.9,1608,25.2,18,0
8936,M18935,L,299.9,310.1,1626,33.1,82,0
8937,M18936,H,298.0,308.9,1453,42.4,73,0
8938,M18937,L,304.5,315.3,1539,38.9,194,0
8939,M18938,L,301.0,312.2,1708,43.3,32,0
8940,M18939,H,299.7,310.5,1527,45.9,141,0
8941,M18940,L,302.8,313.1,1570,28.2,201,0
8942,M18941,M,303.7,313.3,1264,30.7,187,0
8943,M18942,L,299.7,309.3,1527,18.4,237,0
8944,M18943,L,300.7,309.8,1179,36.3,0,0
8945,M18944,H,298.0,308.0,1447,47.3,90,0
8946,M18945,L,299.7,310.4,1550,54.8,94,0
8947,M18946,M,299.6,308.9,1676,41.9,8,0
8948,M18947,H,300.4,310.3,1360,53.6,207,0
8949,M18948,M,300.7,310.0,1606,43.8,174,0
8950,M18949,M,301.1,311.3,1802,41.1,134,0
8951,M18950,M,300.5,309.9,1424,33.9,102,0
8952,M18951,L,297.6,306.8,1262,16.4,227,0
8953,M18952,M,298.1,307.4,1591,52.1,67,0
8954,M18953,L,298.9,309.4,1326,39.5,85,0
8955,M18954,L,299.4,309.3,1392,53.7,241,0
8956,M18955,H,302.1,311.7,1704,30.6,16,0
8957,M18956,L,297.7,307.9,1875,64.0,197,0
8958,M18957,L,299.3,308.9,1360,37.5,182,0
8959,M18958,L,301.9,313.0,1407,33.1,228,0
8960,M18959,H,299.4,308.4,1460,37.9,23,0
8961,M18960,L,300.9,310.7,1441,41.7,246,0
8962,M18961,M,299.7,308.3,1885,39.3,7,0
8963,M18962,M,300.5,310.2,1444,34.9,85,0
8964,M18963,L,299.5,307.9,1470,22.1,21,0
8965,M18964,M,301.3,312.1,1828,32.0,13,0
8966,M18965,H,296.9,307.7,1642,50.6,244,0
8967,M18966,M,299.3,310.1,1715,31.3,182,0
8968,M18967,L,300.6,310.6,1377,23.0,128,0
8969,M18968,M,301.1,310.2,1444,29.6,27,0
8970,M18969,L,303.0,312.2,1353,39.1,133,0
8971,M18970,H,299.2,310.7,1682,32.5,81,0
8972,M18971,L,303.0,314.4,1758,37.2,69,0
8973,M18972,L,298.7,308.8,1432,32.1,156,0
8974,M18973,L,302.7,312.1,1474,50.0,200,0
8975,M18974,L,301.6,313.0,1482,44.9,112,0
8976,M18975,L,298.2,307.5,1262,62.0,125,0
8977,M18976,M,300.6,310.8,1418,36.2,165,0
8978,M18977,M,299.9,311.2,1677,37.2,32,0
8979,M18978,H,301.3,310.4,1382,51.7,210,0
8980,M18979,L,299.6,310.4,1556,43.9,212,0
8981,M18980,L,299.4,309.9,1305,30.7,137,0
8982,M18981,H,302.7,312.7,1513,45.5,47,0
8983,M18982,L,299.8,308.8,1438,43.9,127,0
8984,M18983,M,301.7,310.9,1320,22.2,27,0
8985,M18984,L,299.5,309.8,1680,33.6,193,0
8986,M18985,H,303.3,311.9,1691,41.9,79,0
8987,M18986,L,298.6,308.8,1365,54.3,79,0
8988,M18987,H,298.8,309.3,1500,46.9,239,0
8989,M18988,H,303.0,314.0,1547,34.4,107,0
8990,M18989,H,299.1,307.7,1214,33.0,200,0
8991,M18990,M,303.2,314.5,1289,47.9,161,0
8992,M18991,H,301.8,313.5,1769,16.0,80,0
8993,M18992,M,299.7,310.1,1348,32.0,31,0
8994,M18993,M,296.4,305.3,1764,54.0,202,0
8995,M18994,L,300.0,309.6,1298,42.9,193,1
8996,M18995,L,300.2,310.2,1657,32.5,43,0
8997,M18996,M,302.3,312.6,1483,28.1,63,0
8998,M18997,L,303.2,313.2,1508,48.3,194,0
8999,M18998,H,298.6,308.9,1871,40.8,249,0
9000,M18999,L,301.6,311.5,1315,37.8,213,0
9001,M19000,M,301.5,311.8,1645,43.7,173,0
9002,M19001,L,302.1,311.7,1638,41.6,232,0
9003,M19002,L,301.0,310.7,2139,40.9,72,0
9004,M19003,M,296.1,305.5,1346,26.9,2,0
9005,M19004,L,299.7,311.6,1427,29.8,81,0
9006,M19005,L,297.7,309.2,1685,47.4,246,0
9007,M19006,L,299.6,310.2,1503,45.5,223,0
9008,M19007,L,302.0,313.3,1456,43.8,13,0
9009,M19008,H,300.6,311.4,1710,34.2,127,0
9010,M19009,M,302.3,312.5,1491,47.6,20,0
9011,M19010,M,300.7,309.2,1379,36.3,200,0
9012,M19011,H,297.4,307.1,1669,52.9,94,0
9013,M19012,M,295.0,304.6,1606,32.6,231,0
9014,M19013,L,300.3,309.2,1483,34.8,14,0
9015,M19014,H,299.6,308.1,1475,38.5,186,0
9016,M19015,L,298.0,308.5,1375,48.4,101,0
9017,M19016,L,296.6,306.9,1669,39.7,68,0
9018,M19017,L,298.5,307.4,1475,40.4,131,0
9019,M19018,L,299.6,308.9,1401,36.1,123,0
9020,M19019,L,301.3,312.5,1309,42.7,88,0
9021,M19020,L,300.4,309.5,1609,39.3,164,0
9022,M19021,M,303.2,313.4,1448,32.2,167,0
9023,M19022,L,297.9,307.7,1179,41.3,20,0
9024,M19023,L,301.8,312.3,1324,41.5,151,0
9025,M19024,H,300.1,309.2,1497,63.3,180,0
9026,M19025,L,301.4,311.5,1502,34.0,19,0
9027,M19026,H,299.1,309.3,1495,31.7,167,1
9028,M19027,L,302.1,312.4,1470,42.8,203,0
9029,M19028,L,300.6,310.7,1275,30.2,210,0
9030,M19029,H,298.6,309.0,1382,29.4,11,0
9031,M19030,L,300.0,312.2,1751,25.8,176,0
9032,M19031,H,299.5,312.1,1724,32.3,202,0
9033,M19032,L,301.0,310.3,1642,32.6,100,0
9034,M19033,H,297.6,305.3,1627,27.3,137,0
9035,M19034,M,299.9,310.5,1701,37.5,67,0
9036,M19035,H,300.8,311.0,1338,16.6,78,0
9037,M19036,L,300.1,311.1,1545,44.9,127,0
9038,M19037,M,302.7,313.0,1338,34.5,38,0
9039,M19038,H,301.5,311.6,1342,35.9,94,0
9040,M19039,H,300.0,311.1,1605,45.8,76,0
9041,M19040,L,300.4,311.7,1708,43.7,60,0
9042,M19041,L,300.6,309.2,1504,33.8,122,0
9043,M19042,M,300.8,310.0,1834,44.5,212,0
9044,M19043,L,296.3,306.2,1577,55.3,61,0
9045,M19044,L,299.4,309.5,1400,30.0,167,0
9046,M19045,M,297.0,306.8,1344,47.5,64,0
9047,M19046,M,302.6,313.0,1721,29.0,36,0
9048,M19047,M,299.9,310.9,1562,51.6,239,0
9049,M19048,L,299.6,311.3,1660,33.0,160,0
9050,M19049,M,301.8,312.4,1063,32.6,26,0
9051,M19050,L,300.8,310.0,1583,51.4,160,0
9052,M19051,M,297.7,307.6,1447,47.1,45,0
9053,M19052,L,299.9,309.8,1290,33.3,225,0
9054,M19053,L,299.3,309.8,1528,41.3,63,0
9055,M19054,M,296.5,306.9,1734,33.0,204,0
9056,M19055,M,298.6,310.7,1945,24.2,50,0
9057,M19056,L,299.6,309.2,1582,41.9,141,0
9058,M19057,M,299.8,310.2,1412,36.5,231,0
9059,M19058,M,297.0,309.4,1401,30.6,75,0
9060,M19059,L,302.3,311.7,1711,52.9,21,0
9061,M19060,H,299.8,309.9,1361,31.0,140,0
9062,M19061,L,300.1,309.1,1650,41.4,44,0
9063,M19062,H,300.8,310.9,1592,50.7,184,0
9064,M19063,L,298.4,307.6,1572,37.5,149,0
9065,M19064,M,300.9,312.0,1258,32.7,88,0
9066,M19065,L,299.3,309.4,1475,42.9,179,0
9067,M19066,M,298.2,307.3,1278,44.5,60,0
9068,M19067,M,301.1,312.0,1434,48.7,232,0
9069,M19068,H,303.0,313.2,1703,58.5,88,0
9070,M19069,L,301.4,312.4,1759,35.5,193,0
9071,M19070,M,301.8,310.7,1577,41.9,65,0
9072,M19071,L,299.0,309.3,1437,27.4,181,0
9073,M19072,L,296.8,307.6,1823,46.6,8,0
9074,M19073,H,303.0,312.6,1435,41.8,75,0
9075,M19074,L,304.1,312.9,1336,38.2,24,0
9076,M19075,H,303.1,313.0,1664,33.9,114,0
9077,M19076,L,299.3,310.6,1621,36.6,110,0
9078,M19077,M,297.7,308.8,1442,42.3,91,0
9079,M19078,M,297.9,307.4,1557,30.4,248,0
9080,M19079,H,296.6,305.3,1618,37.0,62,0
9081,M19080,L,299.8,309.4,1575,40.2,200,0
9082,M19081,L,303.2,312.7,1621,24.8,113,0
9083,M19082,L,299.7,310.2,1448,29.6,85,0
9084,M19083,H,300.6,310.5,1633,33.5,51,0
9085,M19084,L,302.8,312.0,1542,55.5,160,0
9086,M19085,L,299.2,310.3,1455,31.8,84,0
9087,M19086,H,304.1,314.2,1495,39.4,206,0
9088,M19087,H,304.0,314.4,1521,29.7,245,0
9089,M19088,L,299.7,308.0,1280,32.3,57,0
9090,M19089,M,298.8,306.4,1425,25.7,33,0
9091,M19090,L,301.4,310.0,1551,46.6,80,0
9092,M19091,M,299.3,308.8,1297,26.9,118,0
9093,M19092,L,297.7,308.3,1428,49.0,76,0
9094,M19093,L,302.6,310.2,1966,44.6,246,0
9095,M19094,M,302.4,314.0,1337,39.3,197,0
9096,M19095,H,300.3,310.5,1470,49.3,244,0
9097,M19096,L,297.5,308.8,1390,70.7,94,0
9098,M19097,L,297.5,306.7,1518,44.7,77,0
9099,M19098,L,300.2,310.7,1393,28.9,103,0
9100,M19099,H,299.0,309.1,1495,54.7,132,0
9101,M19100,H,299.3,310.1,1410,41.8,188,0
9102,M19101,H,302.0,311.8,1728,60.9,223,0
9103,M19102,L,301.5,311.9,1554,35.0,117,0
9104,M19103,L,302.8,313.9,1359,52.7,73,0
9105,M19104,L,298.0,307.4,1690,40.0,81,0
9106,M19105,H,299.3,309.6,1367,66.3,176,0
9107,M19106,L,301.5,309.6,1259,37.2,144,0
9108,M19107,M,300.9,311.6,1538,69.7,123,0
9109,M19108,L,303.1,315.0,1880,44.4,51,0
9110,M19109,L,300.8,309.6,1212,48.4,221,0
9111,M19110,L,303.7,313.6,1301,56.8,198,0
9112,M19111,L,301.1,312.0,1674,32.2,36,0
9113,M19112,L,302.1,312.2,1424,49.6,93,0
9114,M19113,L,299.4,309.5,1649,37.1,137,0
9115,M19114,H,300.0,309.6,1389,41.5,115,0
9116,M19115,M,301.8,311.4,1564,40.8,101,0
9117,M19116,L,303.2,313.1,1851,45.7,182,0
9118,M19117,L,301.5,311.5,1325,45.2,14,0
9119,M19118,L,299.8,308.7,1722,34.3,119,0
9120,M19119,L,302.8,312.7,1661,41.2,66,0
9121,M19120,M,295.6,307.2,1272,16.9,21,0
9122,M19121,L,297.2,306.7,1639,49.8,118,0
9123,M19122,L,301.4,310.1,1552,56.8,43,0
9124,M19123,L,300.0,309.9,1555,41.9,65,0
9125,M19124,M,301.2,310.5,1599,24.1,128,0
9126,M19125,L,300.1,308.8,1476,47.4,246,0
9127,M19126,L,301.1,311.3,1552,32.4,173,0
9128,M19127,H,298.4,307.7,1582,41.8,71,0
9129,M19128,L,301.1,310.5,1673,46.8,97,0
9130,M19129,L,302.0,312.1,1266,45.4,103,0
9131,M19130,L,302.4,310.9,1770,50.7,39,0
9132,M19131,M,304.0,312.3,1332,41.4,41,0
9133,M19132,L,300.5,311.2,1675,41.7,38,0
9134,M19133,L,300.5,308.6,1553,47.3,132,0
9135,M19134,L,297.0,306.0,1310,39.3,171,0
9136,M19135,L,298.9,307.1,1634,33.2,149,0
9137,M19136,L,299.6,309.1,1370,44.5,247,0
9138,M19137,L,302.1,312.5,1730,28.8,32,0
9139,M19138,L,298.8,308.9,1412,39.2,250,0
9140,M19139,L,301.6,314.0,1271,26.4,118,0
9141,M19140,L,300.0,311.1,1814,34.5,55,0
9142,M19141,L,299.6,308.7,1571,34.9,239,0
9143,M19142,M,300.5,309.3,1694,30.3,119,0
9144,M19143,M,299.2,311.9,1387,50.9,88,0
9145,M19144,L,299.1,310.2,1200,50.1,54,0
9146,M19145,M,296.6,307.2,1839,53.0,68,0
9147,M19146,L,299.5,309.6,1538,38.1,248,0
9148,M19147,M,299.0,309.3,1627,35.7,77,0
9149,M19148,L,299.0,307.5,1657,48.0,247,0
9150,M19149,L,300.8,311.0,1479,41.3,84,0
9151,M19150,M,301.3,311.4,1579,41.2,59,0
9152,M19151,M,300.5,309.6,1824,14.8,46,0
9153,M19152,L,302.0,311.5,1533,47.5,104,0
9154,M19153,H,301.2,312.7,1708,46.2,60,0
9155,M19154,H,299.4,309.3,1183,39.9,176,1
9156,M19155,L,299.1,311.1,1740,48.1,61,0
9157,M19156,M,300.6,308.9,1267,46.0,211,0
9158,M19157,M,301.1,310.6,1720,33.1,211,0
9159,M19158,L,302.8,311.2,1609,37.8,72,0
9160,M19159,L,302.4,311.2,1522,30.0,191,0
9161,M19160,H,298.9,308.1,1521,54.5,217,0
9162,M19161,H,299.8,310.1,1494,49.7,149,0
9163,M19162,L,301.3,311.6,1392,31.9,93,0
9164,M19163,L,302.1,311.5,1502,46.1,112,0
9165,M19164,L,301.9,309.7,1934,42.8,199,0
9166,M19165,M,299.9,311.3,1772,33.2,74,0
9167,M19166,M,297.5,307.2,1383,41.2,85,0
9168,M19167,L,298.0,306.9,1587,48.5,41,0
9169,M19168,L,300.5,310.8,1556,49.3,101,0
9170,M19169,L,300.7,310.9,1514,63.1,22,0
9171,M19170,M,297.8,307.5,1360,40.9,81,0
9172,M19171,M,300.1,310.2,1619,37.6,94,0
9173,M19172,L,301.3,310.1,1690,45.6,65,0
9174,M19173,L,297.7,308.5,1390,38.2,26,0
9175,M19174,L,302.2,311.2,1889,34.2,132,0
9176,M19175,L,299.2,308.6,1811,30.8,219,0
9177,M19176,M,302.5,313.2,1637,6.1,85,0
9178,M19177,L,298.9,310.1,1319,47.3,60,0
9179,M19178,H,297.9,309.5,1611,23.8,72,0
9180,M19179,H,299.1,310.1,1589,31.3,218,0
9181,M19180,M,299.8,309.5,1631,42.9,134,0
9182,M19181,M,299.2,307.7,1824,36.8,33,0
9183,M19182,L,299.6,311.0,1508,61.3,179,0
9184,M19183,M,300.7,312.0,1906,25.1,39,0
9185,M19184,M,299.7,309.0,1612,62.2,15,0
9186,M19185,L,299.9,310.8,1487,53.7,65,0
9187,M19186,H,296.6,306.2,1968,49.0,43,0
9188,M19187,M,300.8,312.3,1688,54.2,153,0
9189,M19188,H,299.8,309.3,1458,44.0,123,0
9190,M19189,L,303.2,315.2,1554,23.1,183,0
9191,M19190,L,298.1,308.9,1653,45.1,129,0
9192,M19191,L,296.4,308.2,1512,25.3,106,0
9193,M19192,M,301.2,310.8,1563,34.8,133,0
9194,M19193,H,300.7,311.1,1393,39.2,110,0
9195,M19194,M,298.0,307.0,1237,31.0,9,0
9196,M19195,L,296.9,307.8,1558,49.4,172,0
9197,M19196,L,303.1,314.0,1564,37.9,243,0
9198,M19197,L,302.8,315.2,1633,44.1,107,0
9199,M19198,L,295.0,305.5,1436,39.9,107,0
9200,M19199,M,299.1,309.8,1299,41.2,12,0
9201,M19200,H,303.3,312.9,1366,31.2,225,0
9202,M19201,L,299.0,309.6,1728,28.4,235,0
9203,M19202,L,299.0,308.6,1420,38.5,206,0
9204,M19203,L,299.4,309.6,1460,30.4,27,0
9205,M19204,L,297.8,307.9,1483,53.8,228,0
9206,M19205,L,296.6,306.2,1428,26.4,6,0
9207,M19206,H,302.1,312.2,1415,63.1,112,0
9208,M19207,M,296.3,305.9,1383,43.0,127,0
9209,M19208,L,300.5,310.1,1790,40.7,211,0
9210,M19209,L,301.8,312.8,1661,34.7,190,0
9211,M19210,L,297.1,307.3,1762,46.5,202,0
9212,M19211,H,298.2,308.5,1798,38.0,220,0
9213,M19212,M,302.4,311.0,1118,43.0,120,0
9214,M19213,L,301.1,311.5,1600,48.3,197,0
9215,M19214,L,298.8,309.3,1434,46.6,17,0
9216,M19215,L,302.4,312.0,1739,52.3,112,0
9217,M19216,L,302.4,314.5,1406,45.3,8,0
9218,M19217,L,300.5,308.2,1350,30.6,232,0
9219,M19218,L,298.2,309.0,1282,19.4,242,0
9220,M19219,M,299.2,309.9,1485,42.1,21,0
9221,M19220,L,300.6,311.1,1703,42.2,135,0
9222,M19221,M,299.6,309.8,1585,59.1,82,0
9223,M19222,M,301.9,312.4,1324,38.9,87,0
9224,M19223,L,296.9,307.8,1924,43.7,114,0
9225,M19224,H,297.0,306.3,1655,47.7,32,0
9226,M19225,L,300.4,310.7,1678,45.1,46,0
9227,M19226,M,299.0,308.8,1769,48.4,146,0
9228,M19227,L,298.7,307.7,1245,31.9,5,0
9229,M19228,H,296.5,307.2,1376,30.3,152,0
9230,M19229,M,300.0,309.5,1686,37.2,81,0
9231,M19230,M,299.9,308.4,1394,18.5,211,0
9232,M19231,L,301.3,310.8,1490,39.6,152,0
9233,M19232,L,300.1,309.3,1525,33.5,179,0
9234,M19233,L,299.7,310.8,1310,43.2,29,0
9235,M19234,M,302.4,312.5,1474,37.4,67,0
9236,M19235,L,297.4,308.8,1703,29.9,252,0
9237,M19236,H,301.1,310.4,1670,53.0,110,0
9238,M19237,L,296.7,307.5,1738,40.8,91,0
9239,M19238,L,298.3,311.2,1720,48.5,221,0
9240,M19239,L,297.6,307.9,1612,41.8,8,0
9241,M19240,L,301.6,312.4,1597,44.6,135,0
9242,M19241,L,299.9,310.6,1584,26.5,53,0
9243,M19242,H,300.0,308.6,1427,52.7,93,0
9244,M19243,L,297.8,308.4,1355,48.7,51,0
9245,M19244,L,299.4,309.7,1416,39.8,10,0
9246,M19245,L,298.5,308.2,1481,42.9,105,0
9247,M19246,L,300.8,309.9,1422,49.9,200,0
9248,M19247,L,298.0,308.7,1613,36.3,241,0
9249,M19248,L,302.7,311.7,1575,24.3,158,0
9250,M19249,L,296.6,308.8,1594,36.5,98,0
9251,M19250,M,298.4,308.5,1602,41.5,195,0
9252,M19251,H,303.4,312.1,1753,39.7,128,0
9253,M19252,H,299.1,308.6,1537,53.0,93,0
9254,M19253,M,297.4,307.1,1719,30.5,45,0
9255,M19254,L,300.4,312.9,1631,31.8,201,0
9256,M19255,M,299.0,308.2,1741,29.5,127,0
9257,M19256,M,298.3,308.2,1828,44.2,244,0
9258,M19257,L,297.8,307.3,1642,24.9,203,0
9259,M19258,M,305.5,316.0,1558,47.4,106,0
9260,M19259,H,299.5,309.0,1556,30.8,187,0
9261,M19260,L,296.1,305.0,1455,32.3,115,0
9262,M19261,L,303.0,312.8,1449,57.5,20,0
9263,M19262,M,301.2,310.9,1700,52.2,131,0
9264,M19263,M,298.5,307.9,1367,41.2,219,0
9265,M19264,M,298.1,307.6,1828,27.0,216,0
9266,M19265,M,301.3,312.5,1512,59.9,145,0
9267,M19266,L,299.5,309.2,2051,38.1,96,0
9268,M19267,M,296.1,305.0,1415,42.5,3,0
9269,M19268,L,303.6,313.1,1584,49.0,79,0
9270,M19269,L,299.1,309.2,1476,20.6,250,0
9271,M19270,L,303.0,311.7,1397,33.7,184,0
9272,M19271,H,302.6,314.2,1729,39.3,182,0
9273,M19272,M,298.0,308.9,1341,41.3,193,0
9274,M19273,L,302.1,313.5,1418,27.1,157,0
9275,M19274,L,298.7,309.1,1644,43.2,148,0
9276,M19275,H,296.3,304.2,1672,40.3,115,0
9277,M19276,M,299.2,310.7,1290,56.5,112,0
9278,M19277,L,300.8,309.9,1643,49.9,220,0
9279,M19278,L,299.1,308.3,1562,37.3,100,0
9280,M19279,L,299.4,309.5,1375,38.1,213,0
9281,M19280,H,302.3,313.7,1398,50.0,212,0
9282,M19281,L,300.2,311.3,1175,42.8,195,0
9283,M19282,L,298.3,309.2,1846,26.4,10,0
9284,M19283,L,301.4,311.1,1721,60.7,37,0
9285,M19284,L,300.4,310.1,1308,30.2,80,0
9286,M19285,H,295.0,305.3,1682,64.5,214,0
9287,M19286,M,300.9,310.7,1436,44.2,221,0
9288,M19287,L,300.8,311.7,1703,33.7,11,0
9289,M19288,L,300.0,310.9,1450,16.6,82,0
9290,M19289,L,301.8,312.4,1474,47.7,215,0
9291,M19290,M,298.7,306.1,1487,24.7,63,0
9292,M19291,L,300.7,310.8,1421,43.5,247,0
9293,M19292,L,296.9,306.8,1789,59.1,124,0
9294,M19293,M,300.8,311.0,1700,28.7,237,0
9295,M19294,H,303.9,313.2,1559,47.3,108,0
9296,M19295,M,298.0,306.7,1722,32.0,82,0
9297,M19296,M,298.5,308.9,1248,51.2,92,0
9298,M19297,H,298.6,308.2,1319,40.7,224,0
9299,M19298,L,300.3,310.8,1624,39.8,84,0
9300,M19299,M,297.9,307.2,1671,52.0,169,0
9301,M19300,H,300.8,312.3,1589,46.2,119,0
9302,M19301,M,301.7,312.7,1202,32.0,238,0
9303,M19302,M,301.1,311.4,1349,57.7,40,0
9304,M19303,M,296.5,306.2,1614,24.8,108,0
9305,M19304,M,302.0,312.8,1973,42.7,32,0
9306,M19305,M,301.9,312.3,1757,31.9,146,0
9307,M19306,L,301.7,311.9,1821,25.3,102,0
9308,M19307,M,300.7,311.8,1600,28.8,15,0
9309,M19308,L,300.4,311.9,1599,39.5,215,0
9310,M19309,L,302.1,310.8,1354,43.5,95,0
9311,M19310,M,303.8,312.8,1709,50.5,125,0
9312,M19311,L,298.1,307.3,1526,54.6,103,0
9313,M19312,M,302.2,310.7,1663,42.7,124,0
9314,M19313,L,299.8,309.8,1544,35.6,4,0
9315,M19314,H,299.7,310.3,1589,50.3,206,0
9316,M19315,L,296.9,306.9,1523,33.9,84,0
9317,M19316,L,299.4,308.9,1579,24.2,183,0
9318,M19317,L,298.0,309.1,1718,49.3,16,0
9319,M19318,M,299.1,309.2,1312,53.1,133,0
9320,M19319,L,297.8,308.1,1272,31.9,230,1
9321,M19320,M,299.1,310.3,1615,59.4,101,0
9322,M19321,M,299.2,309.1,1797,45.8,50,0
9323,M19322,L,300.2,312.3,1842,44.3,25,0
9324,M19323,L,296.8,306.3,1320,34.9,217,0
9325,M19324,L,297.1,309.1,1467,50.1,60,0
9326,M19325,M,300.7,309.7,1274,24.9,247,0
9327,M19326,H,298.4,308.9,1440,36.6,63,0
9328,M19327,H,302.1,311.5,1740,32.7,122,0
9329,M19328,L,300.5,311.6,1537,27.0,116,0
9330,M19329,L,301.2,310.7,1472,48.5,16,0
9331,M19330,M,302.8,313.1,1637,43.4,135,0
9332,M19331,M,299.4,308.7,1397,48.0,170,0
9333,M19332,L,298.9,309.8,1824,37.2,188,0
9334,M19333,H,301.7,311.1,1540,49.8,132,0
9335,M19334,L,301.0,312.7,1467,40.8,206,0
9336,M19335,L,299.6,308.6,1644,35.3,190,0
9337,M19336,M,302.8,311.4,1707,33.7,49,0
9338,M19337,L,299.6,310.5,1825,20.4,102,0
9339,M19338,L,300.1,309.5,1501,51.5,36,0
9340,M19339,L,300.0,310.0,1733,50.4,34,0
9341,M19340,L,298.1,307.8,1557,69.0,180,0
9342,M19341,L,300.2,308.8,1430,36.7,134,0
9343,M19342,M,302.8,312.7,1400,33.4,152,0
9344,M19343,M,300.9,312.2,1343,23.2,185,0
9345,M19344,M,300.1,311.1,1406,49.5,70,0
9346,M19345,L,299.7,309.9,1739,47.2,102,0
9347,M19346,L,300.7,311.8,1666,55.4,154,0
9348,M19347,L,301.5,310.4,1317,30.9,24,0
9349,M19348,H,301.2,310.9,1226,47.1,211,0
9350,M19349,M,299.3,309.7,1340,34.8,87,0
9351,M19350,L,300.6,310.5,1400,53.3,167,0
9352,M19351,L,301.0,310.7,1485,45.3,252,0
9353,M19352,H,298.0,306.8,1749,24.6,120,0
9354,M19353,L,300.3,308.3,1441,38.7,54,0
9355,M19354,H,295.7,306.5,1840,20.7,55,0
9356,M19355,H,301.0,311.2,1238,28.5,15,0
9357,M19356,L,301.3,312.2,1477,29.1,194,0
9358,M19357,M,301.5,311.1,1680,33.7,74,0
9359,M19358,M,299.2,308.5,1691,37.4,44,0
9360,M19359,M,300.6,310.6,1479,41.6,181,0
9361,M19360,L,302.8,313.7,1718,41.1,78,0
9362,M19361,M,302.8,312.6,1684,39.8,152,0
9363,M19362,L,299.9,310.7,1417,43.3,106,0
9364,M19363,L,300.3,309.3,1595,27.6,85,0
9365,M19364,M,302.2,312.1,1665,40.7,124,0
9366,M19365,L,297.0,306.9,1430,54.2,79,0
9367,M19366,L,299.4,310.6,1842,38.4,220,0
9368,M19367,H,302.7,312.9,1389,44.9,18,0
9369,M19368,L,302.0,313.7,1565,44.0,8,0
9370,M19369,H,300.7,309.4,1315,48.5,103,0
9371,M19370,L,297.0,307.1,1558,42.8,44,0
9372,M19371,L,299.9,310.1,1348,48.4,188,0
9373,M19372,L,298.8,309.4,1486,45.0,89,0
9374,M19373,L,300.7,309.8,1255,46.5,66,0
9375,M19374,M,298.4,310.1,1682,44.4,91,0
9376,M19375,H,297.9,308.0,1603,30.0,56,0
9377,M19376,M,295.9,304.8,1734,28.4,76,0
9378,M19377,L,302.4,312.4,1477,36.5,144,0
9379,M19378,L,299.2,308.9,1742,55.4,219,0
9380,M19379,L,300.3,313.1,1546,38.3,94,0
9381,M19380,M,300.0,311.0,1559,43.1,81,0
9382,M19381,L,297.9,307.9,1917,20.5,198,0
9383,M19382,L,297.5,307.4,1452,41.9,6,0
9384,M19383,M,298.0,308.9,1759,40.9,76,0
9385,M19384,L,298.6,309.6,1625,13.5,114,0
9386,M19385,L,300.7,307.8,1437,42.9,152,0
9387,M19386,L,298.4,309.1,1303,23.7,39,0
9388,M19387,L,303.5,313.5,1354,32.8,110,0
9389,M19388,L,302.1,310.7,1741,49.8,143,0
9390,M19389,M,301.6,312.5,1849,41.6,129,0
9391,M19390,M,299.8,312.0,1555,35.6,145,0
9392,M19391,L,303.0,313.6,1565,34.7,168,0
9393,M19392,M,299.6,310.7,1678,35.9,96,0
9394,M19393,L,299.9,311.7,1552,41.6,16,0
9395,M19394,H,300.3,309.5,1736,28.1,14,0
9396,M19395,L,301.4,309.5,1591,51.1,217,0
9397,M19396,M,301.3,311.9,1563,28.6,171,0
9398,M19397,L,299.0,308.8,1414,22.9,193,0
9399,M19398,L,298.9,307.6,1370,49.8,235,0
9400,M19399,M,301.3,311.2,974,35.7,190,0
9401,M19400,L,301.4,312.2,1760,40.7,175,0
9402,M19401,M,299.2,309.1,1513,46.5,166,0
9403,M19402,L,296.8,306.0,1467,32.9,65,0
9404,M19403,L,299.6,309.4,1190,41.4,242,1
9405,M19404,L,301.2,311.2,1424,46.4,137,0
9406,M19405,H,303.6,311.7,1401,56.3,56,0
9407,M19406,H,297.6,307.5,1397,34.9,53,0
9408,M19407,L,299.1,307.8,1599,35.4,206,0
9409,M19408,L,299.2,309.9,1561,45.6,63,0
9410,M19409,H,302.7,311.2,1295,42.1,10,0
9411,M19410,M,299.9,310.9,1307,38.6,108,0
9412,M19411,M,298.2,307.8,1306,55.8,207,0
9413,M19412,M,301.1,310.6,1863,23.3,105,0
9414,M19413,H,299.2,309.5,1806,25.9,203,0
9415,M19414,L,297.6,306.7,1386,23.5,209,0
9416,M19415,H,298.2,308.5,1185,51.9,217,0
9417,M19416,M,303.5,312.7,1562,45.1,149,0
9418,M19417,M,300.8,310.2,1547,26.4,177,0
9419,M19418,H,300.2,310.6,1596,38.8,66,0
9420,M19419,L,299.5,308.4,1672,39.7,25,0
9421,M19420,M,300.6,309.3,1620,18.1,135,0
9422,M19421,M,300.6,310.8,1339,41.9,3,0
9423,M19422,H,300.6,310.6,1592,28.3,118,0
9424,M19423,L,300.2,310.4,1692,47.0,26,0
9425,M19424,L,301.7,312.1,1409,28.6,27,0
9426,M19425,L,300.0,310.1,1593,42.2,220,0
9427,M19426,H,298.0,308.7,1440,52.8,162,0
9428,M19427,M,298.8,308.9,1896,49.6,163,0
9429,M19428,L,296.0,304.0,1301,45.0,102,0
9430,M19429,M,304.1,312.3,1746,39.2,105,0
9431,M19430,L,301.7,313.7,1240,25.1,77,0
9432,M19431,M,298.3,308.3,1860,35.7,110,0
9433,M19432,L,299.4,310.4,1335,37.8,149,0
9434,M19433,L,298.7,308.4,1573,37.1,47,0
9435,M19434,M,303.1,313.0,1247,24.8,66,0
9436,M19435,L,297.2,306.7,1297,44.3,125,0
9437,M19436,L,300.2,312.7,1700,28.3,97,0
9438,M19437,H,299.8,310.0,1723,55.3,207,0
9439,M19438,H,301.7,311.1,1582,41.5,208,0
9440,M19439,H,299.8,308.1,1672,49.7,85,0
9441,M19440,H,296.5,308.5,1726,49.5,114,0
9442,M19441,H,299.5,309.3,1417,60.6,247,0
9443,M19442,H,298.1,308.8,1289,41.8,209,0
9444,M19443,M,300.2,311.0,1537,36.1,55,0
9445,M19444,L,302.9,312.4,1436,36.3,71,0
9446,M19445,L,296.5,307.2,1609,54.8,21,0
9447,M19446,L,298.4,307.8,1637,26.9,171,0
9448,M19447,M,298.9,307.9,1417,31.3,80,0
9449,M19448,L,299.2,310.4,1665,42.3,136,0
9450,M19449,L,301.5,311.3,1656,38.5,194,0
9451,M19450,H,299.7,310.2,1668,49.6,212,0
9452,M19451,M,300.8,311.2,1466,26.7,82,0
9453,M19452,L,298.7,309.4,1679,39.3,60,0
9454,M19453,L,300.5,308.9,1632,38.1,215,0
9455,M19454,H,301.6,311.0,1654,29.4,96,0
9456,M19455,M,298.5,308.2,1839,48.7,208,0
9457,M19456,M,301.6,310.7,1598,39.1,38,0
9458,M19457,M,300.1,310.5,1430,38.7,231,0
9459,M19458,L,302.1,313.3,1340,31.8,122,0
9460,M19459,M,299.6,310.9,1741,36.3,43,0
9461,M19460,L,300.8,310.4,1603,29.9,135,0
9462,M19461,L,299.9,310.2,1838,48.6,220,1
9463,M19462,M,299.8,310.3,1176,50.2,98,0
9464,M19463,L,300.5,311.1,1702,56.6,45,0
9465,M19464,L,301.1,310.2,1492,44.3,146,0
9466,M19465,M,297.5,309.3,1476,36.6,211,0
9467,M19466,M,302.9,313.8,1402,35.4,31,0
9468,M19467,L,296.3,307.2,1700,44.9,10,0
9469,M19468,M,298.6,309.8,1649,42.0,14,0
9470,M19469,H,299.8,310.3,1335,38.3,58,0
9471,M19470,L,300.8,309.8,1569,37.4,2,0
9472,M19471,L,303.2,313.0,1665,51.6,108,0
9473,M19472,M,296.3,304.6,1571,35.7,177,0
9474,M19473,M,299.0,309.4,1737,53.3,180,0
9475,M19474,L,295.7,305.6,1487,41.8,161,0
9476,M19475,M,300.1,310.0,1135,36.4,75,0
9477,M19476,M,300.5,311.7,1572,32.2,186,0
9478,M19477,M,303.2,312.7,1571,38.5,146,0
9479,M19478,M,300.2,310.0,1595,45.0,218,0
9480,M19479,L,302.1,312.1,1737,36.3,121,0
9481,M19480,L,301.2,309.3,1190,48.4,46,0
9482,M19481,L,299.1,308.9,1496,35.8,161,0
9483,M19482,M,297.2,304.7,1374,38.8,38,0
9484,M19483,M,300.6,310.0,1323,27.3,244,0
9485,M19484,M,297.0,307.9,1526,45.5,178,0
9486,M19485,H,302.6,313.0,1665,37.4,191,0
9487,M19486,M,299.7,309.1,1593,55.6,172,0
9488,M19487,L,302.4,312.4,1416,47.0,25,0
9489,M19488,L,299.0,308.0,1513,40.8,118,0
9490,M19489,L,300.5,310.5,1705,52.1,165,0
9491,M19490,L,300.4,313.3,1661,44.0,58,0
9492,M19491,L,299.9,311.8,1440,50.0,172,0
9493,M19492,L,299.1,309.2,1428,31.5,207,0
9494,M19493,M,300.8,310.9,1232,44.6,70,0
9495,M19494,L,298.1,307.2,1462,45.0,50,0
9496,M19495,L,297.6,306.8,1228,24.7,223,0
9497,M19496,L,302.5,312.8,1909,54.9,1,0
9498,M19497,L,301.5,310.9,1386,28.5,65,0
9499,M19498,L,300.1,311.0,1738,27.1,103,0
9500,M19499,M,303.3,314.9,1864,11.8,170,0
9501,M19500,L,299.5,309.8,1578,44.7,252,0
9502,M19501,L,302.6,312.7,1521,23.7,94,0
9503,M19502,M,300.4,308.7,1302,34.9,240,0
9504,M19503,H,298.0,308.7,1449,48.3,93,0
9505,M19504,M,303.7,312.6,1826,41.9,176,0
9506,M19505,M,302.0,311.6,1602,33.8,42,0
9507,M19506,M,299.8,310.7,1544,24.3,116,0
9508,M19507,L,301.5,312.5,1774,38.9,220,0
9509,M19508,M,299.2,308.7,1664,48.5,81,0
9510,M19509,M,301.7,311.2,1513,46.9,27,0
9511,M19510,L,295.2,304.5,1578,57.7,132,0
9512,M19511,L,298.0,306.8,1402,33.5,111,0
9513,M19512,H,302.0,311.3,1439,27.0,58,0
9514,M19513,H,299.5,307.9,1502,43.1,229,0
9515,M19514,M,300.4,311.1,1639,42.1,152,0
9516,M19515,L,297.3,307.7,1316,40.0,88,0
9517,M19516,M,303.7,314.3,1553,32.6,252,0
9518,M19517,M,302.4,311.4,1469,13.7,35,0
9519,M19518,M,299.6,308.4,1378,30.0,215,0
9520,M19519,L,299.2,309.2,1470,45.5,58,0
9521,M19520,H,302.1,312.1,1123,42.8,61,0
9522,M19521,L,304.0,313.8,1403,49.6,126,0
9523,M19522,L,301.9,311.6,1342,43.4,167,1
9524,M19523,L,304.3,316.1,1489,47.3,175,0
9525,M19524,L,298.2,308.6,1131,47.6,6,0
9526,M19525,L,298.4,310.3,1573,40.2,73,0
9527,M19526,H,297.6,308.9,1702,40.3,167,0
9528,M19527,M,300.9,312.6,1518,11.2,225,0
9529,M19528,L,300.4,309.3,1628,33.5,169,0
9530,M19529,M,299.7,310.3,1447,33.9,67,0
9531,M19530,L,301.6,311.2,1261,38.9,128,0
9532,M19531,M,302.5,310.8,1539,30.8,164,0
9533,M19532,M,296.9,308.4,1661,49.3,34,0
9534,M19533,H,298.8,308.5,1302,31.3,138,0
9535,M19534,L,301.6,310.6,1456,50.9,119,0
9536,M19535,M,299.1,308.6,1495,30.5,85,0
9537,M19536,L,298.4,307.6,2049,34.0,158,0
9538,M19537,H,302.0,311.3,1579,33.3,161,0
9539,M19538,M,297.4,307.2,1198,35.1,246,0
9540,M19539,L,299.4,311.1,1154,51.7,108,0
9541,M19540,L,300.7,310.0,1670,36.8,134,0
9542,M19541,M,298.9,310.5,1984,37.0,40,0
9543,M19542,M,301.6,312.4,1489,32.7,139,0
9544,M19543,L,298.9,309.3,1478,37.4,9,0
9545,M19544,L,302.8,313.6,1616,42.1,38,0
9546,M19545,L,299.7,309.8,1396,37.9,43,0
9547,M19546,H,301.3,312.6,1084,38.5,160,0
9548,M19547,H,301.5,312.1,1725,50.1,144,0
9549,M19548,M,298.7,307.1,1429,42.7,202,0
9550,M19549,L,295.9,306.2,1727,28.6,117,0
9551,M19550,H,300.7,311.5,1403,39.2,120,0
9552,M19551,L,300.1,309.9,1561,34.7,41,0
9553,M19552,H,301.1,311.2,1692,45.2,188,0
9554,M19553,L,299.5,308.9,1731,41.0,1,0
9555,M19554,M,299.1,307.8,1581,51.2,107,0
9556,M19555,L,304.0,312.5,1572,32.7,48,0
9557,M19556,L,297.1,305.5,1650,38.1,195,0
9558,M19557,L,301.5,312.1,1622,29.5,170,0
9559,M19558,L,298.9,306.4,1308,39.6,179,0
9560,M19559,L,299.3,308.7,1311,24.8,38,0
9561,M19560,M,299.4,308.6,1161,43.2,169,0
9562,M19561,M,298.4,308.1,1676,39.5,175,0
9563,M19562,L,301.1,309.3,1468,41.5,1,0
9564,M19563,L,302.8,313.2,1686,47.8,80,0
9565,M19564,L,300.9,309.7,1611,42.2,22,0
9566,M19565,M,300.2,311.3,1360,27.4,172,0
9567,M19566,L,298.0,307.4,1517,34.5,54,0
9568,M19567,L,301.0,310.9,1458,39.2,67,0
9569,M19568,L,304.3,314.3,1430,36.8,20,0
9570,M19569,M,299.2,309.5,1703,38.0,122,0
9571,M19570,M,299.2,309.3,1988,56.1,8,0
9572,M19571,L,298.9,308.5,1739,41.0,214,0
9573,M19572,M,299.0,309.4,1534,43.8,7,0
9574,M19573,H,294.5,305.0,1764,20.1,16,0
9575,M19574,M,300.8,310.0,1846,47.4,162,0
9576,M19575,M,298.3,308.7,1290,68.2,232,0
9577,M19576,H,296.8,308.0,1758,53.3,226,0
9578,M19577,L,301.5,312.2,1677,35.6,21,0
9579,M19578,M,297.8,308.8,1752,62.6,73,0
9580,M19579,M,299.3,309.5,1685,40.3,132,0
9581,M19580,H,302.9,312.0,1498,43.0,7,0
9582,M19581,L,297.2,306.4,1903,37.4,134,0
9583,M19582,M,296.9,307.3,1600,37.1,113,0
9584,M19583,L,300.5,311.5,1461,17.7,149,0
9585,M19584,L,302.3,315.1,1630,47.8,233,0
9586,M19585,H,296.9,307.8,1713,37.1,69,0
9587,M19586,H,300.8,309.6,1556,38.1,162,0
9588,M19587,M,301.2,310.4,1609,42.7,109,0
9589,M19588,L,295.9,308.2,1555,35.9,110,0
9590,M19589,L,301.6,311.4,1421,42.6,164,1
9591,M19590,L,301.8,311.8,1392,51.9,241,1
9592,M19591,L,299.4,308.4,1288,44.0,218,0
9593,M19592,M,302.5,314.1,1811,38.5,162,0
9594,M19593,L,302.3,312.8,1499,38.8,117,0
9595,M19594,L,300.2,309.4,925,42.0,107,0
9596,M19595,L,299.1,308.1,1610,31.8,199,0
9597,M19596,L,298.1,308.4,1606,42.1,55,0
9598,M19597,L,299.9,310.0,1205,46.8,149,0
9599,M19598,L,301.1,312.0,1390,40.9,128,0
9600,M19599,H,299.4,309.9,1382,35.8,164,0
9601,M19600,H,295.6,305.3,1406,37.2,47,0
9602,M19601,L,302.5,312.0,1756,46.5,176,0
9603,M19602,H,300.4,310.2,1512,29.1,159,0
9604,M19603,L,299.2,308.7,1463,31.9,46,0
9605,M19604,L,301.7,311.6,1740,24.1,114,0
9606,M19605,H,303.0,313.1,1628,40.3,172,0
9607,M19606,M,294.4,303.5,1227,48.5,228,0
9608,M19607,L,300.9,311.5,1429,53.2,31,0
9609,M19608,M,297.1,306.8,1597,55.3,2,0
9610,M19609,M,301.0,310.2,1372,33.2,42,0
9611,M19610,H,300.3,309.9,1902,42.5,250,0
9612,M19611,H,301.3,311.5,1559,36.0,194,0
9613,M19612,H,299.0,309.1,1404,56.3,155,0
9614,M19613,L,296.3,306.7,1338,52.9,34,0
9615,M19614,M,299.1,310.0,1705,41.7,105,0
9616,M19615,H,300.8,312.1,1423,33.9,181,0
9617,M19616,L,302.0,312.3,1607,5.9,227,0
9618,M19617,M,297.7,306.6,1333,25.8,97,0
9619,M19618,L,302.1,311.8,1552,21.7,253,0
9620,M19619,H,298.7,307.7,1425,25.7,35,0
9621,M19620,L,300.7,312.4,1483,58.6,98,1
9622,M19621,M,299.0,311.0,1396,27.2,221,0
9623,M19622,M,300.4,311.0,1723,29.5,164,0
9624,M19623,L,301.8,312.6,1451,30.9,205,0
9625,M19624,M,297.5,307.8,1513,65.7,230,0
9626,M19625,L,298.6,309.0,1522,39.4,128,0
9627,M19626,L,300.4,308.8,1828,49.8,59,0
9628,M19627,L,304.8,314.7,1698,41.7,176,0
9629,M19628,M,298.3,307.4,1681,20.4,143,0
9630,M19629,L,304.1,314.4,1257,55.2,195,0
9631,M19630,H,304.0,313.9,1422,44.0,129,0
9632,M19631,L,299.8,311.8,1752,38.8,205,0
9633,M19632,M,299.4,310.3,1329,57.4,228,0
9634,M19633,L,298.6,308.9,1554,36.6,190,0
9635,M19634,M,299.9,309.6,1348,38.6,188,0
9636,M19635,L,297.2,308.9,1366,36.6,149,0
9637,M19636,H,299.8,309.8,1840,50.7,119,0
9638,M19637,M,303.0,313.3,1668,48.1,246,0
9639,M19638,L,298.8,308.8,1715,42.8,163,0
9640,M19639,L,299.5,309.1,1679,29.6,213,0
9641,M19640,M,296.6,306.6,1514,36.3,128,0
9642,M19641,H,300.7,308.8,1415,29.6,140,0
9643,M19642,L,300.5,309.0,1467,51.5,168,0
9644,M19643,H,300.1,310.5,1505,24.4,184,0
9645,M19644,M,299.6,311.1,1857,55.8,113,0
9646,M19645,L,299.4,309.8,1300,52.7,90,0
9647,M19646,L,301.0,310.3,1440,30.9,61,0
9648,M19647,M,299.9,308.5,1376,35.9,107,0
9649,M19648,M,300.6,311.4,1728,32.9,53,0
9650,M19649,H,300.4,309.9,1871,44.3,105,0
9651,M19650,H,302.2,312.9,1594,54.0,221,0
9652,M19651,L,301.4,311.7,1609,51.7,247,0
9653,M19652,L,300.4,310.9,1555,35.7,146,0
9654,M19653,L,303.0,313.1,1617,52.4,37,0
9655,M19654,H,300.8,311.2,1677,51.6,108,0
9656,M19655,H,302.6,312.5,1615,38.1,152,0
9657,M19656,H,301.2,310.6,1628,39.9,94,0
9658,M19657,H,296.3,305.4,1678,55.3,52,0
9659,M19658,L,302.6,310.2,1221,50.5,57,0
9660,M19659,H,300.3,310.1,1539,52.1,120,0
9661,M19660,M,299.9,311.4,1594,65.6,55,0
9662,M19661,M,300.6,311.3,1613,45.4,63,0
9663,M19662,M,299.3,309.5,1508,43.2,221,0
9664,M19663,H,300.5,309.7,1568,53.4,197,0
9665,M19664,L,298.8,309.8,1410,59.7,14,0
9666,M19665,H,302.5,312.4,1221,33.9,81,0
9667,M19666,L,299.8,311.3,1715,38.0,135,0
9668,M19667,M,299.2,308.3,1336,29.9,15,0
9669,M19668,H,298.2,307.4,1510,43.4,173,0
9670,M19669,M,300.5,309.7,1405,48.8,97,0
9671,M19670,L,300.4,308.9,1823,30.6,100,0
9672,M19671,M,300.8,309.8,1525,51.2,67,0
9673,M19672,M,297.9,308.0,1483,35.5,84,0
9674,M19673,L,296.8,306.1,1673,34.7,218,0
9675,M19674,M,301.3,307.4,1925,51.2,200,0
9676,M19675,L,303.0,314.0,1612,33.8,237,0
9677,M19676,H,297.9,306.3,1471,26.1,177,0
9678,M19677,L,303.2,313.8,1664,47.4,146,0
9679,M19678,M,300.6,310.6,1257,38.7,66,0
9680,M19679,M,300.0,312.1,1547,51.9,169,0
9681,M19680,H,299.2,310.2,1896,48.2,229,0
9682,M19681,L,297.2,306.7,1567,22.7,17,0
9683,M19682,M,302.0,311.3,1558,53.0,112,0
9684,M19683,L,298.4,310.0,1543,58.8,38,0
9685,M19684,H,298.4,307.0,1468,50.2,205,0
9686,M19685,H,302.0,312.2,1595,50.6,155,1
9687,M19686,H,296.2,306.1,1678,37.5,223,0
9688,M19687,H,297.0,306.6,1480,35.3,16,0
9689,M19688,L,300.0,310.3,1093,42.1,229,0
9690,M19689,M,300.6,310.8,1622,49.1,17,0
9691,M19690,L,301.0,311.4,1921,48.9,73,0
9692,M19691,H,299.4,309.5,1472,35.7,40,0
9693,M19692,L,305.1,315.5,1276,34.7,37,0
9694,M19693,M,299.5,309.6,1660,25.2,43,0
9695,M19694,L,299.5,308.9,1851,46.4,121,0
9696,M19695,H,298.4,308.4,1634,36.1,198,0
9697,M19696,L,300.2,309.5,1848,37.0,227,0
9698,M19697,M,301.2,310.4,1681,57.1,143,0
9699,M19698,M,302.4,312.1,1666,45.9,40,0
9700,M19699,L,297.0,306.9,1446,43.2,20,0
9701,M19700,M,299.5,309.5,1590,48.2,125,0
9702,M19701,H,300.9,311.8,1534,54.1,194,0
9703,M19702,M,301.2,310.7,1528,24.0,157,0
9704,M19703,H,300.0,310.2,1494,34.4,147,0
9705,M19704,L,301.1,311.2,1579,37.7,12,0
9706,M19705,L,298.4,307.8,1307,30.3,104,0
9707,M19706,L,303.1,313.2,1684,37.4,139,0
9708,M19707,L,302.0,313.0,1382,24.6,151,0
9709,M19708,H,297.3,307.5,1494,49.1,1,0
9710,M19709,L,297.8,308.1,1598,34.9,50,0
9711,M19710,L,297.9,307.2,1373,42.0,240,0
9712,M19711,M,301.4,313.3,1187,40.5,129,0
9713,M19712,L,297.4,306.8,1470,45.5,178,0
9714,M19713,L,299.3,307.7,1283,15.6,78,0
9715,M19714,M,300.9,311.8,1667,44.5,148,0
9716,M19715,L,299.9,309.8,1333,37.3,90,0
9717,M19716,M,300.5,310.2,1805,44.0,75,0
9718,M19717,L,297.9,307.3,1538,28.3,104,0
9719,M19718,L,301.2,313.1,1550,44.1,116,0
9720,M19719,M,298.8,309.1,1184,52.9,84,0
9721,M19720,L,299.4,309.9,1565,41.9,65,0
9722,M19721,M,300.5,310.6,1525,32.9,158,0
9723,M19722,H,300.2,310.5,1306,33.3,96,0
9724,M19723,H,300.0,311.4,1555,45.7,51,0
9725,M19724,M,298.5,308.2,1468,45.6,192,0
9726,M19725,L,299.4,307.9,1500,43.5,183,0
9727,M19726,M,300.0,310.9,1544,39.6,224,0
9728,M19727,L,297.2,307.7,1455,42.0,140,0
9729,M19728,H,299.1,309.2,1583,39.4,71,0
9730,M19729,M,300.8,311.2,1524,36.2,219,0
9731,M19730,L,297.4,307.1,1624,47.5,71,0
9732,M19731,L,302.3,312.3,1444,43.1,166,0
9733,M19732,L,302.5,312.4,1348,52.8,48,0
9734,M19733,L,297.5,306.9,1412,51.1,159,0
9735,M19734,M,302.7,313.9,1797,42.7,213,0
9736,M19735,L,299.7,308.3,1710,45.9,137,0
9737,M19736,L,300.8,313.2,1756,30.5,119,0
9738,M19737,M,299.0,309.9,1769,39.2,251,0
9739,M19738,L,301.8,310.1,1456,43.4,6,0
9740,M19739,L,300.8,310.6,1592,24.3,84,0
9741,M19740,L,298.4,308.2,1553,44.3,232,0
9742,M19741,L,297.7,308.1,1657,30.5,163,0
9743,M19742,M,297.1,306.1,1487,31.6,137,0
9744,M19743,H,300.4,310.4,1556,34.8,161,0
9745,M19744,M,301.1,311.0,1552,39.7,81,0
9746,M19745,M,301.3,310.6,1634,26.9,18,0
9747,M19746,H,299.8,308.9,1656,48.5,70,0
9748,M19747,L,297.7,308.6,1556,41.8,85,0
9749,M19748,L,298.6,306.9,1561,59.1,121,0
9750,M19749,M,302.3,312.8,1579,43.0,100,0
9751,M19750,M,299.0,309.8,1834,45.7,132,0
9752,M19751,M,300.3,310.1,1229,31.5,50,0
9753,M19752,H,297.8,307.9,1365,28.3,47,0
9754,M19753,L,300.7,311.8,1660,46.1,89,0
9755,M19754,M,299.1,308.4,1587,29.2,120,0
9756,M19755,H,302.1,311.5,1586,46.4,86,0
9757,M19756,H,301.5,311.1,1658,56.9,146,0
9758,M19757,L,299.0,310.2,1577,49.4,78,0
9759,M19758,L,299.7,311.0,1439,45.6,45,0
9760,M19759,M,298.9,307.5,1652,42.7,218,0
9761,M19760,L,297.2,308.2,1543,36.2,51,0
9762,M19761,H,298.3,309.1,1459,38.9,245,0
9763,M19762,M,300.4,312.0,1663,34.4,250,0
9764,M19763,L,300.7,311.0,1656,27.0,176,0
9765,M19764,L,300.3,310.3,1577,40.4,127,0
9766,M19765,L,299.4,310.5,1846,51.0,201,0
9767,M19766,L,301.9,312.6,1777,27.2,221,0
9768,M19767,L,300.1,312.4,1718,53.8,180,0
9769,M19768,H,301.4,312.4,1998,52.1,26,0
9770,M19769,L,296.5,306.6,1513,43.9,1,0
9771,M19770,H,292.2,301.0,1456,44.0,49,0
9772,M19771,M,300.6,310.0,1693,38.2,48,0
9773,M19772,H,297.2,305.7,1494,40.4,46,0
9774,M19773,L,299.6,309.4,1541,35.4,129,0
9775,M19774,L,299.4,310.3,1363,40.3,132,0
9776,M19775,M,303.2,313.2,1648,41.4,183,0
9777,M19776,L,300.8,311.8,1276,58.6,51,0
9778,M19777,L,300.3,310.7,1522,45.6,23,0
9779,M19778,H,301.7,311.3,1536,37.9,169,0
9780,M19779,L,300.7,310.8,1461,39.0,122,0
9781,M19780,M,299.1,309.6,1224,32.9,169,0
9782,M19781,H,302.1,312.3,1223,34.6,96,0
9783,M19782,M,297.8,307.9,1405,49.0,190,0
9784,M19783,L,300.6,309.9,1635,35.1,173,0
9785,M19784,M,296.9,306.5,1591,33.9,165,0
9786,M19785,M,300.4,312.7,1536,34.1,7,0
9787,M19786,L,300.4,311.6,1381,32.8,217,0
9788,M19787,L,303.4,311.9,1600,51.2,95,0
9789,M19788,M,296.9,304.5,1217,41.4,34,0
9790,M19789,M,298.8,308.9,1110,37.2,191,1
9791,M19790,L,301.6,312.5,1495,40.3,123,0
9792,M19791,H,300.7,310.2,1441,42.2,8,0
9793,M19792,M,300.4,311.4,1720,32.6,198,0
9794,M19793,L,298.1,308.1,1567,26.2,110,0
9795,M19794,L,298.8,308.7,1834,53.3,191,0
9796,M19795,M,302.5,313.2,1441,49.8,191,0
9797,M19796,M,299.9,309.4,1626,43.7,25,1
9798,M19797,L,300.8,310.5,1494,49.1,155,0
9799,M19798,M,299.8,310.4,1786,59.0,91,0
9800,M19799,L,297.6,307.6,1502,34.7,138,0
9801,M19800,L,301.9,313.8,1692,28.9,22,0
9802,M19801,M,301.0,311.7,1346,46.5,149,0
9803,M19802,M,304.6,315.2,1465,25.5,197,0
9804,M19803,M,298.0,307.9,1524,40.4,250,0
9805,M19804,L,301.6,312.5,1765,37.0,81,0
9806,M19805,M,297.4,307.1,1146,46.7,39,0
9807,M19806,L,300.3,310.6,1479,35.2,93,0
9808,M19807,L,302.0,311.0,1473,51.9,5,0
9809,M19808,H,295.9,306.9,1167,32.6,103,0
9810,M19809,L,299.6,309.9,1456,47.0,231,0
9811,M19810,M,298.9,310.9,1263,33.4,49,0
9812,M19811,H,298.6,311.0,1122,45.4,121,0
9813,M19812,H,300.8,311.5,1492,30.0,145,0
9814,M19813,H,302.2,312.3,1486,39.8,46,0
9815,M19814,H,299.7,308.8,1495,53.1,84,0
9816,M19815,L,300.4,311.3,1584,41.1,231,0
9817,M19816,L,300.2,310.4,1382,51.7,75,0
9818,M19817,L,300.0,310.5,1860,39.7,161,0
9819,M19818,L,297.8,309.6,1533,35.0,35,0
9820,M19819,M,302.2,311.4,1769,41.7,169,0
9821,M19820,L,300.6,309.7,1238,46.1,71,0
9822,M19821,L,300.8,310.6,1390,21.1,59,0
9823,M19822,M,298.4,309.2,1662,45.2,31,0
9824,M19823,L,299.1,309.6,1498,30.7,12,0
9825,M19824,L,299.6,308.8,1347,28.2,245,0
9826,M19825,H,296.9,307.7,1210,45.3,105,0
9827,M19826,M,296.6,305.4,1670,53.3,197,0
9828,M19827,L,298.8,308.0,1656,42.1,233,0
9829,M19828,M,301.0,310.9,1583,26.6,52,0
9830,M19829,L,298.7,308.1,1450,33.4,220,0
9831,M19830,L,298.0,308.9,1340,35.9,179,0
9832,M19831,L,298.4,308.7,1530,41.9,146,0
9833,M19832,L,299.1,310.9,1304,39.3,205,0
9834,M19833,L,299.3,309.0,1404,44.9,28,0
9835,M19834,L,304.3,314.2,1765,49.9,67,0
9836,M19835,M,302.1,313.3,1208,43.4,33,0
9837,M19836,L,302.0,312.0,1660,48.9,227,0
9838,M19837,L,302.3,313.8,1806,37.3,25,0
9839,M19838,L,298.0,308.5,1685,72.6,248,0
9840,M19839,L,297.6,305.2,1610,45.5,28,0
9841,M19840,H,297.8,309.0,1456,46.8,167,0
9842,M19841,H,302.7,313.6,1423,57.4,167,0
9843,M19842,L,298.9,309.9,1137,40.9,236,0
9844,M19843,H,297.5,305.6,1546,33.6,82,0
9845,M19844,L,299.1,308.5,1467,52.9,84,0
9846,M19845,M,299.5,308.9,1414,53.5,214,0
9847,M19846,H,300.5,309.7,1535,41.5,248,0
9848,M19847,L,300.5,312.2,1550,57.4,8,0
9849,M19848,L,298.3,308.3,1425,39.2,161,0
9850,M19849,L,301.4,311.3,1828,49.2,62,0
9851,M19850,H,298.7,309.3,1670,55.0,184,0
9852,M19851,H,299.7,310.3,1699,41.0,195,0
9853,M19852,L,301.4,308.0,1521,44.5,193,0
9854,M19853,M,298.7,308.1,1631,50.2,110,0
9855,M19854,L,298.9,307.4,1379,36.4,40,0
9856,M19855,H,301.2,311.6,1658,31.9,148,0
9857,M19856,H,298.3,308.0,1502,53.2,200,0
9858,M19857,M,299.2,309.2,1356,43.0,231,0
9859,M19858,H,301.1,309.0,1535,35.0,115,0
9860,M19859,M,304.1,313.8,1487,40.9,62,0
9861,M19860,L,301.2,312.3,1955,45.0,30,0
9862,M19861,H,300.9,312.4,1617,24.5,202,0
9863,M19862,L,301.1,311.8,1822,47.1,135,0
9864,M19863,L,297.9,306.5,1742,44.0,171,0
9865,M19864,L,300.2,311.5,1546,56.4,40,0
9866,M19865,L,299.9,310.7,1460,37.8,2,0
9867,M19866,L,300.6,310.5,1227,53.6,245,0
9868,M19867,M,300.2,308.2,1383,39.6,205,0
9869,M19868,L,300.8,311.7,1658,41.4,101,0
9870,M19869,M,299.4,308.8,1485,42.8,116,0
9871,M19870,L,300.1,310.5,1606,60.7,235,0
9872,M19871,H,297.5,307.6,1176,27.7,53,1
9873,M19872,L,299.4,310.9,1620,44.9,203,0
9874,M19873,H,302.8,312.7,1735,40.4,5,0
9875,M19874,L,300.6,310.6,1221,39.7,222,0
9876,M19875,M,300.0,311.5,1606,45.8,149,0
9877,M19876,L,303.8,313.1,1779,50.9,121,0
9878,M19877,L,297.3,308.1,1840,45.3,179,0
9879,M19878,L,297.8,307.6,1449,52.2,17,0
9880,M19879,L,303.4,312.4,1679,37.5,49,0
9881,M19880,L,300.1,310.1,1795,39.5,103,0
9882,M19881,L,299.5,310.2,1611,30.1,156,0
9883,M19882,M,297.6,309.0,1769,59.6,37,0
9884,M19883,M,300.9,312.4,1533,38.2,96,0
9885,M19884,M,301.1,310.8,1610,37.1,66,0
9886,M19885,M,297.8,306.8,1428,46.0,163,0
9887,M19886,L,299.7,309.4,1510,51.0,233,0
9888,M19887,L,299.3,308.1,1617,33.1,42,1
9889,M19888,M,300.5,310.3,1414,51.7,48,0
9890,M19889,L,297.8,307.4,1499,37.0,152,0
9891,M19890,L,302.5,313.2,1675,54.2,115,0
9892,M19891,H,301.8,309.6,1906,34.6,182,0
9893,M19892,L,299.3,308.5,1172,47.3,73,0
9894,M19893,H,299.6,308.8,1893,40.4,138,0
9895,M19894,H,299.7,310.9,1492,28.8,98,0
9896,M19895,H,298.4,307.3,1712,26.0,71,0
9897,M19896,M,299.1,309.3,1747,32.6,185,0
9898,M19897,H,299.5,309.3,1819,49.8,201,0
9899,M19898,H,303.2,314.3,1409,20.8,83,0
9900,M19899,L,301.9,312.5,1499,43.3,158,0
9901,M19900,H,301.9,312.0,1529,42.4,45,0
9902,M19901,H,300.7,310.2,1475,23.3,200,1
9903,M19902,L,297.8,305.9,1775,32.1,71,0
9904,M19903,L,299.9,310.2,1525,32.1,43,0
9905,M19904,M,301.9,312.5,1249,40.5,238,0
9906,M19905,L,297.5,305.9,1426,54.5,107,0
9907,M19906,L,301.3,310.0,1256,50.6,163,0
9908,M19907,L,304.6,314.9,1498,36.4,205,0
9909,M19908,L,302.1,312.5,1659,31.8,174,0
9910,M19909,L,302.8,311.8,1422,24.6,143,0
9911,M19910,L,300.4,309.9,1467,36.3,94,0
9912,M19911,M,301.9,310.1,1490,31.1,232,0
9913,M19912,M,298.6,309.9,1564,39.6,34,0
9914,M19913,L,301.6,310.3,1631,40.0,224,0
9915,M19914,L,301.3,311.9,1683,35.3,180,0
9916,M19915,H,300.6,310.5,1943,35.5,145,0
9917,M19916,M,302.6,313.9,1561,33.1,82,0
9918,M19917,H,298.9,308.1,1671,34.9,37,0
9919,M19918,L,299.6,309.7,1255,54.2,112,0
9920,M19919,L,300.2,308.5,1471,45.1,198,0
9921,M19920,L,297.9,306.0,1491,45.3,189,0
9922,M19921,L,300.5,311.1,1357,50.0,163,0
9923,M19922,L,296.6,304.8,1443,49.1,251,0
9924,M19923,L,302.1,311.9,1520,54.1,246,0
9925,M19924,L,300.1,311.1,1449,45.8,101,0
9926,M19925,L,299.0,309.7,2005,42.0,49,0
9927,M19926,M,298.3,307.7,1631,34.2,117,0
9928,M19927,M,299.5,307.9,1897,31.8,214,0
9929,M19928,L,301.4,311.9,1806,48.7,116,0
9930,M19929,H,301.1,312.4,1425,38.9,85,0
9931,M19930,L,298.6,307.9,1546,26.5,188,0
9932,M19931,L,298.3,307.5,1461,19.3,164,0
9933,M19932,L,301.3,310.8,1510,61.3,245,0
9934,M19933,L,298.6,309.1,1364,30.2,139,0
9935,M19934,M,300.1,311.3,1460,33.2,245,0
9936,M19935,L,300.2,309.0,1603,52.2,74,0
9937,M19936,M,300.6,309.1,1599,28.0,219,1
9938,M19937,L,301.7,314.1,1584,45.3,89,0
9939,M19938,L,297.5,307.3,1528,58.0,205,0
9940,M19939,H,296.2,306.4,1693,60.9,234,0
9941,M19940,L,298.9,308.2,1493,35.6,158,0
9942,M19941,H,303.6,314.1,1788,39.9,184,0
9943,M19942,L,304.0,315.0,1208,36.1,243,0
9944,M19943,H,303.7,314.0,1657,39.8,95,0
9945,M19944,H,299.6,311.4,1626,52.9,129,0
9946,M19945,H,296.4,306.1,1418,26.1,227,0
9947,M19946,H,295.3,305.1,1475,46.4,170,0
9948,M19947,H,298.8,309.0,1622,38.1,221,0
9949,M19948,M,299.6,310.1,1703,53.5,156,0
9950,M19949,H,302.6,312.8,1226,53.0,187,0
9951,M19950,M,301.7,310.5,1651,36.0,3,0
9952,M19951,H,300.5,310.8,1457,38.9,86,0
9953,M19952,H,298.2,307.8,1740,48.8,195,0
9954,M19953,M,298.1,307.5,1210,49.7,102,0
9955,M19954,H,300.5,310.5,1977,15.5,92,0
9956,M19955,L,301.4,310.4,1380,48.8,241,0
9957,M19956,H,300.8,309.6,1795,56.3,140,0
9958,M19957,L,297.9,305.3,1527,42.5,49,0
9959,M19958,L,301.3,313.0,1392,49.4,119,0
9960,M19959,L,300.9,311.4,1586,52.7,131,0
9961,M19960,L,297.9,307.7,1723,42.2,250,0
9962,M19961,H,298.4,307.8,1261,48.1,182,0
9963,M19962,L,301.4,308.5,1665,40.1,131,0
9964,M19963,L,299.5,308.8,1537,39.5,109,0
9965,M19964,H,303.2,313.9,1642,33.5,232,0
9966,M19965,L,301.0,311.9,1541,41.7,163,0
9967,M19966,L,299.0,309.7,1437,58.7,90,0
9968,M19967,L,300.0,310.1,1340,31.1,118,0
9969,M19968,L,300.1,311.4,1659,46.1,70,0
9970,M19969,L,298.5,308.2,1658,43.2,243,0
9971,M19970,M,298.2,309.3,1658,54.6,178,0
9972,M19971,L,301.4,311.0,1616,56.5,99,0
9973,M19972,L,301.7,310.8,1708,30.8,46,0
9974,M19973,L,301.2,310.2,1791,34.3,45,0
9975,M19974,M,303.0,312.0,1203,34.9,121,0
9976,M19975,L,298.9,309.6,1120,35.2,118,0
9977,M19976,L,303.3,312.6,1847,36.1,106,0
9978,M19977,M,298.2,307.2,1299,43.4,216,0
9979,M19978,L,298.0,308.7,1345,31.6,248,0
9980,M19979,H,296.5,306.8,1488,33.0,90,0
9981,M19980,L,299.1,310.1,1243,32.2,75,0
9982,M19981,M,299.0,309.5,1471,44.9,195,0
9983,M19982,L,301.1,310.3,1369,39.4,114,0
9984,M19983,M,300.5,310.6,1497,37.6,55,0
9985,M19984,L,297.6,307.7,1589,31.7,46,0
9986,M19985,L,299.2,308.3,1478,24.1,71,0
9987,M19986,H,299.3,308.2,1468,56.2,0,0
9988,M19987,L,296.4,305.8,1585,37.1,238,0
9989,M19988,L,298.0,310.1,1726,66.8,109,0
9990,M19989,H,298.5,308.0,1826,47.7,21,0
9991,M19990,L,302.9,314.1,1500,58.1,42,0
9992,M19991,L,300.4,309.9,1866,49.8,82,0
9993,M19992,L,301.3,312.2,1696,41.6,140,0
9994,M19993,H,297.0,307.9,1318,34.1,178,0
9995,M19994,M,302.4,313.3,1313,30.3,78,0
9996,M19995,H,302.6,313.0,1436,51.1,242,0
9997,M19996,L,296.0,307.4,1798,42.6,192,0
9998,M19997,L,298.6,309.0,1449,46.1,209,0
9999,M19998,M,301.0,312.7,1200,48.1,82,0
10000,M19999,L,301.3,309.7,1498,43.5,96,0
