UDI,Product ID,Type,Air temperature [K],Process temperature [K],Air temperature [C],Process temperature [C],Rotational speed [rpm],Torque [Nm],Tool wear [min],Machine failure,TWF,HDF,PWF,OSF
1,L39691,L,297.02,306.41,23.87,33.26,1672,24.48,148,0,0,0,0,0
2,H17735,H,297.75,307.36,24.6,34.21,1536,32.37,178,0,0,0,0,0
3,M77004,M,300.78,309.75,27.63,36.6,1650,19.78,3,1,0,0,1,0
4,L99631,L,297.65,306.76,24.5,33.61,1357,41.62,82,0,0,0,0,0
5,L22527,L,302.23,312.66,29.08,39.51,1560,41.42,185,0,0,0,0,0
6,L38118,L,299.86,309.99,26.71,36.84,1413,29.78,97,0,0,0,0,0
7,L43991,L,300.17,310.66,27.02,37.51,1321,43.49,87,0,0,0,0,0
8,M54442,M,299.44,309.66,26.29,36.51,1384,34.95,228,1,1,0,0,0
9,M26226,M,301.55,312.25,28.4,39.1,1440,45.15,133,0,0,0,0,0
10,M88742,M,301.57,312.44,28.42,39.29,1753,14.17,46,1,0,0,1,0
11,L59448,L,300.67,308.93,27.52,35.78,1435,45.62,113,0,0,0,0,0
12,H21631,H,301.13,310.28,27.98,37.13,1312,29.11,124,0,0,0,0,0
13,M97436,M,299.58,309.34,26.43,36.19,1558,35.1,237,0,0,0,0,0
14,L28910,L,301.08,311.06,27.93,37.91,1540,31.53,172,0,0,0,0,0
15,L83605,L,299.32,308.65,26.17,35.5,1449,36.66,125,0,0,0,0,0
16,L72138,L,300.0,310.92,26.85,37.77,1507,25.79,104,0,0,0,0,0
17,L50277,L,299.45,311.43,26.3,38.28,1706,46.87,220,0,0,0,0,0
18,L45467,L,299.09,309.27,25.94,36.12,1652,24.38,155,0,0,0,0,0
19,L82194,L,298.62,308.71,25.47,35.56,1637,25.33,85,0,0,0,0,0
20,L30868,L,300.94,311.78,27.79,38.63,1328,57.51,112,0,0,0,0,0
21,M73556,M,302.62,310.76,29.47,37.61,2040,30.67,67,0,0,0,0,0
22,L79034,L,302.34,312.37,29.19,39.22,1719,23.3,231,0,0,0,0,0
23,L36582,L,297.49,308.47,24.34,35.32,1625,34.22,168,0,0,0,0,0
24,L67805,L,302.58,311.94,29.43,38.79,1331,41.15,94,0,0,0,0,0
25,L36096,L,299.36,308.14,26.21,34.99,1701,20.19,44,0,0,0,0,0
26,M28598,M,301.2,311.02,28.05,37.87,1447,33.52,42,0,0,0,0,0
27,L38166,L,298.19,308.13,25.04,34.98,1501,37.96,115,0,0,0,0,0
28,L54153,L,300.28,309.38,27.13,36.23,1241,56.31,112,0,0,0,0,0
29,L12850,L,300.63,312.72,27.48,39.57,1318,41.97,100,0,0,0,0,0
30,L39541,L,297.03,306.55,23.88,33.4,1612,34.64,204,0,0,0,0,0
31,M13277,M,301.22,310.06,28.07,36.91,1711,26.96,235,1,1,0,0,0
32,L89284,L,302.69,312.6,29.54,39.45,1655,43.39,85,0,0,0,0,0
33,L10784,L,299.65,310.56,26.5,37.41,1649,41.97,71,0,0,0,0,0
34,H98006,H,302.72,312.74,29.57,39.59,1524,43.92,185,0,0,0,0,0
35,H11811,H,299.62,310.11,26.47,36.96,1464,40.04,108,0,0,0,0,0
36,M67889,M,301.7,310.83,28.55,37.68,1586,23.35,52,0,0,0,0,0
37,L46125,L,295.56,307.05,22.41,33.9,1679,42.82,43,0,0,0,0,0
38,L59777,L,304.84,315.4,31.69,42.25,1536,37.76,67,0,0,0,0,0
39,M96823,M,302.99,314.04,29.84,40.89,1747,30.33,0,0,0,0,0,0
40,L61596,L,299.43,309.8,26.28,36.65,1497,41.85,226,0,0,0,0,0
41,L71362,L,296.06,306.88,22.91,33.73,1363,43.82,103,0,0,0,0,0
42,L10901,L,300.58,309.7,27.43,36.55,1533,28.82,20,0,0,0,0,0
43,L98438,L,297.11,306.62,23.96,33.47,1554,34.31,40,0,0,0,0,0
44,H82050,H,300.89,312.24,27.74,39.09,1521,22.45,78,0,0,0,0,0
45,L90913,L,300.82,312.38,27.67,39.23,1759,33.26,132,0,0,0,0,0
46,M34934,M,298.12,306.97,24.97,33.82,1676,44.83,169,0,0,0,0,0
47,L50097,L,302.24,312.49,29.09,39.34,1285,30.24,74,0,0,0,0,0
48,L48148,L,301.61,311.18,28.46,38.03,1804,32.8,230,1,1,0,0,0
49,L20601,L,301.95,311.25,28.8,38.1,1100,57.43,182,0,0,0,0,0
50,L85527,L,300.02,310.3,26.87,37.15,1911,36.51,198,0,0,0,0,0
51,H95738,H,297.17,308.31,24.02,35.16,1485,32.62,78,0,0,0,0,0
52,M26950,M,301.96,312.41,28.81,39.26,1502,29.33,91,0,0,0,0,0
53,H72229,H,299.46,309.14,26.31,35.99,1524,32.89,129,0,0,0,0,0
54,M72550,M,297.22,307.74,24.07,34.59,1602,45.28,108,0,0,0,0,0
55,L67160,L,302.7,312.34,29.55,39.19,1535,23.65,62,0,0,0,0,0
56,H34886,H,304.2,314.61,31.05,41.46,1512,28.17,239,1,1,0,0,0
57,L80042,L,299.92,311.31,26.77,38.16,1764,28.81,204,0,0,0,0,0
58,L95114,L,304.32,312.24,31.17,39.09,1634,27.26,57,0,0,0,0,0
59,L47197,L,300.18,310.98,27.03,37.83,1367,41.57,214,0,0,0,0,0
60,L13955,L,299.24,307.7,26.09,34.55,1665,45.74,141,0,0,0,0,0
61,L46179,L,298.74,309.97,25.59,36.82,1627,25.59,3,0,0,0,0,0
62,L46904,L,303.27,312.64,30.12,39.49,1440,38.63,83,0,0,0,0,0
63,M76502,M,298.44,307.22,25.29,34.07,1674,34.17,6,0,0,0,0,0
64,L44519,L,301.47,312.17,28.32,39.02,1507,35.33,21,0,0,0,0,0
65,L72186,L,298.88,309.25,25.73,36.1,1496,25.67,43,0,0,0,0,0
66,L63988,L,299.08,308.08,25.93,34.93,1491,33.31,116,0,0,0,0,0
67,L99283,L,302.06,310.81,28.91,37.66,1110,46.54,92,0,0,0,0,0
68,M19662,M,299.24,309.05,26.09,35.9,1443,44.78,36,0,0,0,0,0
69,L60883,L,299.19,307.99,26.04,34.84,1660,37.88,95,0,0,0,0,0
70,H36843,H,302.27,311.2,29.12,38.05,1531,25.01,73,0,0,0,0,0
71,M54506,M,303.19,313.31,30.04,40.16,1310,40.64,98,0,0,0,0,0
72,L15968,L,301.29,310.32,28.14,37.17,1704,29.63,41,0,0,0,0,0
73,L69751,L,298.69,309.12,25.54,35.97,1483,54.28,146,0,0,0,0,0
74,M24981,M,298.98,310.47,25.83,37.32,1321,45.7,11,0,0,0,0,0
75,M76794,M,300.16,310.01,27.01,36.86,1921,21.21,93,0,0,0,0,0
76,M95276,M,300.64,310.77,27.49,37.62,1351,36.21,215,0,0,0,0,0
77,M67945,M,298.02,310.04,24.87,36.89,1689,30.9,101,0,0,0,0,0
78,L99415,L,301.45,310.26,28.3,37.11,1400,43.81,106,0,0,0,0,0
79,L13122,L,300.17,311.36,27.02,38.21,1559,40.64,16,0,0,0,0,0
80,L31981,L,296.57,307.64,23.42,34.49,1377,43.21,145,0,0,0,0,0
81,M11309,M,298.14,309.0,24.99,35.85,1318,41.79,225,0,0,0,0,0
82,M71759,M,298.99,310.28,25.84,37.13,1626,34.14,70,0,0,0,0,0
83,L24969,L,299.85,310.13,26.7,36.98,1606,34.65,94,0,0,0,0,0
84,L31682,L,303.78,313.2,30.63,40.05,1735,18.75,141,1,0,0,1,0
85,L46995,L,300.48,311.57,27.33,38.42,1529,36.98,22,0,0,0,0,0
86,L86796,L,298.32,309.45,25.17,36.3,1924,25.17,228,1,1,0,0,0
87,M10606,M,300.44,311.55,27.29,38.4,1582,23.0,112,0,0,0,0,0
88,M10673,M,299.3,309.34,26.15,36.19,1634,54.4,28,1,0,0,1,0
89,M71223,M,300.65,309.93,27.5,36.78,1297,46.66,80,0,0,0,0,0
90,L77656,L,301.16,311.35,28.01,38.2,1428,40.24,90,0,0,0,0,0
91,L27235,L,302.42,313.36,29.27,40.21,1626,32.27,83,0,0,0,0,0
92,M49937,M,299.95,310.98,26.8,37.83,1520,43.53,166,0,0,0,0,0
93,M77178,M,303.28,312.85,30.13,39.7,1568,27.25,83,0,0,0,0,0
94,L41398,L,301.82,312.13,28.67,38.98,1392,38.66,78,0,0,0,0,0
95,M38692,M,298.59,307.28,25.44,34.13,1556,29.2,77,0,0,0,0,0
96,L13625,L,304.42,315.4,31.27,42.25,1556,42.6,187,0,0,0,0,0
97,L23101,L,300.65,309.87,27.5,36.72,1328,36.52,74,0,0,0,0,0
98,L67360,L,298.33,309.12,25.18,35.97,1647,43.59,3,0,0,0,0,0
99,L81968,L,303.31,312.16,30.16,39.01,1237,45.51,88,0,0,0,0,0
100,L29786,L,304.16,315.19,31.01,42.04,1567,42.75,67,0,0,0,0,0
101,L36665,L,299.93,310.26,26.78,37.11,1844,34.27,218,0,0,0,0,0
102,M98047,M,298.99,308.21,25.84,35.06,1654,43.11,115,0,0,0,0,0
103,L75764,L,299.66,310.35,26.51,37.2,1653,27.18,56,0,0,0,0,0
104,L68499,L,301.43,310.84,28.28,37.69,1378,48.83,236,1,0,0,0,1
105,H10486,H,302.56,313.31,29.41,40.16,1845,16.16,59,1,0,0,1,0
106,L50958,L,301.14,310.87,27.99,37.72,1776,32.61,183,0,0,0,0,0
107,L47012,L,300.2,308.48,27.05,35.33,1387,36.93,156,0,0,0,0,0
108,M60414,M,303.0,312.01,29.85,38.86,1452,28.23,111,0,0,0,0,0
109,L40442,L,299.37,308.94,26.22,35.79,1755,25.51,97,0,0,0,0,0
110,L76846,L,302.06,313.43,28.91,40.28,1849,25.86,209,0,0,0,0,0
111,L44740,L,299.42,310.33,26.27,37.18,1314,42.04,114,0,0,0,0,0
112,L33939,L,300.86,312.49,27.71,39.34,1359,37.95,90,0,0,0,0,0
113,H34830,H,299.77,311.43,26.62,38.28,1510,38.59,85,0,0,0,0,0
114,M89119,M,299.89,309.35,26.74,36.2,1155,42.96,66,0,0,0,0,0
115,M94850,M,299.25,309.06,26.1,35.91,1538,33.43,98,0,0,0,0,0
116,M44919,M,302.69,312.28,29.54,39.13,1743,30.57,29,0,0,0,0,0
117,M53305,M,298.53,307.86,25.38,34.71,1283,46.11,16,0,0,0,0,0
118,L69703,L,298.52,306.68,25.37,33.53,1557,43.58,130,0,0,0,0,0
119,M77037,M,304.24,314.23,31.09,41.08,1433,46.81,109,0,0,0,0,0
120,L49759,L,301.96,310.67,28.81,37.52,1822,33.35,42,0,0,0,0,0
121,M29395,M,295.23,305.2,22.08,32.05,1435,43.36,26,0,0,0,0,0
122,M25217,M,298.87,310.99,25.72,37.84,1801,34.31,34,0,0,0,0,0
123,L52483,L,296.38,305.87,23.23,32.72,1430,37.54,76,0,0,0,0,0
124,L28264,L,298.1,308.29,24.95,35.14,1670,41.51,108,0,0,0,0,0
125,L44342,L,293.72,304.63,20.57,31.48,1579,28.97,46,0,0,0,0,0
126,L21497,L,299.73,310.01,26.58,36.86,1511,21.54,181,1,0,0,1,0
127,M33212,M,297.72,308.01,24.57,34.86,1397,32.69,46,0,0,0,0,0
128,M26702,M,300.12,309.76,26.97,36.61,1592,47.23,30,0,0,0,0,0
129,L10534,L,296.75,306.52,23.6,33.37,1458,36.94,239,1,1,0,0,0
130,L86076,L,300.17,309.21,27.02,36.06,1414,42.71,107,0,0,0,0,0
131,L75503,L,299.17,310.02,26.02,36.87,1793,29.77,41,0,0,0,0,0
132,L58374,L,303.0,311.26,29.85,38.11,1631,39.63,215,0,0,0,0,0
133,L73974,L,302.82,313.79,29.67,40.64,1648,35.34,55,0,0,0,0,0
134,L91411,L,301.57,310.17,28.42,37.02,1466,38.52,222,0,0,0,0,0
135,H63466,H,299.35,310.31,26.2,37.16,1502,43.05,29,0,0,0,0,0
136,L61747,L,303.97,313.62,30.82,40.47,1491,34.69,202,0,0,0,0,0
137,L16895,L,296.89,305.66,23.74,32.51,1594,38.92,44,0,0,0,0,0
138,M80255,M,297.19,307.77,24.04,34.62,1647,33.38,225,1,1,0,0,0
139,L70744,L,299.83,310.76,26.68,37.61,1530,36.6,138,0,0,0,0,0
140,H20055,H,304.51,314.07,31.36,40.92,1396,34.49,46,0,0,0,0,0
141,H17757,H,299.6,310.32,26.45,37.17,1668,32.62,203,0,0,0,0,0
142,L53828,L,299.63,307.35,26.48,34.2,1541,32.85,94,0,0,0,0,0
143,L61312,L,297.12,305.8,23.97,32.65,1283,53.7,176,0,0,0,0,0
144,L13778,L,301.89,313.18,28.74,40.03,1161,35.86,154,0,0,0,0,0
145,L25283,L,301.91,311.68,28.76,38.53,1587,43.21,171,0,0,0,0,0
146,L53756,L,301.58,309.72,28.43,36.57,1390,27.27,82,0,0,0,0,0
147,M47257,M,298.74,308.04,25.59,34.89,1610,39.88,225,1,1,0,0,0
148,L74887,L,298.59,307.66,25.44,34.51,1399,34.25,134,0,0,0,0,0
149,L33697,L,297.41,307.25,24.26,34.1,1558,41.3,19,0,0,0,0,0
150,L77493,L,300.17,309.8,27.02,36.65,1469,38.04,16,0,0,0,0,0
151,H48170,H,297.84,308.02,24.69,34.87,1842,19.65,177,0,0,0,0,0
152,L53933,L,297.65,307.58,24.5,34.43,1701,44.55,204,0,0,0,0,0
153,L80729,L,299.15,310.51,26.0,37.36,1771,38.57,167,0,0,0,0,0
154,L47159,L,299.02,309.45,25.87,36.3,1539,41.25,67,0,0,0,0,0
155,H31607,H,298.92,309.38,25.77,36.23,1679,29.0,54,0,0,0,0,0
156,L12750,L,300.93,312.1,27.78,38.95,1551,43.43,136,0,0,0,0,0
157,M17046,M,300.16,309.77,27.01,36.62,1792,21.7,47,0,0,0,0,0
158,M31130,M,299.42,308.16,26.27,35.01,1522,19.82,91,1,0,0,1,0
159,L52998,L,300.37,311.57,27.22,38.42,1290,31.9,151,0,0,0,0,0
160,M82831,M,298.02,308.15,24.87,35.0,1185,40.97,68,0,0,0,0,0
161,L53835,L,300.21,310.35,27.06,37.2,1827,25.32,90,0,0,0,0,0
162,M65189,M,300.3,309.67,27.15,36.52,1619,31.92,87,0,0,0,0,0
163,M56917,M,296.99,306.38,23.84,33.23,1630,32.02,111,0,0,0,0,0
164,L17507,L,301.99,312.84,28.84,39.69,1796,26.71,162,0,0,0,0,0
165,L82695,L,298.24,309.22,25.09,36.07,1246,29.06,188,0,0,0,0,0
166,M54731,M,300.18,310.96,27.03,37.81,1472,40.45,160,0,0,0,0,0
167,L57566,L,302.33,313.12,29.18,39.97,1494,36.24,6,0,0,0,0,0
168,L41217,L,301.85,312.42,28.7,39.27,1665,28.84,215,1,1,0,0,0
169,L66732,L,300.07,310.2,26.92,37.05,1414,51.71,139,0,0,0,0,0
170,L72366,L,299.28,309.1,26.13,35.95,1325,41.31,221,0,0,0,0,0
171,M79681,M,301.9,313.11,28.75,39.96,1323,43.77,231,1,1,0,0,0
172,L92765,L,301.35,310.98,28.2,37.83,1736,39.37,112,0,0,0,0,0
173,L72717,L,298.76,309.13,25.61,35.98,1405,28.86,220,0,0,0,0,0
174,L92440,L,298.41,307.61,25.26,34.46,1438,39.65,88,0,0,0,0,0
175,M65639,M,295.86,305.2,22.71,32.05,1646,41.15,62,0,0,0,0,0
176,L87028,L,300.31,310.07,27.16,36.92,1413,39.83,18,0,0,0,0,0
177,M10210,M,299.83,309.03,26.68,35.88,1237,35.91,108,0,0,0,0,0
178,L98604,L,302.27,313.07,29.12,39.92,1258,41.68,165,0,0,0,0,0
179,H48962,H,300.72,309.37,27.57,36.22,1525,39.08,234,0,0,0,0,0
180,L69700,L,302.67,312.77,29.52,39.62,1622,18.47,125,1,0,0,1,0
181,L35767,L,298.61,308.74,25.46,35.59,1500,27.39,176,0,0,0,0,0
182,L32975,L,302.28,310.47,29.13,37.32,1610,51.37,215,1,1,0,0,1
183,H71106,H,298.94,308.5,25.79,35.35,1253,49.61,130,0,0,0,0,0
184,M80970,M,301.56,311.81,28.41,38.66,1265,57.18,40,0,0,0,0,0
185,L86895,L,297.08,307.51,23.93,34.36,1929,36.63,204,0,0,0,0,0
186,M84104,M,300.47,310.27,27.32,37.12,1751,35.88,138,0,0,0,0,0
187,M27172,M,296.03,306.71,22.88,33.56,1670,31.85,182,0,0,0,0,0
188,L27635,L,299.47,309.36,26.32,36.21,1420,43.41,158,0,0,0,0,0
189,L57899,L,300.88,310.89,27.73,37.74,1493,49.97,15,0,0,0,0,0
190,L70155,L,298.96,309.21,25.81,36.06,1535,43.94,41,0,0,0,0,0
191,L50997,L,297.9,308.83,24.75,35.68,1765,33.8,69,0,0,0,0,0
192,M60357,M,301.69,311.02,28.54,37.87,1605,34.31,68,0,0,0,0,0
193,H33173,H,299.79,309.31,26.64,36.16,1627,39.2,201,0,0,0,0,0
194,M20052,M,299.02,308.35,25.87,35.2,1506,33.8,144,0,0,0,0,0
195,L35074,L,300.08,309.75,26.93,36.6,1674,38.22,20,0,0,0,0,0
196,L73255,L,305.27,316.7,32.12,43.55,1588,30.5,93,0,0,0,0,0
197,M11570,M,302.31,312.88,29.16,39.73,1543,34.31,134,0,0,0,0,0
198,M42540,M,302.33,311.19,29.18,38.04,1405,32.56,60,0,0,0,0,0
199,M96895,M,300.87,310.27,27.72,37.12,1515,34.3,10,1,0,0,0,0
200,M86749,M,300.33,310.71,27.18,37.56,1346,37.1,91,0,0,0,0,0
201,M91122,M,295.21,304.3,22.06,31.15,1528,51.03,111,0,0,0,0,0
202,L45779,L,298.64,307.92,25.49,34.77,1551,29.8,217,1,1,0,0,0
203,L84415,L,299.04,310.38,25.89,37.23,1114,54.5,218,1,1,0,0,1
204,M71159,M,296.25,305.64,23.1,32.49,1495,30.76,120,0,0,0,0,0
205,M57005,M,297.69,308.64,24.54,35.49,1329,43.48,113,0,0,0,0,0
206,L65337,L,296.04,307.29,22.89,34.14,1622,37.64,154,0,0,0,0,0
207,L92062,L,299.92,309.19,26.77,36.04,1647,19.99,62,1,0,0,1,0
208,M40378,M,301.64,310.75,28.49,37.6,1460,28.05,69,0,0,0,0,0
209,L10531,L,302.21,311.94,29.06,38.79,1631,27.49,1,0,0,0,0,0
210,L86608,L,300.83,309.74,27.68,36.59,1638,24.54,19,0,0,0,0,0
211,L57288,L,298.07,308.19,24.92,35.04,1495,39.0,43,0,0,0,0,0
212,M73889,M,296.14,305.93,22.99,32.78,1804,33.71,154,0,0,0,0,0
213,M70739,M,296.49,306.85,23.34,33.7,1408,32.19,51,0,0,0,0,0
214,L96043,L,297.46,308.86,24.31,35.71,1792,32.96,30,0,0,0,0,0
215,M31190,M,298.22,309.04,25.07,35.89,1496,34.92,148,0,0,0,0,0
216,L86045,L,299.68,310.17,26.53,37.02,1387,40.5,156,0,0,0,0,0
217,L95799,L,297.97,306.01,24.82,32.86,1473,33.86,14,0,0,0,0,0
218,M93707,M,300.68,311.12,27.53,37.97,1343,46.58,185,0,0,0,0,0
219,M11273,M,299.54,311.26,26.39,38.11,1672,47.34,145,0,0,0,0,0
220,M63541,M,300.02,307.01,26.87,33.86,1255,51.87,95,1,0,1,0,0
221,M98889,M,302.28,312.97,29.13,39.82,1778,43.37,236,0,0,0,0,0
222,L38593,L,297.64,307.48,24.49,34.33,1371,30.56,2,0,0,0,0,0
223,L59349,L,300.84,309.99,27.69,36.84,1681,28.67,131,0,0,0,0,0
224,L19404,L,299.97,310.77,26.82,37.62,1539,41.75,38,0,0,0,0,0
225,L51113,L,299.33,311.04,26.18,37.89,1582,48.27,79,0,0,0,0,0
226,L21890,L,301.77,312.55,28.62,39.4,1432,45.22,32,0,0,0,0,0
227,H79434,H,301.76,311.39,28.61,38.24,1597,27.67,160,0,0,0,0,0
228,L71096,L,298.11,307.16,24.96,34.01,1559,33.28,96,0,0,0,0,0
229,M20947,M,299.64,309.78,26.49,36.63,1280,47.43,237,1,1,0,0,0
230,M26603,M,300.56,311.44,27.41,38.29,1367,40.61,157,0,0,0,0,0
231,M59612,M,299.45,309.07,26.3,35.92,1440,33.39,220,1,1,0,0,0
232,L53617,L,301.17,310.88,28.02,37.73,1403,38.52,58,0,0,0,0,0
233,L65505,L,300.56,313.38,27.41,40.23,1754,32.55,77,0,0,0,0,0
234,L68519,L,303.67,314.74,30.52,41.59,1536,28.62,87,0,0,0,0,0
235,L87425,L,296.94,308.09,23.79,34.94,1399,48.84,201,0,0,0,0,0
236,M79769,M,299.76,308.29,26.61,35.14,1449,36.02,51,0,0,0,0,0
237,L22225,L,298.18,307.48,25.03,34.33,1447,39.02,227,1,1,0,0,0
238,L29370,L,301.21,311.28,28.06,38.13,1485,46.87,10,0,0,0,0,0
239,M84550,M,296.77,305.76,23.62,32.61,1347,41.54,214,0,0,0,0,0
240,L96748,L,300.69,312.29,27.54,39.14,1393,48.99,108,0,0,0,0,0
241,H74064,H,298.74,310.15,25.59,37.0,1669,26.09,126,0,0,0,0,0
242,H18378,H,298.53,308.0,25.38,34.85,1567,40.02,239,1,1,0,0,0
243,H84585,H,297.11,308.89,23.96,35.74,1508,44.7,209,0,0,0,0,0
244,L15495,L,299.07,309.07,25.92,35.92,1535,30.68,217,1,1,0,0,0
245,L12439,L,302.17,314.76,29.02,41.61,1527,36.09,141,0,0,0,0,0
246,H69638,H,299.95,310.09,26.8,36.94,1498,36.98,230,1,1,0,0,0
247,L77155,L,301.26,311.83,28.11,38.68,1625,36.93,165,0,0,0,0,0
248,H81189,H,303.33,314.73,30.18,41.58,1613,39.33,197,0,0,0,0,0
249,H60611,H,300.53,311.81,27.38,38.66,1260,38.19,173,0,0,0,0,0
250,M27711,M,298.88,309.39,25.73,36.24,1512,37.41,187,0,0,0,0,0
251,L93063,L,300.93,310.79,27.78,37.64,1271,57.79,153,0,0,0,0,0
252,L12135,L,298.91,309.43,25.76,36.28,1646,43.24,174,0,0,0,0,0
253,M32933,M,298.99,308.17,25.84,35.02,1669,40.67,105,0,0,0,0,0
254,L50918,L,296.96,307.11,23.81,33.96,1428,38.58,170,0,0,0,0,0
255,L62699,L,301.85,310.74,28.7,37.59,1515,54.86,66,0,0,0,0,0
256,L70345,L,299.23,307.45,26.08,34.3,1165,57.4,152,1,0,1,0,0
257,H22201,H,300.36,310.41,27.21,37.26,1705,33.9,126,0,0,0,0,0
258,M23860,M,297.93,309.19,24.78,36.04,1659,36.3,216,0,0,0,0,0
259,L75684,L,300.87,311.8,27.72,38.65,1736,29.33,162,0,0,0,0,0
260,L93451,L,298.48,308.39,25.33,35.24,1795,35.06,143,0,0,0,0,0
261,M64926,M,299.72,311.46,26.57,38.31,1321,48.12,75,0,0,0,0,0
262,H22770,H,301.76,311.19,28.61,38.04,1690,39.52,207,0,0,0,0,0
263,L43326,L,301.58,309.66,28.43,36.51,1794,30.49,13,0,0,0,0,0
264,L48158,L,299.96,307.77,26.81,34.62,1273,33.2,216,1,0,1,0,0
265,M78181,M,296.46,305.28,23.31,32.13,1505,40.0,157,0,0,0,0,0
266,M38032,M,305.99,316.8,32.84,43.65,1471,44.59,45,0,0,0,0,0
267,M95427,M,303.49,312.86,30.34,39.71,1685,26.18,217,0,0,0,0,0
268,M39145,M,301.45,311.91,28.3,38.76,1116,50.61,78,0,0,0,0,0
269,L61325,L,298.49,310.14,25.34,36.99,1853,41.66,40,0,0,0,0,0
270,L23243,L,299.77,308.67,26.62,35.52,1515,28.18,77,0,0,0,0,0
271,M79120,M,298.91,309.39,25.76,36.24,1695,31.53,231,0,0,0,0,0
272,M37644,M,302.53,313.07,29.38,39.92,1524,49.48,181,0,0,0,0,0
273,M53031,M,300.53,309.66,27.38,36.51,1621,36.61,220,0,0,0,0,0
274,H91665,H,298.43,309.79,25.28,36.64,1129,46.55,72,0,0,0,0,0
275,L19107,L,299.06,308.77,25.91,35.62,1468,38.98,20,0,0,0,0,0
276,L99525,L,302.24,311.86,29.09,38.71,1683,40.64,135,0,0,0,0,0
277,M70306,M,303.2,315.31,30.05,42.16,1586,34.51,116,0,0,0,0,0
278,M95016,M,303.06,313.58,29.91,40.43,1249,50.67,173,0,0,0,0,0
279,M44816,M,301.51,312.44,28.36,39.29,1546,38.95,130,0,0,0,0,0
280,M21870,M,299.49,310.85,26.34,37.7,1392,43.71,95,0,0,0,0,0
281,M25417,M,293.52,302.87,20.37,29.72,1377,46.92,1,0,0,0,0,0
282,L98643,L,300.59,311.84,27.44,38.69,1269,42.8,112,0,0,0,0,0
283,L18962,L,300.0,309.49,26.85,36.34,1643,27.31,29,0,0,0,0,0
284,L95493,L,300.28,309.74,27.13,36.59,1730,36.92,221,0,0,0,0,0
285,L45090,L,300.11,309.84,26.96,36.69,1906,29.0,221,0,0,0,0,0
286,L18211,L,297.35,306.73,24.2,33.58,1277,41.28,193,0,0,0,0,0
287,L49825,L,301.11,311.94,27.96,38.79,1669,38.53,38,0,0,0,0,0
288,L85244,L,301.26,311.53,28.11,38.38,1681,44.31,35,0,0,0,0,0
289,L37064,L,301.36,310.87,28.21,37.72,1433,38.73,135,0,0,0,0,0
290,L92909,L,301.89,312.57,28.74,39.42,1374,41.75,175,0,0,0,0,0
291,L18081,L,301.21,310.93,28.06,37.78,1345,33.15,217,1,1,0,0,0
292,L27783,L,299.18,308.85,26.03,35.7,1443,37.93,215,0,0,0,0,0
293,M96276,M,299.86,309.91,26.71,36.76,1570,38.25,37,0,0,0,0,0
294,L29321,L,300.18,310.65,27.03,37.5,1773,32.15,239,0,0,0,0,0
295,L21090,L,300.22,310.61,27.07,37.46,1728,30.25,38,0,0,0,0,0
296,L11683,L,302.0,311.63,28.85,38.48,1252,51.56,202,0,0,0,0,0
297,M46818,M,301.29,312.13,28.14,38.98,1397,41.48,141,0,0,0,0,0
298,L39034,L,304.15,313.93,31.0,40.78,1762,53.22,163,1,0,0,1,0
299,M58458,M,304.41,313.76,31.26,40.61,1407,42.38,145,0,0,0,0,0
300,L44444,L,300.16,308.69,27.01,35.54,1525,15.6,209,1,0,0,1,0
301,L32591,L,292.33,303.31,19.18,30.16,1237,37.44,153,0,0,0,0,0
302,L99043,L,302.47,312.49,29.32,39.34,1737,37.25,204,0,0,0,0,0
303,L17081,L,298.92,309.13,25.77,35.98,1200,42.59,37,0,0,0,0,0
304,M45201,M,298.4,309.44,25.25,36.29,1248,41.28,208,0,0,0,0,0
305,M30913,M,299.2,308.73,26.05,35.58,1719,23.42,238,0,0,0,0,0
306,H87045,H,299.11,307.73,25.96,34.58,1871,26.81,159,0,0,0,0,0
307,L37912,L,301.22,311.29,28.07,38.14,1484,40.16,234,1,1,0,0,0
308,L28860,L,296.88,307.19,23.73,34.04,1527,40.61,53,0,0,0,0,0
309,M78934,M,297.84,307.58,24.69,34.43,1694,25.66,199,0,0,0,0,0
310,L17287,L,300.69,312.16,27.54,39.01,1586,42.58,41,0,0,0,0,0
311,L95502,L,301.25,308.76,28.1,35.61,1470,29.45,124,0,0,0,0,0
312,L40211,L,301.28,312.4,28.13,39.25,1450,43.02,159,0,0,0,0,0
313,L15359,L,298.43,309.22,25.28,36.07,1261,48.14,158,0,0,0,0,0
314,H41041,H,298.04,308.5,24.89,35.35,1576,28.89,161,0,0,0,0,0
315,M98150,M,298.99,305.65,25.84,32.5,1519,29.3,77,0,0,0,0,0
316,M29780,M,300.48,311.76,27.33,38.61,1458,42.35,234,1,1,0,0,0
317,L71714,L,302.97,311.94,29.82,38.79,1360,37.66,2,0,0,0,0,0
318,L43054,L,295.91,305.4,22.76,32.25,1377,40.07,149,0,0,0,0,0
319,L96019,L,299.56,309.39,26.41,36.24,1643,40.37,208,0,0,0,0,0
320,L39574,L,297.33,307.74,24.18,34.59,1689,37.75,214,0,0,0,0,0
321,L67696,L,296.7,307.33,23.55,34.18,1478,31.44,173,0,0,0,0,0
322,M75889,M,301.93,312.83,28.78,39.68,1459,38.83,138,0,0,0,0,0
323,M70286,M,301.09,311.91,27.94,38.76,1386,33.87,110,0,0,0,0,0
324,L96066,L,300.9,311.15,27.75,38.0,1699,40.68,108,0,0,0,0,0
325,H88590,H,301.84,312.26,28.69,39.11,1540,49.49,102,0,0,0,0,0
326,M85769,M,299.04,307.95,25.89,34.8,1599,29.06,168,0,0,0,0,0
327,L23332,L,299.13,308.38,25.98,35.23,1598,35.61,175,0,0,0,0,0
328,M51557,M,304.37,315.27,31.22,42.12,1481,46.02,124,0,0,0,0,0
329,L71044,L,299.51,310.34,26.36,37.19,1331,43.24,178,0,0,0,0,0
330,L39538,L,301.47,312.19,28.32,39.04,1361,46.6,127,0,0,0,0,0
331,L90280,L,300.01,309.5,26.86,36.35,1732,33.49,23,0,0,0,0,0
332,M59945,M,296.3,307.21,23.15,34.06,1408,32.24,204,0,0,0,0,0
333,L13218,L,295.91,304.75,22.76,31.6,1463,40.11,209,0,0,0,0,0
334,L68771,L,298.84,309.92,25.69,36.77,1336,51.89,64,0,0,0,0,0
335,L45933,L,302.11,311.85,28.96,38.7,1322,45.85,189,0,0,0,0,0
336,L57529,L,301.58,313.26,28.43,40.11,1400,53.9,123,0,0,0,0,0
337,M28798,M,301.83,310.31,28.68,37.16,1830,17.13,30,1,0,0,1,0
338,M27811,M,298.03,309.79,24.88,36.64,1650,37.75,96,0,0,0,0,0
339,L56973,L,303.23,312.87,30.08,39.72,1443,34.53,18,0,0,0,0,0
340,L13029,L,298.07,307.69,24.92,34.54,1725,26.22,189,0,0,0,0,0
341,L37044,L,300.43,310.62,27.28,37.47,1508,48.66,47,0,0,0,0,0
342,L49066,L,299.98,309.28,26.83,36.13,1772,30.29,39,0,0,0,0,0
343,L47727,L,299.65,309.58,26.5,36.43,1922,27.0,50,0,0,0,0,0
344,L95205,L,302.68,311.94,29.53,38.79,1715,36.16,54,0,0,0,0,0
345,L37143,L,298.59,307.89,25.44,34.74,1552,19.71,162,1,0,0,1,0
346,M61979,M,297.3,307.79,24.15,34.64,1657,45.41,153,0,0,0,0,0
347,M56936,M,300.04,309.14,26.89,35.99,1538,52.5,31,0,0,0,0,0
348,L73040,L,299.2,308.43,26.05,35.28,1214,54.53,174,0,0,0,0,0
349,L29263,L,306.75,315.38,33.6,42.23,1420,43.63,84,0,0,0,0,0
350,M80524,M,301.35,310.85,28.2,37.7,1368,40.14,110,0,0,0,0,0
351,L69807,L,299.18,310.49,26.03,37.34,1417,31.85,30,0,0,0,0,0
352,M48189,M,297.89,307.04,24.74,33.89,1849,40.54,170,0,0,0,0,0
353,M91473,M,296.24,305.51,23.09,32.36,1731,40.42,90,0,0,0,0,0
354,L48435,L,297.95,308.14,24.8,34.99,1612,39.14,152,0,0,0,0,0
355,L53413,L,300.23,309.86,27.08,36.71,1677,36.83,103,0,0,0,0,0
356,M74623,M,302.85,315.08,29.7,41.93,1204,50.0,12,0,0,0,0,0
357,L52011,L,302.24,312.08,29.09,38.93,1662,30.26,169,0,0,0,0,0
358,L14212,L,300.46,310.79,27.31,37.64,1699,53.72,133,1,0,0,1,0
359,H62655,H,299.35,310.3,26.2,37.15,1143,47.84,104,0,0,0,0,0
360,L20915,L,300.54,311.46,27.39,38.31,1669,30.92,48,0,0,0,0,0
361,L39436,L,298.96,309.2,25.81,36.05,1286,53.53,150,0,0,0,0,0
362,M86770,M,303.44,313.28,30.29,40.13,1190,47.9,66,0,0,0,0,0
363,L45552,L,299.62,311.65,26.47,38.5,1767,32.27,103,0,0,0,0,0
364,L12854,L,299.83,309.73,26.68,36.58,1359,53.48,14,0,0,0,0,0
365,H61403,H,295.57,305.13,22.42,31.98,1410,46.07,186,0,0,0,0,0
366,L24585,L,299.61,308.96,26.46,35.81,1708,39.38,22,0,0,0,0,0
367,H66505,H,301.67,309.95,28.52,36.8,1482,27.33,214,0,0,0,0,0
368,H97087,H,297.86,308.69,24.71,35.54,1503,41.31,208,0,0,0,0,0
369,L13378,L,298.5,306.15,25.35,33.0,1500,30.16,233,0,0,0,0,0
370,L96320,L,301.59,311.58,28.44,38.43,1596,32.26,218,0,0,0,0,0
371,L90755,L,297.05,306.84,23.9,33.69,1495,39.72,233,0,0,0,0,0
372,L69291,L,302.12,314.36,28.97,41.21,1555,36.56,213,0,0,0,0,0
373,L15084,L,298.94,307.1,25.79,33.95,1447,44.83,27,0,0,0,0,0
374,M61318,M,299.22,308.32,26.07,35.17,1597,42.05,105,0,0,0,0,0
375,L41959,L,297.75,307.62,24.6,34.47,1590,42.8,18,0,0,0,0,0
376,L32038,L,300.76,310.56,27.61,37.41,1867,19.93,131,0,0,0,0,0
377,M60981,M,304.92,314.37,31.77,41.22,1468,57.92,127,0,0,0,0,0
378,L95530,L,301.56,311.48,28.41,38.33,1503,37.93,221,0,0,0,0,0
379,M87509,M,298.27,307.01,25.12,33.86,1577,46.04,233,0,0,0,0,0
380,L73765,L,302.27,312.63,29.12,39.48,1704,13.51,62,1,0,0,1,0
381,L75356,L,299.37,307.05,26.22,33.9,1344,40.51,140,1,0,1,0,0
382,M48974,M,302.75,312.72,29.6,39.57,1553,25.21,111,0,0,0,0,0
383,M68362,M,301.61,311.01,28.46,37.86,1100,45.2,131,0,0,0,0,0
384,M55280,M,294.11,305.13,20.96,31.98,1487,38.92,128,0,0,0,0,0
385,M99501,M,297.99,309.75,24.84,36.6,1723,30.58,219,1,1,0,0,0
386,M35685,M,301.89,311.56,28.74,38.41,1408,51.21,215,0,0,0,0,0
387,L90262,L,300.3,311.69,27.15,38.54,1566,50.74,29,0,0,0,0,0
388,L39113,L,297.95,307.64,24.8,34.49,1442,31.99,83,0,0,0,0,0
389,M20696,M,298.73,307.77,25.58,34.62,1385,37.48,181,0,0,0,0,0
390,M25769,M,296.19,307.93,23.04,34.78,1705,25.36,164,0,0,0,0,0
391,H54068,H,299.82,310.34,26.67,37.19,1352,51.62,151,0,0,0,0,0
392,L34739,L,304.42,314.43,31.27,41.28,1586,37.39,239,1,1,0,0,0
393,L45501,L,301.61,312.3,28.46,39.15,1589,36.32,81,0,0,0,0,0
394,M97689,M,304.38,314.66,31.23,41.51,1386,43.84,124,0,0,0,0,0
395,L82150,L,301.76,311.7,28.61,38.55,1562,34.19,235,1,1,0,0,0
396,H82068,H,302.05,310.73,28.9,37.58,1371,34.93,167,0,0,0,0,0
397,M24847,M,303.95,313.68,30.8,40.53,1626,35.64,156,0,0,0,0,0
398,L11738,L,300.75,311.38,27.6,38.23,1305,41.77,37,0,0,0,0,0
399,M70555,M,299.63,309.5,26.48,36.35,1476,41.61,59,0,0,0,0,0
400,M48931,M,302.07,312.97,28.92,39.82,1491,25.38,91,0,0,0,0,0
401,L81561,L,302.91,313.29,29.76,40.14,1730,34.61,112,0,0,0,0,0
402,H60841,H,299.04,308.16,25.89,35.01,1560,31.23,119,0,0,0,0,0
403,L44059,L,298.56,307.24,25.41,34.09,1702,34.87,217,0,0,0,0,0
404,M94073,M,300.28,310.12,27.13,36.97,1632,42.35,26,0,0,0,0,0
405,L66317,L,301.66,311.14,28.51,37.99,1631,30.68,60,0,0,0,0,0
406,M18664,M,301.6,311.93,28.45,38.78,1477,48.37,34,0,0,0,0,0
407,L74135,L,297.15,306.43,24.0,33.28,1714,19.51,176,0,0,0,0,0
408,L15395,L,303.82,313.21,30.67,40.06,1473,51.26,233,1,1,0,0,1
409,H33000,H,298.72,309.77,25.57,36.62,1232,56.4,215,0,0,0,0,0
410,L22846,L,299.47,309.62,26.32,36.47,1497,31.17,174,0,0,0,0,0
411,L44141,L,298.19,307.49,25.04,34.34,1614,28.47,5,0,0,0,0,0
412,H56795,H,305.4,315.41,32.25,42.26,1254,33.74,83,0,0,0,0,0
413,H80102,H,300.48,311.86,27.33,38.71,1380,48.89,207,0,0,0,0,0
414,L86880,L,298.3,308.59,25.15,35.44,1320,40.77,157,0,0,0,0,0
415,M78288,M,301.73,312.32,28.58,39.17,1673,31.02,50,0,0,0,0,0
416,L89140,L,301.54,310.79,28.39,37.64,1828,22.37,112,0,0,0,0,0
417,L86979,L,299.62,310.65,26.47,37.5,1498,52.74,21,0,0,0,0,0
418,L62198,L,301.68,314.0,28.53,40.85,1628,27.41,125,0,0,0,0,0
419,M29719,M,298.35,307.56,25.2,34.41,1623,35.49,216,1,1,0,0,0
420,M36016,M,299.01,307.83,25.86,34.68,1807,33.44,9,0,0,0,0,0
421,M84340,M,295.98,306.16,22.83,33.01,1421,37.14,147,0,0,0,0,0
422,M37769,M,297.35,308.23,24.2,35.08,1497,33.48,56,0,0,0,0,0
423,L88242,L,303.62,313.52,30.47,40.37,1475,35.88,238,1,1,0,0,0
424,L72616,L,303.28,312.23,30.13,39.08,1548,41.53,16,0,0,0,0,0
425,L80846,L,300.13,310.02,26.98,36.87,1973,26.26,148,0,0,0,0,0
426,L79468,L,303.33,313.92,30.18,40.77,1540,50.2,62,0,0,0,0,0
427,L28727,L,299.68,309.27,26.53,36.12,1385,35.14,212,0,0,0,0,0
428,M65101,M,299.51,310.12,26.36,36.97,1333,49.02,29,0,0,0,0,0
429,L43435,L,300.11,311.28,26.96,38.13,1754,18.61,103,1,0,0,1,0
430,L28274,L,299.75,309.99,26.6,36.84,1385,35.16,44,0,0,0,0,0
431,L66626,L,299.57,309.54,26.42,36.39,1651,28.17,192,0,0,0,0,0
432,M76800,M,302.29,313.12,29.14,39.97,1416,31.63,84,0,0,0,0,0
433,M74238,M,300.3,309.44,27.15,36.29,1313,45.89,45,0,0,0,0,0
434,L30717,L,301.42,310.47,28.27,37.32,1641,34.04,174,0,0,0,0,0
435,L49675,L,302.06,311.8,28.91,38.65,1425,21.99,196,1,0,0,1,0
436,M11376,M,300.78,310.28,27.63,37.13,1609,51.56,111,0,0,0,0,0
437,L58568,L,298.06,307.26,24.91,34.11,1622,36.72,91,0,0,0,0,0
438,M87739,M,297.29,309.12,24.14,35.97,1631,35.15,152,0,0,0,0,0
439,M80717,M,300.3,312.47,27.15,39.32,1488,48.98,156,0,0,0,0,0
440,L23137,L,299.66,309.3,26.51,36.15,1655,42.53,159,0,0,0,0,0
441,L57059,L,300.17,310.27,27.02,37.12,1374,39.33,66,0,0,0,0,0
442,H26477,H,299.97,309.78,26.82,36.63,1106,36.21,226,1,1,0,0,0
443,L28149,L,305.17,316.27,32.02,43.12,1659,39.06,51,0,0,0,0,0
444,L28067,L,297.34,308.65,24.19,35.5,1564,28.93,90,0,0,0,0,0
445,M32892,M,296.02,304.24,22.87,31.09,1428,50.03,68,0,0,0,0,0
446,H66987,H,300.66,311.14,27.51,37.99,1278,38.64,223,1,1,0,0,0
447,H67746,H,299.25,307.94,26.1,34.79,1179,45.0,199,0,0,0,0,0
448,M89489,M,300.63,312.39,27.48,39.24,1544,26.36,195,0,0,0,0,0
449,L33084,L,301.17,311.61,28.02,38.46,1824,21.32,1,0,0,0,0,0
450,L54122,L,302.57,311.74,29.42,38.59,1511,37.05,165,0,0,0,0,0
451,M83260,M,296.99,306.74,23.84,33.59,1472,37.31,55,0,0,0,0,0
452,L52301,L,298.89,308.6,25.74,35.45,1531,33.62,232,1,1,0,0,0
453,L54467,L,300.86,311.38,27.71,38.23,1916,46.32,127,1,0,0,1,0
454,H96444,H,301.54,312.58,28.39,39.43,1667,39.21,136,0,0,0,0,0
455,L74460,L,304.39,313.24,31.24,40.09,1372,41.85,86,0,0,0,0,0
456,L48667,L,301.91,313.75,28.76,40.6,1540,15.15,129,1,0,0,1,0
457,L16654,L,299.89,311.49,26.74,38.34,1593,42.57,180,0,0,0,0,0
458,L10823,L,298.22,307.34,25.07,34.19,1350,66.39,135,1,0,0,1,0
459,L40311,L,298.87,308.94,25.72,35.79,1668,32.85,154,0,0,0,0,0
460,L64548,L,298.81,310.53,25.66,37.38,1392,34.68,113,0,0,0,0,0
461,L35760,L,301.31,312.54,28.16,39.39,1271,46.4,172,0,0,0,0,0
462,M37479,M,300.51,310.18,27.36,37.03,1548,25.55,216,1,1,0,0,0
463,M63839,M,297.35,308.17,24.2,35.02,1521,41.38,12,0,0,0,0,0
464,L40806,L,299.13,312.13,25.98,38.98,1535,49.33,26,0,0,0,0,0
465,H17825,H,301.76,311.86,28.61,38.71,1401,35.52,165,0,0,0,0,0
466,L31513,L,300.7,310.07,27.55,36.92,1426,35.08,91,0,0,0,0,0
467,L59695,L,301.14,311.31,27.99,38.16,1732,32.43,68,0,0,0,0,0
468,M39004,M,300.77,311.01,27.62,37.86,1612,31.53,43,0,0,0,0,0
469,L80098,L,303.25,312.73,30.1,39.58,1368,29.8,137,0,0,0,0,0
470,H48732,H,300.47,310.91,27.32,37.76,1194,44.92,83,0,0,0,0,0
471,L99838,L,299.23,307.97,26.08,34.82,1375,36.97,122,0,0,0,0,0
472,H72731,H,298.17,307.5,25.02,34.35,1563,47.6,230,1,1,0,0,0
473,L35605,L,300.5,311.26,27.35,38.11,1424,49.47,182,0,0,0,0,0
474,M52553,M,295.12,303.36,21.97,30.21,1411,51.79,191,0,0,0,0,0
475,L43235,L,299.63,310.53,26.48,37.38,1432,46.43,30,0,0,0,0,0
476,H49891,H,299.59,307.58,26.44,34.43,1522,39.28,78,0,0,0,0,0
477,L70843,L,297.27,305.54,24.12,32.39,1672,27.27,25,0,0,0,0,0
478,L84679,L,298.14,307.64,24.99,34.49,1535,47.94,232,1,1,0,0,1
479,H98761,H,301.62,311.91,28.47,38.76,1546,39.85,164,0,0,0,0,0
480,L14296,L,300.46,311.79,27.31,38.64,1496,28.32,5,0,0,0,0,0
481,M65939,M,300.2,310.26,27.05,37.11,1448,32.27,114,0,0,0,0,0
482,M51236,M,300.61,310.37,27.46,37.22,1691,23.76,63,0,0,0,0,0
483,L25879,L,300.19,310.76,27.04,37.61,1665,18.0,130,1,0,0,1,0
484,M98631,M,302.49,311.61,29.34,38.46,1893,33.38,43,0,0,0,0,0
485,L49202,L,300.25,310.39,27.1,37.24,1642,24.99,14,0,0,0,0,0
486,H30116,H,297.08,305.88,23.93,32.73,1448,33.53,78,0,0,0,0,0
487,L30969,L,303.26,313.34,30.11,40.19,1377,41.93,71,0,0,0,0,0
488,L37673,L,300.74,310.61,27.59,37.46,1702,32.17,172,0,0,0,0,0
489,H90945,H,298.82,308.02,25.67,34.87,1392,35.44,114,0,0,0,0,0
490,M68751,M,297.49,307.66,24.34,34.51,1677,46.32,70,0,0,0,0,0
491,L49685,L,300.79,310.95,27.64,37.8,1402,28.65,137,0,0,0,0,0
492,M30100,M,299.77,310.94,26.62,37.79,1596,24.03,17,0,0,0,0,0
493,L85161,L,303.15,311.54,30.0,38.39,1350,46.12,159,1,0,1,0,0
494,L17066,L,299.31,309.23,26.16,36.08,1671,29.27,35,0,0,0,0,0
495,L42567,L,298.33,307.56,25.18,34.41,1319,38.11,67,0,0,0,0,0
496,L22918,L,301.79,312.66,28.64,39.51,1583,27.57,68,0,0,0,0,0
497,L16587,L,301.85,312.6,28.7,39.45,1500,40.89,112,0,0,0,0,0
498,L58148,L,300.34,310.85,27.19,37.7,1553,38.7,229,0,0,0,0,0
499,H12592,H,301.35,310.65,28.2,37.5,1466,40.04,78,0,0,0,0,0
500,H57207,H,299.92,310.81,26.77,37.66,1462,34.54,68,0,0,0,0,0
501,M76267,M,300.47,308.94,27.32,35.79,1562,30.67,41,0,0,0,0,0
502,L16139,L,302.33,310.59,29.18,37.44,1360,40.84,94,1,0,1,0,0
503,L28093,L,301.25,309.97,28.1,36.82,1359,49.91,44,0,0,0,0,0
504,M97094,M,299.66,309.63,26.51,36.48,1472,51.46,33,0,0,0,0,0
505,M18116,M,302.7,313.38,29.55,40.23,1465,47.99,206,0,0,0,0,0
506,L63059,L,295.27,302.29,22.12,29.14,1359,46.2,13,1,0,1,0,0
507,H42305,H,304.1,315.43,30.95,42.28,1697,41.63,171,0,0,0,0,0
508,M19363,M,296.59,306.72,23.44,33.57,1476,29.35,49,0,0,0,0,0
509,H26533,H,298.75,307.18,25.6,34.03,1495,32.61,3,0,0,0,0,0
510,M36872,M,299.92,310.02,26.77,36.87,1303,48.18,191,0,0,0,0,0
511,M68548,M,299.71,310.8,26.56,37.65,1898,29.25,169,0,0,0,0,0
512,L64237,L,302.01,312.61,28.86,39.46,1960,31.94,80,0,0,0,0,0
513,H43134,H,297.88,308.98,24.73,35.83,1398,48.81,19,0,0,0,0,0
514,M53426,M,300.52,309.16,27.37,36.01,1750,39.34,87,0,0,0,0,0
515,L69652,L,298.84,308.43,25.69,35.28,1519,28.99,44,0,0,0,0,0
516,L25363,L,300.59,309.67,27.44,36.52,1816,31.65,224,1,1,0,0,0
517,L61342,L,299.87,311.59,26.72,38.44,1594,28.58,127,0,0,0,0,0
518,M87564,M,300.19,310.83,27.04,37.68,1552,30.69,231,1,1,0,0,0
519,H66928,H,298.9,311.75,25.75,38.6,1100,38.4,84,0,0,0,0,0
520,L44761,L,298.98,308.51,25.83,35.36,1381,42.55,134,0,0,0,0,0
521,L17010,L,300.57,309.85,27.42,36.7,1539,22.96,46,0,0,0,0,0
522,L99828,L,301.89,311.74,28.74,38.59,1570,39.65,194,0,0,0,0,0
523,H46959,H,298.8,310.18,25.65,37.03,1322,54.19,10,0,0,0,0,0
524,M54495,M,298.26,307.9,25.11,34.75,1407,44.95,167,0,0,0,0,0
525,M84832,M,301.23,311.35,28.08,38.2,1632,35.53,94,0,0,0,0,0
526,L67328,L,299.93,310.03,26.78,36.88,1293,56.59,139,0,0,0,0,0
527,L18494,L,301.66,311.7,28.51,38.55,1558,39.39,142,0,0,0,0,0
528,L62825,L,298.19,307.54,25.04,34.39,1752,25.81,171,0,0,0,0,0
529,L30747,L,296.44,306.3,23.29,33.15,1602,36.76,49,0,0,0,0,0
530,M50357,M,298.93,308.75,25.78,35.6,1594,51.63,128,0,0,0,0,0
531,M68918,M,298.47,308.46,25.32,35.31,1181,39.75,102,0,0,0,0,0
532,H50920,H,299.84,310.79,26.69,37.64,1391,30.14,68,0,0,0,0,0
533,H80572,H,298.73,310.49,25.58,37.34,1894,35.16,119,0,0,0,0,0
534,L70538,L,301.48,310.64,28.33,37.49,1430,38.27,228,0,0,0,0,0
535,M40199,M,299.42,309.03,26.27,35.88,1756,28.37,228,0,0,0,0,0
536,H10496,H,300.3,309.48,27.15,36.33,1428,30.05,67,0,0,0,0,0
537,M34380,M,300.32,310.5,27.17,37.35,1486,22.95,212,0,0,0,0,0
538,L33940,L,300.39,309.85,27.24,36.7,1625,23.6,210,0,0,0,0,0
539,L88668,L,299.95,310.19,26.8,37.04,1553,49.82,60,0,0,0,0,0
540,L15804,L,301.02,312.12,27.87,38.97,1602,35.7,144,0,0,0,0,0
541,H92725,H,298.41,305.88,25.26,32.73,1392,25.47,209,0,0,0,0,0
542,M70172,M,302.8,313.29,29.65,40.14,1336,52.35,124,0,0,0,0,0
543,L67742,L,299.53,309.07,26.38,35.92,1380,51.4,89,0,0,0,0,0
544,M94306,M,297.38,307.84,24.23,34.69,1442,49.57,156,0,0,0,0,0
545,M80654,M,300.38,309.48,27.23,36.33,1495,34.95,41,0,0,0,0,0
546,L61493,L,298.3,309.49,25.15,36.34,1717,31.23,39,0,0,0,0,0
547,L48099,L,301.33,312.24,28.18,39.09,1550,38.06,200,0,0,0,0,0
548,M49251,M,304.42,314.99,31.27,41.84,1620,46.58,10,0,0,0,0,0
549,L32896,L,298.43,309.22,25.28,36.07,1560,32.29,193,0,0,0,0,0
550,M37737,M,300.66,309.92,27.51,36.77,1340,36.73,70,0,0,0,0,0
551,L80447,L,296.49,305.87,23.34,32.72,1538,42.82,116,0,0,0,0,0
552,M33120,M,300.91,311.66,27.76,38.51,1558,46.45,130,0,0,0,0,0
553,L96109,L,298.23,307.46,25.08,34.31,1668,33.93,184,0,0,0,0,0
554,L51219,L,298.75,310.2,25.6,37.05,1348,47.87,212,0,0,0,0,0
555,M63333,M,297.8,307.47,24.65,34.32,1178,49.54,193,0,0,0,0,0
556,L74363,L,301.46,311.97,28.31,38.82,1566,34.58,137,0,0,0,0,0
557,L23707,L,302.01,314.11,28.86,40.96,1597,29.24,84,0,0,0,0,0
558,L40738,L,300.05,309.34,26.9,36.19,1504,28.87,126,0,0,0,0,0
559,M23152,M,298.27,308.34,25.12,35.19,1540,32.29,7,0,0,0,0,0
560,M51663,M,303.18,314.23,30.03,41.08,1689,26.12,59,0,0,0,0,0
561,M30099,M,298.5,309.45,25.35,36.3,1455,41.65,88,0,0,0,0,0
562,L40081,L,295.68,305.35,22.53,32.2,1486,48.29,77,0,0,0,0,0
563,L17871,L,300.92,310.4,27.77,37.25,1549,38.62,23,0,0,0,0,0
564,L53643,L,297.79,307.56,24.64,34.41,1322,35.99,12,0,0,0,0,0
565,L90766,L,301.98,313.43,28.83,40.28,1508,44.83,101,0,0,0,0,0
566,L90130,L,299.24,308.96,26.09,35.81,1524,39.97,18,0,0,0,0,0
567,L21975,L,301.21,311.29,28.06,38.14,1821,35.41,69,0,0,0,0,0
568,L30360,L,302.8,312.38,29.65,39.23,1483,34.48,114,0,0,0,0,0
569,H78628,H,297.58,308.29,24.43,35.14,1570,45.56,50,0,0,0,0,0
570,L10695,L,298.87,309.02,25.72,35.87,1696,42.81,19,0,0,0,0,0
571,L37743,L,299.85,308.85,26.7,35.7,1388,39.79,104,0,0,0,0,0
572,M55947,M,303.08,312.11,29.93,38.96,1776,38.01,108,0,0,0,0,0
573,L67429,L,298.68,306.68,25.53,33.53,1844,39.89,220,0,0,0,0,0
574,M13178,M,298.81,307.98,25.66,34.83,1530,33.73,31,0,0,0,0,0
575,M41937,M,300.96,311.75,27.81,38.6,1441,39.12,148,0,0,0,0,0
576,H22733,H,298.85,310.17,25.7,37.02,1820,32.12,77,0,0,0,0,0
577,L43352,L,300.31,310.99,27.16,37.84,1674,25.44,30,0,0,0,0,0
578,H46326,H,296.9,307.45,23.75,34.3,1549,40.51,94,0,0,0,0,0
579,L47582,L,304.43,314.3,31.28,41.15,1785,40.28,103,0,0,0,0,0
580,L20191,L,297.3,308.08,24.15,34.93,1766,31.29,87,0,0,0,0,0
581,L68667,L,299.36,309.64,26.21,36.49,1476,41.53,184,0,0,0,0,0
582,H77723,H,299.94,311.74,26.79,38.59,1579,47.49,201,0,0,0,0,0
583,L24377,L,303.83,313.73,30.68,40.58,1636,31.78,36,0,0,0,0,0
584,L36739,L,297.35,308.69,24.2,35.54,1540,40.09,40,0,0,0,0,0
585,M97916,M,303.97,314.84,30.82,41.69,1292,39.8,101,0,0,0,0,0
586,L71082,L,301.51,312.25,28.36,39.1,1371,37.02,77,0,0,0,0,0
587,L14409,L,300.83,308.82,27.68,35.67,1297,46.9,197,1,0,1,0,0
588,L35458,L,298.03,308.96,24.88,35.81,1621,37.27,239,0,0,0,0,0
589,L38012,L,301.14,311.01,27.99,37.86,1328,47.59,43,0,0,0,0,0
590,L10823,L,298.55,308.11,25.4,34.96,1569,37.13,183,0,0,0,0,0
591,L60838,L,302.53,311.05,29.38,37.9,1856,34.6,146,0,0,0,0,0
592,M91178,M,298.06,308.05,24.91,34.9,1785,45.43,155,0,0,0,0,0
593,L65509,L,299.77,309.81,26.62,36.66,1213,55.7,63,0,0,0,0,0
594,L21511,L,298.89,307.59,25.74,34.44,1311,46.4,23,0,0,0,0,0
595,M84737,M,298.02,306.55,24.87,33.4,1399,44.99,130,0,0,0,0,0
596,L72132,L,301.48,311.97,28.33,38.82,1330,40.67,147,0,0,0,0,0
597,M53614,M,301.07,311.94,27.92,38.79,1246,44.73,231,0,0,0,0,0
598,L30439,L,302.42,312.61,29.27,39.46,1533,41.31,162,0,0,0,0,0
599,L11424,L,296.44,307.59,23.29,34.44,1658,35.25,106,0,0,0,0,0
600,L93111,L,302.13,312.04,28.98,38.89,1702,40.01,239,0,0,0,0,0
601,L30209,L,305.01,314.96,31.86,41.81,1452,49.6,90,0,0,0,0,0
602,L54525,L,299.1,308.18,25.95,35.03,1487,37.71,39,0,0,0,0,0
603,L48205,L,303.79,312.23,30.64,39.08,1597,19.8,148,1,0,0,1,0
604,L70943,L,299.47,311.33,26.32,38.18,1516,54.07,64,0,0,0,0,0
605,L54294,L,297.26,308.39,24.11,35.24,1677,28.95,221,0,0,0,0,0
606,L58432,L,299.39,308.0,26.24,34.85,1610,37.14,103,0,0,0,0,0
607,L76765,L,302.1,312.25,28.95,39.1,1469,44.82,36,0,0,0,0,0
608,L35058,L,298.32,308.22,25.17,35.07,1210,58.62,34,0,0,0,0,0
609,L65689,L,298.8,308.53,25.65,35.38,1797,46.33,156,0,0,0,0,0
610,M13520,M,301.19,310.78,28.04,37.63,1415,37.58,88,0,0,0,0,0
611,L47066,L,300.01,310.39,26.86,37.24,1598,45.38,87,0,0,0,0,0
612,M72467,M,301.17,311.99,28.02,38.84,1200,49.35,147,0,0,0,0,0
613,M99380,M,300.48,310.88,27.33,37.73,1533,59.32,53,1,0,0,1,0
614,L26274,L,300.96,310.84,27.81,37.69,1553,45.71,35,0,0,0,0,0
615,M76424,M,299.14,308.98,25.99,35.83,1561,35.28,158,0,0,0,0,0
616,H15418,H,300.46,311.4,27.31,38.25,2062,21.44,1,0,0,0,0,0
617,L51509,L,298.15,308.61,25.0,35.46,1425,19.21,218,1,1,0,1,0
618,L31846,L,302.58,312.65,29.43,39.5,1679,39.53,44,0,0,0,0,0
619,M99111,M,298.73,308.7,25.58,35.55,1627,43.29,107,0,0,0,0,0
620,M76539,M,302.26,312.6,29.11,39.45,1416,46.42,51,0,0,0,0,0
621,L77020,L,299.53,309.06,26.38,35.91,1676,15.36,52,1,0,0,1,0
622,L53968,L,300.4,311.23,27.25,38.08,1506,27.97,200,0,0,0,0,0
623,L26432,L,299.01,307.93,25.86,34.78,1688,37.79,140,0,0,0,0,0
624,L55943,L,297.97,307.56,24.82,34.41,1878,44.79,75,0,0,0,0,0
625,M47225,M,296.51,307.12,23.36,33.97,1561,36.25,60,0,0,0,0,0
626,L76918,L,297.89,306.76,24.74,33.61,1486,47.29,51,0,0,0,0,0
627,L86463,L,299.35,307.78,26.2,34.63,1719,25.06,133,0,0,0,0,0
628,M61084,M,300.42,310.49,27.27,37.34,1779,33.86,175,0,0,0,0,0
629,L58227,L,302.02,310.32,28.87,37.17,1380,39.31,61,0,0,0,0,0
630,L59838,L,299.11,307.81,25.96,34.66,1456,48.86,80,0,0,0,0,0
631,M45348,M,298.24,308.99,25.09,35.84,1653,30.34,173,0,0,0,0,0
632,M82567,M,297.11,306.91,23.96,33.76,1512,51.31,177,0,0,0,0,0
633,L16863,L,300.96,312.25,27.81,39.1,1368,39.42,50,0,0,0,0,0
634,L40841,L,302.77,311.56,29.62,38.41,1630,26.6,92,0,0,0,0,0
635,L55704,L,302.53,312.44,29.38,39.29,1653,26.38,209,0,0,0,0,0
636,L42195,L,301.42,311.82,28.27,38.67,1476,33.83,178,0,0,0,0,0
637,L47208,L,301.28,310.11,28.13,36.96,1546,40.03,39,0,0,0,0,0
638,L35929,L,303.4,314.43,30.25,41.28,1434,35.07,93,0,0,0,0,0
639,L14041,L,300.66,311.17,27.51,38.02,1343,36.09,234,0,0,0,0,0
640,L62830,L,301.29,309.68,28.14,36.53,1448,46.69,126,0,0,0,0,0
641,L70824,L,299.36,309.32,26.21,36.17,1548,11.32,173,1,0,0,1,0
642,L53291,L,297.28,307.66,24.13,34.51,1277,41.43,22,0,0,0,0,0
643,L63107,L,298.63,308.04,25.48,34.89,1461,28.55,200,0,0,0,0,0
644,L79484,L,299.98,308.5,26.83,35.35,1550,30.01,145,0,0,0,0,0
645,L31325,L,300.12,310.4,26.97,37.25,1744,34.8,42,0,0,0,0,0
646,M71700,M,303.85,316.06,30.7,42.91,1480,37.06,91,0,0,0,0,0
647,L87029,L,300.16,309.78,27.01,36.63,1317,41.14,20,0,0,0,0,0
648,M70453,M,302.36,313.93,29.21,40.78,1498,47.76,186,0,0,0,0,0
649,M50219,M,299.13,308.38,25.98,35.23,1436,39.79,179,0,0,0,0,0
650,L59609,L,299.38,309.59,26.23,36.44,1632,49.56,118,0,0,0,0,0
651,L25008,L,297.34,308.11,24.19,34.96,1476,44.52,108,0,0,0,0,0
652,L92735,L,298.52,308.51,25.37,35.36,1100,44.35,111,0,0,0,0,0
653,L85219,L,301.05,310.76,27.9,37.61,2181,41.74,9,1,0,0,1,0
654,M77775,M,300.02,310.74,26.87,37.59,1560,38.95,88,0,0,0,0,0
655,L84590,L,301.89,313.78,28.74,40.63,1551,51.92,31,0,0,0,0,0
656,L70921,L,300.36,310.66,27.21,37.51,1265,43.16,44,0,0,0,0,0
657,L81430,L,299.3,308.78,26.15,35.63,1279,46.99,231,1,1,0,0,0
658,L61802,L,304.3,314.11,31.15,40.96,1519,41.18,63,0,0,0,0,0
659,M67991,M,299.81,312.33,26.66,39.18,1594,34.6,116,0,0,0,0,0
660,L85149,L,302.33,312.46,29.18,39.31,1658,44.74,213,0,0,0,0,0
661,L59415,L,299.2,308.6,26.05,35.45,1577,51.8,99,0,0,0,0,0
662,H92178,H,301.42,310.27,28.27,37.12,1327,24.81,127,1,0,0,1,0
663,M99091,M,301.86,310.03,28.71,36.88,1100,58.61,41,1,0,1,0,0
664,L68814,L,300.42,310.78,27.27,37.63,1517,30.6,68,0,0,0,0,0
665,L53468,L,295.29,305.95,22.14,32.8,1442,19.0,121,1,0,0,1,0
666,L49043,L,300.04,309.64,26.89,36.49,1314,47.74,88,0,0,0,0,0
667,L41764,L,302.46,312.45,29.31,39.3,1680,38.26,9,0,0,0,0,0
668,L80485,L,301.05,309.88,27.9,36.73,1259,50.94,96,0,0,0,0,0
669,L32954,L,300.89,311.02,27.74,37.87,1643,37.84,196,0,0,0,0,0
670,L78178,L,296.56,307.04,23.41,33.89,1288,51.48,28,0,0,0,0,0
671,L84751,L,298.56,308.02,25.41,34.87,1558,31.94,4,0,0,0,0,0
672,M19686,M,300.82,312.51,27.67,39.36,1698,35.84,28,0,0,0,0,0
673,L71827,L,300.82,309.98,27.67,36.83,1476,44.41,165,0,0,0,0,0
674,L63106,L,302.43,312.71,29.28,39.56,1831,42.12,191,0,0,0,0,0
675,L19244,L,299.71,310.56,26.56,37.41,1871,30.98,12,0,0,0,0,0
676,H16494,H,300.81,310.73,27.66,37.58,1577,34.63,213,0,0,0,0,0
677,L24164,L,300.03,309.84,26.88,36.69,1630,34.71,151,0,0,0,0,0
678,L98777,L,298.03,306.6,24.88,33.45,1721,23.75,124,0,0,0,0,0
679,H65464,H,295.49,306.85,22.34,33.7,1630,41.3,61,0,0,0,0,0
680,M90173,M,300.86,310.69,27.71,37.54,1612,23.9,89,0,0,0,0,0
681,M12569,M,300.35,310.89,27.2,37.74,1443,42.83,227,1,1,0,0,0
682,L12787,L,298.76,309.44,25.61,36.29,1240,46.89,219,1,1,0,0,0
683,L16107,L,296.76,306.13,23.61,32.98,1292,31.95,150,0,0,0,0,0
684,M37007,M,301.26,311.06,28.11,37.91,1952,17.4,139,0,0,0,0,0
685,H62227,H,299.47,310.8,26.32,37.65,1591,29.17,51,0,0,0,0,0
686,L35273,L,301.11,310.0,27.96,36.85,1492,35.65,229,0,0,0,0,0
687,L91079,L,303.73,315.86,30.58,42.71,1756,44.47,181,0,0,0,0,0
688,L63886,L,295.72,304.97,22.57,31.82,1404,39.93,92,0,0,0,0,0
689,M62016,M,298.6,307.42,25.45,34.27,1637,39.37,196,0,0,0,0,0
690,L31611,L,299.58,309.71,26.43,36.56,1549,47.13,51,0,0,0,0,0
691,L84538,L,302.91,315.12,29.76,41.97,1616,44.05,51,0,0,0,0,0
692,L29501,L,296.73,304.82,23.58,31.67,1476,38.76,190,0,0,0,0,0
693,L66219,L,303.87,313.73,30.72,40.58,1366,36.29,134,0,0,0,0,0
694,L55188,L,300.27,310.75,27.12,37.6,1391,45.18,133,0,0,0,0,0
695,L65464,L,299.81,309.84,26.66,36.69,1398,35.5,138,0,0,0,0,0
696,M77025,M,299.6,309.99,26.45,36.84,1534,51.86,30,0,0,0,0,0
697,L55023,L,299.13,308.41,25.98,35.26,1263,52.32,84,0,0,0,0,0
698,L52814,L,302.1,311.5,28.95,38.35,1317,45.18,138,0,0,0,0,0
699,L11752,L,297.86,307.71,24.71,34.56,1559,40.86,59,0,0,0,0,0
700,L78139,L,300.69,309.56,27.54,36.41,1513,39.3,121,0,0,0,0,0
701,L74377,L,299.23,309.19,26.08,36.04,1568,33.59,134,0,0,0,0,0
702,L54967,L,298.48,308.09,25.33,34.94,1527,41.51,226,0,0,0,0,0
703,L89235,L,305.17,314.7,32.02,41.55,1976,27.06,59,0,0,0,0,0
704,L71763,L,300.84,311.16,27.69,38.01,1557,52.29,105,0,0,0,0,0
705,L60329,L,301.23,309.41,28.08,36.26,1469,33.47,236,0,0,0,0,0
706,H13968,H,302.28,312.05,29.13,38.9,1553,40.97,45,0,0,0,0,0
707,L33757,L,297.16,309.47,24.01,36.32,1713,27.18,187,0,0,0,0,0
708,M60485,M,303.5,312.42,30.35,39.27,1526,31.19,43,0,0,0,0,0
709,L21644,L,294.98,306.27,21.83,33.12,1655,20.33,204,0,0,0,0,0
710,M98143,M,298.46,308.52,25.31,35.37,1604,39.01,117,0,0,0,0,0
711,M60465,M,299.08,308.48,25.93,35.33,1484,34.34,233,0,0,0,0,0
712,L34068,L,301.16,309.84,28.01,36.69,1554,45.53,41,0,0,0,0,0
713,L66946,L,300.44,310.58,27.29,37.43,1815,34.88,165,0,0,0,0,0
714,L59137,L,299.67,311.12,26.52,37.97,1578,37.51,167,0,0,0,0,0
715,L19552,L,299.98,309.59,26.83,36.44,1362,30.77,173,0,0,0,0,0
716,H81896,H,298.04,307.96,24.89,34.81,1479,43.42,24,0,0,0,0,0
717,M58155,M,297.01,308.02,23.86,34.87,1165,43.88,69,0,0,0,0,0
718,H66464,H,301.45,311.79,28.3,38.64,1559,25.29,81,0,0,0,0,0
719,L88163,L,301.39,309.82,28.24,36.67,1765,35.91,78,0,0,0,0,0
720,M13629,M,303.17,313.27,30.02,40.12,1300,34.0,162,1,0,0,0,0
721,H15584,H,298.42,309.93,25.27,36.78,1561,19.97,13,1,0,0,1,0
722,L27581,L,301.39,311.35,28.24,38.2,1707,43.93,175,0,0,0,0,0
723,L20627,L,299.43,306.69,26.28,33.54,1726,28.71,126,0,0,0,0,0
724,M40090,M,302.38,312.77,29.23,39.62,1759,18.62,42,1,0,0,1,0
725,L27465,L,302.04,311.85,28.89,38.7,1208,39.73,54,0,0,0,0,0
726,M47107,M,300.42,308.59,27.27,35.44,1623,29.53,23,0,0,0,0,0
727,L15242,L,299.32,307.64,26.17,34.49,1272,54.21,110,1,0,1,0,0
728,M17021,M,301.92,312.9,28.77,39.75,1360,28.82,143,0,0,0,0,0
729,L52192,L,301.29,310.56,28.14,37.41,1679,23.42,139,0,0,0,0,0
730,L23166,L,298.63,307.72,25.48,34.57,1563,44.51,231,1,1,0,0,0
731,L98051,L,297.34,307.31,24.19,34.16,1662,30.87,71,0,0,0,0,0
732,M42154,M,299.42,308.78,26.27,35.63,1372,43.57,183,0,0,0,0,0
733,M76298,M,303.03,313.13,29.88,39.98,1793,28.03,174,0,0,0,0,0
734,L12517,L,302.29,312.09,29.14,38.94,1655,50.77,15,0,0,0,0,0
735,L93047,L,297.78,306.58,24.63,33.43,1691,23.57,223,1,1,0,0,0
736,M40849,M,297.66,307.15,24.51,34.0,1346,44.83,224,1,1,0,0,0
737,L46414,L,302.55,312.99,29.4,39.84,1740,44.95,95,0,0,0,0,0
738,M44408,M,297.73,307.77,24.58,34.62,1480,35.72,100,0,0,0,0,0
739,L21254,L,301.02,310.94,27.87,37.79,1428,34.09,197,0,0,0,0,0
740,L19125,L,298.77,310.71,25.62,37.56,1644,40.98,119,0,0,0,0,0
741,L17810,L,303.23,313.97,30.08,40.82,1637,43.03,192,0,0,0,0,0
742,L66163,L,298.46,309.31,25.31,36.16,1387,34.92,9,0,0,0,0,0
743,M27733,M,302.29,312.12,29.14,38.97,1895,41.94,60,0,0,0,0,0
744,L75812,L,300.37,310.59,27.22,37.44,1853,31.34,22,0,0,0,0,0
745,L66764,L,300.5,310.07,27.35,36.92,1641,38.99,109,0,0,0,0,0
746,M23181,M,296.06,306.84,22.91,33.69,1610,47.49,205,0,0,0,0,0
747,L47145,L,295.59,305.48,22.44,32.33,1593,42.12,137,0,0,0,0,0
748,L47238,L,299.56,309.78,26.41,36.63,1264,45.34,125,0,0,0,0,0
749,H70716,H,300.49,310.65,27.34,37.5,1555,31.48,88,0,0,0,0,0
750,M26398,M,297.75,307.73,24.6,34.58,1552,58.58,15,1,0,0,1,0
751,L52599,L,297.82,310.76,24.67,37.61,1434,33.64,184,0,0,0,0,0
752,H90725,H,301.12,310.46,27.97,37.31,1481,41.24,137,0,0,0,0,0
753,M96339,M,301.13,310.45,27.98,37.3,1118,55.32,223,1,1,0,0,1
754,L27452,L,299.72,310.42,26.57,37.27,1343,47.12,104,0,0,0,0,0
755,L79016,L,301.56,310.97,28.41,37.82,1696,50.8,96,1,0,0,1,0
756,M15745,M,297.65,307.36,24.5,34.21,1838,31.55,234,1,1,0,0,0
757,M66097,M,299.29,308.2,26.14,35.05,1370,41.06,34,0,0,0,0,0
758,L24978,L,303.3,313.79,30.15,40.64,1567,48.98,61,0,0,0,0,0
759,M28002,M,300.14,310.64,26.99,37.49,1727,32.09,117,0,0,0,0,0
760,M76870,M,300.25,309.94,27.1,36.79,1444,46.69,126,0,0,0,0,0
761,L37708,L,304.61,315.33,31.46,42.18,1653,36.21,132,0,0,0,0,0
762,L35860,L,297.2,305.34,24.05,32.19,1529,44.84,51,0,0,0,0,0
763,L87010,L,301.59,310.89,28.44,37.74,1743,38.67,222,1,1,0,0,0
764,M29655,M,303.33,313.16,30.18,40.01,1311,40.49,169,0,0,0,0,0
765,L53843,L,299.35,308.18,26.2,35.03,1342,27.95,62,0,0,0,0,0
766,L18692,L,301.72,309.97,28.57,36.82,1584,22.78,71,0,0,0,0,0
767,M17930,M,298.04,307.73,24.89,34.58,1552,22.2,211,0,0,0,0,0
768,M56455,M,298.63,309.32,25.48,36.17,1525,36.84,91,0,0,0,0,0
769,L91059,L,300.77,312.05,27.62,38.9,1636,16.21,134,1,0,0,1,0
770,M72135,M,301.6,311.05,28.45,37.9,1372,40.48,29,0,0,0,0,0
771,L24341,L,302.24,312.98,29.09,39.83,1295,45.3,60,0,0,0,0,0
772,M78406,M,303.14,313.78,29.99,40.63,1447,46.43,100,0,0,0,0,0
773,L80204,L,299.87,311.08,26.72,37.93,1467,43.09,157,0,0,0,0,0
774,L94124,L,302.39,312.04,29.24,38.89,1485,45.79,67,0,0,0,0,0
775,M38345,M,299.32,307.52,26.17,34.37,1757,35.92,228,1,1,0,0,0
776,L27005,L,301.8,311.87,28.65,38.72,1670,31.72,53,0,0,0,0,0
777,L72265,L,300.41,309.4,27.26,36.25,1628,34.34,187,0,0,0,0,0
778,M93123,M,300.89,310.17,27.74,37.02,1574,29.59,88,0,0,0,0,0
779,M50301,M,300.85,310.55,27.7,37.4,1459,41.09,200,0,0,0,0,0
780,M76577,M,296.79,306.45,23.64,33.3,1386,28.68,222,0,0,0,0,0
781,M16085,M,297.75,307.89,24.6,34.74,1325,51.75,45,0,0,0,0,0
782,L87805,L,300.21,310.91,27.06,37.76,1413,32.88,118,0,0,0,0,0
783,L15406,L,296.63,306.26,23.48,33.11,1527,38.74,37,0,0,0,0,0
784,L35600,L,301.66,312.06,28.51,38.91,1333,45.56,169,0,0,0,0,0
785,L10005,L,301.74,311.76,28.59,38.61,1565,45.92,200,0,0,0,0,0
786,H35636,H,300.65,311.59,27.5,38.44,1501,24.72,93,0,0,0,0,0
787,L60433,L,297.76,307.57,24.61,34.42,1465,36.49,95,0,0,0,0,0
788,L35834,L,302.76,312.68,29.61,39.53,1738,37.36,49,0,0,0,0,0
789,L70324,L,304.07,313.7,30.92,40.55,1104,65.89,74,0,0,0,0,0
790,H83135,H,300.29,310.13,27.14,36.98,1468,38.72,78,0,0,0,0,0
791,L40166,L,301.02,310.24,27.87,37.09,1123,46.25,37,0,0,0,0,0
792,L69691,L,300.4,309.52,27.25,36.37,1577,52.55,74,0,0,0,0,0
793,L88832,L,301.06,311.84,27.91,38.69,1668,40.76,218,0,0,0,0,0
794,M63530,M,299.76,308.68,26.61,35.53,1299,55.11,78,0,0,0,0,0
795,L73012,L,299.93,309.61,26.78,36.46,1321,33.7,66,0,0,0,0,0
796,M74343,M,301.81,312.83,28.66,39.68,1238,50.46,92,0,0,0,0,0
797,H61034,H,304.69,314.34,31.54,41.19,1546,28.39,230,1,1,0,0,0
798,L46471,L,297.2,308.03,24.05,34.88,1475,28.39,183,0,0,0,0,0
799,M74669,M,299.79,309.2,26.64,36.05,1486,43.21,48,0,0,0,0,0
800,H40272,H,297.64,306.59,24.49,33.44,1471,44.18,181,0,0,0,0,0
801,M60535,M,303.18,311.59,30.03,38.44,1365,38.13,184,1,0,1,0,0
802,L92911,L,298.82,310.14,25.67,36.99,1733,44.52,228,0,0,0,0,0
803,L60967,L,297.11,305.98,23.96,32.83,1583,33.25,214,0,0,0,0,0
804,M35610,M,301.28,312.02,28.13,38.87,1328,40.99,23,0,0,0,0,0
805,L38010,L,303.49,312.49,30.34,39.34,1412,40.28,109,0,0,0,0,0
806,M70389,M,301.33,312.64,28.18,39.49,1382,39.5,169,0,0,0,0,0
807,H58239,H,300.41,312.62,27.26,39.47,1781,42.39,234,1,1,0,0,0
808,H73537,H,300.82,309.13,27.67,35.98,1659,26.19,20,0,0,0,0,0
809,L27949,L,302.83,311.74,29.68,38.59,1513,31.84,88,0,0,0,0,0
810,L42273,L,298.25,309.02,25.1,35.87,1834,21.71,118,0,0,0,0,0
811,H35198,H,299.78,310.29,26.63,37.14,1789,47.09,99,0,0,0,0,0
812,M53680,M,299.09,309.87,25.94,36.72,1495,35.74,109,0,0,0,0,0
813,L68217,L,297.66,307.09,24.51,33.94,1463,33.01,89,0,0,0,0,0
814,H34330,H,299.34,311.33,26.19,38.18,1472,36.64,233,0,0,0,0,0
815,M36452,M,302.22,312.33,29.07,39.18,1368,48.67,193,0,0,0,0,0
816,L84737,L,301.13,309.92,27.98,36.77,1838,36.48,177,0,0,0,0,0
817,L23495,L,301.29,311.04,28.14,37.89,1359,37.56,99,0,0,0,0,0
818,L35139,L,300.29,309.09,27.14,35.94,1687,30.77,212,0,0,0,0,0
819,L57366,L,301.05,312.64,27.9,39.49,1656,22.96,22,0,0,0,0,0
820,L16254,L,298.4,307.74,25.25,34.59,1482,39.78,34,0,0,0,0,0
821,M14432,M,299.38,309.87,26.23,36.72,1852,41.2,229,1,1,0,0,0
822,L56754,L,300.38,309.91,27.23,36.76,1262,40.74,136,0,0,0,0,0
823,L28319,L,300.56,309.94,27.41,36.79,1521,42.75,38,0,0,0,0,0
824,L14402,L,300.64,308.73,27.49,35.58,1449,34.87,228,0,0,0,0,0
825,L90564,L,299.72,310.32,26.57,37.17,1703,24.88,234,0,0,0,0,0
826,H36955,H,299.25,310.54,26.1,37.39,1597,41.32,212,0,0,0,0,0
827,L81987,L,306.32,315.4,33.17,42.25,1233,65.26,57,0,0,0,0,0
828,L93797,L,301.81,310.27,28.66,37.12,1752,37.05,67,0,0,0,0,0
829,M97264,M,300.83,311.63,27.68,38.48,1620,32.06,98,0,0,0,0,0
830,L79830,L,299.53,307.89,26.38,34.74,1354,39.53,139,1,0,1,0,0
831,L54023,L,299.1,310.32,25.95,37.17,1474,54.15,238,1,1,0,0,1
832,L59572,L,299.74,308.83,26.59,35.68,1308,46.28,229,0,0,0,0,0
833,L90534,L,300.59,309.48,27.44,36.33,1505,31.94,221,1,1,0,0,0
834,L52624,L,296.24,306.49,23.09,33.34,1561,36.2,21,0,0,0,0,0
835,L12807,L,296.86,305.82,23.71,32.67,1476,40.53,182,0,0,0,0,0
836,L36891,L,298.73,308.02,25.58,34.87,1456,43.1,210,0,0,0,0,0
837,H12810,H,300.41,310.77,27.26,37.62,1253,57.83,80,0,0,0,0,0
838,L74953,L,299.52,307.09,26.37,33.94,1594,46.15,53,0,0,0,0,0
839,L97322,L,302.96,314.6,29.81,41.45,1198,49.4,180,0,0,0,0,0
840,M35551,M,297.04,307.08,23.89,33.93,1540,36.86,22,0,0,0,0,0
841,L50782,L,298.5,307.2,25.35,34.05,1220,50.13,226,1,1,0,0,1
842,M98880,M,303.04,312.02,29.89,38.87,1544,32.25,37,0,0,0,0,0
843,L56014,L,300.26,311.25,27.11,38.1,1534,45.19,110,0,0,0,0,0
844,H16706,H,301.77,312.37,28.62,39.22,1606,34.06,236,0,0,0,0,0
845,L71752,L,304.1,315.49,30.95,42.34,1686,37.91,237,0,0,0,0,0
846,L79483,L,298.61,307.93,25.46,34.78,1718,47.05,186,0,0,0,0,0
847,L90945,L,299.8,310.1,26.65,36.95,1253,50.14,201,0,0,0,0,0
848,H65072,H,299.46,309.88,26.31,36.73,1525,39.42,232,1,1,0,0,0
849,L67549,L,296.09,306.79,22.94,33.64,1887,26.23,223,0,0,0,0,0
850,L92457,L,299.38,310.51,26.23,37.36,1556,36.2,149,0,0,0,0,0
851,L51419,L,301.76,311.04,28.61,37.89,1390,32.15,176,0,0,0,0,0
852,M63880,M,301.08,310.97,27.93,37.82,1521,41.93,143,0,0,0,0,0
853,L55156,L,301.24,310.63,28.09,37.48,1468,21.96,122,1,0,0,1,0
854,M26164,M,299.25,309.2,26.1,36.05,1329,50.86,211,0,0,0,0,0
855,L28152,L,298.69,309.39,25.54,36.24,1687,39.81,177,0,0,0,0,0
856,L51039,L,302.54,310.88,29.39,37.73,1637,35.78,206,0,0,0,0,0
857,L25846,L,299.01,310.11,25.86,36.96,1301,39.76,23,0,0,0,0,0
858,L33819,L,300.59,309.45,27.44,36.3,1519,37.6,138,0,0,0,0,0
859,L29502,L,300.33,310.02,27.18,36.87,1436,25.71,79,0,0,0,0,0
860,L26156,L,302.92,314.17,29.77,41.02,1255,52.25,123,0,0,0,0,0
861,M79381,M,301.94,312.27,28.79,39.12,1287,43.19,147,0,0,0,0,0
862,L38533,L,297.41,307.75,24.26,34.6,1313,55.74,203,1,0,0,0,1
863,L54000,L,297.62,306.44,24.47,33.29,1525,40.71,8,0,0,0,0,0
864,L82847,L,301.16,310.11,28.01,36.96,1455,41.23,39,0,0,0,0,0
865,L28317,L,299.87,310.81,26.72,37.66,1367,45.12,221,0,0,0,0,0
866,L15822,L,299.09,308.5,25.94,35.35,1466,31.27,232,1,1,0,0,0
867,L51467,L,302.03,311.54,28.88,38.39,1666,30.79,13,0,0,0,0,0
868,L97981,L,300.37,311.34,27.22,38.19,1597,36.93,80,0,0,0,0,0
869,M13666,M,300.1,309.06,26.95,35.91,1710,31.08,2,0,0,0,0,0
870,H81022,H,301.56,311.83,28.41,38.68,1495,33.71,182,0,0,0,0,0
871,L32262,L,299.25,309.29,26.1,36.14,1815,29.3,164,0,0,0,0,0
872,L74373,L,303.14,313.13,29.99,39.98,1596,36.25,136,0,0,0,0,0
873,M65332,M,298.42,307.91,25.27,34.76,1449,58.08,166,0,0,0,0,0
874,L43538,L,301.31,310.73,28.16,37.58,1551,34.33,129,0,0,0,0,0
875,L17659,L,302.87,311.79,29.72,38.64,1317,38.1,57,0,0,0,0,0
876,L92363,L,297.25,307.73,24.1,34.58,1481,37.45,181,0,0,0,0,0
877,M66417,M,299.31,308.65,26.16,35.5,1610,47.59,188,0,0,0,0,0
878,M52091,M,302.28,313.25,29.13,40.1,1642,47.48,205,0,0,0,0,0
879,L58420,L,302.31,312.09,29.16,38.94,1463,54.75,229,1,1,0,0,1
880,L36234,L,299.66,308.6,26.51,35.45,2013,28.94,179,0,0,0,0,0
881,L16816,L,298.53,308.29,25.38,35.14,1505,43.21,13,0,0,0,0,0
882,M59902,M,301.91,311.5,28.76,38.35,1241,37.76,5,0,0,0,0,0
883,L13884,L,302.37,313.38,29.22,40.23,1747,29.96,178,0,0,0,0,0
884,L93519,L,297.67,307.3,24.52,34.15,1641,25.99,13,0,0,0,0,0
885,M15179,M,297.59,307.32,24.44,34.17,1576,40.15,76,0,0,0,0,0
886,L35234,L,300.45,311.86,27.3,38.71,1454,39.72,33,0,0,0,0,0
887,M40505,M,301.26,311.77,28.11,38.62,1604,37.53,233,0,0,0,0,0
888,L96030,L,299.4,311.06,26.25,37.91,1818,24.74,76,0,0,0,0,0
889,L76866,L,301.36,312.62,28.21,39.47,1570,43.29,13,0,0,0,0,0
890,L58465,L,298.58,307.69,25.43,34.54,1278,25.59,228,1,1,0,1,0
891,M21132,M,295.77,306.76,22.62,33.61,1100,50.07,146,0,0,0,0,0
892,M55263,M,299.15,310.68,26.0,37.53,1602,34.91,9,0,0,0,0,0
893,M50251,M,300.13,311.66,26.98,38.51,1362,25.88,200,0,0,0,0,0
894,L93046,L,299.45,310.44,26.3,37.29,1518,40.83,37,0,0,0,0,0
895,M94637,M,297.68,308.65,24.53,35.5,1393,39.73,193,0,0,0,0,0
896,L86333,L,296.37,306.07,23.22,32.92,1381,45.98,145,0,0,0,0,0
897,L87060,L,298.97,308.13,25.82,34.98,1401,56.89,43,0,0,0,0,0
898,M15185,M,301.8,311.44,28.65,38.29,1417,43.03,181,0,0,0,0,0
899,L89742,L,302.51,310.85,29.36,37.7,1671,42.07,109,0,0,0,0,0
900,L71842,L,302.38,313.72,29.23,40.57,1635,46.08,153,0,0,0,0,0
901,L33152,L,298.37,308.08,25.22,34.93,1324,47.22,209,0,0,0,0,0
902,L83902,L,297.69,308.98,24.54,35.83,1347,35.59,62,0,0,0,0,0
903,L60838,L,300.99,309.76,27.84,36.61,1601,22.66,88,0,0,0,0,0
904,L37813,L,301.27,312.35,28.12,39.2,1719,36.32,239,0,0,0,0,0
905,L11295,L,300.8,310.31,27.65,37.16,1716,30.18,122,0,0,0,0,0
906,M57117,M,295.97,304.69,22.82,31.54,1359,52.41,134,0,0,0,0,0
907,M71379,M,298.27,309.89,25.12,36.74,1708,29.74,69,0,0,0,0,0
908,L27657,L,299.94,311.05,26.79,37.9,1224,46.69,100,0,0,0,0,0
909,L12309,L,300.97,311.19,27.82,38.04,1499,28.94,120,0,0,0,0,0
910,L97876,L,301.53,311.57,28.38,38.42,1620,32.61,62,0,0,0,0,0
911,L21042,L,300.29,310.73,27.14,37.58,1171,41.38,57,0,0,0,0,0
912,L41385,L,300.66,310.86,27.51,37.71,1901,23.32,144,0,0,0,0,0
913,M36544,M,300.17,309.38,27.02,36.23,1767,32.0,44,0,0,0,0,0
914,L88020,L,301.37,310.96,28.22,37.81,1648,29.91,133,0,0,0,0,0
915,L58792,L,300.63,312.59,27.48,39.44,1366,62.97,169,1,0,0,1,0
916,L33633,L,300.13,312.8,26.98,39.65,1523,44.31,48,0,0,0,0,0
917,L52853,L,299.46,311.03,26.31,37.88,1673,42.92,179,0,0,0,0,0
918,H31661,H,300.16,310.64,27.01,37.49,1339,41.92,86,0,0,0,0,0
919,M77359,M,300.97,310.63,27.82,37.48,1503,38.96,238,0,0,0,0,0
920,L34674,L,300.53,309.74,27.38,36.59,1694,30.38,235,1,1,0,0,0
921,M30051,M,300.76,310.03,27.61,36.88,1273,65.99,192,1,0,0,0,1
922,L65070,L,302.69,312.13,29.54,38.98,1593,35.09,82,0,0,0,0,0
923,M88803,M,300.53,312.68,27.38,39.53,1228,41.83,225,0,0,0,0,0
924,M37738,M,298.7,310.51,25.55,37.36,1370,35.79,240,1,1,0,0,0
925,L31425,L,301.77,312.51,28.62,39.36,1447,42.29,111,0,0,0,0,0
926,L56652,L,297.27,306.31,24.12,33.16,1625,46.63,148,0,0,0,0,0
927,L27038,L,297.84,308.73,24.69,35.58,1412,49.26,1,0,0,0,0,0
928,L82957,L,300.67,310.43,27.52,37.28,1557,30.75,10,0,0,0,0,0
929,M65435,M,301.03,308.88,27.88,35.73,1415,34.25,120,0,0,0,0,0
930,L79642,L,297.51,307.8,24.36,34.65,1442,49.7,146,0,0,0,0,0
931,L41593,L,299.23,308.39,26.08,35.24,1754,49.48,75,1,0,0,1,0
932,M59730,M,298.79,307.98,25.64,34.83,1334,41.8,24,0,0,0,0,0
933,H33264,H,299.03,308.78,25.88,35.63,1668,44.01,188,0,0,0,0,0
934,L73512,L,301.89,311.39,28.74,38.24,1535,25.6,101,0,0,0,0,0
935,L21216,L,301.41,311.38,28.26,38.23,1434,33.2,156,0,0,0,0,0
936,L25024,L,299.96,309.88,26.81,36.73,1322,35.27,156,0,0,0,0,0
937,L34085,L,298.91,307.03,25.76,33.88,1334,46.23,131,1,0,1,0,0
938,H47058,H,297.3,308.82,24.15,35.67,1406,39.33,43,0,0,0,0,0
939,L41127,L,302.84,311.86,29.69,38.71,1509,39.88,148,0,0,0,0,0
940,L18915,L,301.18,310.23,28.03,37.08,1641,44.68,77,0,0,0,0,0
941,L10654,L,298.59,308.26,25.44,35.11,1482,33.42,197,0,0,0,0,0
942,L62012,L,301.44,311.33,28.29,38.18,1494,39.1,46,0,0,0,0,0
943,M35393,M,299.86,311.32,26.71,38.17,1520,26.98,70,0,0,0,0,0
944,M12416,M,299.43,309.7,26.28,36.55,1618,44.71,106,0,0,0,0,0
945,L10125,L,300.87,311.44,27.72,38.29,1648,43.54,178,0,0,0,0,0
946,L15709,L,298.52,308.79,25.37,35.64,1292,47.23,173,0,0,0,0,0
947,L25803,L,299.31,309.54,26.16,36.39,1486,39.53,81,0,0,0,0,0
948,H71575,H,300.24,310.55,27.09,37.4,1750,28.67,123,0,0,0,0,0
949,M67224,M,299.0,307.07,25.85,33.92,1305,32.75,56,1,0,1,0,0
950,L65672,L,301.34,311.09,28.19,37.94,1548,39.46,185,0,0,0,0,0
951,M98521,M,303.74,314.9,30.59,41.75,1505,44.12,47,0,0,0,0,0
952,M36213,M,298.49,312.43,25.34,39.28,1436,56.06,197,0,0,0,0,0
953,L99767,L,296.67,305.47,23.52,32.32,1813,28.45,225,0,0,0,0,0
954,H31714,H,296.0,306.42,22.85,33.27,1541,39.33,238,0,0,0,0,0
955,L49884,L,299.7,309.13,26.55,35.98,1799,40.76,206,0,0,0,0,0
956,L23528,L,298.67,310.72,25.52,37.57,1536,46.46,53,0,0,0,0,0
957,L74381,L,300.42,309.06,27.27,35.91,1616,30.49,100,0,0,0,0,0
958,L17561,L,300.27,310.89,27.12,37.74,1434,37.72,21,0,0,0,0,0
959,L17044,L,296.79,305.39,23.64,32.24,1436,35.7,39,0,0,0,0,0
960,M67165,M,296.37,306.05,23.22,32.9,1607,28.45,12,0,0,0,0,0
961,L24747,L,300.59,310.56,27.44,37.41,1610,47.36,154,0,0,0,0,0
962,M21336,M,300.27,311.34,27.12,38.19,1640,35.45,128,0,0,0,0,0
963,L46329,L,299.15,308.07,26.0,34.92,1601,35.2,220,1,1,0,0,0
964,L39255,L,296.69,307.35,23.54,34.2,1301,46.02,111,0,0,0,0,0
965,L94108,L,300.94,310.96,27.79,37.81,1394,41.54,154,0,0,0,0,0
966,L31062,L,302.54,312.82,29.39,39.67,1684,32.26,96,0,0,0,0,0
967,M66825,M,300.56,311.51,27.41,38.36,1192,41.96,199,0,0,0,0,0
968,L25555,L,298.31,307.02,25.16,33.87,1586,48.64,222,0,0,0,0,0
969,L61092,L,300.09,310.9,26.94,37.75,1515,33.25,104,0,0,0,0,0
970,L77216,L,297.27,306.7,24.12,33.55,1684,26.59,20,0,0,0,0,0
971,M95556,M,302.12,313.21,28.97,40.06,1608,34.99,39,0,0,0,0,0
972,H62225,H,300.16,310.5,27.01,37.35,1419,57.64,173,0,0,0,0,0
973,M72369,M,296.46,306.25,23.31,33.1,1411,34.04,78,0,0,0,0,0
974,L99066,L,299.4,308.81,26.25,35.66,1444,45.37,188,0,0,0,0,0
975,L56983,L,300.93,311.75,27.78,38.6,1637,33.04,180,0,0,0,0,0
976,L40444,L,299.33,310.59,26.18,37.44,1132,52.57,167,0,0,0,0,0
977,L80910,L,299.45,308.92,26.3,35.77,1563,44.05,195,0,0,0,0,0
978,L32472,L,297.55,306.42,24.4,33.27,1380,27.75,182,0,0,0,0,0
979,L67137,L,301.13,311.83,27.98,38.68,1568,29.36,152,0,0,0,0,0
980,L47504,L,298.7,307.25,25.55,34.1,1595,43.18,1,0,0,0,0,0
981,L32132,L,295.69,304.38,22.54,31.23,1244,46.83,124,0,0,0,0,0
982,M86381,M,299.26,308.19,26.11,35.04,1495,40.01,143,0,0,0,0,0
983,L37436,L,301.96,311.55,28.81,38.4,1562,42.37,231,0,0,0,0,0
984,L88909,L,299.23,307.89,26.08,34.74,1550,29.84,156,0,0,0,0,0
985,M35923,M,303.48,311.54,30.33,38.39,1514,46.29,138,0,0,0,0,0
986,L10375,L,300.86,309.72,27.71,36.57,1321,49.92,130,0,0,0,0,0
987,M22401,M,300.68,311.32,27.53,38.17,1348,44.41,25,0,0,0,0,0
988,L72541,L,299.74,308.47,26.59,35.32,1294,48.03,103,0,0,0,0,0
989,L27328,L,299.86,309.52,26.71,36.37,1632,44.43,32,0,0,0,0,0
990,M93985,M,299.47,311.42,26.32,38.27,1515,33.07,13,0,0,0,0,0
991,M40858,M,299.4,309.35,26.25,36.2,1526,42.84,79,0,0,0,0,0
992,M37596,M,301.06,311.4,27.91,38.25,1237,60.29,155,0,0,0,0,0
993,L58270,L,298.13,307.18,24.98,34.03,1529,42.59,208,0,0,0,0,0
994,L80858,L,297.85,310.01,24.7,36.86,1646,33.03,194,0,0,0,0,0
995,L81562,L,297.75,307.21,24.6,34.06,1213,65.79,71,0,0,0,0,0
996,L56840,L,304.09,313.86,30.94,40.71,1441,41.6,11,0,0,0,0,0
997,H20714,H,301.06,312.38,27.91,39.23,1260,56.65,97,0,0,0,0,0
998,L26822,L,300.61,310.43,27.46,37.28,1461,35.83,76,0,0,0,0,0
999,H72906,H,297.88,307.93,24.73,34.78,1377,50.14,89,0,0,0,0,0
1000,L84563,L,301.25,310.96,28.1,37.81,1602,31.4,134,0,0,0,0,0
1001,L77768,L,299.77,309.49,26.62,36.34,1565,39.21,7,0,0,0,0,0
1002,L42654,L,300.43,310.8,27.28,37.65,1761,27.68,89,0,0,0,0,0
1003,M33372,M,298.05,308.6,24.9,35.45,1526,52.77,134,0,0,0,0,0
1004,M19045,M,300.32,309.68,27.17,36.53,1594,34.17,103,0,0,0,0,0
1005,M84607,M,299.15,308.39,26.0,35.24,1437,31.0,160,0,0,0,0,0
1006,M55671,M,298.47,307.86,25.32,34.71,1342,43.46,45,0,0,0,0,0
1007,M32612,M,301.47,310.07,28.32,36.92,1681,38.38,37,0,0,0,0,0
1008,M88009,M,296.92,305.33,23.77,32.18,1753,32.48,74,0,0,0,0,0
1009,L81489,L,301.13,311.43,27.98,38.28,1658,28.04,24,0,0,0,0,0
1010,L17676,L,301.37,312.31,28.22,39.16,1558,45.07,57,0,0,0,0,0
1011,L74970,L,298.24,309.11,25.09,35.96,1365,52.06,21,0,0,0,0,0
1012,H45452,H,298.36,305.98,25.21,32.83,1735,19.84,96,0,0,0,0,0
1013,H66744,H,299.55,309.31,26.4,36.16,1636,28.0,171,0,0,0,0,0
1014,L36228,L,300.56,309.46,27.41,36.31,1889,29.05,69,0,0,0,0,0
1015,M21406,M,299.69,309.84,26.54,36.69,1333,38.74,1,0,0,0,0,0
1016,H78339,H,300.87,310.45,27.72,37.3,1686,38.19,134,0,0,0,0,0
1017,L45581,L,303.53,314.12,30.38,40.97,1631,49.84,166,0,0,0,0,0
1018,L16604,L,298.98,308.97,25.83,35.82,1475,35.79,94,0,0,0,0,0
1019,H64222,H,296.57,304.67,23.42,31.52,1774,44.92,71,0,0,0,0,0
1020,L38087,L,301.65,310.68,28.5,37.53,1605,23.94,118,0,0,0,0,0
1021,M69377,M,303.37,313.37,30.22,40.22,1371,45.44,24,0,0,0,0,0
1022,L22338,L,300.79,310.88,27.64,37.73,1514,33.08,155,0,0,0,0,0
1023,H51189,H,297.82,306.42,24.67,33.27,1369,45.67,176,1,0,1,0,0
1024,H64418,H,299.75,308.22,26.6,35.07,1453,25.38,169,0,0,0,0,0
1025,H73562,H,297.76,307.82,24.61,34.67,1658,24.27,79,0,0,0,0,0
1026,L25691,L,301.29,309.88,28.14,36.73,1708,37.35,202,0,0,0,0,0
1027,M67856,M,297.3,305.63,24.15,32.48,1574,31.37,227,0,0,0,0,0
1028,M41782,M,299.4,308.95,26.25,35.8,1404,38.23,71,0,0,0,0,0
1029,L40614,L,297.99,307.5,24.84,34.35,1602,50.46,63,0,0,0,0,0
1030,M91880,M,300.25,309.38,27.1,36.23,1662,35.58,169,0,0,0,0,0
1031,L78463,L,299.27,308.56,26.12,35.41,1190,55.36,170,0,0,0,0,0
1032,L25659,L,300.35,310.37,27.2,37.22,1555,30.76,123,0,0,0,0,0
1033,L43812,L,300.04,309.32,26.89,36.17,1502,27.42,222,0,0,0,0,0
1034,L47275,L,298.03,308.1,24.88,34.95,1702,33.02,35,0,0,0,0,0
1035,L60839,L,301.25,310.87,28.1,37.72,1602,23.83,115,0,0,0,0,0
1036,M98642,M,299.9,310.07,26.75,36.92,1620,29.78,8,0,0,0,0,0
1037,L51036,L,298.02,308.9,24.87,35.75,1451,41.4,13,0,0,0,0,0
1038,M22225,M,304.48,315.32,31.33,42.17,1535,36.43,13,0,0,0,0,0
1039,L66564,L,300.95,312.24,27.8,39.09,1700,36.38,118,0,0,0,0,0
1040,L41017,L,299.69,310.53,26.54,37.38,1524,42.41,141,0,0,0,0,0
1041,L78907,L,302.83,313.07,29.68,39.92,1566,27.03,1,0,0,0,0,0
1042,M57928,M,303.68,313.25,30.53,40.1,1266,37.71,152,0,0,0,0,0
1043,L19871,L,299.71,309.32,26.56,36.17,1523,20.19,118,1,0,0,1,0
1044,M88931,M,300.69,309.82,27.54,36.67,1183,45.47,54,0,0,0,0,0
1045,M29679,M,298.02,308.03,24.87,34.88,1445,45.55,4,0,0,0,0,0
1046,M81894,M,299.71,310.4,26.56,37.25,1546,48.99,37,0,0,0,0,0
1047,L58009,L,299.6,308.88,26.45,35.73,1669,35.85,144,0,0,0,0,0
1048,L93134,L,300.37,310.33,27.22,37.18,1360,53.11,158,0,0,0,0,0
1049,M78607,M,300.67,309.99,27.52,36.84,1600,38.87,155,0,0,0,0,0
1050,L76838,L,301.12,311.33,27.97,38.18,1792,32.83,37,0,0,0,0,0
1051,M71904,M,300.48,309.93,27.33,36.78,1423,35.38,219,1,1,0,0,0
1052,L47809,L,297.58,306.84,24.43,33.69,1264,26.24,99,1,0,0,1,0
1053,H89943,H,298.12,307.44,24.97,34.29,1586,45.92,184,0,0,0,0,0
1054,M49427,M,298.91,309.41,25.76,36.26,1326,42.77,40,0,0,0,0,0
1055,H46215,H,299.44,309.34,26.29,36.19,1392,52.28,113,0,0,0,0,0
1056,L75686,L,302.1,311.67,28.95,38.52,1697,26.17,125,0,0,0,0,0
1057,M64305,M,297.67,307.94,24.52,34.79,1863,50.18,185,1,0,0,1,0
1058,L63045,L,299.29,308.87,26.14,35.72,1360,40.14,149,0,0,0,0,0
1059,L96496,L,301.91,313.03,28.76,39.88,1406,35.21,96,0,0,0,0,0
1060,M40989,M,299.4,308.43,26.25,35.28,1458,37.58,68,0,0,0,0,0
1061,M28900,M,300.92,310.73,27.77,37.58,1439,41.18,234,1,1,0,0,0
1062,H20755,H,299.72,308.32,26.57,35.17,1873,30.03,68,0,0,0,0,0
1063,M24809,M,300.51,310.17,27.36,37.02,1442,35.61,31,0,0,0,0,0
1064,L58173,L,299.54,307.86,26.39,34.71,1467,24.63,72,0,0,0,0,0
1065,L48436,L,301.33,312.08,28.18,38.93,1818,25.08,78,0,0,0,0,0
1066,M77264,M,296.91,307.68,23.76,34.53,1636,43.62,31,0,0,0,0,0
1067,L57293,L,299.27,310.06,26.12,36.91,1708,26.52,170,0,0,0,0,0
1068,L13650,L,300.59,310.62,27.44,37.47,1376,27.89,149,0,0,0,0,0
1069,L21866,L,301.07,310.19,27.92,37.04,1442,31.28,76,0,0,0,0,0
1070,L38474,L,302.99,312.19,29.84,39.04,1353,41.64,238,0,0,0,0,0
1071,L98630,L,299.22,310.75,26.07,37.6,1675,28.13,157,0,0,0,0,0
1072,L25779,L,302.96,314.39,29.81,41.24,1749,30.51,169,0,0,0,0,0
1073,L83238,L,298.68,308.8,25.53,35.65,1430,33.68,134,0,0,0,0,0
1074,L59695,L,302.66,312.14,29.51,38.99,1471,47.02,132,0,0,0,0,0
1075,H15837,H,301.63,313.0,28.48,39.85,1479,42.67,5,0,0,0,0,0
1076,L28351,L,298.17,307.48,25.02,34.33,1264,63.06,185,1,0,0,0,1
1077,L69514,L,300.61,310.84,27.46,37.69,1417,37.38,219,1,1,0,0,0
1078,M89349,M,299.9,311.25,26.75,38.1,1670,32.02,29,0,0,0,0,0
1079,L89754,L,301.25,310.41,28.1,37.26,1382,50.93,191,0,0,0,0,0
1080,H16786,H,299.55,310.38,26.4,37.23,1551,40.06,128,0,0,0,0,0
1081,M36766,M,299.39,309.91,26.24,36.76,1306,36.34,68,0,0,0,0,0
1082,L54921,L,302.74,312.7,29.59,39.55,1510,42.4,221,0,0,0,0,0
1083,L53015,L,299.8,308.81,26.65,35.66,1436,43.06,4,0,0,0,0,0
1084,M55145,M,301.65,310.93,28.5,37.78,1321,29.02,66,0,0,0,0,0
1085,H60515,H,299.55,309.84,26.4,36.69,1673,29.03,213,0,0,0,0,0
1086,L54972,L,303.33,311.91,30.18,38.76,1683,35.56,115,0,0,0,0,0
1087,M85313,M,298.64,308.77,25.49,35.62,1365,53.54,144,0,0,0,0,0
1088,L83793,L,298.77,309.31,25.62,36.16,1497,43.85,180,0,0,0,0,0
1089,H31280,H,303.05,314.03,29.9,40.88,1543,32.63,36,0,0,0,0,0
1090,L37024,L,299.11,307.71,25.96,34.56,1217,41.4,52,0,0,0,0,0
1091,H96312,H,303.2,314.52,30.05,41.37,1291,50.78,240,1,1,0,0,0
1092,M91126,M,301.78,313.48,28.63,40.33,1760,13.14,57,1,0,0,1,0
1093,M19675,M,299.69,310.1,26.54,36.95,1349,36.02,129,0,0,0,0,0
1094,L65306,L,296.37,305.34,23.22,32.19,1755,43.92,72,0,0,0,0,0
1095,L18251,L,299.96,309.63,26.81,36.48,1300,46.46,204,0,0,0,0,0
1096,L38692,L,300.2,310.16,27.05,37.01,1650,28.65,231,0,0,0,0,0
1097,L97467,L,302.33,312.6,29.18,39.45,1481,29.08,34,0,0,0,0,0
1098,L52842,L,303.18,313.2,30.03,40.05,1505,44.79,144,0,0,0,0,0
1099,M42334,M,298.63,308.91,25.48,35.76,1860,31.43,195,0,0,0,0,0
1100,L57078,L,301.6,311.51,28.45,38.36,1316,41.8,198,0,0,0,0,0
1101,L39180,L,301.53,311.8,28.38,38.65,1639,37.95,106,0,0,0,0,0
1102,H18716,H,302.15,311.69,29.0,38.54,1632,36.43,54,0,0,0,0,0
1103,M76221,M,301.0,310.66,27.85,37.51,2122,27.7,93,0,0,0,0,0
1104,H53316,H,296.12,305.54,22.97,32.39,1347,31.96,180,0,0,0,0,0
1105,H32200,H,299.69,311.61,26.54,38.46,1425,31.98,239,1,1,0,0,0
1106,L28102,L,297.69,309.15,24.54,36.0,1678,40.14,133,0,0,0,0,0
1107,L15130,L,299.59,310.15,26.44,37.0,1500,42.67,47,0,0,0,0,0
1108,M52576,M,301.96,313.29,28.81,40.14,1454,42.46,10,0,0,0,0,0
1109,M32525,M,300.61,311.41,27.46,38.26,1703,28.96,226,0,0,0,0,0
1110,L77169,L,302.3,312.48,29.15,39.33,1488,44.62,116,0,0,0,0,0
1111,M10654,M,300.68,309.18,27.53,36.03,1379,38.59,172,1,0,1,0,0
1112,L63486,L,297.4,307.14,24.25,33.99,1662,44.88,158,0,0,0,0,0
1113,L62124,L,294.96,304.62,21.81,31.47,1601,29.82,214,0,0,0,0,0
1114,L53684,L,300.3,309.16,27.15,36.01,1480,34.5,64,0,0,0,0,0
1115,L16510,L,299.57,308.09,26.42,34.94,1472,37.71,106,0,0,0,0,0
1116,L84682,L,298.05,308.54,24.9,35.39,1375,48.45,219,1,1,0,0,0
1117,L19263,L,296.6,306.92,23.45,33.77,1662,34.2,141,0,0,0,0,0
1118,M57545,M,298.53,307.36,25.38,34.21,1472,39.23,17,0,0,0,0,0
1119,L65849,L,299.61,308.87,26.46,35.72,1400,37.78,47,0,0,0,0,0
1120,L70663,L,301.33,312.49,28.18,39.34,1310,45.88,57,0,0,0,0,0
1121,M85663,M,300.38,309.5,27.23,36.35,1604,35.16,239,0,0,0,0,0
1122,H74944,H,303.22,313.39,30.07,40.24,1446,33.35,54,0,0,0,0,0
1123,M79735,M,297.93,307.74,24.78,34.59,1183,49.46,209,0,0,0,0,0
1124,M73324,M,301.76,312.27,28.61,39.12,1324,44.47,19,0,0,0,0,0
1125,M12641,M,300.09,309.24,26.94,36.09,1494,57.15,44,0,0,0,0,0
1126,L39621,L,301.39,311.48,28.24,38.33,1499,33.33,209,0,0,0,0,0
1127,L86535,L,299.13,309.3,25.98,36.15,1492,31.68,216,1,1,0,0,0
1128,L55813,L,302.14,312.37,28.99,39.22,1468,41.26,42,0,0,0,0,0
1129,L17869,L,300.59,310.67,27.44,37.52,1277,36.93,55,0,0,0,0,0
1130,L99971,L,298.64,308.99,25.49,35.84,1382,32.88,127,0,0,0,0,0
1131,M39272,M,299.98,312.17,26.83,39.02,1742,21.39,13,0,0,0,0,0
1132,L92523,L,299.52,312.08,26.37,38.93,1716,27.19,227,1,1,0,0,0
1133,L60020,L,300.98,310.34,27.83,37.19,1636,29.02,87,0,0,0,0,0
1134,L97342,L,297.64,305.32,24.49,32.17,1621,25.09,117,0,0,0,0,0
1135,M15906,M,299.94,310.54,26.79,37.39,1693,31.83,25,0,0,0,0,0
1136,L90627,L,300.79,310.98,27.64,37.83,1339,23.87,8,1,0,0,1,0
1137,M71393,M,300.07,311.13,26.92,37.98,1541,41.12,112,0,0,0,0,0
1138,L52830,L,302.69,312.98,29.54,39.83,1339,38.34,29,0,0,0,0,0
1139,L88780,L,301.55,311.61,28.4,38.46,1342,39.42,151,0,0,0,0,0
1140,L10412,L,299.99,311.11,26.84,37.96,1599,40.52,191,0,0,0,0,0
1141,M68045,M,300.43,311.7,27.28,38.55,1701,36.66,8,0,0,0,0,0
1142,L66945,L,300.59,309.2,27.44,36.05,1501,33.13,147,0,0,0,0,0
1143,M31706,M,300.81,309.99,27.66,36.84,1824,35.03,196,0,0,0,0,0
1144,L34061,L,296.35,306.24,23.2,33.09,1572,48.84,105,0,0,0,0,0
1145,L13635,L,299.4,309.5,26.25,36.35,1399,32.86,230,1,1,0,0,0
1146,M57738,M,297.03,306.81,23.88,33.66,1345,48.63,27,0,0,0,0,0
1147,M11852,M,302.56,312.99,29.41,39.84,1713,24.54,78,0,0,0,0,0
1148,M33463,M,299.88,310.87,26.73,37.72,1557,46.19,55,0,0,0,0,0
1149,M39592,M,299.61,311.34,26.46,38.19,1653,28.96,239,0,0,0,0,0
1150,M74097,M,301.79,312.37,28.64,39.22,1100,46.09,71,0,0,0,0,0
1151,M98073,M,300.84,309.99,27.69,36.84,1578,45.51,93,0,0,0,0,0
1152,M66399,M,297.74,307.6,24.59,34.45,1445,45.41,203,0,0,0,0,0
1153,M39174,M,299.86,309.78,26.71,36.63,1291,38.95,223,0,0,0,0,0
1154,M80963,M,299.33,309.84,26.18,36.69,1524,38.61,225,0,0,0,0,0
1155,M58924,M,296.51,306.9,23.36,33.75,1726,27.51,134,0,0,0,0,0
1156,M34249,M,298.62,310.67,25.47,37.52,1932,16.92,159,1,0,0,1,0
1157,L84162,L,299.63,309.17,26.48,36.02,1577,37.84,84,1,0,0,0,0
1158,M86869,M,299.77,310.15,26.62,37.0,1411,37.76,146,0,0,0,0,0
1159,M31525,M,297.04,309.39,23.89,36.24,1400,33.35,73,0,0,0,0,0
1160,L35515,L,302.3,311.72,29.15,38.57,1704,44.07,179,0,0,0,0,0
1161,M31881,M,299.8,309.94,26.65,36.79,1361,34.82,74,0,0,0,0,0
1162,L35456,L,300.08,309.13,26.93,35.98,1644,36.0,211,0,0,0,0,0
1163,L92468,L,300.8,310.88,27.65,37.73,1586,44.76,34,0,0,0,0,0
1164,M22990,M,298.42,307.64,25.27,34.49,1567,34.51,137,0,0,0,0,0
1165,L57062,L,300.91,311.96,27.76,38.81,1261,39.58,125,0,0,0,0,0
1166,M64658,M,299.27,309.41,26.12,36.26,1473,41.29,63,0,0,0,0,0
1167,M49084,M,298.21,307.27,25.06,34.12,1280,48.41,7,0,0,0,0,0
1168,L61289,L,301.15,311.99,28.0,38.84,1432,47.02,36,0,0,0,0,0
1169,L98936,L,302.98,313.16,29.83,40.01,1695,48.76,232,1,0,0,0,1
1170,L74674,L,301.45,312.4,28.3,39.25,1750,29.07,226,1,1,0,0,0
1171,M42193,M,301.85,310.7,28.7,37.55,1572,38.0,29,0,0,0,0,0
1172,H84579,H,298.96,309.33,25.81,36.18,1435,29.77,90,0,0,0,0,0
1173,M49035,M,296.8,307.58,23.65,34.43,1813,36.94,112,0,0,0,0,0
1174,L32993,L,302.98,312.56,29.83,39.41,1433,41.46,115,0,0,0,0,0
1175,M64824,M,304.11,312.85,30.96,39.7,1336,41.45,72,0,0,0,0,0
1176,L20061,L,303.09,313.04,29.94,39.89,1657,29.64,219,0,0,0,0,0
1177,M44779,M,299.33,310.56,26.18,37.41,1615,32.69,218,1,1,0,0,0
1178,L12525,L,297.69,308.82,24.54,35.67,1440,41.68,5,0,0,0,0,0
1179,M58143,M,297.87,307.44,24.72,34.29,1553,29.18,156,0,0,0,0,0
1180,L75841,L,296.63,305.35,23.48,32.2,1612,33.08,18,0,0,0,0,0
1181,H91399,H,299.79,309.35,26.64,36.2,1571,36.61,143,0,0,0,0,0
1182,L85171,L,303.21,312.74,30.06,39.59,1615,23.15,208,0,0,0,0,0
1183,M72842,M,299.72,310.16,26.57,37.01,1446,31.2,156,0,0,0,0,0
1184,H39009,H,300.6,310.5,27.45,37.35,1627,29.93,113,0,0,0,0,0
1185,L88022,L,302.75,312.0,29.6,38.85,1538,49.8,230,1,1,0,0,1
1186,H97306,H,299.19,310.3,26.04,37.15,1452,32.8,179,0,0,0,0,0
1187,M67230,M,304.07,314.21,30.92,41.06,1492,37.96,60,0,0,0,0,0
1188,L89533,L,303.98,314.42,30.83,41.27,1518,29.42,93,0,0,0,0,0
1189,L90627,L,299.74,308.01,26.59,34.86,1282,38.48,182,1,0,1,0,0
1190,M78731,M,298.84,306.42,25.69,33.27,1424,28.72,5,0,0,0,0,0
1191,L14348,L,301.39,309.96,28.24,36.81,1546,42.41,15,0,0,0,0,0
1192,L56270,L,299.3,308.82,26.15,35.67,1299,33.52,206,0,0,0,0,0
1193,L90856,L,297.69,308.26,24.54,35.11,1427,47.42,10,0,0,0,0,0
1194,M67959,M,302.56,310.22,29.41,37.07,1952,33.09,163,0,0,0,0,0
1195,L13616,L,302.43,314.03,29.28,40.88,1337,42.24,77,0,0,0,0,0
1196,M53641,M,300.31,310.48,27.16,37.33,1468,46.55,198,0,0,0,0,0
1197,H72475,H,297.47,308.83,24.32,35.68,1389,66.07,203,1,0,0,1,1
1198,H13250,H,297.54,306.65,24.39,33.5,1515,41.65,229,0,0,0,0,0
1199,M58360,M,300.21,310.72,27.06,37.57,1392,32.19,23,0,0,0,0,0
1200,L96611,L,299.0,309.09,25.85,35.94,1492,50.3,101,0,0,0,0,0
1201,M15988,M,299.32,310.14,26.17,36.99,1409,42.15,138,0,0,0,0,0
1202,L94953,L,302.04,311.81,28.89,38.66,1720,50.21,220,1,0,0,1,1
1203,L83276,L,301.47,311.94,28.32,38.79,1549,32.93,64,0,0,0,0,0
1204,L81722,L,302.76,313.86,29.61,40.71,1359,52.4,17,0,0,0,0,0
1205,L95063,L,298.02,307.37,24.87,34.22,1682,34.06,48,0,0,0,0,0
1206,M61711,M,299.31,309.56,26.16,36.41,1367,63.16,119,1,0,0,1,0
1207,M71436,M,301.52,309.63,28.37,36.48,1261,43.17,163,1,0,1,0,0
1208,L28775,L,300.9,311.6,27.75,38.45,1534,61.35,166,1,0,0,1,0
1209,L96267,L,303.06,315.02,29.91,41.87,1869,34.18,18,0,0,0,0,0
1210,H65263,H,300.84,309.6,27.69,36.45,1215,53.93,183,0,0,0,0,0
1211,L94480,L,303.7,313.6,30.55,40.45,1302,57.61,158,0,0,0,0,0
1212,L44753,L,301.08,311.96,27.93,38.81,1667,28.07,98,0,0,0,0,0
1213,L87707,L,302.12,312.16,28.97,39.01,1423,48.03,137,0,0,0,0,0
1214,M62522,M,299.35,309.52,26.2,36.37,1642,32.55,184,0,0,0,0,0
1215,M68422,M,300.03,309.64,26.88,36.49,1388,42.48,63,0,0,0,0,0
1216,L95160,L,301.82,311.39,28.67,38.24,1560,37.4,226,1,1,0,0,0
1217,L52721,L,303.23,313.14,30.08,39.99,1840,35.71,33,0,0,0,0,0
1218,M62414,M,301.46,311.5,28.31,38.35,1326,47.45,217,0,0,0,0,0
1219,M15849,M,299.83,308.65,26.68,35.5,1714,28.82,178,0,0,0,0,0
1220,L85283,L,302.75,312.69,29.6,39.54,1654,35.64,159,0,0,0,0,0
1221,H14877,H,295.62,307.18,22.47,34.03,1274,26.28,20,0,0,0,0,0
1222,L17076,L,297.16,306.74,24.01,33.59,1633,43.01,221,0,0,0,0,0
1223,L14935,L,301.36,310.13,28.21,36.98,1548,50.57,71,0,0,0,0,0
1224,H88964,H,300.03,309.88,26.88,36.73,1551,38.47,179,0,0,0,0,0
1225,L56596,L,301.21,310.5,28.06,37.35,1594,23.1,212,0,0,0,0,0
1226,M41658,M,300.13,308.79,26.98,35.64,1474,44.82,59,0,0,0,0,0
1227,L23139,L,301.14,311.28,27.99,38.13,1547,30.92,220,0,0,0,0,0
1228,L96598,L,298.37,307.66,25.22,34.51,1577,37.78,147,0,0,0,0,0
1229,H83778,H,301.14,310.52,27.99,37.37,1666,39.88,158,0,0,0,0,0
1230,L35079,L,301.99,312.14,28.84,38.99,1268,49.57,219,1,1,0,0,0
1231,M60926,M,302.44,310.91,29.29,37.76,1761,41.18,126,0,0,0,0,0
1232,L20280,L,304.03,312.29,30.88,39.14,1333,44.16,106,1,0,1,0,0
1233,L98790,L,300.49,311.16,27.34,38.01,1668,35.73,152,0,0,0,0,0
1234,L31392,L,300.55,308.62,27.4,35.47,1549,42.89,133,0,0,0,0,0
1235,M91658,M,296.95,305.98,23.8,32.83,1311,43.14,15,0,0,0,0,0
1236,L78882,L,298.94,307.14,25.79,33.99,1627,29.7,43,0,0,0,0,0
1237,M39212,M,299.61,309.13,26.46,35.98,1370,45.45,3,0,0,0,0,0
1238,L25481,L,302.1,312.53,28.95,39.38,1722,24.24,26,0,0,0,0,0
1239,H11155,H,298.78,308.89,25.63,35.74,1411,39.97,175,0,0,0,0,0
1240,L28628,L,301.59,313.98,28.44,40.83,1273,33.97,1,0,0,0,0,0
1241,M65295,M,300.0,311.08,26.85,37.93,1803,27.33,73,0,0,0,0,0
1242,M96669,M,299.65,308.71,26.5,35.56,1567,32.46,108,0,0,0,0,0
1243,M52409,M,300.5,309.3,27.35,36.15,1687,26.09,225,0,0,0,0,0
1244,M37651,M,299.22,311.92,26.07,38.77,1386,50.14,78,0,0,0,0,0
1245,M80405,M,299.14,310.2,25.99,37.05,1204,55.73,188,0,0,0,0,0
1246,M65662,M,296.59,307.18,23.44,34.03,1828,41.85,98,0,0,0,0,0
1247,L94689,L,299.5,309.58,26.35,36.43,1534,35.85,24,0,0,0,0,0
1248,L69136,L,299.04,309.31,25.89,36.16,1621,31.88,24,0,0,0,0,0
1249,H46088,H,298.97,307.49,25.82,34.34,1650,41.16,104,0,0,0,0,0
1250,M37222,M,300.83,310.99,27.68,37.84,1476,39.84,14,0,0,0,0,0
1251,M10222,M,301.32,311.39,28.17,38.24,1575,37.38,137,0,0,0,0,0
1252,L73117,L,300.46,309.56,27.31,36.41,1814,11.24,118,1,0,0,1,0
1253,L11606,L,301.99,311.45,28.84,38.3,1529,43.52,169,0,0,0,0,0
1254,L51520,L,301.15,312.67,28.0,39.52,1700,38.7,45,0,0,0,0,0
1255,M75340,M,299.41,309.28,26.26,36.13,1187,48.25,142,0,0,0,0,0
1256,L31142,L,299.07,311.15,25.92,38.0,1732,39.61,42,0,0,0,0,0
1257,L25143,L,300.63,308.88,27.48,35.73,1269,49.98,173,1,0,1,0,0
1258,L43484,L,301.15,310.63,28.0,37.48,1712,27.9,74,0,0,0,0,0
1259,L90568,L,302.8,311.25,29.65,38.1,1603,33.98,147,0,0,0,0,0
1260,L95141,L,302.38,311.17,29.23,38.02,1518,29.68,212,0,0,0,0,0
1261,L23946,L,298.92,308.09,25.77,34.94,1518,49.45,117,0,0,0,0,0
1262,M22945,M,299.8,310.11,26.65,36.96,1491,46.25,46,0,0,0,0,0
1263,L89776,L,301.34,311.61,28.19,38.46,1391,34.67,213,0,0,0,0,0
1264,L99594,L,302.14,311.46,28.99,38.31,1499,43.17,86,0,0,0,0,0
1265,L97162,L,301.88,309.65,28.73,36.5,1921,32.05,175,0,0,0,0,0
1266,L25946,L,299.87,311.35,26.72,38.2,1763,27.01,77,0,0,0,0,0
1267,L74006,L,297.49,307.21,24.34,34.06,1383,42.44,72,0,0,0,0,0
1268,L57092,L,298.0,306.89,24.85,33.74,1582,43.09,154,0,0,0,0,0
1269,M70967,M,300.55,310.82,27.4,37.67,1552,44.44,38,0,0,0,0,0
1270,L44539,L,300.68,310.89,27.53,37.74,1510,56.6,208,1,0,0,0,1
1271,M36733,M,297.8,307.48,24.65,34.33,1360,42.9,93,0,0,0,0,0
1272,M21612,M,300.09,310.24,26.94,37.09,1613,33.62,5,0,0,0,0,0
1273,M38838,M,301.26,310.11,28.11,36.96,1683,38.54,73,0,0,0,0,0
1274,L31053,L,297.7,308.46,24.55,35.31,1389,39.78,188,0,0,0,0,0
1275,L20110,L,302.21,311.21,29.06,38.06,1877,25.84,206,0,0,0,0,0
1276,L91880,L,299.24,308.64,26.09,35.49,1801,24.4,136,0,0,0,0,0
1277,L10345,L,302.52,313.16,29.37,40.01,1631,7.71,71,1,0,0,1,0
1278,H51451,H,298.93,310.14,25.78,36.99,1319,49.3,127,0,0,0,0,0
1279,L71053,L,297.95,309.53,24.8,36.38,1605,22.59,201,0,0,0,0,0
1280,L20062,L,299.08,310.14,25.93,36.99,1584,29.12,76,0,0,0,0,0
1281,M50220,M,299.81,309.49,26.66,36.34,1625,37.6,93,0,0,0,0,0
1282,M87592,M,299.22,307.68,26.07,34.53,1813,29.02,130,0,0,0,0,0
1283,L53769,L,299.57,310.97,26.42,37.82,1504,55.28,213,1,0,0,0,1
1284,L62293,L,300.67,312.04,27.52,38.89,1893,18.19,140,0,0,0,0,0
1285,L86275,L,299.66,308.99,26.51,35.84,1606,53.58,50,1,0,0,1,0
1286,L70442,L,299.87,310.79,26.72,37.64,1484,49.65,21,0,0,0,0,0
1287,L68947,L,296.58,306.25,23.43,33.1,1955,36.58,23,0,0,0,0,0
1288,L83067,L,300.78,312.28,27.63,39.13,1680,45.61,228,0,0,0,0,0
1289,L57530,L,299.82,309.31,26.67,36.16,1455,42.6,197,0,0,0,0,0
1290,L36916,L,303.22,315.2,30.07,42.05,1550,23.35,184,0,0,0,0,0
1291,L65835,L,298.12,308.91,24.97,35.76,1646,38.92,119,0,0,0,0,0
1292,L81636,L,296.38,308.18,23.23,35.03,1509,26.13,161,0,0,0,0,0
1293,L13650,L,301.24,310.77,28.09,37.62,1558,32.54,31,0,0,0,0,0
1294,M72046,M,300.69,311.1,27.54,37.95,1392,40.54,149,0,0,0,0,0
1295,M63949,M,297.98,307.01,24.83,33.86,1240,38.91,195,0,0,0,0,0
1296,L13672,L,296.94,307.78,23.79,34.63,1554,44.45,15,0,0,0,0,0
1297,L53489,L,303.07,313.97,29.92,40.82,1560,35.03,71,0,0,0,0,0
1298,L58048,L,302.83,315.23,29.68,42.08,1627,38.48,26,0,0,0,0,0
1299,M22513,M,295.03,305.51,21.88,32.36,1434,39.88,62,0,0,0,0,0
1300,M93734,M,299.08,309.81,25.93,36.66,1300,45.07,185,0,0,0,0,0
1301,L72283,L,303.33,312.86,30.18,39.71,1366,34.85,80,0,0,0,0,0
1302,H71296,H,299.05,309.59,25.9,36.44,1720,23.92,166,0,0,0,0,0
1303,L53991,L,299.02,308.64,25.87,35.49,1418,39.17,186,0,0,0,0,0
1304,L23636,L,299.43,309.55,26.28,36.4,1458,31.58,196,0,0,0,0,0
1305,M51801,M,297.76,307.93,24.61,34.78,1480,49.85,210,0,0,0,0,0
1306,M42078,M,296.59,306.24,23.44,33.09,1427,29.15,143,0,0,0,0,0
1307,M74717,M,302.11,312.17,28.96,39.02,1414,59.23,67,0,0,0,0,0
1308,M45052,M,296.31,305.94,23.16,32.79,1383,43.86,36,0,0,0,0,0
1309,L42294,L,300.49,310.11,27.34,36.96,1780,32.74,121,0,0,0,0,0
1310,M51238,M,301.77,312.85,28.62,39.7,1654,30.32,25,0,0,0,0,0
1311,L71872,L,297.1,307.27,23.95,34.12,1753,37.93,219,0,0,0,0,0
1312,M60111,M,298.15,308.5,25.0,35.35,1789,30.4,106,0,0,0,0,0
1313,L27046,L,302.43,310.97,29.28,37.82,1124,53.39,210,1,0,1,0,1
1314,M29983,M,301.07,311.49,27.92,38.34,1595,42.65,170,0,0,0,0,0
1315,L90800,L,298.77,309.3,25.62,36.15,1432,45.35,206,0,0,0,0,0
1316,M96066,M,302.4,312.01,29.25,38.86,1730,43.03,212,0,0,0,0,0
1317,L99649,L,302.41,314.5,29.26,41.35,1405,45.08,13,0,0,0,0,0
1318,M12383,M,300.54,308.25,27.39,35.1,1351,34.81,174,1,0,1,0,0
1319,L62289,L,298.2,308.98,25.05,35.83,1284,27.98,54,0,0,0,0,0
1320,L42157,L,299.17,309.89,26.02,36.74,1482,40.35,237,0,0,0,0,0
1321,L81265,L,300.57,311.11,27.42,37.96,1695,35.6,187,0,0,0,0,0
1322,L30967,L,299.62,309.8,26.47,36.65,1580,51.67,1,0,0,0,0,0
1323,M56114,M,301.88,312.43,28.73,39.28,1325,42.33,223,0,0,0,0,0
1324,L42243,L,296.94,307.81,23.79,34.66,1912,32.97,70,0,0,0,0,0
1325,H84363,H,297.01,306.29,23.86,33.14,1649,40.97,100,0,0,0,0,0
1326,L46282,L,300.36,310.66,27.21,37.51,1671,38.39,147,0,0,0,0,0
1327,L99212,L,299.02,308.83,25.87,35.68,1760,39.31,220,0,0,0,0,0
1328,M89011,M,298.75,307.65,25.6,34.5,1248,39.37,223,0,0,0,0,0
1329,M76229,M,296.46,307.18,23.31,34.03,1375,33.84,135,0,0,0,0,0
1330,L82483,L,300.04,309.47,26.89,36.32,1679,31.88,76,0,0,0,0,0
1331,L26956,L,299.89,308.4,26.74,35.25,1393,23.74,67,1,0,0,1,0
1332,M82608,M,301.31,310.77,28.16,37.62,1487,38.22,87,0,0,0,0,0
1333,L71632,L,300.14,309.34,26.99,36.19,1521,32.38,43,0,0,0,0,0
1334,H38256,H,299.73,310.76,26.58,37.61,1311,46.27,161,0,0,0,0,0
1335,H55441,H,302.35,312.51,29.2,39.36,1472,36.81,127,0,0,0,0,0
1336,M32539,M,297.38,308.76,24.23,35.61,1695,25.68,186,0,0,0,0,0
1337,L26002,L,301.07,310.41,27.92,37.26,1663,44.95,23,0,0,0,0,0
1338,M82326,M,296.66,307.53,23.51,34.38,1730,33.78,96,0,0,0,0,0
1339,L27324,L,298.32,311.16,25.17,38.01,1712,40.38,58,0,0,0,0,0
1340,L48918,L,297.57,307.93,24.42,34.78,1606,37.14,128,0,0,0,0,0
1341,L38784,L,301.56,312.43,28.41,39.28,1592,39.7,112,0,0,0,0,0
1342,L65482,L,299.87,310.56,26.72,37.41,1579,25.39,108,0,0,0,0,0
1343,M15599,M,299.97,308.55,26.82,35.4,1425,50.42,76,0,0,0,0,0
1344,M93099,M,297.79,308.37,24.64,35.22,1355,49.32,174,0,0,0,0,0
1345,M33234,M,299.4,309.71,26.25,36.56,1414,40.36,116,0,0,0,0,0
1346,L57011,L,298.47,308.21,25.32,35.06,1478,41.07,49,0,0,0,0,0
1347,L19775,L,300.77,309.88,27.62,36.73,1420,48.36,131,0,0,0,0,0
1348,L28160,L,298.02,308.71,24.87,35.56,1607,32.67,143,0,0,0,0,0
1349,H45060,H,302.66,311.69,29.51,38.54,1570,23.82,5,0,0,0,0,0
1350,L36471,L,296.65,308.78,23.5,35.63,1589,33.23,49,0,0,0,0,0
1351,M34815,M,298.39,308.5,25.24,35.35,1596,37.11,58,0,0,0,0,0
1352,L57805,L,303.35,312.13,30.2,38.98,1744,32.59,60,0,0,0,0,0
1353,L51797,L,299.13,308.62,25.98,35.47,1533,47.9,57,0,0,0,0,0
1354,M88664,M,297.37,307.09,24.22,33.94,1711,25.8,65,0,0,0,0,0
1355,L43635,L,300.44,312.85,27.29,39.7,1625,28.58,63,0,0,0,0,0
1356,M87672,M,299.05,308.16,25.9,35.01,1733,24.6,212,0,0,0,0,0
1357,H17755,H,298.33,308.21,25.18,35.06,1818,34.95,77,0,0,0,0,0
1358,L28245,L,297.81,307.27,24.66,34.12,1636,22.82,84,0,0,0,0,0
1359,L64189,L,305.54,316.04,32.39,42.89,1553,42.84,64,0,0,0,0,0
1360,L68699,L,299.5,308.98,26.35,35.83,1552,29.45,232,0,0,0,0,0
1361,H12445,H,296.15,305.01,23.0,31.86,1453,33.26,129,0,0,0,0,0
1362,L85729,L,302.99,312.79,29.84,39.64,1447,53.76,147,0,0,0,0,0
1363,M12621,M,301.22,310.92,28.07,37.77,1693,43.71,177,0,0,0,0,0
1364,M19498,M,298.47,307.87,25.32,34.72,1366,42.89,80,0,0,0,0,0
1365,M70459,M,298.13,307.59,24.98,34.44,1818,21.03,233,1,1,0,0,0
1366,L64059,L,301.35,312.53,28.2,39.38,1508,54.1,37,0,0,0,0,0
1367,M23354,M,299.51,309.19,26.36,36.04,2036,26.57,110,0,0,0,0,0
1368,H85333,H,296.15,305.01,23.0,31.86,1414,42.51,35,0,0,0,0,0
1369,L62195,L,303.57,313.11,30.42,39.96,1579,43.59,190,0,0,0,0,0
1370,L60538,L,299.13,309.19,25.98,36.04,1473,23.18,26,0,0,0,0,0
1371,H36776,H,302.99,311.65,29.84,38.5,1396,35.92,133,0,0,0,0,0
1372,L13445,L,302.56,314.18,29.41,41.03,1721,32.74,25,0,0,0,0,0
1373,M81024,M,298.0,308.87,24.85,35.72,1342,43.76,109,0,0,0,0,0
1374,L26122,L,302.07,313.5,28.92,40.35,1417,30.01,67,0,0,0,0,0
1375,L80379,L,298.7,309.09,25.55,35.94,1638,37.6,217,1,1,0,0,0
1376,M69791,M,296.27,304.17,23.12,31.02,1665,34.67,13,0,0,0,0,0
1377,L99223,L,299.15,310.69,26.0,37.54,1291,57.71,156,0,0,0,0,0
1378,L43819,L,300.8,309.93,27.65,36.78,1637,43.01,167,0,0,0,0,0
1379,L16015,L,299.07,308.29,25.92,35.14,1558,34.63,213,0,0,0,0,0
1380,L17515,L,299.39,309.54,26.24,36.39,1374,40.12,211,0,0,0,0,0
1381,L42185,L,302.29,313.67,29.14,40.52,1397,49.13,234,1,1,0,0,1
1382,L39853,L,300.21,311.27,27.06,38.12,1179,50.86,61,0,0,0,0,0
1383,H23698,H,298.31,309.22,25.16,36.07,1836,20.25,66,0,0,0,0,0
1384,L45770,L,301.4,311.09,28.25,37.94,1713,50.2,95,1,0,0,1,0
1385,M58104,M,300.4,310.07,27.25,36.92,1309,35.84,129,0,0,0,0,0
1386,L69011,L,294.96,305.3,21.81,32.15,1675,54.04,88,1,0,0,1,0
1387,M72972,M,300.86,310.73,27.71,37.58,1435,43.36,178,0,0,0,0,0
1388,L40152,L,300.78,311.67,27.63,38.52,1695,28.72,2,0,0,0,0,0
1389,H17470,H,300.04,310.87,26.89,37.72,1448,20.63,4,1,0,0,1,0
1390,L32696,L,301.78,312.37,28.63,39.22,1471,45.15,172,0,0,0,0,0
1391,L12547,L,298.66,306.13,25.51,32.98,1485,26.19,212,0,0,0,0,0
1392,L97904,L,300.67,310.8,27.52,37.65,1420,43.21,186,0,0,0,0,0
1393,L23435,L,296.87,306.76,23.72,33.61,1780,47.66,28,0,0,0,0,0
1394,L53845,L,300.81,310.98,27.66,37.83,1692,24.76,224,0,0,0,0,0
1395,L28759,L,303.91,313.15,30.76,40.0,1554,42.77,125,0,0,0,0,0
1396,M58235,M,298.01,306.69,24.86,33.54,1714,26.93,178,0,0,0,0,0
1397,L20722,L,298.48,308.94,25.33,35.79,1250,54.89,48,0,0,0,0,0
1398,L38055,L,298.58,308.22,25.43,35.07,1320,43.93,132,0,0,0,0,0
1399,M13810,M,300.26,310.83,27.11,37.68,1618,35.26,79,0,0,0,0,0
1400,M76842,M,297.87,307.2,24.72,34.05,1664,44.1,234,0,0,0,0,0
1401,L59151,L,300.84,312.26,27.69,39.11,1584,41.18,114,0,0,0,0,0
1402,L22127,L,301.69,312.69,28.54,39.54,1206,41.09,181,0,0,0,0,0
1403,L53662,L,301.07,311.37,27.92,38.22,1349,56.77,145,0,0,0,0,0
1404,M31421,M,296.46,306.25,23.31,33.1,1608,23.35,23,0,0,0,0,0
1405,M36183,M,301.99,312.84,28.84,39.69,1960,31.44,130,0,0,0,0,0
1406,L65966,L,301.87,312.27,28.72,39.12,1748,26.19,130,0,0,0,0,0
1407,M20695,M,301.66,311.9,28.51,38.75,1811,19.74,172,0,0,0,0,0
1408,M28342,M,300.75,311.79,27.6,38.64,1594,26.86,77,0,0,0,0,0
1409,L48109,L,300.44,311.87,27.29,38.72,1593,35.57,207,0,0,0,0,0
1410,M12391,M,302.06,310.81,28.91,37.66,1354,45.11,149,0,0,0,0,0
1411,L40373,L,303.85,312.8,30.7,39.65,1702,42.14,9,0,0,0,0,0
1412,L54033,L,298.09,307.31,24.94,34.16,1522,49.45,170,0,0,0,0,0
1413,L61182,L,302.16,310.65,29.01,37.5,1656,36.82,218,0,0,0,0,0
1414,L93999,L,299.83,309.76,26.68,36.61,1540,33.65,164,0,0,0,0,0
1415,L27657,L,299.74,310.34,26.59,37.19,1584,44.49,91,0,0,0,0,0
1416,H40662,H,296.93,306.91,23.78,33.76,1520,32.79,142,0,0,0,0,0
1417,L74608,L,299.43,308.9,26.28,35.75,1574,23.63,41,0,0,0,0,0
1418,L24844,L,298.01,309.13,24.86,35.98,1710,41.02,144,0,0,0,0,0
1419,L51052,L,299.07,309.21,25.92,36.06,1313,54.21,120,0,0,0,0,0
1420,H86973,H,297.8,308.15,24.65,35.0,1274,38.41,6,0,0,0,0,0
1421,L39983,L,299.1,310.26,25.95,37.11,1610,51.28,77,0,0,0,0,0
1422,L60287,L,299.19,309.06,26.04,35.91,1787,36.73,46,0,0,0,0,0
1423,L62444,L,300.19,312.25,27.04,39.1,1831,34.76,94,0,0,0,0,0
1424,L25990,L,296.77,306.32,23.62,33.17,1321,39.25,58,0,0,0,0,0
1425,H41269,H,297.11,309.11,23.96,35.96,1464,47.26,200,0,0,0,0,0
1426,H68151,H,300.72,309.75,27.57,36.6,1276,32.7,167,0,0,0,0,0
1427,L22349,L,298.41,308.92,25.26,35.77,1439,37.11,178,0,0,0,0,0
1428,H93125,H,302.15,311.51,29.0,38.36,1731,27.22,87,0,0,0,0,0
1429,M96517,M,300.45,311.57,27.3,38.42,1533,26.91,1,0,0,0,0,0
1430,M23256,M,301.21,310.74,28.06,37.59,1470,45.89,53,0,0,0,0,0
1431,L93982,L,302.82,313.11,29.67,39.96,1630,37.87,181,0,0,0,0,0
1432,L11816,L,299.38,308.73,26.23,35.58,1396,47.48,145,0,0,0,0,0
1433,L45007,L,298.85,309.79,25.7,36.64,1814,29.36,129,0,0,0,0,0
1434,M46235,M,301.74,311.09,28.59,37.94,1536,45.18,67,0,0,0,0,0
1435,L92498,L,301.02,312.7,27.87,39.55,1465,39.74,18,0,0,0,0,0
1436,L10202,L,299.63,308.63,26.48,35.48,1638,31.21,188,0,0,0,0,0
1437,L11111,L,302.78,311.44,29.63,38.29,1699,28.6,9,0,0,0,0,0
1438,M41764,M,299.58,310.53,26.43,37.38,1814,15.72,14,1,0,0,1,0
1439,L31919,L,300.07,309.47,26.92,36.32,1498,47.56,71,0,0,0,0,0
1440,M65173,M,300.04,310.04,26.89,36.89,1725,41.62,138,0,0,0,0,0
1441,H73699,H,298.13,307.81,24.98,34.66,1553,60.32,238,1,1,0,1,1
1442,L72735,L,300.16,308.84,27.01,35.69,1428,37.45,22,0,0,0,0,0
1443,M56386,M,302.79,312.72,29.64,39.57,1399,35.62,114,0,0,0,0,0
1444,L21605,L,300.89,312.15,27.74,39.0,1343,29.05,144,0,0,0,0,0
1445,M41993,M,300.06,311.07,26.91,37.92,1405,48.45,198,0,0,0,0,0
1446,L46640,L,299.68,309.91,26.53,36.76,1730,38.95,166,0,0,0,0,0
1447,M49558,M,300.66,311.77,27.51,38.62,1659,46.96,194,0,0,0,0,0
1448,M47138,M,301.5,310.44,28.35,37.29,1318,36.15,125,0,0,0,0,0
1449,H50948,H,301.22,310.89,28.07,37.74,1229,52.34,104,0,0,0,0,0
1450,M96772,M,299.34,309.73,26.19,36.58,1340,38.57,148,0,0,0,0,0
1451,L30853,L,300.65,310.52,27.5,37.37,1399,51.7,216,1,0,0,0,1
1452,M94031,M,300.96,310.71,27.81,37.56,1482,42.95,132,0,0,0,0,0
1453,M85761,M,297.99,306.78,24.84,33.63,1740,20.48,145,0,0,0,0,0
1454,L21800,L,300.34,308.26,27.19,35.11,1439,38.76,81,0,0,0,0,0
1455,L98774,L,295.68,306.5,22.53,33.35,1829,15.74,143,1,0,0,1,0
1456,H69027,H,300.97,311.21,27.82,38.06,1241,36.86,151,0,0,0,0,0
1457,M37572,M,301.32,312.22,28.17,39.07,1474,30.05,181,0,0,0,0,0
1458,M85230,M,301.5,311.06,28.35,37.91,1672,29.13,137,0,0,0,0,0
1459,L43001,L,299.21,308.5,26.06,35.35,1683,31.94,47,0,0,0,0,0
1460,M31029,M,300.62,310.62,27.47,37.47,1476,40.13,140,0,0,0,0,0
1461,L61299,L,302.85,313.7,29.7,40.55,1710,34.42,71,0,0,0,0,0
1462,M24949,M,302.83,312.6,29.68,39.45,1677,33.97,21,0,0,0,0,0
1463,L35955,L,299.94,310.74,26.79,37.59,1416,43.13,198,0,0,0,0,0
1464,M83108,M,300.28,309.27,27.13,36.12,1590,26.03,16,0,0,0,0,0
1465,H68431,H,302.22,312.06,29.07,38.91,1658,35.14,152,0,0,0,0,0
1466,L74083,L,297.0,306.93,23.85,33.78,1428,51.59,237,1,1,0,0,1
1467,H94840,H,299.35,310.58,26.2,37.43,1832,29.96,21,0,0,0,0,0
1468,L45374,L,302.67,312.88,29.52,39.73,1389,45.21,53,0,0,0,0,0
1469,M36544,M,301.95,313.7,28.8,40.55,1560,39.94,183,0,0,0,0,0
1470,M48756,M,300.74,309.39,27.59,36.24,1316,50.43,23,0,0,0,0,0
1471,L50541,L,296.99,307.12,23.84,33.97,1553,39.19,200,0,0,0,0,0
1472,M88033,M,299.9,310.08,26.75,36.93,1348,49.26,0,0,0,0,0,0
1473,M79246,M,298.82,309.44,25.67,36.29,1484,42.68,214,0,0,0,0,0
1474,L40209,L,300.66,309.85,27.51,36.7,1257,50.83,16,0,0,0,0,0
1475,L56571,L,298.38,310.07,25.23,36.92,1675,37.74,221,0,0,0,0,0
1476,M31449,M,297.95,307.96,24.8,34.81,1597,27.81,207,0,0,0,0,0
1477,M23872,M,295.87,304.78,22.72,31.63,1725,23.84,129,0,0,0,0,0
1478,M62245,M,302.44,312.43,29.29,39.28,1474,36.04,187,0,0,0,0,0
1479,M64550,M,299.2,308.89,26.05,35.74,1733,45.47,18,0,0,0,0,0
1480,L83781,L,300.31,313.1,27.16,39.95,1542,35.79,32,0,0,0,0,0
1481,M75203,M,300.0,311.05,26.85,37.9,1555,39.33,89,0,0,0,0,0
1482,L59348,L,297.87,307.91,24.72,34.76,1905,14.34,129,1,0,0,1,0
1483,L81278,L,297.48,307.37,24.33,34.22,1450,41.06,208,0,0,0,0,0
1484,L48864,L,297.99,308.94,24.84,35.79,1750,33.43,130,0,0,0,0,0
1485,L63089,L,298.55,309.55,25.4,36.4,1619,14.0,160,1,0,0,1,0
1486,L92923,L,300.73,307.82,27.58,34.67,1435,42.26,163,0,0,0,0,0
1487,L35863,L,298.41,309.05,25.26,35.9,1305,30.71,211,0,0,0,0,0
1488,M14646,M,303.49,313.52,30.34,40.37,1354,36.51,186,0,0,0,0,0
1489,L41358,L,302.05,310.74,28.9,37.59,1733,41.02,234,1,1,0,0,0
1490,L23590,L,301.62,312.5,28.47,39.35,1839,32.42,5,0,0,0,0,0
1491,L45881,L,299.76,312.01,26.61,38.86,1551,33.35,50,0,0,0,0,0
1492,L10876,L,303.03,313.59,29.88,40.44,1560,32.45,223,1,1,0,0,0
1493,L95041,L,299.56,310.66,26.41,37.51,1671,30.95,190,0,0,0,0,0
1494,L10601,L,299.94,311.74,26.79,38.59,1548,38.3,64,0,0,0,0,0
1495,M96972,M,300.34,309.51,27.19,36.36,1727,23.56,234,0,0,0,0,0
1496,M67509,M,301.4,309.55,28.25,36.4,1586,45.12,209,0,0,0,0,0
1497,M66951,M,301.27,311.93,28.12,38.78,1559,27.58,16,0,0,0,0,0
1498,L73013,L,299.05,308.8,25.9,35.65,1413,26.74,195,0,0,0,0,0
1499,L86549,L,298.93,307.56,25.78,34.41,1370,49.76,188,0,0,0,0,0
1500,M95974,M,301.28,311.2,28.13,38.05,1100,48.59,53,0,0,0,0,0
1501,L48796,L,301.43,312.16,28.28,39.01,1751,33.29,161,0,0,0,0,0
1502,L38296,L,299.21,309.06,26.06,35.91,1509,43.2,233,1,1,0,0,0
1503,L44213,L,296.83,306.04,23.68,32.89,1465,33.36,162,0,0,0,0,0
1504,L34351,L,299.59,309.36,26.44,36.21,1193,49.11,195,0,0,0,0,0
1505,L98975,L,301.25,311.23,28.1,38.08,1423,45.45,24,0,0,0,0,0
1506,L11667,L,303.61,311.68,30.46,38.53,1400,54.07,175,0,0,0,0,0
1507,L56262,L,297.6,307.46,24.45,34.31,1396,36.96,49,0,0,0,0,0
1508,L82498,L,299.15,307.8,26.0,34.65,1593,32.26,17,0,0,0,0,0
1509,M61483,M,299.22,309.88,26.07,36.73,1556,41.32,132,0,0,0,0,0
1510,M21004,M,302.71,311.15,29.56,38.0,1297,45.85,180,1,0,1,0,0
1511,M53397,M,299.93,310.94,26.78,37.79,1308,42.71,131,0,0,0,0,0
1512,M52755,M,298.19,307.78,25.04,34.63,1308,56.56,224,1,1,0,0,1
1513,H81935,H,301.12,310.57,27.97,37.42,1852,17.48,167,1,0,0,1,0
1514,L33156,L,299.19,309.49,26.04,36.34,1796,20.52,28,0,0,0,0,0
1515,L73772,L,297.55,306.69,24.4,33.54,1386,27.98,224,1,1,0,0,0
1516,L54860,L,298.21,308.49,25.06,35.34,1189,57.8,37,0,0,0,0,0
1517,M62539,M,303.47,312.74,30.32,39.59,1557,40.91,182,0,0,0,0,0
1518,M86757,M,300.77,310.21,27.62,37.06,1543,26.16,36,0,0,0,0,0
1519,L60621,L,300.22,310.62,27.07,37.47,1590,35.04,240,0,0,0,0,0
1520,H37953,H,299.5,308.36,26.35,35.21,1665,34.2,80,0,0,0,0,0
1521,L58575,L,300.58,309.32,27.43,36.17,1614,17.82,119,1,0,0,1,0
1522,H57917,H,300.56,310.81,27.41,37.66,1340,44.28,112,0,0,0,0,0
1523,L97214,L,300.58,310.56,27.43,37.41,1586,26.7,24,0,0,0,0,0
1524,L56082,L,300.23,310.4,27.08,37.25,1684,39.67,119,0,0,0,0,0
1525,L33024,L,301.74,312.07,28.59,38.92,1408,31.51,36,0,0,0,0,0
1526,L35049,L,300.05,310.1,26.9,36.95,1587,37.85,192,0,0,0,0,0
1527,L67995,L,298.04,308.65,24.89,35.5,1438,50.19,230,1,1,0,0,1
1528,L29711,L,298.78,308.87,25.63,35.72,1884,38.2,194,0,0,0,0,0
1529,M72090,M,296.04,304.03,22.89,30.88,1303,48.04,103,1,0,1,0,0
1530,L79657,L,304.05,312.31,30.9,39.16,1737,32.33,1,0,0,0,0,0
1531,L77256,L,301.73,313.65,28.58,40.5,1243,34.11,9,0,0,0,0,0
1532,M42110,M,298.34,308.34,25.19,35.19,1849,27.48,119,0,0,0,0,0
1533,M10591,M,299.44,310.39,26.29,37.24,1335,41.1,163,0,0,0,0,0
1534,L21775,L,298.73,308.38,25.58,35.23,1568,34.15,197,0,0,0,0,0
1535,L64975,L,303.09,313.03,29.94,39.88,1250,33.57,144,0,0,0,0,0
1536,L95668,L,297.16,306.71,24.01,33.56,1299,47.59,235,1,1,0,0,1
1537,L48644,L,300.23,312.69,27.08,39.54,1692,24.41,119,1,0,0,0,0
1538,M81816,M,299.78,310.04,26.63,36.89,1715,45.78,144,0,0,0,0,0
1539,L35758,L,301.65,311.12,28.5,37.97,1577,37.52,55,0,0,0,0,0
1540,L60940,L,299.79,308.14,26.64,34.99,1665,42.25,82,0,0,0,0,0
1541,M31244,M,296.48,308.46,23.33,35.31,1718,41.02,164,0,0,0,0,0
1542,L74449,L,299.5,309.33,26.35,36.18,1415,57.11,144,0,0,0,0,0
1543,L75359,L,298.06,308.8,24.91,35.65,1290,45.86,89,0,0,0,0,0
1544,L57573,L,300.16,311.02,27.01,37.87,1533,34.26,27,0,0,0,0,0
1545,H42087,H,302.87,312.41,29.72,39.26,1434,36.99,82,0,0,0,0,0
1546,L10681,L,296.52,307.19,23.37,34.04,1603,47.71,11,0,0,0,0,0
1547,M44383,M,298.4,307.8,25.25,34.65,1631,24.57,139,0,0,0,0,0
1548,L26787,L,298.89,307.9,25.74,34.75,1416,33.45,78,0,0,0,0,0
1549,L18268,L,299.24,310.4,26.09,37.25,1658,36.45,91,0,0,0,0,0
1550,M39997,M,301.48,311.32,28.33,38.17,1649,33.51,138,0,0,0,0,0
1551,H28110,H,299.65,310.17,26.5,37.02,1662,42.22,140,0,0,0,0,0
1552,M78368,M,300.83,311.24,27.68,38.09,1464,28.44,141,0,0,0,0,0
1553,M22148,M,298.75,309.39,25.6,36.24,1671,33.74,118,0,0,0,0,0
1554,M29092,M,300.46,308.9,27.31,35.75,1626,33.74,117,0,0,0,0,0
1555,L34083,L,301.56,310.97,28.41,37.82,1647,26.21,197,0,0,0,0,0
1556,L62566,L,298.54,308.21,25.39,35.06,1829,38.36,112,0,0,0,0,0
1557,M29087,M,301.56,310.73,28.41,37.58,1592,35.25,129,0,0,0,0,0
1558,L48329,L,300.1,310.53,26.95,37.38,1429,39.03,237,1,1,0,0,0
1559,M74238,M,302.09,313.28,28.94,40.13,1341,36.14,43,0,0,0,0,0
1560,H62222,H,299.6,310.94,26.45,37.79,1732,30.11,174,0,0,0,0,0
1561,L32517,L,300.76,310.42,27.61,37.27,1598,27.69,114,0,0,0,0,0
1562,L78753,L,299.92,310.21,26.77,37.06,1827,38.27,199,0,0,0,0,0
1563,M53372,M,299.81,310.25,26.66,37.1,1180,56.83,97,0,0,0,0,0
1564,L98496,L,300.52,311.14,27.37,37.99,1694,47.26,73,0,0,0,0,0
1565,M73224,M,301.07,310.2,27.92,37.05,1489,41.94,50,0,0,0,0,0
1566,L26538,L,297.5,309.32,24.35,36.17,1473,36.18,209,0,0,0,0,0
1567,M85417,M,302.87,313.79,29.72,40.64,1401,37.14,172,0,0,0,0,0
1568,L85227,L,296.28,307.23,23.13,34.08,1692,37.78,18,0,0,0,0,0
1569,M16251,M,298.63,309.83,25.48,36.68,1642,36.49,171,0,0,0,0,0
1570,L55920,L,299.81,310.35,26.66,37.2,1335,41.52,8,0,0,0,0,0
1571,L84852,L,300.82,309.8,27.67,36.65,1564,34.54,44,0,0,0,0,0
1572,L58392,L,303.15,313.01,30.0,39.86,1659,43.91,142,0,0,0,0,0
1573,M56087,M,296.28,304.63,23.13,31.48,1566,33.13,111,0,0,0,0,0
1574,M97891,M,298.98,309.4,25.83,36.25,1729,43.91,202,0,0,0,0,0
1575,L19051,L,295.75,305.58,22.6,32.43,1484,40.06,146,0,0,0,0,0
1576,L57639,L,300.06,310.02,26.91,36.87,1140,47.29,232,0,0,0,0,0
1577,L13284,L,300.54,311.75,27.39,38.6,1568,30.27,205,0,0,0,0,0
1578,M50492,M,303.18,312.72,30.03,39.57,1567,35.34,82,0,0,0,0,0
1579,M28953,M,300.24,309.99,27.09,36.84,1589,40.07,200,0,0,0,0,0
1580,L33377,L,302.09,312.11,28.94,38.96,1729,30.13,209,0,0,0,0,0
1581,L35726,L,301.17,309.33,28.02,36.18,1193,54.82,233,1,1,1,0,1
1582,L14886,L,299.13,308.86,25.98,35.71,1493,34.95,3,0,0,0,0,0
1583,L28108,L,297.18,304.7,24.03,31.55,1374,40.72,210,1,0,1,0,0
1584,L24245,L,300.55,309.96,27.4,36.81,1324,32.99,17,0,0,0,0,0
1585,H11247,H,297.02,307.87,23.87,34.72,1522,42.11,127,0,0,0,0,0
1586,L50807,L,302.59,313.04,29.44,39.89,1658,32.42,100,0,0,0,0,0
1587,M82758,M,299.68,309.08,26.53,35.93,1588,48.72,221,0,0,0,0,0
1588,L55753,L,302.39,312.43,29.24,39.28,1415,46.14,97,0,0,0,0,0
1589,L25100,L,299.04,307.96,25.89,34.81,1510,38.63,143,0,0,0,0,0
1590,M61294,M,300.54,310.54,27.39,37.39,1698,43.55,166,0,0,0,0,0
1591,M92703,M,300.42,313.35,27.27,40.2,1655,37.87,5,0,0,0,0,0
1592,H84252,H,299.91,311.76,26.76,38.61,1438,47.9,142,0,0,0,0,0
1593,L49771,L,299.13,309.19,25.98,36.04,1427,33.25,124,1,0,0,0,0
1594,L87171,L,300.78,310.95,27.63,37.8,1235,50.1,143,0,0,0,0,0
1595,M95873,M,298.15,307.17,25.0,34.02,1460,43.27,18,0,0,0,0,0
1596,L76229,L,297.58,306.78,24.43,33.63,1231,34.18,13,0,0,0,0,0
1597,L44038,L,302.49,312.85,29.34,39.7,1897,42.26,43,0,0,0,0,0
1598,L79265,L,301.45,310.93,28.3,37.78,1385,32.08,209,0,0,0,0,0
1599,L68619,L,300.13,311.04,26.98,37.89,1729,22.75,86,0,0,0,0,0
1600,M92097,M,303.33,314.9,30.18,41.75,1853,8.13,104,1,0,0,1,0
1601,L39980,L,299.46,309.8,26.31,36.65,1573,40.22,94,0,0,0,0,0
1602,L96226,L,302.65,312.75,29.5,39.6,1517,24.61,171,0,0,0,0,0
1603,L39315,L,300.35,308.67,27.2,35.52,1304,39.82,62,1,0,1,0,0
1604,L68111,L,297.95,308.7,24.8,35.55,1447,46.31,16,0,0,0,0,0
1605,L53454,L,303.7,312.55,30.55,39.4,1816,33.09,91,0,0,0,0,0
1606,L30260,L,301.98,311.56,28.83,38.41,1596,30.9,175,0,0,0,0,0
1607,L70707,L,299.76,310.72,26.61,37.57,1540,24.48,220,1,1,0,0,0
1608,M49059,M,301.45,312.48,28.3,39.33,1765,31.61,12,0,0,0,0,0
1609,L25014,L,299.19,308.73,26.04,35.58,1657,41.42,195,0,0,0,0,0
1610,L20758,L,301.66,311.25,28.51,38.1,1509,43.57,16,0,0,0,0,0
1611,M79914,M,295.22,304.52,22.07,31.37,1573,50.72,79,0,0,0,0,0
1612,M62812,M,297.96,306.76,24.81,33.61,1401,35.68,5,0,0,0,0,0
1613,L82288,L,301.96,311.32,28.81,38.17,1437,29.34,219,0,0,0,0,0
1614,L19852,L,299.5,307.89,26.35,34.74,1499,40.7,170,0,0,0,0,0
1615,L62449,L,300.42,311.1,27.27,37.95,1633,36.79,89,0,0,0,0,0
1616,M73267,M,297.31,307.7,24.16,34.55,1317,43.48,91,0,0,0,0,0
1617,H23411,H,303.7,314.26,30.55,41.11,1548,31.03,154,0,0,0,0,0
1618,M10023,M,302.38,311.43,29.23,38.28,1467,17.84,22,1,0,0,1,0
1619,L75599,L,299.6,308.4,26.45,35.25,1377,33.55,35,0,0,0,0,0
1620,M76810,M,299.19,309.24,26.04,36.09,1468,43.49,203,0,0,0,0,0
1621,L47472,L,302.06,312.12,28.91,38.97,1129,53.03,49,0,0,0,0,0
1622,L84904,L,303.96,313.82,30.81,40.67,1402,48.58,174,0,0,0,0,0
1623,L35536,L,301.91,311.62,28.76,38.47,1343,45.44,54,0,0,0,0,0
1624,H86581,H,304.34,316.05,31.19,42.9,1486,44.44,21,0,0,0,0,0
1625,L27243,L,298.16,308.58,25.01,35.43,1136,56.55,216,1,0,0,0,1
1626,M22718,M,298.36,310.33,25.21,37.18,1568,36.7,216,0,0,0,0,0
1627,L67224,L,297.62,308.89,24.47,35.74,1694,34.04,145,0,0,0,0,0
1628,L98461,L,300.88,312.59,27.73,39.44,1514,14.56,111,1,0,0,1,0
1629,L63984,L,300.35,309.28,27.2,36.13,1622,30.07,133,0,0,0,0,0
1630,L99620,L,299.7,310.29,26.55,37.14,1445,34.74,98,0,0,0,0,0
1631,M76217,M,301.62,311.19,28.47,38.04,1263,44.5,182,0,0,0,0,0
1632,L68132,L,302.46,310.8,29.31,37.65,1535,29.88,181,0,0,0,0,0
1633,M70737,M,296.95,308.44,23.8,35.29,1654,42.14,197,0,0,0,0,0
1634,M50723,M,298.81,308.51,25.66,35.36,1303,36.91,126,0,0,0,0,0
1635,H80658,H,301.64,310.59,28.49,37.44,1454,48.24,192,0,0,0,0,0
1636,L26034,L,299.06,308.65,25.91,35.5,1492,30.72,37,0,0,0,0,0
1637,L88734,L,298.4,307.61,25.25,34.46,2034,23.34,7,0,0,0,0,0
1638,L55880,L,302.04,311.34,28.89,38.19,1574,30.96,156,0,0,0,0,0
1639,H83436,H,297.42,307.2,24.27,34.05,1202,43.72,25,0,0,0,0,0
1640,H96330,H,299.4,311.13,26.25,37.98,1158,58.9,132,0,0,0,0,0
1641,L92746,L,300.66,309.99,27.51,36.84,1663,31.84,173,0,0,0,0,0
1642,M70688,M,298.85,310.51,25.7,37.36,1970,26.67,98,0,0,0,0,0
1643,L58906,L,301.57,312.42,28.42,39.27,1486,32.63,11,0,0,0,0,0
1644,M42641,M,298.86,309.26,25.71,36.11,1475,36.76,213,0,0,0,0,0
1645,L18073,L,302.82,313.57,29.67,40.42,1610,37.31,10,1,0,0,0,0
1646,M59262,M,299.75,309.76,26.6,36.61,1395,39.34,217,0,0,0,0,0
1647,L16357,L,301.34,312.63,28.19,39.48,1100,50.88,13,0,0,0,0,0
1648,M37664,M,301.49,312.06,28.34,38.91,1717,41.51,176,0,0,0,0,0
1649,M45929,M,298.74,307.08,25.59,33.93,1428,42.32,222,0,0,0,0,0
1650,M25662,M,295.89,306.19,22.74,33.04,1719,24.13,218,1,1,0,0,0
1651,L26066,L,300.72,311.51,27.57,38.36,1402,40.19,214,0,0,0,0,0
1652,L33205,L,300.14,309.86,26.99,36.71,1556,32.51,212,0,0,0,0,0
1653,L68418,L,301.11,311.24,27.96,38.09,1685,38.18,122,0,0,0,0,0
1654,L38539,L,299.55,308.93,26.4,35.78,1722,34.09,134,0,0,0,0,0
1655,L58917,L,299.14,307.76,25.99,34.61,1576,45.4,149,0,0,0,0,0
1656,H98275,H,304.02,312.47,30.87,39.32,1567,30.64,215,1,1,0,0,0
1657,L11506,L,297.06,305.52,23.91,32.37,1643,33.32,201,0,0,0,0,0
1658,L61258,L,301.47,312.14,28.32,38.99,1616,26.94,188,0,0,0,0,0
1659,L58334,L,298.85,306.36,25.7,33.21,1309,43.43,162,1,0,1,0,0
1660,L77572,L,299.33,308.66,26.18,35.51,1312,31.37,148,0,0,0,0,0
1661,M94325,M,299.37,308.6,26.22,35.45,1166,51.71,221,0,0,0,0,0
1662,L98585,L,298.39,308.11,25.24,34.96,1669,33.88,46,0,0,0,0,0
1663,H47590,H,301.14,309.29,27.99,36.14,1466,40.33,46,0,0,0,0,0
1664,L50312,L,302.78,313.19,29.63,40.04,1679,40.44,236,0,0,0,0,0
1665,H42005,H,300.94,309.67,27.79,36.52,1606,37.48,133,0,0,0,0,0
1666,M12206,M,300.21,311.34,27.06,38.19,1360,31.93,116,0,0,0,0,0
1667,L65183,L,298.03,307.41,24.88,34.26,1514,33.4,204,0,0,0,0,0
1668,H20019,H,301.03,310.94,27.88,37.79,1455,38.73,204,0,0,0,0,0
1669,L67052,L,304.31,314.32,31.16,41.17,1428,37.49,42,0,0,0,0,0
1670,M57051,M,299.24,309.48,26.09,36.33,1695,32.15,42,0,0,0,0,0
1671,L54579,L,299.25,309.29,26.1,36.14,1974,41.99,191,0,0,0,0,0
1672,M12092,M,298.88,308.45,25.73,35.3,1730,33.92,189,0,0,0,0,0
1673,M40103,M,299.02,309.36,25.87,36.21,1530,40.5,54,0,0,0,0,0
1674,M10218,M,294.51,304.98,21.36,31.83,1755,16.57,202,1,0,0,1,0
1675,M72432,M,300.81,310.04,27.66,36.89,1835,37.2,115,0,0,0,0,0
1676,L56994,L,298.31,308.74,25.16,35.59,1291,67.19,113,1,0,0,1,0
1677,L19664,L,296.78,307.97,23.63,34.82,1749,43.52,237,1,1,0,0,0
1678,L43884,L,301.51,312.21,28.36,39.06,1670,30.79,125,0,0,0,0,0
1679,L79932,L,297.84,308.77,24.69,35.62,1743,51.12,33,1,0,0,1,0
1680,M63546,M,299.32,309.49,26.17,36.34,1677,34.38,67,0,0,0,0,0
1681,L69323,L,302.93,312.0,29.78,38.85,1495,40.77,80,0,0,0,0,0
1682,H13062,H,297.18,306.37,24.03,33.22,1891,28.16,230,1,1,0,0,0
1683,M95469,M,296.93,307.25,23.78,34.1,1594,33.59,63,0,0,0,0,0
1684,M60712,M,300.54,311.48,27.39,38.33,1459,21.29,103,1,0,0,1,0
1685,L36208,L,302.3,315.08,29.15,41.93,1624,41.59,180,0,0,0,0,0
1686,M24113,M,296.85,307.83,23.7,34.68,1705,31.23,66,0,0,0,0,0
1687,H47005,H,300.82,309.64,27.67,36.49,1552,35.42,168,0,0,0,0,0
1688,L91817,L,301.16,310.39,28.01,37.24,1604,37.91,50,0,0,0,0,0
1689,M60705,M,295.88,308.16,22.73,35.01,1550,33.64,58,0,0,0,0,0
1690,M55853,M,301.6,311.38,28.45,38.23,1419,42.47,237,1,1,0,0,0
1691,L21248,L,301.75,311.8,28.6,38.65,1391,50.81,89,0,0,0,0,0
1692,L48044,L,299.38,308.42,26.23,35.27,1290,47.67,175,0,0,0,0,0
1693,L19068,L,302.5,314.07,29.35,40.92,1801,30.59,202,0,0,0,0,0
1694,L66385,L,302.27,312.77,29.12,39.62,1496,37.31,83,0,0,0,0,0
1695,L12187,L,300.21,309.43,27.06,36.28,1100,53.69,86,0,0,0,0,0
1696,L56625,L,299.1,308.1,25.95,34.95,1604,29.05,186,0,0,0,0,0
1697,L25397,L,298.05,308.36,24.9,35.21,1601,37.46,146,0,0,0,0,0
1698,L43376,L,299.92,309.97,26.77,36.82,1208,52.89,87,0,0,0,0,0
1699,H10069,H,301.14,311.97,27.99,38.82,1389,41.94,180,0,0,0,0,0
1700,L12747,L,299.35,309.9,26.2,36.75,1382,38.08,207,0,0,0,0,0
1701,H56932,H,295.6,305.34,22.45,32.19,1405,38.48,56,0,0,0,0,0
1702,L56456,L,302.54,311.99,29.39,38.84,1747,38.01,6,0,0,0,0,0
1703,L43466,L,300.38,310.22,27.23,37.07,1509,29.17,66,0,0,0,0,0
1704,L90200,L,299.24,308.69,26.09,35.54,1460,32.71,162,0,0,0,0,0
1705,L14308,L,301.71,311.58,28.56,38.43,1731,20.24,220,0,0,0,0,0
1706,L79449,L,303.05,313.07,29.9,39.92,1622,35.6,207,0,0,0,0,0
1707,M79942,M,294.4,303.5,21.25,30.35,1230,53.46,53,0,0,0,0,0
1708,L14815,L,300.87,311.5,27.72,38.35,1427,50.8,211,0,0,0,0,0
1709,M21631,M,297.15,306.78,24.0,33.63,1591,48.39,195,0,0,0,0,0
1710,M55906,M,301.0,310.16,27.85,37.01,1372,36.25,176,0,0,0,0,0
1711,L98949,L,300.26,309.9,27.11,36.75,1890,32.31,165,0,0,0,0,0
1712,L22575,L,301.27,311.51,28.12,38.36,1555,33.63,194,0,0,0,0,0
1713,M81435,M,299.0,309.08,25.85,35.93,1403,54.01,207,0,0,0,0,0
1714,L83367,L,296.25,306.68,23.1,33.53,1338,53.23,197,0,0,0,0,0
1715,L19641,L,299.1,310.0,25.95,36.85,1697,35.1,29,0,0,0,0,0
1716,H59778,H,300.81,312.12,27.66,38.97,1422,35.35,173,0,0,0,0,0
1717,L23226,L,302.03,312.32,28.88,39.17,1601,8.19,202,1,0,0,1,0
1718,M12038,M,297.66,306.59,24.51,33.44,1333,31.5,45,0,0,0,0,0
1719,H86073,H,302.05,311.79,28.9,38.64,1547,22.21,51,0,0,0,0,0
1720,L53744,L,298.7,307.7,25.55,34.55,1424,28.67,189,0,0,0,0,0
1721,L88581,L,300.72,312.42,27.57,39.27,1480,53.75,83,0,0,0,0,0
1722,L17669,L,298.98,310.97,25.83,37.82,1396,30.69,96,0,0,0,0,0
1723,L97324,L,300.36,311.01,27.21,37.86,1714,24.93,91,0,0,0,0,0
1724,L22673,L,301.78,312.64,28.63,39.49,1449,32.18,51,0,0,0,0,0
1725,M93445,M,297.55,307.8,24.4,34.65,1510,58.74,225,1,1,0,1,1
1726,L32142,L,298.64,309.01,25.49,35.86,1518,37.24,193,0,0,0,0,0
1727,L58824,L,300.37,308.77,27.22,35.62,1817,39.48,60,0,0,0,0,0
1728,H94159,H,304.8,314.73,31.65,41.58,1691,35.29,25,0,0,0,0,0
1729,M39479,M,298.27,307.39,25.12,34.24,1673,18.36,89,1,0,0,1,0
1730,M70298,M,304.08,314.36,30.93,41.21,1259,57.77,100,0,0,0,0,0
1731,L57410,L,304.01,313.95,30.86,40.8,1420,43.55,2,0,0,0,0,0
1732,M26562,M,299.81,311.75,26.66,38.6,1743,31.9,213,0,0,0,0,0
1733,L27915,L,299.4,310.32,26.25,37.17,1330,57.16,204,1,0,0,0,1
1734,L57306,L,298.62,308.9,25.47,35.75,1550,34.2,204,0,0,0,0,0
1735,L68334,L,299.86,309.6,26.71,36.45,1349,41.33,193,0,0,0,0,0
1736,M46790,M,297.19,308.86,24.04,35.71,1366,39.18,176,0,0,0,0,0
1737,L91584,L,299.85,309.82,26.7,36.67,1829,39.93,152,0,0,0,0,0
1738,L14789,L,302.99,313.33,29.84,40.18,1661,41.01,230,0,0,0,0,0
1739,L87553,L,298.78,308.82,25.63,35.67,1707,35.79,171,0,0,0,0,0
1740,L14938,L,299.52,309.11,26.37,35.96,1672,25.85,151,0,0,0,0,0
1741,M23260,M,296.6,306.63,23.45,33.48,1511,34.97,189,0,0,0,0,0
1742,M60932,M,300.75,308.79,27.6,35.64,1414,32.1,59,0,0,0,0,0
1743,M68444,M,300.53,308.98,27.38,35.83,1465,48.4,232,1,1,0,0,0
1744,L45394,L,300.13,310.48,26.98,37.33,1501,25.56,5,0,0,0,0,0
1745,L37791,L,299.57,311.13,26.42,37.98,1846,43.8,156,0,0,0,0,0
1746,L10537,L,299.41,309.76,26.26,36.61,1301,54.34,19,0,0,0,0,0
1747,L26333,L,301.0,310.28,27.85,37.13,1438,32.49,205,0,0,0,0,0
1748,L78452,L,299.94,308.5,26.79,35.35,1375,38.33,232,1,1,1,0,0
1749,M57461,M,300.63,311.41,27.48,38.26,1720,27.61,98,0,0,0,0,0
1750,L52382,L,300.43,309.86,27.28,36.71,1859,34.26,206,0,0,0,0,0
1751,L36811,L,302.25,312.89,29.1,39.74,1589,47.36,81,0,0,0,0,0
1752,L42552,L,301.35,311.74,28.2,38.59,1603,45.22,38,0,0,0,0,0
1753,L38069,L,300.39,310.86,27.24,37.71,1551,33.48,66,0,0,0,0,0
1754,L80713,L,303.04,313.07,29.89,39.92,1612,45.59,72,0,0,0,0,0
1755,H95295,H,300.84,311.22,27.69,38.07,1670,43.68,151,0,0,0,0,0
1756,M29775,M,302.61,312.49,29.46,39.34,1609,34.09,191,0,0,0,0,0
1757,H79423,H,301.21,310.58,28.06,37.43,1622,35.24,49,0,0,0,0,0
1758,L21082,L,296.32,305.35,23.17,32.2,1671,46.63,21,0,0,0,0,0
1759,L45688,L,302.61,310.22,29.46,37.07,1224,55.28,53,1,0,1,0,0
1760,L32080,L,300.27,310.09,27.12,36.94,1535,47.12,71,0,0,0,0,0
1761,L40943,L,299.9,311.42,26.75,38.27,1588,56.75,67,1,0,0,1,0
1762,M45577,M,300.56,311.29,27.41,38.14,1608,40.01,53,0,0,0,0,0
1763,L42563,L,299.31,309.54,26.16,36.39,1505,40.67,112,0,0,0,0,0
1764,L59798,L,300.45,309.72,27.3,36.57,1563,47.52,205,0,0,0,0,0
1765,L82893,L,298.82,309.81,25.67,36.66,1409,56.57,24,0,0,0,0,0
1766,L23709,L,302.55,312.43,29.4,39.28,1224,41.9,207,0,0,0,0,0
1767,M39800,M,299.77,311.35,26.62,38.2,1707,31.95,119,0,0,0,0,0
1768,L99745,L,299.23,308.25,26.08,35.1,1336,34.72,159,0,0,0,0,0
1769,L72092,L,298.15,307.4,25.0,34.25,1507,40.76,196,0,0,0,0,0
1770,L19688,L,300.54,309.69,27.39,36.54,1404,47.93,73,0,0,0,0,0
1771,L48243,L,300.37,308.89,27.22,35.74,1813,24.02,229,1,1,0,0,0
1772,M62733,M,300.78,309.84,27.63,36.69,1521,46.74,20,0,0,0,0,0
1773,M57012,M,297.95,308.05,24.8,34.9,1481,35.07,127,0,0,0,0,0
1774,H71104,H,296.8,306.09,23.65,32.94,1666,30.12,61,0,0,0,0,0
1775,M80608,M,301.25,307.39,28.1,34.24,1912,39.0,98,0,0,0,0,0
1776,L77209,L,302.97,314.04,29.82,40.89,1606,30.68,108,0,0,0,0,0
1777,M95071,M,297.95,306.26,24.8,33.11,1469,27.78,219,1,1,0,0,0
1778,L63485,L,303.18,313.77,30.03,40.62,1657,40.53,106,0,0,0,0,0
1779,L89638,L,300.57,310.6,27.42,37.45,1260,44.43,168,0,0,0,0,0
1780,M45470,M,299.99,312.1,26.84,38.95,1543,46.71,228,1,1,0,0,0
1781,L52054,L,299.2,310.2,26.05,37.05,1884,37.08,119,0,0,0,0,0
1782,H16818,H,297.23,306.73,24.08,33.58,1563,22.68,98,0,0,0,0,0
1783,L66273,L,301.98,311.27,28.83,38.12,1554,47.4,234,1,0,0,0,1
1784,M70089,M,298.45,309.95,25.3,36.8,1539,52.44,199,0,0,0,0,0
1785,M92632,M,298.44,306.96,25.29,33.81,1466,47.36,226,0,0,0,0,0
1786,M49713,M,301.98,312.17,28.83,39.02,1590,44.63,95,0,0,0,0,0
1787,M35655,M,296.23,306.1,23.08,32.95,1671,32.31,167,0,0,0,0,0
1788,M91196,M,296.95,306.61,23.8,33.46,1477,34.98,60,0,0,0,0,0
1789,L68772,L,299.96,310.32,26.81,37.17,1100,53.79,208,1,0,0,0,1
1790,L28879,L,300.59,310.78,27.44,37.63,1616,42.8,224,0,0,0,0,0
1791,L37861,L,300.97,311.43,27.82,38.28,1908,37.18,64,0,0,0,0,0
1792,M25745,M,299.4,309.54,26.25,36.39,1469,35.5,25,0,0,0,0,0
1793,L93115,L,305.06,315.48,31.91,42.33,1278,40.54,48,0,0,0,0,0
1794,M47849,M,299.54,309.64,26.39,36.49,1654,22.73,152,0,0,0,0,0
1795,L78435,L,299.54,308.88,26.39,35.73,1840,36.31,65,0,0,0,0,0
1796,L95160,L,298.41,308.41,25.26,35.26,1628,32.08,153,0,0,0,0,0
1797,M84574,M,300.25,309.53,27.1,36.38,1837,28.78,84,0,0,0,0,0
1798,L57783,L,301.23,310.45,28.08,37.3,1674,48.05,220,0,0,0,0,0
1799,L62281,L,302.41,312.07,29.26,38.92,1659,39.33,109,0,0,0,0,0
1800,L64499,L,297.02,306.9,23.87,33.75,1444,42.25,119,0,0,0,0,0
1801,H47014,H,299.51,309.54,26.36,36.39,1585,42.79,84,0,0,0,0,0
1802,M56587,M,300.89,311.81,27.74,38.66,1530,48.82,18,0,0,0,0,0
1803,L42801,L,301.17,310.68,28.02,37.53,1524,24.66,118,0,0,0,0,0
1804,L49321,L,300.01,310.21,26.86,37.06,1491,33.91,186,0,0,0,0,0
1805,L36183,L,301.08,311.2,27.93,38.05,1574,34.53,229,0,0,0,0,0
1806,M93975,M,298.38,307.77,25.23,34.62,1308,35.97,18,0,0,0,0,0
1807,M29305,M,303.12,313.19,29.97,40.04,1677,32.04,191,0,0,0,0,0
1808,L91015,L,301.99,312.99,28.84,39.84,1381,29.07,64,0,0,0,0,0
1809,L91349,L,297.31,307.5,24.16,34.35,1491,45.8,197,0,0,0,0,0
1810,L17914,L,297.85,308.08,24.7,34.93,1593,31.83,82,0,0,0,0,0
1811,M78897,M,297.91,307.2,24.76,34.05,1373,43.35,27,0,0,0,0,0
1812,M77499,M,301.36,313.32,28.21,40.17,1191,48.52,147,0,0,0,0,0
1813,L45162,L,297.43,306.78,24.28,33.63,1468,43.49,215,0,0,0,0,0
1814,L18529,L,299.34,307.67,26.19,34.52,1285,24.92,44,1,0,1,1,0
1815,L66769,L,300.91,311.77,27.76,38.62,1660,38.12,5,0,0,0,0,0
1816,H96936,H,299.87,309.75,26.72,36.6,1333,40.78,212,0,0,0,0,0
1817,L58303,L,300.52,310.21,27.37,37.06,1795,35.18,167,0,0,0,0,0
1818,M84180,M,297.87,307.32,24.72,34.17,1534,27.92,194,0,0,0,0,0
1819,M82306,M,301.19,313.06,28.04,39.91,1545,40.39,14,0,0,0,0,0
1820,L58920,L,298.77,309.13,25.62,35.98,1188,58.6,214,1,0,0,0,1
1821,L53947,L,299.35,309.9,26.2,36.75,1560,38.24,101,0,0,0,0,0
1822,L90598,L,300.48,310.64,27.33,37.49,1521,31.93,215,0,0,0,0,0
1823,M10387,M,300.21,310.48,27.06,37.33,1308,38.43,16,0,0,0,0,0
1824,M43630,M,300.05,311.45,26.9,38.3,1550,41.57,212,0,0,0,0,0
1825,M22654,M,298.5,308.25,25.35,35.1,1465,43.66,162,0,0,0,0,0
1826,L74419,L,299.4,307.94,26.25,34.79,1497,41.12,133,0,0,0,0,0
1827,L30240,L,300.0,310.87,26.85,37.72,1540,36.92,15,0,0,0,0,0
1828,H20364,H,297.25,307.75,24.1,34.6,1452,41.07,165,0,0,0,0,0
1829,M27295,M,299.07,309.18,25.92,36.03,1578,35.79,143,0,0,0,0,0
1830,L93772,L,300.78,311.25,27.63,38.1,1520,34.65,174,0,0,0,0,0
1831,H19857,H,297.45,307.07,24.3,33.92,1618,41.48,172,0,0,0,0,0
1832,M88306,M,302.31,312.33,29.16,39.18,1442,42.2,106,0,0,0,0,0
1833,L16390,L,302.54,312.41,29.39,39.26,1349,52.81,49,0,0,0,0,0
1834,M24352,M,297.51,306.92,24.36,33.77,1411,49.54,221,1,1,0,0,0
1835,M18380,M,302.72,313.9,29.57,40.75,1787,34.27,222,1,1,0,0,0
1836,M51046,M,299.71,308.3,26.56,35.15,1702,38.42,51,0,0,0,0,0
1837,L90170,L,300.84,313.2,27.69,40.05,1747,25.13,151,0,0,0,0,0
1838,L84321,L,299.01,309.88,25.86,36.73,1759,31.94,49,0,0,0,0,0
1839,H65073,H,301.85,310.07,28.7,36.92,1453,42.16,207,0,0,0,0,0
1840,L14602,L,300.81,310.59,27.66,37.44,1587,23.45,24,0,0,0,0,0
1841,L41187,L,298.37,308.2,25.22,35.05,1548,40.44,238,1,1,0,0,0
1842,L23895,L,297.67,308.06,24.52,34.91,1650,27.04,147,0,0,0,0,0
1843,L38268,L,297.08,306.09,23.93,32.94,1484,31.8,5,0,0,0,0,0
1844,M48395,M,300.38,310.41,27.23,37.26,1551,32.7,212,0,0,0,0,0
1845,H62153,H,301.14,311.02,27.99,37.87,1548,36.78,164,0,0,0,0,0
1846,L13613,L,301.3,310.56,28.15,37.41,1628,24.57,167,0,0,0,0,0
1847,L28235,L,299.76,308.89,26.61,35.74,1650,41.58,66,0,0,0,0,0
1848,L55237,L,297.69,308.6,24.54,35.45,1551,38.35,81,0,0,0,0,0
1849,M69220,M,298.64,306.94,25.49,33.79,1557,52.21,219,0,0,0,0,0
1850,M98499,M,302.3,312.78,29.15,39.63,1575,38.79,152,0,0,0,0,0
1851,L41419,L,299.03,309.83,25.88,36.68,1823,35.99,4,0,0,0,0,0
1852,M28736,M,300.29,310.07,27.14,36.92,1232,39.67,79,0,0,0,0,0
1853,M72892,M,297.85,307.9,24.7,34.75,1365,32.51,144,0,0,0,0,0
1854,M83561,M,300.67,311.84,27.52,38.69,1653,39.62,36,0,0,0,0,0
1855,H37059,H,299.08,308.38,25.93,35.23,1582,27.47,24,0,0,0,0,0
1856,L42771,L,302.09,311.49,28.94,38.34,1581,41.38,14,0,0,0,0,0
1857,M34728,M,301.55,311.05,28.4,37.9,1652,48.34,151,0,0,0,0,0
1858,L13668,L,299.01,310.17,25.86,37.02,1572,44.0,77,0,0,0,0,0
1859,M64335,M,299.75,311.04,26.6,37.89,1437,44.43,90,0,0,0,0,0
1860,M48935,M,298.9,307.5,25.75,34.35,1645,36.99,14,0,0,0,0,0
1861,M72528,M,297.16,308.17,24.01,35.02,1539,34.17,177,0,0,0,0,0
1862,M53059,M,298.29,309.1,25.14,35.95,1457,38.42,184,0,0,0,0,0
1863,L85954,L,300.4,311.95,27.25,38.8,1656,30.08,199,0,0,0,0,0
1864,L92801,L,300.65,311.04,27.5,37.89,1649,24.22,156,0,0,0,0,0
1865,H72708,H,300.3,310.25,27.15,37.1,1573,36.72,186,0,0,0,0,0
1866,H26408,H,299.4,310.54,26.25,37.39,1835,40.08,139,0,0,0,0,0
1867,L35284,L,301.87,312.57,28.72,39.42,1767,22.11,118,0,0,0,0,0
1868,L84379,L,300.13,312.37,26.98,39.22,1710,44.69,62,0,0,0,0,0
1869,L68595,L,301.41,312.37,28.26,39.22,1984,38.61,13,0,0,0,0,0
1870,M63779,M,296.45,306.61,23.3,33.46,1509,41.14,70,0,0,0,0,0
1871,M24747,M,292.16,300.98,19.01,27.83,1454,42.66,164,0,0,0,0,0
1872,L76322,L,300.57,309.99,27.42,36.84,1686,32.5,222,1,1,0,0,0
1873,L77571,L,297.15,305.71,24.0,32.56,1491,38.77,61,0,0,0,0,0
1874,M24261,M,299.58,309.36,26.43,36.21,1537,33.57,161,0,0,0,0,0
1875,M47949,M,299.4,310.32,26.25,37.17,1362,42.31,115,0,0,0,0,0
1876,L90242,L,303.17,313.17,30.02,40.02,1641,36.03,151,0,0,0,0,0
1877,L68118,L,300.8,311.82,27.65,38.67,1278,59.9,0,0,0,0,0,0
1878,L38926,L,300.33,310.67,27.18,37.52,1518,42.27,29,0,0,0,0,0
1879,L78188,L,301.67,311.27,28.52,38.12,1532,35.72,52,0,0,0,0,0
1880,L26040,L,300.74,310.82,27.59,37.67,1459,38.49,214,0,0,0,0,0
1881,M13042,M,299.08,309.56,25.93,36.41,1227,40.97,10,0,0,0,0,0
1882,M18527,M,302.14,312.28,28.99,39.13,1226,42.34,137,0,0,0,0,0
1883,M28088,M,297.78,307.93,24.63,34.78,1404,48.08,223,1,1,0,0,0
1884,M78580,M,300.65,309.88,27.5,36.73,1629,31.21,156,0,0,0,0,0
1885,L23790,L,296.9,306.47,23.75,33.32,1586,31.2,116,0,0,0,0,0
1886,L41907,L,300.41,312.67,27.26,39.52,1532,32.66,93,0,0,0,0,0
1887,L78606,L,300.39,311.61,27.24,38.46,1380,35.68,150,0,0,0,0,0
1888,L65434,L,303.35,311.88,30.2,38.73,1595,44.95,115,0,0,0,0,0
1889,M48294,M,296.87,304.5,23.72,31.35,1220,48.1,169,1,0,1,0,0
1890,H51227,H,298.8,308.87,25.65,35.72,1116,49.1,148,0,0,0,0,0
1891,L11474,L,301.65,312.54,28.5,39.39,1492,38.62,136,0,0,0,0,0
1892,L33891,L,300.67,310.15,27.52,37.0,1439,41.54,230,0,0,0,0,0
1893,M97510,M,300.36,311.38,27.21,38.23,1712,27.48,201,0,0,0,0,0
1894,L79216,L,298.09,308.15,24.94,35.0,1563,25.55,146,0,0,0,0,0
1895,L54993,L,298.82,308.66,25.67,35.51,1824,42.12,129,0,0,0,0,0
1896,M33551,M,302.49,313.25,29.34,40.1,1439,47.72,174,0,0,0,0,0
1897,M13306,M,299.9,309.37,26.75,36.22,1620,38.39,193,0,0,0,0,0
1898,L93748,L,300.75,310.46,27.6,37.31,1491,45.79,71,0,0,0,0,0
1899,L19495,L,299.77,310.44,26.62,37.29,1777,47.56,160,0,0,0,0,0
1900,M39694,M,297.63,307.6,24.48,34.45,1499,33.93,32,0,0,0,0,0
1901,L74210,L,301.87,313.78,28.72,40.63,1685,25.05,103,0,0,0,0,0
1902,L94100,L,301.01,311.7,27.86,38.55,1346,47.85,225,1,1,0,0,0
1903,M93145,M,304.61,315.24,31.46,42.09,1462,27.45,78,0,0,0,0,0
1904,L93250,L,297.97,307.92,24.82,34.77,1520,37.99,37,0,0,0,0,0
1905,M55422,M,301.65,312.52,28.5,39.37,1756,30.24,35,0,0,0,0,0
1906,L46423,L,297.38,307.05,24.23,33.9,1150,55.19,94,0,0,0,0,0
1907,H91169,H,300.31,310.6,27.16,37.45,1477,34.94,54,0,0,0,0,0
1908,L43143,L,301.95,311.04,28.8,37.89,1471,48.55,102,0,0,0,0,0
1909,L11656,L,295.86,306.9,22.71,33.75,1172,42.93,173,0,0,0,0,0
1910,L46199,L,299.59,309.88,26.44,36.73,1454,45.06,213,0,0,0,0,0
1911,L81836,L,298.87,310.86,25.72,37.71,1265,39.95,26,0,0,0,0,0
1912,M29705,M,298.6,310.99,25.45,37.84,1127,55.22,184,0,0,0,0,0
1913,H65628,H,300.77,311.53,27.62,38.38,1489,30.36,25,0,0,0,0,0
1914,L11064,L,302.24,312.31,29.09,39.16,1483,38.44,91,0,0,0,0,0
1915,L76304,L,299.73,308.79,26.58,35.64,1492,48.98,239,1,0,0,0,1
1916,M43854,M,300.41,311.32,27.26,38.17,1579,37.2,16,0,0,0,0,0
1917,M12536,M,300.23,310.44,27.08,37.29,1381,50.95,5,0,0,0,0,0
1918,L24969,L,300.0,310.54,26.85,37.39,1848,30.79,80,0,0,0,0,0
1919,L86369,L,297.82,309.55,24.67,36.4,1529,33.43,228,0,0,0,0,0
1920,L41823,L,302.22,311.39,29.07,38.24,1760,33.93,5,0,0,0,0,0
1921,M26407,M,300.59,309.67,27.44,36.52,1241,51.12,53,0,0,0,0,0
1922,L92430,L,300.79,310.55,27.64,37.4,1389,26.01,145,0,0,0,0,0
1923,M15125,M,298.39,309.21,25.24,36.06,1655,38.8,56,0,0,0,0,0
1924,L92658,L,299.08,309.64,25.93,36.49,1495,30.8,13,0,0,0,0,0
1925,M22248,M,299.65,308.75,26.5,35.6,1347,33.02,13,0,0,0,0,0
1926,L91041,L,296.93,307.69,23.78,34.54,1213,51.53,134,0,0,0,0,0
1927,L45652,L,296.62,305.42,23.47,32.27,1663,45.15,135,0,0,0,0,0
1928,L77117,L,298.8,307.96,25.65,34.81,1649,36.48,170,0,0,0,0,0
1929,M17287,M,301.05,310.93,27.9,37.78,1578,25.48,32,0,0,0,0,0
1930,L56946,L,298.69,308.14,25.54,34.99,1448,34.2,120,0,0,0,0,0
1931,L83133,L,297.96,308.85,24.81,35.7,1340,39.41,144,0,0,0,0,0
1932,L56729,L,298.37,308.66,25.22,35.51,1526,39.12,53,0,0,0,0,0
1933,L47201,L,299.09,310.85,25.94,37.7,1305,43.34,131,0,0,0,0,0
1934,M11814,M,299.29,309.05,26.14,35.9,1403,44.79,170,0,0,0,0,0
1935,M85812,M,304.33,314.21,31.18,41.06,1756,40.63,238,1,1,0,0,0
1936,M75623,M,302.11,313.32,28.96,40.17,1211,50.07,143,0,0,0,0,0
1937,L10159,L,302.05,311.96,28.9,38.81,1654,41.83,207,0,0,0,0,0
1938,M47536,M,302.34,313.83,29.19,40.68,1796,29.74,200,0,0,0,0,0
1939,L14011,L,298.0,308.54,24.85,35.39,1678,60.52,226,1,0,0,1,1
1940,L91893,L,297.56,305.2,24.41,32.05,1605,40.13,174,0,0,0,0,0
1941,L81751,L,297.79,308.96,24.64,35.81,1454,44.88,51,0,0,0,0,0
1942,L22460,L,302.67,313.58,29.52,40.43,1422,54.35,72,0,0,0,0,0
1943,M43422,M,298.91,309.86,25.76,36.71,1142,50.9,188,0,0,0,0,0
1944,M27893,M,297.5,305.59,24.35,32.44,1541,32.01,125,0,0,0,0,0
1945,M80310,M,299.14,308.48,25.99,35.33,1465,49.57,60,0,0,0,0,0
1946,L52015,L,299.52,308.93,26.37,35.78,1413,51.47,158,0,0,0,0,0
1947,L59898,L,300.54,309.7,27.39,36.55,1531,38.64,218,0,0,0,0,0
1948,L54338,L,300.5,312.24,27.35,39.09,1546,51.14,86,0,0,0,0,0
1949,L27961,L,298.34,308.33,25.19,35.18,1424,39.58,143,0,0,0,0,0
1950,L43129,L,301.37,311.33,28.22,38.18,1817,38.99,140,0,0,0,0,0
1951,L17729,L,298.72,309.27,25.57,36.12,1663,46.58,30,0,0,0,0,0
1952,L56622,L,299.69,310.26,26.54,37.11,1692,34.65,22,0,0,0,0,0
1953,L86499,L,301.37,308.04,28.22,34.89,1517,41.43,213,0,0,0,0,0
1954,M31527,M,298.72,308.07,25.57,34.92,1624,43.48,224,0,0,0,0,0
1955,H61338,H,298.86,307.45,25.71,34.3,1378,38.64,217,1,1,1,0,0
1956,H61875,H,301.18,311.58,28.03,38.43,1652,28.18,95,0,0,0,0,0
1957,M95711,M,298.28,308.0,25.13,34.85,1499,48.88,69,0,0,0,0,0
1958,L16594,L,299.23,309.25,26.08,36.1,1356,44.7,226,0,0,0,0,0
1959,M87837,M,301.11,309.03,27.96,35.88,1531,33.38,212,0,0,0,0,0
1960,M40562,M,304.11,313.8,30.96,40.65,1484,39.36,197,0,0,0,0,0
1961,L94972,L,301.21,312.33,28.06,39.18,1942,33.58,80,0,0,0,0,0
1962,L50808,L,300.95,312.35,27.8,39.2,1611,23.01,153,0,0,0,0,0
1963,M68106,M,301.06,311.78,27.91,38.63,1811,37.36,180,0,0,0,0,0
1964,L64610,L,297.85,306.52,24.7,33.37,1733,36.33,138,0,0,0,0,0
1965,L26266,L,300.23,311.49,27.08,38.34,1542,50.41,144,0,0,0,0,0
1966,L70283,L,299.94,310.66,26.79,37.51,1457,37.56,182,0,0,0,0,0
1967,L17404,L,300.64,310.53,27.49,37.38,1230,57.58,184,0,0,0,0,0
1968,L30673,L,300.23,308.21,27.08,35.06,1383,41.08,58,0,0,0,0,0
1969,L43132,L,300.76,311.71,27.61,38.56,1651,35.82,94,0,0,0,0,0
1970,L95837,L,299.38,308.78,26.23,35.63,1482,40.91,187,0,0,0,0,0
1971,L23175,L,300.12,310.46,26.97,37.31,1601,52.54,63,0,0,0,0,0
1972,M94505,M,297.54,307.61,24.39,34.46,1180,38.65,220,0,0,0,0,0
1973,L47452,L,299.36,310.9,26.21,37.75,1614,39.45,201,0,0,0,0,0
1974,L54050,L,302.78,312.66,29.63,39.51,1727,33.52,215,0,0,0,0,0
1975,L17245,L,300.64,310.62,27.49,37.47,1224,46.57,71,0,0,0,0,0
1976,H83001,H,299.96,311.54,26.81,38.39,1600,40.47,25,0,0,0,0,0
1977,L93049,L,303.79,313.13,30.64,39.98,1770,41.22,24,0,0,0,0,0
1978,L29416,L,297.28,308.09,24.13,34.94,1829,35.58,133,0,0,0,0,0
1979,M68018,M,297.78,307.58,24.63,34.43,1447,49.48,73,0,0,0,0,0
1980,M27065,M,303.43,312.42,30.28,39.27,1671,32.27,63,0,0,0,0,0
1981,L33335,L,300.09,310.09,26.94,36.94,1785,31.71,53,0,0,0,0,0
1982,M12479,M,299.51,310.21,26.36,37.06,1605,27.69,135,0,0,0,0,0
1983,L12912,L,297.6,308.96,24.45,35.81,1760,48.42,132,0,0,0,0,0
1984,L74905,L,300.9,312.37,27.75,39.22,1529,35.99,101,0,0,0,0,0
1985,L30069,L,301.09,310.79,27.94,37.64,1604,33.34,33,0,0,0,0,0
1986,L22972,L,297.81,306.82,24.66,33.67,1426,45.03,223,0,0,0,0,0
1987,M98150,M,299.72,309.4,26.57,36.25,1506,46.9,103,0,0,0,0,0
1988,L39030,L,299.33,308.15,26.18,35.0,1611,30.03,30,0,0,0,0,0
1989,L38747,L,300.51,310.29,27.36,37.14,1413,50.04,9,0,0,0,0,0
1990,M74578,M,297.76,307.42,24.61,34.27,1496,35.88,37,0,0,0,0,0
1991,M56192,M,302.5,313.23,29.35,40.08,1668,45.79,71,0,0,0,0,0
1992,L38180,L,301.83,309.63,28.68,36.48,1894,25.92,151,0,0,0,0,0
1993,M99019,M,299.27,308.54,26.12,35.39,1176,54.59,233,1,1,0,0,1
1994,L18776,L,299.57,308.84,26.42,35.69,1881,30.8,65,0,0,0,0,0
1995,M33083,M,299.73,310.91,26.58,37.76,1490,29.45,190,0,0,0,0,0
1996,M63820,M,298.44,307.33,25.29,34.18,1704,22.3,219,0,0,0,0,0
1997,H11627,H,299.11,309.34,25.96,36.19,1738,27.02,94,0,0,0,0,0
1998,L91022,L,299.46,309.33,26.31,36.18,1809,39.62,61,0,0,0,0,0
1999,L46558,L,303.23,314.27,30.08,41.12,1408,25.16,118,0,0,0,0,0
2000,L13034,L,301.89,312.49,28.74,39.34,1496,40.98,215,1,1,0,0,0
2001,L66694,L,301.87,311.99,28.72,38.84,1526,39.53,3,0,0,0,0,0
2002,L42323,L,300.74,310.19,27.59,37.04,1472,25.45,117,0,0,0,0,0
2003,H40036,H,297.77,305.91,24.62,32.76,1766,26.07,182,0,0,0,0,0
2004,L50070,L,299.92,310.16,26.77,37.01,1522,31.27,144,0,0,0,0,0
2005,L58765,L,301.94,312.47,28.79,39.32,1252,46.19,119,0,0,0,0,0
2006,M95163,M,297.48,305.91,24.33,32.76,1424,51.96,133,0,0,0,0,0
2007,L66184,L,301.27,310.04,28.12,36.89,1259,54.12,149,0,0,0,0,0
2008,M74973,M,304.65,314.9,31.5,41.75,1495,35.44,164,0,0,0,0,0
2009,L85359,L,302.12,312.46,28.97,39.31,1653,28.03,85,0,0,0,0,0
2010,L49502,L,302.83,311.84,29.68,38.69,1420,27.87,124,0,0,0,0,0
2011,L53833,L,300.44,309.86,27.29,36.71,1464,36.1,66,0,0,0,0,0
2012,L17837,L,301.94,310.1,28.79,36.95,1487,31.34,236,0,0,0,0,0
2013,H40383,H,298.56,309.94,25.41,36.79,1560,36.45,45,0,0,0,0,0
2014,L69374,L,301.59,310.29,28.44,37.14,1625,35.27,36,0,0,0,0,0
2015,L99111,L,301.31,311.85,28.16,38.7,1676,30.38,65,0,0,0,0,0
2016,L45280,L,300.58,310.54,27.43,37.39,1930,26.05,221,1,1,0,0,0
2017,L91232,L,302.63,313.92,29.48,40.77,1557,31.26,158,0,0,0,0,0
2018,M29558,M,298.92,308.13,25.77,34.98,1664,30.34,109,0,0,0,0,0
2019,L64276,L,299.63,309.69,26.48,36.54,1257,57.06,222,1,0,0,0,1
2020,M35014,M,300.19,308.49,27.04,35.34,1469,43.16,216,1,1,0,0,0
2021,H83002,H,297.94,306.0,24.79,32.85,1488,42.76,96,0,0,0,0,0
2022,L79332,L,300.45,311.05,27.3,37.9,1357,50.32,135,0,0,0,0,0
2023,H26508,H,296.56,304.78,23.41,31.63,1441,47.14,217,0,0,0,0,0
2024,L61357,L,302.09,311.87,28.94,38.72,1516,49.19,77,0,0,0,0,0
2025,L82003,L,300.09,311.1,26.94,37.95,1447,44.31,98,0,0,0,0,0
2026,L51668,L,298.96,309.7,25.81,36.55,1990,30.43,190,0,0,0,0,0
2027,M19620,M,298.33,307.67,25.18,34.52,1625,30.54,168,0,0,0,0,0
2028,H22051,H,299.53,307.94,26.38,34.79,1885,23.8,12,0,0,0,0,0
2029,L11427,L,301.38,311.89,28.23,38.74,1796,38.96,28,0,0,0,0,0
2030,M75828,M,301.1,312.44,27.95,39.29,1423,39.37,203,0,0,0,0,0
2031,L99424,L,298.59,307.93,25.44,34.78,1542,26.29,7,0,0,0,0,0
2032,L99928,L,298.31,307.5,25.16,34.35,1459,22.53,221,1,1,0,1,0
2033,L20207,L,301.31,310.79,28.16,37.64,1507,55.21,65,0,0,0,0,0
2034,H78080,H,298.56,309.13,25.41,35.98,1364,34.11,144,0,0,0,0,0
2035,M29606,M,300.12,311.35,26.97,38.2,1458,33.81,135,0,0,0,0,0
2036,L94179,L,300.25,309.01,27.1,35.86,1598,45.68,95,0,0,0,0,0
2037,L66072,L,300.62,309.13,27.47,35.98,1593,26.29,8,0,0,0,0,0
2038,L33769,L,301.72,314.06,28.57,40.91,1579,40.53,46,0,0,0,0,0
2039,L40419,L,297.47,307.3,24.32,34.15,1525,52.16,148,0,0,0,0,0
2040,L11246,L,296.18,306.43,23.03,33.28,1686,50.9,107,0,0,0,0,0
2041,M21985,M,298.87,308.17,25.72,35.02,1490,34.87,99,0,0,0,0,0
2042,L55268,L,303.6,314.09,30.45,40.94,1779,32.12,23,0,0,0,0,0
2043,L23402,L,304.04,315.0,30.89,41.85,1212,44.12,83,0,0,0,0,0
2044,L71758,L,303.66,313.96,30.51,40.81,1650,34.58,126,0,0,0,0,0
2045,M14121,M,299.61,311.35,26.46,38.2,1620,45.74,19,0,0,0,0,0
2046,M74747,M,296.44,306.11,23.29,32.96,1417,29.24,16,0,0,0,0,0
2047,L43849,L,295.31,305.05,22.16,31.9,1473,44.09,118,0,0,0,0,0
2048,M31099,M,298.77,309.0,25.62,35.85,1616,33.88,135,0,0,0,0,0
2049,L78638,L,299.6,310.07,26.45,36.92,1695,44.75,62,0,0,0,0,0
2050,L32124,L,302.6,312.83,29.45,39.68,1229,57.15,78,0,0,0,0,0
2051,L24019,L,301.74,310.45,28.59,37.3,1645,31.57,191,0,0,0,0,0
2052,L59780,L,300.45,310.77,27.3,37.62,1455,38.49,209,0,0,0,0,0
2053,L25652,L,298.22,307.85,25.07,34.7,1732,40.22,78,0,0,0,0,0
2054,H38095,H,298.08,307.5,24.93,34.35,1213,55.1,85,0,0,0,0,0
2055,M35646,M,300.51,310.54,27.36,37.39,1963,9.41,199,1,0,0,1,0
2056,M20950,M,301.39,310.43,28.24,37.28,1380,48.64,234,0,0,0,0,0
2057,L46079,L,300.78,309.65,27.63,36.5,1785,45.27,77,0,0,0,0,0
2058,L37408,L,297.93,305.32,24.78,32.17,1523,39.67,189,0,0,0,0,0
2059,M97433,M,301.3,313.05,28.15,39.9,1392,48.77,115,0,0,0,0,0
2060,L21452,L,300.85,311.41,27.7,38.26,1581,46.46,63,0,0,0,0,0
2061,L72605,L,297.86,307.74,24.71,34.59,1715,35.18,164,0,0,0,0,0
2062,L83719,L,298.43,307.76,25.28,34.61,1263,51.87,111,0,0,0,0,0
2063,M34556,M,301.38,308.5,28.23,35.35,1658,34.66,64,0,0,0,0,0
2064,L17889,L,299.53,308.8,26.38,35.65,1533,36.96,26,0,0,0,0,0
2065,L78720,L,303.18,313.89,30.03,40.74,1636,29.73,208,0,0,0,0,0
2066,M57496,M,301.0,311.94,27.85,38.79,1537,38.66,211,0,0,0,0,0
2067,L50954,L,299.03,309.67,25.88,36.52,1435,55.02,18,0,0,0,0,0
2068,L77293,L,299.98,310.14,26.83,36.99,1340,35.53,159,0,0,0,0,0
2069,L66461,L,300.13,311.43,26.98,38.28,1653,39.6,39,0,0,0,0,0
2070,L80428,L,298.54,308.21,25.39,35.06,1652,37.26,155,0,0,0,0,0
2071,M18330,M,298.17,309.26,25.02,36.11,1651,46.5,218,1,1,0,0,0
2072,L50334,L,301.4,311.02,28.25,37.87,1610,48.89,62,0,0,0,0,0
2073,L92957,L,301.69,310.81,28.54,37.66,1700,26.3,84,0,0,0,0,0
2074,M23950,M,301.21,310.2,28.06,37.05,1781,27.58,191,0,0,0,0,0
2075,M15122,M,303.03,311.97,29.88,38.82,1207,43.33,176,0,0,0,0,0
2076,M77211,M,298.92,309.58,25.77,36.43,1125,47.05,98,0,0,0,0,0
2077,L45597,L,303.35,312.61,30.2,39.46,1836,28.03,204,0,0,0,0,0
2078,L31800,L,298.2,307.17,25.05,34.02,1300,46.84,221,0,0,0,0,0
2079,H70112,H,297.97,308.69,24.82,35.54,1345,35.79,109,0,0,0,0,0
2080,M32255,M,296.48,306.81,23.33,33.66,1485,32.91,9,0,0,0,0,0
2081,L23153,L,299.11,310.07,25.96,36.92,1246,39.68,122,0,0,0,0,0
2082,L17587,L,298.99,309.51,25.84,36.36,1468,42.96,178,0,0,0,0,0
2083,L52776,L,301.05,310.3,27.9,37.15,1369,41.34,53,0,0,0,0,0
2084,H90117,H,300.49,310.56,27.34,37.41,1494,36.42,24,0,0,0,0,0
2085,L59951,L,297.61,307.74,24.46,34.59,1584,29.44,68,0,0,0,0,0
2086,L69798,L,299.21,308.3,26.06,35.15,1475,26.02,3,0,0,0,0,0
2087,L78520,L,299.26,308.15,26.11,35.0,1466,52.13,172,0,0,0,0,0
2088,M32991,M,296.45,305.77,23.3,32.62,1580,33.95,35,0,0,0,0,0
2089,M20185,M,298.04,310.07,24.89,36.92,1718,55.04,174,1,0,0,1,0
2090,L19272,L,298.46,308.05,25.31,34.9,1816,37.74,56,1,0,0,0,0
2091,M53681,M,302.87,314.1,29.72,40.95,1497,52.91,238,1,0,0,0,1
2092,H23624,H,300.38,309.91,27.23,36.76,1854,38.85,128,0,0,0,0,0
2093,L58120,L,301.32,312.21,28.17,39.06,1688,35.2,10,0,0,0,0,0
2094,L24235,L,297.0,307.91,23.85,34.76,1319,38.64,185,0,0,0,0,0
2095,L98114,L,302.39,313.34,29.24,40.19,1314,35.78,98,0,0,0,0,0
2096,M43767,M,302.6,312.99,29.45,39.84,1434,48.91,146,0,0,0,0,0
2097,L24465,L,296.0,307.38,22.85,34.23,1788,34.17,228,1,1,0,0,0
2098,M18866,M,298.59,308.97,25.44,35.82,1447,44.52,124,0,0,0,0,0
2099,M34623,M,300.99,312.71,27.84,39.56,1204,54.11,193,0,0,0,0,0
2100,L62486,L,301.29,309.67,28.14,36.52,1495,41.17,73,0,0,0,0,0
2101,H47324,H,298.64,308.99,25.49,35.84,1188,44.44,171,0,0,0,0,0
2102,L76886,L,299.39,309.67,26.24,36.52,1350,50.53,24,0,0,0,0,0
2103,L45261,L,298.81,307.87,25.66,34.72,1432,38.42,214,0,0,0,0,0
2104,M67579,M,300.22,310.8,27.07,37.65,1561,37.42,48,0,0,0,0,0
2105,M89509,M,302.39,310.9,29.24,37.75,1714,39.16,72,0,0,0,0,0
2106,L38827,L,298.46,307.8,25.31,34.65,1656,34.12,230,0,0,0,0,0
2107,M11089,M,302.0,310.0,28.85,36.85,1329,28.58,37,1,0,1,0,0
2108,H51007,H,298.44,310.0,25.29,36.85,1470,47.3,61,0,0,0,0,0
2109,L86195,L,298.3,308.07,25.15,34.92,1548,47.04,139,0,0,0,0,0
2110,H15655,H,301.64,313.8,28.49,40.65,1489,23.83,235,1,1,0,0,0
2111,L13743,L,301.84,312.65,28.69,39.5,1488,30.16,166,0,0,0,0,0
2112,L48741,L,301.7,312.15,28.55,39.0,1234,62.64,27,0,0,0,0,0
2113,L35577,L,297.37,306.78,24.22,33.63,1333,44.83,180,0,0,0,0,0
2114,M82133,M,299.07,308.02,25.92,34.87,1464,39.15,102,0,0,0,0,0
2115,M58726,M,301.65,312.17,28.5,39.02,1100,48.68,238,0,0,0,0,0
2116,L65213,L,300.08,310.01,26.93,36.86,1647,26.54,151,0,0,0,0,0
2117,L10461,L,297.85,306.51,24.7,33.36,1295,42.7,128,0,0,0,0,0
2118,M79686,M,300.92,309.4,27.77,36.25,1655,42.41,134,0,0,0,0,0
2119,L24397,L,298.57,307.61,25.42,34.46,1640,34.82,154,0,0,0,0,0
2120,M16805,M,303.59,315.41,30.44,42.26,1440,44.68,176,0,0,0,0,0
2121,M16635,M,303.09,315.3,29.94,42.15,1710,47.63,19,0,0,0,0,0
2122,L40167,L,301.21,311.41,28.06,38.26,1665,29.77,31,0,0,0,0,0
2123,H97629,H,302.72,312.87,29.57,39.72,1481,41.11,72,0,0,0,0,0
2124,L58152,L,300.13,309.79,26.98,36.64,1461,47.25,115,0,0,0,0,0
2125,H99562,H,301.53,310.6,28.38,37.45,1727,25.71,75,0,0,0,0,0
2126,M15797,M,302.96,314.33,29.81,41.18,1576,37.79,51,0,0,0,0,0
2127,M27229,M,300.49,312.36,27.34,39.21,1718,48.33,222,1,1,0,0,0
2128,L17252,L,299.49,308.6,26.34,35.45,1117,48.58,8,0,0,0,0,0
2129,M23776,M,296.59,306.51,23.44,33.36,1552,45.46,225,0,0,0,0,0
2130,L95453,L,299.83,309.38,26.68,36.23,1259,44.38,218,1,1,0,0,0
2131,L87408,L,301.65,311.23,28.5,38.08,1530,51.83,164,0,0,0,0,0
2132,L53449,L,301.89,313.08,28.74,39.93,1660,21.35,8,0,0,0,0,0
2133,L74496,L,301.01,309.7,27.86,36.55,1839,31.67,54,0,0,0,0,0
2134,L57337,L,298.92,309.38,25.77,36.23,1371,29.97,235,0,0,0,0,0
2135,M99977,M,296.05,306.77,22.9,33.62,1443,34.1,217,0,0,0,0,0
2136,M70810,M,299.01,308.87,25.86,35.72,1518,32.08,231,1,1,0,0,0
2137,L27899,L,299.39,310.28,26.24,37.13,1364,39.86,239,0,0,0,0,0
2138,M34796,M,299.37,309.52,26.22,36.37,1706,24.07,15,0,0,0,0,0
2139,L82644,L,301.24,312.45,28.09,39.3,1523,37.05,137,0,0,0,0,0
2140,M19047,M,303.97,312.45,30.82,39.3,1556,40.5,200,0,0,0,0,0
2141,M24217,M,300.25,309.9,27.1,36.75,1644,22.61,77,0,0,0,0,0
2142,L49169,L,299.57,309.49,26.42,36.34,1522,32.55,105,0,0,0,0,0
2143,M13855,M,299.48,306.81,26.33,33.66,1392,61.49,68,0,0,0,0,0
2144,L94751,L,300.25,309.16,27.1,36.01,1524,40.23,9,0,0,0,0,0
2145,L16564,L,298.34,307.53,25.19,34.38,1385,26.82,17,0,0,0,0,0
2146,M96326,M,300.24,311.19,27.09,38.04,1554,25.67,5,0,0,0,0,0
2147,L68422,L,300.9,310.19,27.75,37.04,1709,35.32,127,0,0,0,0,0
2148,L38887,L,300.42,309.6,27.27,36.45,1329,43.9,148,0,0,0,0,0
2149,L89186,L,300.92,311.73,27.77,38.58,1267,40.53,74,0,0,0,0,0
2150,M99383,M,300.87,309.25,27.72,36.1,1544,54.66,198,0,0,0,0,0
2151,L42522,L,296.46,304.38,23.31,31.23,1401,61.86,213,1,0,0,1,1
2152,L79863,L,301.27,310.91,28.12,37.76,1541,35.08,34,0,0,0,0,0
2153,M95124,M,298.66,307.21,25.51,34.06,1591,42.99,12,0,0,0,0,0
2154,M12068,M,297.81,306.4,24.66,33.25,1160,56.78,77,1,0,1,0,0
2155,L76102,L,297.79,308.36,24.64,35.21,1656,43.05,171,0,0,0,0,0
2156,L88739,L,300.87,311.74,27.72,38.59,1330,37.95,122,0,0,0,0,0
2157,L21217,L,299.55,310.34,26.4,37.19,1531,52.94,117,0,0,0,0,0
2158,L73457,L,296.64,307.74,23.49,34.59,1420,39.81,37,0,0,0,0,0
2159,L43302,L,300.96,312.2,27.81,39.05,1438,43.21,84,0,0,0,0,0
2160,M94946,M,297.12,304.99,23.97,31.84,1831,31.3,230,1,1,0,0,0
2161,M11021,M,300.28,310.73,27.13,37.58,1591,34.9,82,0,0,0,0,0
2162,M12545,M,300.48,309.95,27.33,36.8,1693,36.06,142,0,0,0,0,0
2163,L27252,L,301.77,311.02,28.62,37.87,1561,27.21,14,0,0,0,0,0
2164,M17340,M,303.56,314.12,30.41,40.97,1644,19.09,15,1,0,0,1,0
2165,L96049,L,297.27,305.54,24.12,32.39,1608,33.92,102,0,0,0,0,0
2166,H90316,H,299.9,308.14,26.75,34.99,1580,29.23,145,0,0,0,0,0
2167,M26191,M,299.45,310.08,26.3,36.93,1729,37.52,89,0,0,0,0,0
2168,L22202,L,300.87,311.36,27.72,38.21,1562,40.14,43,0,0,0,0,0
2169,M18555,M,300.43,310.57,27.28,37.42,1935,29.72,177,0,0,0,0,0
2170,L41787,L,299.29,308.41,26.14,35.26,1703,45.49,34,0,0,0,0,0
2171,M20350,M,299.12,309.86,25.97,36.71,1336,42.85,160,0,0,0,0,0
2172,L80606,L,297.77,308.45,24.62,35.3,1504,26.43,230,1,1,0,0,0
2173,L76453,L,301.98,312.06,28.83,38.91,1604,33.92,113,0,0,0,0,0
2174,M13728,M,300.92,309.74,27.77,36.59,1543,46.51,48,0,0,0,0,0
2175,L43065,L,301.84,311.41,28.69,38.26,1655,19.54,202,1,0,0,1,0
2176,M88342,M,299.38,310.22,26.23,37.07,1674,33.46,121,0,0,0,0,0
2177,L30415,L,298.69,310.01,25.54,36.86,1297,48.78,222,1,1,0,0,0
2178,M55299,M,297.84,307.52,24.69,34.37,1759,53.79,173,1,0,0,1,0
2179,M56259,M,300.72,310.47,27.57,37.32,1448,49.23,103,0,0,0,0,0
2180,L85672,L,297.92,307.76,24.77,34.61,1431,41.11,148,0,0,0,0,0
2181,L36809,L,303.7,313.97,30.55,40.82,1430,44.23,41,0,0,0,0,0
2182,L36389,L,297.38,306.8,24.23,33.65,1677,18.99,93,1,0,0,1,0
2183,L81113,L,300.55,307.65,27.4,34.5,1488,30.1,143,0,0,0,0,0
2184,L23105,L,303.13,314.33,29.98,41.18,1419,45.59,142,0,0,0,0,0
2185,M61885,M,301.2,312.99,28.05,39.84,1461,40.51,141,0,0,0,0,0
2186,H91679,H,300.35,309.74,27.2,36.59,1221,49.24,178,0,0,0,0,0
2187,M61370,M,298.06,307.0,24.91,33.85,1388,41.56,25,0,0,0,0,0
2188,M90508,M,297.24,307.1,24.09,33.95,1318,43.43,18,0,0,0,0,0
2189,M50605,M,301.54,311.35,28.39,38.2,1488,39.33,36,0,0,0,0,0
2190,M96448,M,303.01,314.01,29.86,40.86,1651,26.25,190,0,0,0,0,0
2191,L93494,L,299.12,309.18,25.97,36.03,1632,33.28,16,0,0,0,0,0
2192,H68821,H,297.72,306.93,24.57,33.78,1755,22.7,54,0,0,0,0,0
2193,M21647,M,295.08,303.77,21.93,30.62,1716,28.43,61,0,0,0,0,0
2194,L72309,L,298.04,308.9,24.89,35.75,1442,49.29,155,0,0,0,0,0
2195,L63971,L,299.77,310.37,26.62,37.22,1538,35.8,96,0,0,0,0,0
2196,L16822,L,303.2,314.26,30.05,41.11,1529,42.23,48,0,0,0,0,0
2197,L69781,L,301.35,310.38,28.2,37.23,1159,50.38,108,0,0,0,0,0
2198,M48790,M,300.61,312.45,27.46,39.3,1322,40.26,165,0,0,0,0,0
2199,L85857,L,299.2,307.46,26.05,34.31,1506,29.98,189,0,0,0,0,0
2200,L50676,L,298.83,309.54,25.68,36.39,1505,34.88,30,0,0,0,0,0
2201,H43002,H,302.81,310.9,29.66,37.75,1625,36.73,172,0,0,0,0,0
2202,L36266,L,300.4,309.61,27.25,36.46,1616,40.09,1,0,0,0,0,0
2203,L80550,L,295.79,307.36,22.64,34.21,1225,47.75,174,0,0,0,0,0
2204,L36844,L,298.65,309.48,25.5,36.33,1626,40.44,159,0,0,0,0,0
2205,M77031,M,298.28,307.74,25.13,34.59,1566,24.42,112,0,0,0,0,0
2206,H61416,H,298.91,308.39,25.76,35.24,1644,41.78,33,0,0,0,0,0
2207,L96739,L,301.13,311.23,27.98,38.08,1722,24.25,183,0,0,0,0,0
2208,M23741,M,299.79,310.3,26.64,37.15,1510,45.81,17,0,0,0,0,0
2209,L38180,L,299.85,311.1,26.7,37.95,1753,36.7,215,0,0,0,0,0
2210,H32055,H,302.63,312.17,29.48,39.02,1379,26.58,186,0,0,0,0,0
2211,M79735,M,298.61,307.0,25.46,33.85,1369,47.73,178,1,0,1,0,0
2212,M51775,M,303.73,313.89,30.58,40.74,1610,43.55,181,0,0,0,0,0
2213,L74169,L,298.66,308.2,25.51,35.05,1470,49.03,16,0,0,0,0,0
2214,H79293,H,300.18,308.88,27.03,35.73,1581,30.1,238,0,0,0,0,0
2215,M37475,M,299.44,309.74,26.29,36.59,1884,31.85,206,0,0,0,0,0
2216,L50129,L,300.25,310.03,27.1,36.88,1604,41.28,122,0,0,0,0,0
2217,M31180,M,300.89,311.2,27.74,38.05,1572,42.34,173,0,0,0,0,0
2218,L71070,L,300.87,309.97,27.72,36.82,1383,44.71,177,0,0,0,0,0
2219,M14377,M,298.49,308.98,25.34,35.83,1238,42.89,199,0,0,0,0,0
2220,L52370,L,297.75,306.44,24.6,33.29,1522,45.54,61,0,0,0,0,0
2221,M56481,M,305.01,314.18,31.86,41.03,1722,41.23,89,0,0,0,0,0
2222,L25891,L,299.03,308.79,25.88,35.64,1478,37.52,192,0,0,0,0,0
2223,L71399,L,301.4,313.14,28.25,39.99,1605,29.42,185,0,0,0,0,0
2224,L55114,L,296.78,307.57,23.63,34.42,1785,26.28,125,0,0,0,0,0
2225,L30968,L,299.44,310.52,26.29,37.37,1780,43.1,95,0,0,0,0,0
2226,L42982,L,299.75,311.16,26.6,38.01,1610,43.19,232,1,1,0,0,0
2227,L40822,L,300.95,314.55,27.8,41.4,1565,36.46,100,0,0,0,0,0
2228,L51609,L,294.56,304.6,21.41,31.45,1269,43.55,183,0,0,0,0,0
2229,L94437,L,300.33,311.75,27.18,38.6,1425,26.07,99,0,0,0,0,0
2230,L56675,L,297.7,308.71,24.55,35.56,1486,37.89,74,0,0,0,0,0
2231,M98048,M,300.65,311.64,27.5,38.49,1386,31.81,154,0,0,0,0,0
2232,L71359,L,297.93,309.7,24.78,36.55,1578,37.57,194,0,0,0,0,0
2233,H45097,H,298.29,307.87,25.14,34.72,1870,40.13,236,0,0,0,0,0
2234,M95936,M,299.45,308.95,26.3,35.8,1801,23.98,36,0,0,0,0,0
2235,M54171,M,297.9,308.22,24.75,35.07,1578,38.23,210,0,0,0,0,0
2236,L90198,L,299.05,308.87,25.9,35.72,1671,42.26,126,0,0,0,0,0
2237,M69836,M,297.61,307.93,24.46,34.78,1407,42.47,26,0,0,0,0,0
2238,L72816,L,296.33,307.9,23.18,34.75,1791,27.8,191,0,0,0,0,0
2239,L52347,L,302.04,311.56,28.89,38.41,1262,45.5,80,0,0,0,0,0
2240,L24781,L,297.41,307.1,24.26,33.95,1695,41.47,208,0,0,0,0,0
2241,M60705,M,299.64,309.82,26.49,36.67,1622,37.43,38,0,0,0,0,0
2242,L76296,L,301.51,311.28,28.36,38.13,1403,40.82,171,0,0,0,0,0
2243,L30271,L,298.77,306.86,25.62,33.71,1498,47.49,72,0,0,0,0,0
2244,H28859,H,298.35,307.77,25.2,34.62,1337,46.99,62,0,0,0,0,0
2245,M35129,M,300.45,311.14,27.3,37.99,1344,33.01,12,0,0,0,0,0
2246,L10970,L,302.24,313.67,29.09,40.52,1257,50.65,116,0,0,0,0,0
2247,L90715,L,297.66,306.51,24.51,33.36,1669,41.92,94,0,0,0,0,0
2248,M86195,M,299.7,308.54,26.55,35.39,1746,22.92,15,0,0,0,0,0
2249,L66201,L,296.54,306.57,23.39,33.42,1157,31.38,54,0,0,0,0,0
2250,L63221,L,299.21,307.14,26.06,33.99,1857,22.52,117,0,0,0,0,0
2251,L28788,L,300.07,309.62,26.92,36.47,1533,36.56,194,0,0,0,0,0
2252,H98812,H,298.29,306.55,25.14,33.4,1586,44.21,223,1,1,0,0,0
2253,M63416,M,299.09,310.46,25.94,37.31,1277,37.73,124,0,0,0,0,0
2254,M92398,M,297.18,306.41,24.03,33.26,1766,36.88,97,0,0,0,0,0
2255,M49042,M,300.15,311.81,27.0,38.66,1570,13.35,229,1,0,0,1,0
2256,L51591,L,302.11,313.22,28.96,40.07,1734,34.48,231,1,1,0,0,0
2257,L49087,L,297.81,307.16,24.66,34.01,1749,29.51,46,0,0,0,0,0
2258,L70464,L,298.75,307.68,25.6,34.53,1769,49.18,128,1,0,0,1,0
2259,L73910,L,301.01,310.81,27.86,37.66,1422,25.17,197,0,0,0,0,0
2260,L86280,L,302.42,312.32,29.27,39.17,1499,38.12,197,0,0,0,0,0
2261,M25098,M,297.01,307.36,23.86,34.21,1428,24.94,164,0,0,0,0,0
2262,M75002,M,299.66,308.89,26.51,35.74,1692,29.47,113,0,0,0,0,0
2263,M42911,M,300.57,311.31,27.42,38.16,1593,22.35,97,0,0,0,0,0
2264,L80556,L,299.8,310.06,26.65,36.91,1722,51.68,194,1,0,0,1,0
2265,M56448,M,295.05,304.71,21.9,31.56,1730,30.28,54,0,0,0,0,0
2266,M22891,M,301.0,310.29,27.85,37.14,1233,44.79,103,0,0,0,0,0
2267,L13515,L,303.04,312.85,29.89,39.7,1771,32.0,136,0,0,0,0,0
2268,M23045,M,300.23,309.42,27.08,36.27,1701,24.62,200,0,0,0,0,0
2269,L73079,L,297.94,308.0,24.79,34.85,1470,47.41,90,0,0,0,0,0
2270,L80489,L,298.97,309.06,25.82,35.91,1596,41.02,132,0,0,0,0,0
2271,L32805,L,303.54,313.8,30.39,40.65,1513,45.2,67,0,0,0,0,0
2272,L28328,L,301.82,313.59,28.67,40.44,1643,25.13,201,0,0,0,0,0
2273,L64103,L,301.28,311.15,28.13,38.0,1470,48.06,189,0,0,0,0,0
2274,M46102,M,300.71,311.72,27.56,38.57,1619,43.55,197,0,0,0,0,0
2275,H65188,H,298.68,308.91,25.53,35.76,1547,35.18,14,0,0,0,0,0
2276,M46928,M,299.6,309.36,26.45,36.21,1459,46.42,117,0,0,0,0,0
2277,M33425,M,299.84,309.72,26.69,36.57,1568,38.72,33,0,0,0,0,0
2278,L23553,L,301.1,311.04,27.95,37.89,2009,15.77,162,1,0,0,1,0
2279,M78368,M,303.02,313.3,29.87,40.15,1415,39.03,75,0,0,0,0,0
2280,L16875,L,302.24,311.28,29.09,38.13,1491,34.57,186,0,0,0,0,0
2281,L54020,L,297.16,305.7,24.01,32.55,1418,41.09,16,0,0,0,0,0
2282,L27554,L,300.45,311.1,27.3,37.95,1436,48.06,123,0,0,0,0,0
2283,L66285,L,301.47,312.37,28.32,39.22,1678,21.02,30,0,0,0,0,0
2284,L87623,L,301.24,311.98,28.09,38.83,1660,30.96,134,0,0,0,0,0
2285,L36780,L,298.74,308.9,25.59,35.75,1534,30.78,146,0,0,0,0,0
2286,L96785,L,305.83,316.6,32.68,43.45,1715,27.19,111,0,0,0,0,0
2287,H26927,H,297.45,308.16,24.3,35.01,1674,27.65,67,0,0,0,0,0
2288,L70142,L,297.83,308.62,24.68,35.47,1507,38.58,8,0,0,0,0,0
2289,L60797,L,300.47,309.61,27.32,36.46,1267,49.42,159,0,0,0,0,0
2290,L17842,L,304.23,313.14,31.08,39.99,1680,36.89,209,0,0,0,0,0
2291,M90456,M,298.33,307.94,25.18,34.79,1565,38.1,176,0,0,0,0,0
2292,L79409,L,299.47,309.45,26.32,36.3,1539,42.21,214,0,0,0,0,0
2293,L84731,L,302.15,311.91,29.0,38.76,1453,58.46,223,1,0,0,0,1
2294,L54744,L,299.96,308.09,26.81,34.94,1665,35.49,108,0,0,0,0,0
2295,L99279,L,299.33,311.05,26.18,37.9,1596,44.07,168,0,0,0,0,0
2296,L47934,L,301.13,310.86,27.98,37.71,1494,46.08,95,0,0,0,0,0
2297,L88600,L,300.55,310.72,27.4,37.57,1321,57.61,221,1,0,0,0,1
2298,L69308,L,302.06,313.31,28.91,40.16,1722,37.76,135,0,0,0,0,0
2299,L27883,L,302.58,310.24,29.43,37.09,1641,28.16,181,0,0,0,0,0
2300,L27888,L,300.61,310.1,27.46,36.95,1580,38.71,3,0,0,0,0,0
2301,M77495,M,300.58,310.2,27.43,37.05,1100,54.1,138,0,0,0,0,0
2302,L38612,L,300.43,310.09,27.28,36.94,1528,44.01,178,0,0,0,0,0
2303,L24765,L,300.98,310.8,27.83,37.65,1493,31.39,62,0,0,0,0,0
2304,L13501,L,300.11,311.56,26.96,38.41,1427,50.29,3,0,0,0,0,0
2305,H75640,H,300.0,310.67,26.85,37.52,1667,34.41,178,0,0,0,0,0
2306,L94702,L,302.39,313.35,29.24,40.2,1660,41.23,81,0,0,0,0,0
2307,L25529,L,303.03,313.08,29.88,39.93,1611,38.03,103,0,0,0,0,0
2308,M79172,M,296.98,305.59,23.83,32.44,1717,34.36,135,0,0,0,0,0
2309,L40956,L,300.02,307.94,26.87,34.79,1356,44.12,26,1,0,1,0,0
2310,L79280,L,298.62,307.09,25.47,33.94,1456,44.74,25,0,0,0,0,0
2311,L49286,L,299.38,309.74,26.23,36.59,1548,52.68,231,1,1,0,0,1
2312,M81829,M,300.81,310.84,27.66,37.69,1426,24.04,81,0,0,0,0,0
2313,L66121,L,301.34,311.13,28.19,37.98,1662,38.79,61,0,0,0,0,0
2314,M61719,M,299.78,309.41,26.63,36.26,1444,40.04,11,0,0,0,0,0
2315,H61080,H,296.17,308.19,23.02,35.04,1762,31.1,42,0,0,0,0,0
2316,L23194,L,298.07,307.25,24.92,34.1,1372,22.85,103,1,0,0,1,0
2317,L28398,L,301.79,312.72,28.64,39.57,1908,34.67,82,0,0,0,0,0
2318,L40940,L,294.52,304.52,21.37,31.37,1890,29.31,102,0,0,0,0,0
2319,L17126,L,302.37,312.31,29.22,39.16,1518,31.06,169,0,0,0,0,0
2320,L93236,L,301.04,312.22,27.89,39.07,1736,33.35,154,0,0,0,0,0
2321,H60802,H,302.63,314.09,29.48,40.94,1465,36.77,118,0,0,0,0,0
2322,M63619,M,299.6,309.36,26.45,36.21,1712,19.52,196,0,0,0,0,0
2323,M85951,M,295.88,306.68,22.73,33.53,1504,38.8,206,0,0,0,0,0
2324,L34150,L,300.86,311.22,27.71,38.07,1310,48.38,142,0,0,0,0,0
2325,M11672,M,302.55,312.56,29.4,39.41,1100,47.69,28,0,0,0,0,0
2326,H32573,H,301.85,312.05,28.7,38.9,1488,40.6,97,0,0,0,0,0
2327,M24033,M,298.67,307.99,25.52,34.84,1584,37.04,152,0,0,0,0,0
2328,L17389,L,300.17,309.87,27.02,36.72,1768,40.77,15,0,0,0,0,0
2329,M66591,M,298.93,308.35,25.78,35.2,1541,36.34,5,0,0,0,0,0
2330,L61215,L,298.36,309.26,25.21,36.11,1711,39.91,228,1,1,0,0,0
2331,L39271,L,301.91,311.82,28.76,38.67,1456,36.86,175,0,0,0,0,0
2332,L75423,L,297.6,306.31,24.45,33.16,1476,54.56,37,0,0,0,0,0
2333,M39808,M,298.21,307.49,25.06,34.34,1719,29.83,107,0,0,0,0,0
2334,M52298,M,297.79,304.59,24.64,31.44,1104,46.43,46,1,0,1,0,0
2335,L44213,L,297.02,306.53,23.87,33.38,1537,36.47,2,0,0,0,0,0
2336,L25805,L,300.29,310.33,27.14,37.18,1465,33.29,94,0,0,0,0,0
2337,L22538,L,302.32,312.19,29.17,39.04,1773,22.32,156,0,0,0,0,0
2338,L93920,L,299.63,311.61,26.48,38.46,1443,45.54,229,0,0,0,0,0
2339,L37828,L,296.99,307.56,23.84,34.41,1625,10.75,185,1,0,0,1,0
2340,L25907,L,301.68,312.21,28.53,39.06,1696,28.04,55,0,0,0,0,0
2341,M70457,M,303.37,311.73,30.22,38.58,1274,34.25,81,1,0,1,0,0
2342,L86341,L,298.71,308.34,25.56,35.19,1511,39.07,125,0,0,0,0,0
2343,L86238,L,299.04,308.56,25.89,35.41,1459,21.75,46,1,0,0,1,0
2344,L96067,L,301.03,310.25,27.88,37.1,1701,38.07,200,0,0,0,0,0
2345,H83103,H,303.24,312.44,30.09,39.29,1653,39.91,40,0,0,0,0,0
2346,M10239,M,298.96,307.15,25.81,34.0,1494,25.28,70,0,0,0,0,0
2347,M70435,M,297.34,306.06,24.19,32.91,1352,43.91,139,0,0,0,0,0
2348,L28553,L,301.26,312.14,28.11,38.99,1717,37.5,30,0,0,0,0,0
2349,L28043,L,301.6,311.46,28.45,38.31,1523,45.14,150,0,0,0,0,0
2350,L66677,L,300.01,309.51,26.86,36.36,1252,34.02,227,1,1,0,0,0
2351,M32158,M,298.88,308.88,25.73,35.73,1267,32.35,166,0,0,0,0,0
2352,H14391,H,301.99,313.16,28.84,40.01,1612,47.57,195,0,0,0,0,0
2353,M48986,M,301.06,311.06,27.91,37.91,1312,37.1,105,0,0,0,0,0
2354,M92401,M,298.46,309.0,25.31,35.85,1860,26.58,88,0,0,0,0,0
2355,M40507,M,300.1,309.25,26.95,36.1,1371,46.86,79,0,0,0,0,0
2356,L82504,L,297.3,306.68,24.15,33.53,1535,27.97,159,0,0,0,0,0
2357,H76929,H,301.37,311.73,28.22,38.58,1563,34.53,124,0,0,0,0,0
2358,L56023,L,299.48,311.37,26.33,38.22,1407,47.85,113,0,0,0,0,0
2359,L45774,L,299.13,310.56,25.98,37.41,1143,38.76,24,0,0,0,0,0
2360,L60529,L,299.93,310.52,26.78,37.37,1568,32.53,162,0,0,0,0,0
2361,L40868,L,300.08,310.23,26.93,37.08,1403,31.82,174,0,0,0,0,0
2362,L76547,L,301.79,313.19,28.64,40.04,1555,30.65,47,0,0,0,0,0
2363,L78289,L,301.18,311.98,28.03,38.83,1514,47.34,182,0,0,0,0,0
2364,L77474,L,299.69,307.39,26.54,34.24,1581,47.48,211,0,0,0,0,0
2365,L22429,L,301.53,310.47,28.38,37.32,1808,33.75,42,0,0,0,0,0
2366,L57716,L,300.8,311.14,27.65,37.99,1439,44.06,108,0,0,0,0,0
2367,L56355,L,299.15,307.36,26.0,34.21,1453,43.47,210,0,0,0,0,0
2368,L32556,L,299.75,308.85,26.6,35.7,1243,40.7,117,0,0,0,0,0
2369,L26842,L,299.7,309.0,26.55,35.85,1501,40.08,196,0,0,0,0,0
2370,M15939,M,301.01,310.75,27.86,37.6,1607,25.3,52,0,0,0,0,0
2371,M56666,M,299.27,308.98,26.12,35.83,1450,31.84,15,0,0,0,0,0
2372,M38410,M,299.22,308.93,26.07,35.78,1608,34.94,14,0,0,0,0,0
2373,M54873,M,303.94,314.76,30.79,41.61,1504,29.61,233,0,0,0,0,0
2374,L75647,L,301.88,311.61,28.73,38.46,1307,33.65,40,0,0,0,0,0
2375,M60169,M,298.48,308.09,25.33,34.94,1590,30.35,208,0,0,0,0,0
2376,L85144,L,301.14,309.79,27.99,36.64,1499,47.39,76,0,0,0,0,0
2377,L26956,L,300.24,311.26,27.09,38.11,1556,49.27,10,0,0,0,0,0
2378,M58069,M,300.78,310.11,27.63,36.96,1436,39.65,58,0,0,0,0,0
2379,L86619,L,300.27,309.19,27.12,36.04,1420,45.0,121,0,0,0,0,0
2380,M15888,M,302.38,312.59,29.23,39.44,1563,32.16,26,0,0,0,0,0
2381,M94553,M,300.69,309.92,27.54,36.77,1495,21.81,221,1,1,0,1,0
2382,M16444,M,299.88,309.35,26.73,36.2,1837,24.05,216,0,0,0,0,0
2383,H92856,H,302.08,312.34,28.93,39.19,1675,31.74,36,0,0,0,0,0
2384,L91176,L,300.47,310.14,27.32,36.99,1630,36.27,177,0,0,0,0,0
2385,L94428,L,300.24,312.55,27.09,39.4,1504,37.29,111,0,0,0,0,0
2386,L80047,L,300.63,310.55,27.48,37.4,1180,46.28,236,0,0,0,0,0
2387,L79253,L,299.81,310.43,26.66,37.28,1394,36.51,13,0,0,0,0,0
2388,M87682,M,300.02,308.08,26.87,34.93,1422,43.05,113,0,0,0,0,0
2389,M95818,M,298.83,307.97,25.68,34.82,1487,27.62,69,0,0,0,0,0
2390,M60813,M,298.5,307.41,25.35,34.26,1529,43.89,174,0,0,0,0,0
2391,L66663,L,298.0,307.05,24.85,33.9,1650,30.04,27,0,0,0,0,0
2392,L64319,L,297.22,307.63,24.07,34.48,1583,52.74,151,0,0,0,0,0
2393,L75532,L,298.24,309.28,25.09,36.13,1738,30.45,228,0,0,0,0,0
2394,L32665,L,299.65,310.0,26.5,36.85,1480,34.86,109,0,0,0,0,0
2395,M37181,M,300.21,309.98,27.06,36.83,1580,31.76,109,0,0,0,0,0
2396,L42232,L,299.46,308.83,26.31,35.68,1595,32.16,119,0,0,0,0,0
2397,L39001,L,295.29,306.4,22.14,33.25,1578,41.17,100,0,0,0,0,0
2398,L58647,L,303.15,315.22,30.0,42.07,1759,32.23,107,0,0,0,0,0
2399,M16481,M,302.17,312.31,29.02,39.16,1676,42.09,111,0,0,0,0,0
2400,M25947,M,300.89,311.83,27.74,38.68,1304,47.65,240,1,1,0,0,0
2401,L76800,L,303.81,314.16,30.66,41.01,1515,38.07,28,0,0,0,0,0
2402,L79017,L,298.05,308.8,24.9,35.65,1533,40.37,68,0,0,0,0,0
2403,L25370,L,303.78,312.61,30.63,39.46,1912,39.54,51,0,0,0,0,0
2404,L97219,L,298.07,307.58,24.92,34.43,1477,44.04,131,0,0,0,0,0
2405,M94125,M,300.48,310.87,27.33,37.72,1363,44.28,1,0,0,0,0,0
2406,M21437,M,297.45,308.66,24.3,35.51,1612,38.93,221,1,1,0,0,0
2407,L99728,L,300.03,309.21,26.88,36.06,1622,26.1,127,0,0,0,0,0
2408,L96707,L,300.77,308.74,27.62,35.59,1522,58.22,215,1,1,0,1,1
2409,H16683,H,299.69,309.19,26.54,36.04,1496,42.51,83,0,0,0,0,0
2410,L59342,L,301.43,312.44,28.28,39.29,1701,38.71,36,0,0,0,0,0
2411,M30211,M,300.2,308.61,27.05,35.46,1386,41.12,46,0,0,0,0,0
2412,L49993,L,298.96,307.78,25.81,34.63,1475,20.46,113,1,0,0,1,0
2413,L29116,L,298.87,309.02,25.72,35.87,1444,37.57,10,0,0,0,0,0
2414,L26296,L,301.62,311.51,28.47,38.36,1726,33.79,188,0,0,0,0,0
2415,L93749,L,298.69,309.29,25.54,36.14,1585,29.57,190,0,0,0,0,0
2416,H81148,H,301.83,310.6,28.68,37.45,1349,35.83,168,0,0,0,0,0
2417,L64707,L,302.45,312.12,29.3,38.97,1366,39.22,215,0,0,0,0,0
2418,L63293,L,296.66,307.86,23.51,34.71,1863,36.93,132,0,0,0,0,0
2419,L22596,L,302.27,311.07,29.12,37.92,1725,43.27,115,0,0,0,0,0
2420,L37011,L,304.12,315.6,30.97,42.45,1682,35.43,127,0,0,0,0,0
2421,L34193,L,300.5,309.44,27.35,36.29,1537,32.74,44,0,0,0,0,0
2422,L42062,L,301.2,312.05,28.05,38.9,1799,28.95,123,0,0,0,0,0
2423,M93580,M,302.07,311.7,28.92,38.55,1342,43.49,130,0,0,0,0,0
2424,L58032,L,299.45,308.3,26.3,35.15,1667,36.12,184,0,0,0,0,0
2425,L29064,L,300.36,309.87,27.21,36.72,1457,42.79,84,0,0,0,0,0
2426,H28383,H,297.37,307.92,24.22,34.77,1491,34.9,22,0,0,0,0,0
2427,L66121,L,300.28,310.27,27.13,37.12,1662,38.71,143,0,0,0,0,0
2428,H10347,H,301.0,312.11,27.85,38.96,1510,41.55,189,0,0,0,0,0
2429,L58877,L,301.03,312.47,27.88,39.32,1459,36.11,233,1,1,0,0,0
2430,M84849,M,302.13,310.95,28.98,37.8,1448,25.8,22,0,0,0,0,0
2431,M98266,M,298.45,307.19,25.3,34.04,1187,41.17,179,0,0,0,0,0
2432,M55202,M,298.93,307.63,25.78,34.48,1669,46.88,143,0,0,0,0,0
2433,H67948,H,303.79,312.89,30.64,39.74,1359,28.62,4,0,0,0,0,0
2434,L63623,L,299.7,310.8,26.55,37.65,1860,41.34,172,0,0,0,0,0
2435,H82305,H,300.4,310.96,27.25,37.81,1485,24.76,6,0,0,0,0,0
2436,L16187,L,299.87,309.32,26.72,36.17,1764,26.29,188,0,0,0,0,0
2437,L24565,L,298.36,308.35,25.21,35.2,1218,44.03,173,0,0,0,0,0
2438,L35886,L,303.25,314.65,30.1,41.5,1663,48.71,165,0,0,0,0,0
2439,L78418,L,298.94,310.85,25.79,37.7,1708,33.75,29,0,0,0,0,0
2440,L49047,L,297.75,308.0,24.6,34.85,1763,30.78,221,0,0,0,0,0
2441,L87384,L,299.1,306.44,25.95,33.29,1268,37.72,216,1,0,1,0,0
2442,L86596,L,296.0,306.29,22.85,33.14,1412,44.75,216,0,0,0,0,0
2443,M46622,M,298.7,309.63,25.55,36.48,1636,30.92,86,0,0,0,0,0
2444,M67351,M,298.06,308.29,24.91,35.14,1561,34.87,118,0,0,0,0,0
2445,L93191,L,301.23,311.96,28.08,38.81,1586,33.25,28,0,0,0,0,0
2446,L60896,L,298.65,309.01,25.5,35.86,1472,44.68,12,0,0,0,0,0
2447,L76289,L,301.78,310.54,28.63,37.39,1806,37.81,14,0,0,0,0,0
2448,L67567,L,302.8,311.91,29.65,38.76,1991,21.65,137,0,0,0,0,0
2449,L73867,L,301.56,311.24,28.41,38.09,1553,31.87,77,0,0,0,0,0
2450,L58064,L,299.57,310.63,26.42,37.48,1614,29.68,139,0,0,0,0,0
2451,L18701,L,300.28,309.52,27.13,36.37,1545,38.56,142,0,0,0,0,0
2452,H22845,H,296.95,307.41,23.8,34.26,1760,39.81,218,0,0,0,0,0
2453,L37398,L,299.73,310.04,26.58,36.89,1680,35.68,212,0,0,0,0,0
2454,L72548,L,298.28,309.87,25.13,36.72,1348,24.97,172,0,0,0,0,0
2455,L68530,L,301.39,311.35,28.24,38.2,1428,46.21,196,0,0,0,0,0
2456,L32119,L,305.15,313.39,32.0,40.24,1358,31.39,1,1,0,1,0,0
2457,L29503,L,301.0,311.65,27.85,38.5,2007,22.83,4,0,0,0,0,0
2458,M63694,M,296.02,308.16,22.87,35.01,1646,36.39,110,0,0,0,0,0
2459,L88524,L,299.28,309.99,26.13,36.84,1431,39.37,157,0,0,0,0,0
2460,L78192,L,300.24,309.46,27.09,36.31,1417,47.42,191,0,0,0,0,0
2461,H33243,H,300.17,309.09,27.02,35.94,1676,29.3,107,0,0,0,0,0
2462,M79004,M,298.54,307.59,25.39,34.44,1693,26.1,226,0,0,0,0,0
2463,M74820,M,300.49,312.49,27.34,39.34,1675,31.72,196,0,0,0,0,0
2464,L42837,L,297.51,307.19,24.36,34.04,1461,47.05,25,0,0,0,0,0
2465,M30452,M,298.11,307.45,24.96,34.3,1589,41.11,106,0,0,0,0,0
2466,L32722,L,301.29,311.13,28.14,37.98,1554,37.56,239,1,1,0,0,0
2467,L15479,L,297.97,307.65,24.82,34.5,1371,52.39,98,0,0,0,0,0
2468,L27293,L,301.08,312.64,27.93,39.49,1373,50.89,93,0,0,0,0,0
2469,L94720,L,297.26,306.25,24.11,33.1,1607,41.96,71,0,0,0,0,0
2470,L34240,L,303.53,314.71,30.38,41.56,1569,27.08,117,0,0,0,0,0
2471,L31952,L,298.45,308.57,25.3,35.42,1632,41.38,175,0,0,0,0,0
2472,H19059,H,299.55,310.76,26.4,37.61,1673,32.62,11,0,0,0,0,0
2473,H61953,H,300.66,312.24,27.51,39.09,1797,28.72,201,0,0,0,0,0
2474,M13808,M,298.87,308.95,25.72,35.8,1399,35.49,220,0,0,0,0,0
2475,L50663,L,300.29,309.97,27.14,36.82,1645,33.45,187,0,0,0,0,0
2476,M94057,M,301.15,311.22,28.0,38.07,1666,29.38,220,1,1,0,0,0
2477,L87961,L,301.92,311.83,28.77,38.68,1480,40.06,23,0,0,0,0,0
2478,M22838,M,301.58,309.93,28.43,36.78,1556,35.43,108,0,0,0,0,0
2479,L33929,L,299.66,311.21,26.51,38.06,1485,40.35,17,0,0,0,0,0
2480,M95833,M,299.71,309.95,26.56,36.8,1904,34.52,201,0,0,0,0,0
2481,L60245,L,304.7,313.54,31.55,40.39,1553,34.53,229,0,0,0,0,0
2482,M26708,M,301.9,309.83,28.75,36.68,1614,29.6,71,0,0,0,0,0
2483,H30664,H,298.16,305.83,25.01,32.68,1489,22.43,128,1,0,0,1,0
2484,L96062,L,300.2,310.97,27.05,37.82,1451,45.65,71,0,0,0,0,0
2485,L86975,L,299.33,308.71,26.18,35.56,1307,44.46,91,0,0,0,0,0
2486,H43724,H,299.73,309.27,26.58,36.12,1727,31.76,114,0,0,0,0,0
2487,L96407,L,297.54,308.03,24.39,34.88,1669,43.69,190,0,0,0,0,0
2488,M16601,M,299.18,308.66,26.03,35.51,1482,28.34,35,0,0,0,0,0
2489,L48680,L,303.62,314.17,30.47,41.02,1377,42.05,38,0,0,0,0,0
2490,L40065,L,301.16,311.25,28.01,38.1,1566,28.86,48,0,0,0,0,0
2491,L93299,L,295.02,304.93,21.87,31.78,1448,44.82,13,0,0,0,0,0
2492,L99410,L,302.43,310.86,29.28,37.71,1496,20.49,154,1,0,0,1,0
2493,M14583,M,302.18,311.36,29.03,38.21,1314,50.04,46,0,0,0,0,0
2494,L13034,L,299.28,309.88,26.13,36.73,1573,42.53,105,0,0,0,0,0
2495,L14438,L,301.43,310.75,28.28,37.6,1576,28.96,165,0,0,0,0,0
2496,L15739,L,298.28,309.49,25.13,36.34,1727,33.72,108,0,0,0,0,0
2497,L35822,L,299.06,311.41,25.91,38.26,1509,30.77,217,0,0,0,0,0
2498,M60785,M,303.0,313.65,29.85,40.5,1477,42.22,185,0,0,0,0,0
2499,H28379,H,299.46,310.95,26.31,37.8,1263,51.94,66,0,0,0,0,0
2500,L16640,L,296.26,306.98,23.11,33.83,1728,25.12,31,0,0,0,0,0
2501,M85642,M,299.87,309.34,26.72,36.19,1691,23.5,215,0,0,0,0,0
2502,M45118,M,299.84,310.04,26.69,36.89,1540,45.98,95,0,0,0,0,0
2503,L62708,L,302.4,314.41,29.25,41.26,1302,59.52,92,0,0,0,0,0
2504,H10628,H,300.03,309.51,26.88,36.36,1322,47.28,194,0,0,0,0,0
2505,L75588,L,299.16,308.12,26.01,34.97,1439,44.36,2,0,0,0,0,0
2506,L93730,L,302.09,310.96,28.94,37.81,1704,30.97,108,0,0,0,0,0
2507,M65228,M,300.24,310.02,27.09,36.87,1586,37.57,171,0,0,0,0,0
2508,L16352,L,298.5,307.5,25.35,34.35,1274,47.79,204,0,0,0,0,0
2509,M44329,M,302.31,313.98,29.16,40.83,1606,34.22,212,0,0,0,0,0
2510,M76774,M,300.39,310.6,27.24,37.45,1388,52.07,112,0,0,0,0,0
2511,L23562,L,300.01,310.98,26.86,37.83,1444,41.1,203,0,0,0,0,0
2512,M77283,M,300.36,310.06,27.21,36.91,1705,36.05,9,0,0,0,0,0
2513,L38100,L,297.86,306.72,24.71,33.57,1669,33.03,73,0,0,0,0,0
2514,L70380,L,298.94,307.64,25.79,34.49,1726,32.71,3,0,0,0,0,0
2515,M79282,M,300.01,309.1,26.86,35.95,1531,47.17,40,0,0,0,0,0
2516,H14707,H,299.61,309.96,26.46,36.81,1690,35.08,174,0,0,0,0,0
2517,L82482,L,302.54,313.06,29.39,39.91,1432,41.35,1,0,0,0,0,0
2518,L57499,L,300.43,311.04,27.28,37.89,1490,39.91,126,0,0,0,0,0
2519,M71273,M,301.71,310.22,28.56,37.07,1478,35.85,99,0,0,0,0,0
2520,M89484,M,300.02,310.02,26.87,36.87,1539,25.96,29,0,0,0,0,0
2521,M56574,M,302.11,311.09,28.96,37.94,1310,56.32,165,0,0,0,0,0
2522,L21478,L,300.8,311.2,27.65,38.05,1496,46.86,166,0,0,0,0,0
2523,L17084,L,300.03,310.51,26.88,37.36,1789,42.02,174,0,0,0,0,0
2524,L95955,L,299.97,308.8,26.82,35.65,1344,34.06,184,0,0,0,0,0
2525,M14341,M,298.09,309.06,24.94,35.91,1302,55.55,76,0,0,0,0,0
2526,L90263,L,301.01,313.35,27.86,40.2,1316,59.26,239,1,1,0,0,1
2527,L80938,L,299.92,310.75,26.77,37.6,2001,36.99,18,1,0,0,0,0
2528,H11307,H,299.0,308.83,25.85,35.68,1616,48.63,155,0,0,0,0,0
2529,L20631,L,302.21,311.9,29.06,38.75,1488,44.9,233,0,0,0,0,0
2530,H72891,H,297.5,307.29,24.35,34.14,1547,30.26,54,0,0,0,0,0
2531,M50885,M,299.16,308.39,26.01,35.24,1575,40.44,67,0,0,0,0,0
2532,M96952,M,302.06,312.31,28.91,39.16,1423,32.1,138,0,0,0,0,0
2533,L68216,L,300.63,309.49,27.48,36.34,1444,34.89,188,0,0,0,0,0
2534,L80037,L,299.9,308.01,26.75,34.86,1507,40.54,79,0,0,0,0,0
2535,M16040,M,300.5,310.72,27.35,37.57,1408,42.14,201,0,0,0,0,0
2536,M11863,M,300.36,310.38,27.21,37.23,1466,42.8,58,0,0,0,0,0
2537,M18423,M,296.97,306.4,23.82,33.25,1597,21.55,210,0,0,0,0,0
2538,L78739,L,299.3,308.02,26.15,34.87,1360,40.88,61,0,0,0,0,0
2539,M20614,M,303.23,313.52,30.08,40.37,1992,33.16,148,0,0,0,0,0
2540,M55521,M,298.68,307.69,25.53,34.54,1667,40.36,86,0,0,0,0,0
2541,M32818,M,299.36,309.22,26.21,36.07,1313,50.16,77,0,0,0,0,0
2542,M30850,M,298.92,310.68,25.77,37.53,1101,54.03,85,0,0,0,0,0
2543,M32900,M,299.83,310.48,26.68,37.33,1415,37.47,120,0,0,0,0,0
2544,M30842,M,298.83,307.46,25.68,34.31,1655,38.64,203,0,0,0,0,0
2545,L17286,L,300.97,309.7,27.82,36.55,1621,32.95,182,0,0,0,0,0
2546,L77193,L,300.39,310.55,27.24,37.4,1516,45.01,108,0,0,0,0,0
2547,L82033,L,301.55,310.17,28.4,37.02,1430,43.49,68,0,0,0,0,0
2548,L18679,L,297.9,305.9,24.75,32.75,1377,41.12,205,1,0,1,0,0
2549,L73379,L,299.32,309.85,26.17,36.7,1465,32.97,209,0,0,0,0,0
2550,L70489,L,299.55,309.87,26.4,36.72,1358,51.15,109,0,0,0,0,0
2551,L56259,L,300.91,311.36,27.76,38.21,1465,43.58,167,0,0,0,0,0
2552,L83509,L,298.41,308.68,25.26,35.53,1768,49.23,89,1,0,0,1,0
2553,M44670,M,301.83,311.77,28.68,38.62,1400,45.13,36,0,0,0,0,0
2554,H77375,H,302.37,311.71,29.22,38.56,1642,39.78,77,0,0,0,0,0
2555,L31292,L,298.02,308.54,24.87,35.39,1669,22.62,164,0,0,0,0,0
2556,H49519,H,299.02,310.55,25.87,37.4,1346,45.05,185,0,0,0,0,0
2557,L53381,L,298.94,308.43,25.79,35.28,1387,38.76,204,0,0,0,0,0
2558,L24673,L,305.26,314.24,32.11,41.09,1722,39.88,4,0,0,0,0,0
2559,L60543,L,299.14,308.01,25.99,34.86,1373,44.41,117,0,0,0,0,0
2560,L75824,L,303.36,312.49,30.21,39.34,1525,45.45,66,0,0,0,0,0
2561,M40266,M,297.47,307.67,24.32,34.52,1892,47.34,164,1,0,0,1,0
2562,M57630,M,298.02,305.88,24.87,32.73,1706,27.19,59,0,0,0,0,0
2563,L70843,L,298.63,309.07,25.48,35.92,1550,44.54,136,0,0,0,0,0
2564,L96562,L,298.31,308.95,25.16,35.8,1682,39.53,171,0,0,0,0,0
2565,L24393,L,299.46,307.67,26.31,34.52,1525,53.4,185,0,0,0,0,0
2566,L10791,L,298.58,307.6,25.43,34.45,1713,39.09,65,0,0,0,0,0
2567,L53623,L,298.36,308.44,25.21,35.29,1177,53.49,21,0,0,0,0,0
2568,L34042,L,302.32,312.17,29.17,39.02,1511,44.74,52,0,0,0,0,0
2569,M32755,M,302.45,312.97,29.3,39.82,1170,56.35,144,0,0,0,0,0
2570,H67226,H,301.9,311.76,28.75,38.61,1563,48.29,10,0,0,0,0,0
2571,L61964,L,301.05,312.31,27.9,39.16,1494,31.8,38,0,0,0,0,0
2572,H28170,H,300.19,309.86,27.04,36.71,1773,29.17,239,1,1,0,0,0
2573,L77630,L,299.01,308.02,25.86,34.87,1660,48.41,92,0,0,0,0,0
2574,L19666,L,298.09,307.03,24.94,33.88,1443,24.04,119,0,0,0,0,0
2575,L83200,L,300.73,311.46,27.58,38.31,1464,38.46,3,0,0,0,0,0
2576,M59159,M,297.65,307.68,24.5,34.53,1602,36.97,142,0,0,0,0,0
2577,H50096,H,298.01,308.65,24.86,35.5,1435,38.52,78,0,0,0,0,0
2578,M16482,M,302.31,312.92,29.16,39.77,1529,50.11,127,0,0,0,0,0
2579,L67128,L,303.8,311.78,30.65,38.63,1765,36.26,126,0,0,0,0,0
2580,M63228,M,300.79,309.65,27.64,36.5,1390,38.12,232,0,0,0,0,0
2581,L48523,L,302.21,311.19,29.06,38.04,1457,34.26,64,0,0,0,0,0
2582,M55498,M,299.51,308.69,26.36,35.54,1481,40.94,137,0,0,0,0,0
2583,L26008,L,297.32,306.9,24.17,33.75,2088,36.77,92,0,0,0,0,0
2584,L59509,L,301.22,312.22,28.07,39.07,1641,36.01,101,0,0,0,0,0
2585,L13938,L,301.14,312.34,27.99,39.19,1733,31.98,13,0,0,0,0,0
2586,M38166,M,300.14,309.85,26.99,36.7,1669,28.76,165,0,0,0,0,0
2587,L98003,L,299.52,309.26,26.37,36.11,1681,37.07,47,0,0,0,0,0
2588,M98325,M,301.92,311.22,28.77,38.07,1618,37.96,112,0,0,0,0,0
2589,L88328,L,298.03,308.12,24.88,34.97,1599,30.04,104,0,0,0,0,0
2590,M38988,M,298.45,308.65,25.3,35.5,1281,52.93,112,0,0,0,0,0
2591,M32770,M,297.98,308.79,24.83,35.64,1598,49.51,90,0,0,0,0,0
2592,M30495,M,300.17,310.97,27.02,37.82,1516,38.19,58,0,0,0,0,0
2593,L93657,L,297.82,305.52,24.67,32.37,1630,37.56,108,0,0,0,0,0
2594,L59677,L,298.63,308.48,25.48,35.33,1523,28.79,11,0,0,0,0,0
2595,L95112,L,298.59,309.97,25.44,36.82,1669,40.24,58,0,0,0,0,0
2596,M75926,M,299.48,309.04,26.33,35.89,1699,37.43,188,0,0,0,0,0
2597,L30289,L,297.03,308.16,23.88,35.01,1100,49.48,202,0,0,0,0,0
2598,L62764,L,300.17,309.87,27.02,36.72,1459,33.32,172,0,0,0,0,0
2599,L96458,L,302.49,312.67,29.34,39.52,1210,62.13,152,0,0,0,0,0
2600,L19457,L,300.27,309.13,27.12,35.98,1577,39.4,195,0,0,0,0,0
2601,M82270,M,303.08,311.98,29.93,38.83,1482,31.31,31,0,0,0,0,0
2602,L75947,L,302.67,313.39,29.52,40.24,1772,39.17,126,0,0,0,0,0
2603,M54859,M,301.56,312.44,28.41,39.29,1571,38.3,28,0,0,0,0,0
2604,L68605,L,300.15,310.18,27.0,37.03,1450,39.98,187,0,0,0,0,0
2605,L95509,L,300.05,308.82,26.9,35.67,1699,41.55,125,0,0,0,0,0
2606,L90620,L,301.53,311.57,28.38,38.42,1479,17.83,194,1,0,0,1,0
2607,L81813,L,299.22,310.47,26.07,37.32,1448,25.12,192,0,0,0,0,0
2608,L82720,L,296.23,307.98,23.08,34.83,1604,46.76,112,0,0,0,0,0
2609,M37465,M,300.98,310.67,27.83,37.52,1817,30.5,119,0,0,0,0,0
2610,L12416,L,297.74,306.08,24.59,32.93,1684,30.6,7,0,0,0,0,0
2611,M19533,M,298.08,308.92,24.93,35.77,1634,24.36,126,0,0,0,0,0
2612,L66641,L,300.0,309.72,26.85,36.57,2016,29.97,163,0,0,0,0,0
2613,L33245,L,299.81,310.75,26.66,37.6,1407,43.26,56,0,0,0,0,0
2614,M90439,M,297.18,307.46,24.03,34.31,1403,52.37,237,1,1,0,0,1
2615,L99364,L,300.33,309.45,27.18,36.3,1560,39.7,234,1,1,0,0,0
2616,L20483,L,301.93,311.99,28.78,38.84,1800,29.41,68,0,0,0,0,0
2617,L51406,L,297.74,309.05,24.59,35.9,1370,45.06,171,0,0,0,0,0
2618,L51132,L,302.54,312.4,29.39,39.25,1842,39.98,7,0,0,0,0,0
2619,M71182,M,296.88,305.84,23.73,32.69,1283,51.78,160,0,0,0,0,0
2620,L26211,L,304.23,312.65,31.08,39.5,1514,42.82,150,0,0,0,0,0
2621,M10646,M,299.18,308.41,26.03,35.26,1565,38.8,197,0,0,0,0,0
2622,M98945,M,300.29,309.88,27.14,36.73,1381,36.85,73,0,0,0,0,0
2623,L19435,L,296.22,307.04,23.07,33.89,1426,31.91,211,0,0,0,0,0
2624,H40099,H,299.88,308.75,26.73,35.6,1674,24.69,206,0,0,0,0,0
2625,L31535,L,300.46,312.01,27.31,38.86,1787,35.21,161,0,0,0,0,0
2626,H12450,H,299.83,308.49,26.68,35.34,1165,53.17,113,0,0,0,0,0
2627,L96811,L,298.87,311.21,25.72,38.06,1567,45.33,148,0,0,0,0,0
2628,M78437,M,298.11,309.83,24.96,36.68,1515,42.31,175,0,0,0,0,0
2629,L50769,L,302.26,312.4,29.11,39.25,1554,45.28,234,1,1,0,0,0
2630,L48612,L,300.06,308.41,26.91,35.26,1480,37.68,29,0,0,0,0,0
2631,M28117,M,303.08,313.03,29.93,39.88,1309,49.93,75,0,0,0,0,0
2632,M46832,M,298.95,308.56,25.8,35.41,1805,23.73,187,0,0,0,0,0
2633,L42297,L,299.13,307.86,25.98,34.71,1738,32.49,98,0,0,0,0,0
2634,L34045,L,301.63,311.92,28.48,38.77,1517,23.12,161,0,0,0,0,0
2635,M53829,M,296.75,305.93,23.6,32.78,1450,39.78,32,0,0,0,0,0
2636,M78418,M,297.57,306.86,24.42,33.71,1428,49.91,170,0,0,0,0,0
2637,H17743,H,302.19,311.99,29.04,38.84,1100,52.65,162,0,0,0,0,0
2638,M54567,M,297.66,307.08,24.51,33.93,1597,41.65,141,0,0,0,0,0
2639,H21279,H,296.36,308.44,23.21,35.29,1672,36.46,184,0,0,0,0,0
2640,M73443,M,303.74,313.2,30.59,40.05,1559,32.19,211,0,0,0,0,0
2641,L44562,L,297.21,307.65,24.06,34.5,1520,36.2,199,0,0,0,0,0
2642,L78430,L,300.37,310.51,27.22,37.36,1558,46.2,31,0,0,0,0,0
2643,M32007,M,300.14,310.49,26.99,37.34,1386,47.08,179,0,0,0,0,0
2644,M81562,M,294.38,304.81,21.23,31.66,1448,34.64,108,0,0,0,0,0
2645,L56863,L,299.47,310.35,26.32,37.2,1506,26.95,80,0,0,0,0,0
2646,L28802,L,300.9,311.16,27.75,38.01,1657,36.23,211,0,0,0,0,0
2647,H32504,H,300.71,310.93,27.56,37.78,1776,27.6,134,0,0,0,0,0
2648,L20346,L,301.81,311.87,28.66,38.72,1495,36.91,120,0,0,0,0,0
2649,L49542,L,299.23,309.09,26.08,35.94,1352,30.74,188,0,0,0,0,0
2650,L57480,L,301.43,310.51,28.28,37.36,1541,45.5,133,0,0,0,0,0
2651,L58199,L,298.62,308.56,25.47,35.41,1887,29.59,206,0,0,0,0,0
2652,L46538,L,297.18,307.42,24.03,34.27,1367,42.34,25,0,0,0,0,0
2653,L79544,L,297.4,307.81,24.25,34.66,1690,27.24,186,0,0,0,0,0
2654,L34532,L,297.08,307.26,23.93,34.11,1769,30.17,39,0,0,0,0,0
2655,M13309,M,302.02,311.79,28.87,38.64,1472,39.9,54,0,0,0,0,0
2656,L27418,L,296.97,306.91,23.82,33.76,1412,35.66,43,0,0,0,0,0
2657,M78293,M,300.55,309.99,27.4,36.84,1636,33.3,57,0,0,0,0,0
2658,M81064,M,299.47,309.78,26.32,36.63,1597,46.97,176,0,0,0,0,0
2659,L91503,L,299.79,309.57,26.64,36.42,1657,20.59,157,0,0,0,0,0
2660,M92336,M,302.73,312.91,29.58,39.76,1898,31.67,55,1,0,0,0,0
2661,L79982,L,299.12,310.12,25.97,36.97,1564,30.34,65,0,0,0,0,0
2662,M59807,M,301.22,310.51,28.07,37.36,1326,53.89,24,0,0,0,0,0
2663,L75443,L,300.08,310.67,26.93,37.52,1547,35.6,99,0,0,0,0,0
2664,M67004,M,299.7,309.73,26.55,36.58,1577,27.95,91,0,0,0,0,0
2665,M31401,M,304.6,316.62,31.45,43.47,1757,30.89,35,0,0,0,0,0
2666,L51878,L,297.12,306.9,23.97,33.75,1501,40.98,200,0,0,0,0,0
2667,L55283,L,302.58,313.27,29.43,40.12,1463,61.36,205,1,0,0,1,1
2668,M84668,M,301.31,311.33,28.16,38.18,1295,27.36,26,0,0,0,0,0
2669,M71936,M,299.04,307.65,25.89,34.5,1631,25.54,64,0,0,0,0,0
2670,L71358,L,303.26,312.74,30.11,39.59,2121,37.46,177,0,0,0,0,0
2671,M32768,M,296.3,307.18,23.15,34.03,1496,26.23,209,0,0,0,0,0
2672,L53703,L,298.96,308.52,25.81,35.37,1614,35.57,17,0,0,0,0,0
2673,M49690,M,297.58,305.36,24.43,32.21,1439,35.95,217,0,0,0,0,0
2674,L88195,L,300.82,310.79,27.67,37.64,1311,38.59,15,0,0,0,0,0
2675,M60409,M,297.77,306.68,24.62,33.53,1611,34.19,152,0,0,0,0,0
2676,L14722,L,300.87,311.0,27.72,37.85,1540,34.55,5,0,0,0,0,0
2677,L49453,L,299.63,311.18,26.48,38.03,1118,59.73,223,1,1,0,0,1
2678,L34344,L,299.04,309.81,25.89,36.66,1817,42.16,85,0,0,0,0,0
2679,L76923,L,300.78,312.31,27.63,39.16,1608,39.05,156,0,0,0,0,0
2680,L75665,L,299.46,308.9,26.31,35.75,1548,35.13,44,0,0,0,0,0
2681,L75218,L,297.82,307.68,24.67,34.53,1461,41.28,77,0,0,0,0,0
2682,M29265,M,305.6,314.56,32.45,41.41,1606,42.12,179,0,0,0,0,0
2683,L74222,L,299.03,308.34,25.88,35.19,1614,43.51,234,1,1,0,0,0
2684,L31695,L,295.56,304.64,22.41,31.49,1605,38.65,238,0,0,0,0,0
2685,L38950,L,298.32,307.01,25.17,33.86,1722,45.5,194,0,0,0,0,0
2686,L76961,L,297.47,308.83,24.32,35.68,1762,27.59,203,0,0,0,0,0
2687,L19674,L,301.65,309.56,28.5,36.41,1886,39.5,233,0,0,0,0,0
2688,L46409,L,300.64,312.01,27.49,38.86,1389,46.9,10,0,0,0,0,0
2689,L95307,L,300.8,312.04,27.65,38.89,1435,35.06,41,0,0,0,0,0
2690,L61652,L,299.26,309.76,26.11,36.61,1598,37.71,13,0,0,0,0,0
2691,L72274,L,299.44,308.33,26.29,35.18,1399,43.38,120,0,0,0,0,0
2692,L90391,L,299.26,307.68,26.11,34.53,1427,39.02,230,1,1,0,0,0
2693,L62133,L,299.84,309.29,26.69,36.14,1618,34.18,140,0,0,0,0,0
2694,L62121,L,301.67,312.3,28.52,39.15,1693,21.65,133,0,0,0,0,0
2695,H38383,H,300.67,310.68,27.52,37.53,1758,27.07,198,0,0,0,0,0
2696,L53583,L,301.0,309.96,27.85,36.81,1501,36.26,223,1,1,0,0,0
2697,M63196,M,301.0,312.15,27.85,39.0,1616,30.87,168,0,0,0,0,0
2698,L88450,L,301.77,313.45,28.62,40.3,1577,29.48,215,0,0,0,0,0
2699,M48526,M,300.58,310.35,27.43,37.2,1538,45.74,42,0,0,0,0,0
2700,M89689,M,300.72,310.83,27.57,37.68,1392,40.32,121,0,0,0,0,0
2701,L95632,L,302.38,310.87,29.23,37.72,1370,59.16,88,1,0,1,0,0
2702,H51098,H,298.67,308.26,25.52,35.11,1652,36.47,80,0,0,0,0,0
2703,L30988,L,298.29,308.8,25.14,35.65,1389,49.56,51,0,0,0,0,0
2704,L11920,L,297.63,307.98,24.48,34.83,1224,45.14,215,0,0,0,0,0
2705,M57296,M,300.37,309.86,27.22,36.71,1529,32.17,108,0,0,0,0,0
2706,M61633,M,296.29,306.02,23.14,32.87,1790,34.12,127,0,0,0,0,0
2707,L97364,L,300.92,310.48,27.77,37.33,1100,62.45,66,0,0,0,0,0
2708,L11533,L,299.78,309.5,26.63,36.35,1485,37.88,231,1,1,0,0,0
2709,L22635,L,302.27,312.69,29.12,39.54,1653,38.23,147,0,0,0,0,0
2710,L49867,L,298.66,306.69,25.51,33.54,1216,49.18,0,1,0,1,0,0
2711,M50868,M,299.59,309.52,26.44,36.37,1498,37.47,64,0,0,0,0,0
2712,L30630,L,302.24,312.59,29.09,39.44,1336,42.52,240,0,0,0,0,0
2713,L93460,L,302.77,312.2,29.62,39.05,1359,34.18,234,1,1,0,0,0
2714,L97382,L,298.64,308.16,25.49,35.01,1465,39.03,131,0,0,0,0,0
2715,L34791,L,300.36,309.91,27.21,36.76,1338,48.03,135,0,0,0,0,0
2716,L42251,L,300.59,310.11,27.44,36.96,1324,45.64,216,0,0,0,0,0
2717,M35936,M,300.75,310.75,27.6,37.6,1525,39.05,170,0,0,0,0,0
2718,H19104,H,299.47,309.6,26.32,36.45,1925,35.57,224,1,1,0,0,0
2719,M42890,M,302.56,310.46,29.41,37.31,1668,35.92,115,0,0,0,0,0
2720,L84397,L,296.22,306.87,23.07,33.72,1712,33.58,234,0,0,0,0,0
2721,M75589,M,299.16,308.87,26.01,35.72,1675,40.1,129,0,0,0,0,0
2722,M42115,M,300.9,312.83,27.75,39.68,1413,41.64,155,0,0,0,0,0
2723,M99933,M,300.91,309.72,27.76,36.57,1589,34.16,20,0,0,0,0,0
2724,L14630,L,302.71,311.84,29.56,38.69,1727,36.92,147,0,0,0,0,0
2725,L71719,L,302.4,312.19,29.25,39.04,1680,33.82,184,0,0,0,0,0
2726,L52256,L,299.43,309.84,26.28,36.69,1569,34.26,105,0,0,0,0,0
2727,L28874,L,302.6,310.65,29.45,37.5,1626,36.48,121,0,0,0,0,0
2728,L80195,L,298.57,307.74,25.42,34.59,1966,30.48,94,0,0,0,0,0
2729,L71997,L,301.86,312.45,28.71,39.3,1682,25.24,233,1,1,0,0,0
2730,L14304,L,303.62,312.67,30.47,39.52,1480,41.38,114,0,0,0,0,0
2731,M95582,M,302.43,313.8,29.28,40.65,1522,52.42,30,0,0,0,0,0
2732,L17186,L,300.21,309.76,27.06,36.61,1351,34.59,7,0,0,0,0,0
2733,L94292,L,299.34,308.44,26.19,35.29,1946,25.43,185,0,0,0,0,0
2734,H80928,H,296.94,307.55,23.79,34.4,1816,53.8,131,1,0,0,1,0
2735,H22640,H,300.62,312.23,27.47,39.08,1550,30.4,1,0,0,0,0,0
2736,M52086,M,297.77,308.19,24.62,35.04,1917,40.18,92,0,0,0,0,0
2737,H80388,H,298.41,309.67,25.26,36.52,1646,32.99,219,0,0,0,0,0
2738,L55559,L,297.62,309.3,24.47,36.15,1460,39.74,227,1,1,0,0,0
2739,H44592,H,299.08,308.16,25.93,35.01,1694,32.78,13,0,0,0,0,0
2740,L16816,L,299.94,310.88,26.79,37.73,1605,39.11,30,0,0,0,0,0
2741,L98091,L,300.55,309.02,27.4,35.87,1682,21.43,1,0,0,0,0,0
2742,L32633,L,298.8,309.22,25.65,36.07,1295,45.72,208,0,0,0,0,0
2743,L66872,L,302.14,312.07,28.99,38.92,1393,37.9,17,0,0,0,0,0
2744,L58374,L,299.58,310.83,26.43,37.68,1795,17.01,26,1,0,0,1,0
2745,M52116,M,298.42,309.6,25.27,36.45,1831,40.25,55,0,0,0,0,0
2746,M98660,M,300.45,311.02,27.3,37.87,1783,15.28,220,1,0,0,1,0
2747,L17453,L,303.93,314.23,30.78,41.08,1923,46.98,165,1,0,0,1,0
2748,L38333,L,300.67,311.18,27.52,38.03,1636,39.96,148,0,0,0,0,0
2749,M15209,M,299.27,309.34,26.12,36.19,1624,24.4,188,0,0,0,0,0
2750,M28487,M,296.95,306.88,23.8,33.73,1375,52.37,166,0,0,0,0,0
2751,L79378,L,299.56,311.0,26.41,37.85,1433,33.97,179,0,0,0,0,0
2752,M97508,M,300.47,312.03,27.32,38.88,1187,42.63,18,0,0,0,0,0
2753,L67844,L,299.22,309.08,26.07,35.93,1479,24.34,142,0,0,0,0,0
2754,L69403,L,296.67,306.91,23.52,33.76,1175,41.86,181,0,0,0,0,0
2755,H43926,H,298.3,308.38,25.15,35.23,1724,27.26,136,0,0,0,0,0
2756,L86569,L,302.91,311.3,29.76,38.15,1603,42.29,3,0,0,0,0,0
2757,L94535,L,302.87,312.53,29.72,39.38,1180,57.88,51,1,0,0,0,0
2758,M96246,M,298.23,309.83,25.08,36.68,1502,28.23,231,0,0,0,0,0
2759,M22812,M,301.35,310.6,28.2,37.45,1879,32.65,169,0,0,0,0,0
2760,L83165,L,297.64,309.76,24.49,36.61,1513,23.15,165,0,0,0,0,0
2761,L89696,L,302.81,313.98,29.66,40.83,1360,44.32,158,0,0,0,0,0
2762,L59935,L,300.49,310.89,27.34,37.74,1223,64.16,31,0,0,0,0,0
2763,M90091,M,301.9,312.46,28.75,39.31,1228,32.43,1,0,0,0,0,0
2764,L21879,L,296.57,305.65,23.42,32.5,1629,27.06,106,0,0,0,0,0
2765,L22369,L,301.36,311.09,28.21,37.94,1459,45.09,107,0,0,0,0,0
2766,H89095,H,299.98,311.43,26.83,38.28,1474,45.64,195,0,0,0,0,0
2767,L70368,L,301.7,311.09,28.55,37.94,1460,31.72,44,0,0,0,0,0
2768,L94150,L,301.83,312.89,28.68,39.74,1510,49.72,66,0,0,0,0,0
2769,L72624,L,300.13,308.75,26.98,35.6,1320,36.87,19,0,0,0,0,0
2770,M84022,M,298.8,307.6,25.65,34.45,1590,49.42,96,0,0,0,0,0
2771,L80807,L,301.56,313.46,28.41,40.31,1286,48.3,61,0,0,0,0,0
2772,L85070,L,299.88,309.87,26.73,36.72,1403,51.02,63,0,0,0,0,0
2773,M60409,M,298.25,307.72,25.1,34.57,1712,36.44,61,0,0,0,0,0
2774,L73803,L,298.16,309.52,25.01,36.37,1601,41.05,56,0,0,0,0,0
2775,L40049,L,297.05,308.29,23.9,35.14,1655,40.3,77,0,0,0,0,0
2776,L27885,L,298.98,309.9,25.83,36.75,1911,39.14,129,0,0,0,0,0
2777,L27968,L,302.21,311.64,29.06,38.49,1525,37.32,105,0,0,0,0,0
2778,L74990,L,300.36,310.07,27.21,36.92,1539,30.04,15,0,0,0,0,0
2779,L60753,L,298.94,309.25,25.79,36.1,1489,37.85,102,0,0,0,0,0
2780,L90680,L,301.61,312.3,28.46,39.15,1457,33.97,203,0,0,0,0,0
2781,L60830,L,298.34,307.83,25.19,34.68,1358,37.37,24,0,0,0,0,0
2782,M86279,M,300.19,310.36,27.04,37.21,1550,50.21,227,1,1,0,0,0
2783,H94024,H,299.64,309.91,26.49,36.76,1597,40.86,74,0,0,0,0,0
2784,M70525,M,301.56,312.85,28.41,39.7,1607,40.27,3,0,0,0,0,0
2785,M64970,M,296.85,307.6,23.7,34.45,1546,45.64,61,0,0,0,0,0
2786,L63193,L,298.3,306.79,25.15,33.64,1697,38.7,17,0,0,0,0,0
2787,H88085,H,296.72,306.51,23.57,33.36,1540,52.14,136,0,0,0,0,0
2788,L38566,L,299.48,308.55,26.33,35.4,1463,22.4,76,1,0,0,1,0
2789,H15545,H,302.42,312.99,29.27,39.84,1373,33.76,194,0,0,0,0,0
2790,H46420,H,298.99,309.91,25.84,36.76,1264,39.73,176,0,0,0,0,0
2791,M44590,M,298.98,309.08,25.83,35.93,1791,20.99,112,0,0,0,0,0
2792,H33949,H,301.74,311.48,28.59,38.33,1413,41.46,135,0,0,0,0,0
2793,L59861,L,302.14,312.21,28.99,39.06,1373,43.01,146,0,0,0,0,0
2794,L49008,L,299.82,310.03,26.67,36.88,1462,54.99,65,0,0,0,0,0
2795,L10556,L,301.37,310.73,28.22,37.58,1486,45.78,33,0,0,0,0,0
2796,L58735,L,297.85,306.63,24.7,33.48,1822,27.39,90,0,0,0,0,0
2797,L41755,L,302.76,310.71,29.61,37.56,1478,42.73,23,0,0,0,0,0
2798,M70582,M,304.3,315.56,31.15,42.41,1996,14.09,76,1,0,0,1,0
2799,H47356,H,301.04,311.54,27.89,38.39,1546,38.2,133,0,0,0,0,0
2800,L42034,L,295.83,306.19,22.68,33.04,1895,30.95,130,0,0,0,0,0
2801,M64999,M,298.88,310.15,25.73,37.0,1691,26.66,29,0,0,0,0,0
2802,H52082,H,301.23,309.97,28.08,36.82,1598,34.24,2,0,0,0,0,0
2803,H74462,H,299.16,307.42,26.01,34.27,1811,26.1,21,0,0,0,0,0
2804,H91676,H,302.54,312.93,29.39,39.78,1731,25.63,9,0,0,0,0,0
2805,L31671,L,301.18,311.47,28.03,38.32,1646,40.2,96,0,0,0,0,0
2806,H26877,H,298.59,306.86,25.44,33.71,1941,37.8,94,0,0,0,0,0
2807,M33481,M,300.06,310.42,26.91,37.27,1448,43.65,58,0,0,0,0,0
2808,L16082,L,298.21,307.81,25.06,34.66,1361,38.6,52,0,0,0,0,0
2809,L46551,L,299.63,308.83,26.48,35.68,1417,35.14,95,1,0,0,0,0
2810,M15773,M,298.89,308.56,25.74,35.41,1842,27.86,21,0,0,0,0,0
2811,L56833,L,302.35,309.91,29.2,36.76,1789,30.27,51,0,0,0,0,0
2812,M48078,M,304.23,313.64,31.08,40.49,1443,32.73,97,0,0,0,0,0
2813,M32762,M,297.14,306.43,23.99,33.28,1123,59.45,23,0,0,0,0,0
2814,L80537,L,296.15,306.71,23.0,33.56,1499,36.61,202,0,0,0,0,0
2815,L58711,L,299.51,309.35,26.36,36.2,1358,48.32,162,0,0,0,0,0
2816,M60359,M,296.96,307.6,23.81,34.45,1449,28.35,92,0,0,0,0,0
2817,L45587,L,300.09,307.54,26.94,34.39,1350,36.92,36,1,0,1,0,0
2818,L22854,L,301.5,310.66,28.35,37.51,1253,52.59,47,0,0,0,0,0
2819,L11138,L,302.99,313.54,29.84,40.39,1865,37.72,29,0,0,0,0,0
2820,L60568,L,300.4,310.09,27.25,36.94,1415,30.86,38,1,0,0,0,0
2821,H48588,H,299.61,310.46,26.46,37.31,1782,34.57,101,0,0,0,0,0
2822,L26448,L,296.04,304.24,22.89,31.09,1496,40.93,59,0,0,0,0,0
2823,M36684,M,300.05,310.78,26.9,37.63,1337,37.18,212,0,0,0,0,0
2824,L37575,L,300.14,309.5,26.99,36.35,1624,38.13,231,1,1,0,0,0
2825,L32742,L,301.28,310.54,28.13,37.39,1467,26.42,166,0,0,0,0,0
2826,M78684,M,298.58,309.57,25.43,36.42,1499,30.81,194,0,0,0,0,0
2827,M97516,M,299.13,310.29,25.98,37.14,1560,41.51,61,0,0,0,0,0
2828,L20283,L,297.04,308.08,23.89,34.93,1393,41.37,160,0,0,0,0,0
2829,L99399,L,295.42,307.46,22.27,34.31,1251,46.44,14,0,0,0,0,0
2830,L97974,L,297.78,309.05,24.63,35.9,1526,36.15,230,0,0,0,0,0
2831,L22948,L,296.86,306.06,23.71,32.91,1704,37.93,161,0,0,0,0,0
2832,M24694,M,300.67,310.82,27.52,37.67,1377,46.28,76,0,0,0,0,0
2833,L96412,L,298.96,308.6,25.81,35.45,1562,43.01,186,0,0,0,0,0
2834,L22602,L,298.92,310.95,25.77,37.8,1798,32.86,4,0,0,0,0,0
2835,L54797,L,298.03,309.14,24.88,35.99,1519,34.6,90,0,0,0,0,0
2836,H46633,H,293.53,303.35,20.38,30.2,1550,32.51,215,0,0,0,0,0
2837,H71296,H,303.02,313.89,29.87,40.74,1545,28.64,63,0,0,0,0,0
2838,L39399,L,298.0,306.77,24.85,33.62,1416,37.25,160,0,0,0,0,0
2839,M61288,M,299.18,309.43,26.03,36.28,1361,37.24,86,0,0,0,0,0
2840,L99731,L,297.09,306.15,23.94,33.0,1362,54.88,94,0,0,0,0,0
2841,L58212,L,301.94,310.26,28.79,37.11,1599,27.45,179,0,0,0,0,0
2842,M40534,M,300.29,311.07,27.14,37.92,1668,42.66,218,1,1,0,0,0
2843,H96085,H,298.35,309.26,25.2,36.11,1676,32.05,40,0,0,0,0,0
2844,H13397,H,299.22,309.67,26.07,36.52,1469,37.36,66,0,0,0,0,0
2845,L96186,L,303.36,313.17,30.21,40.02,1726,36.4,117,0,0,0,0,0
2846,L82102,L,299.85,308.59,26.7,35.44,1589,24.71,147,0,0,0,0,0
2847,M31406,M,299.64,308.48,26.49,35.33,1547,30.63,112,0,0,0,0,0
2848,L92760,L,298.12,307.15,24.97,34.0,1100,42.16,193,0,0,0,0,0
2849,L94993,L,296.21,305.98,23.06,32.83,1392,38.12,184,0,0,0,0,0
2850,L40164,L,299.68,310.76,26.53,37.61,1269,37.88,97,0,0,0,0,0
2851,M43286,M,300.65,311.71,27.5,38.56,1645,45.37,10,0,0,0,0,0
2852,L36112,L,302.2,310.55,29.05,37.4,1552,32.26,47,0,0,0,0,0
2853,L96662,L,295.5,304.81,22.35,31.66,1347,23.5,117,1,0,0,1,0
2854,H95000,H,297.75,307.03,24.6,33.88,1588,33.4,223,0,0,0,0,0
2855,L61672,L,298.84,306.31,25.69,33.16,1286,51.02,136,1,0,1,0,0
2856,L96838,L,299.99,310.56,26.84,37.41,1352,55.41,127,0,0,0,0,0
2857,L80348,L,299.71,309.46,26.56,36.31,1411,38.78,174,0,0,0,0,0
2858,L67465,L,299.76,309.64,26.61,36.49,1630,31.03,37,0,0,0,0,0
2859,L31829,L,300.82,312.16,27.67,39.01,1780,32.07,35,0,0,0,0,0
2860,L89341,L,298.19,308.28,25.04,35.13,1432,43.32,83,0,0,0,0,0
2861,M44381,M,301.87,311.44,28.72,38.29,1766,23.4,239,0,0,0,0,0
2862,L43072,L,300.87,311.44,27.72,38.29,1543,35.17,210,0,0,0,0,0
2863,H75045,H,299.36,310.42,26.21,37.27,1576,35.95,163,0,0,0,0,0
2864,L74755,L,303.2,313.5,30.05,40.35,1524,37.97,94,0,0,0,0,0
2865,L57363,L,303.11,313.8,29.96,40.65,1500,37.03,133,0,0,0,0,0
2866,L97132,L,301.87,311.72,28.72,38.57,1612,28.06,73,0,0,0,0,0
2867,L33617,L,293.96,303.88,20.81,30.73,1665,37.13,162,0,0,0,0,0
2868,M49453,M,303.16,313.27,30.01,40.12,1380,41.16,101,0,0,0,0,0
2869,L71976,L,301.59,310.84,28.44,37.69,1502,37.77,29,0,0,0,0,0
2870,L55632,L,304.01,313.44,30.86,40.29,1827,22.7,52,0,0,0,0,0
2871,M26230,M,302.47,313.85,29.32,40.7,1566,41.71,146,0,0,0,0,0
2872,H89631,H,303.16,315.16,30.01,42.01,1585,28.56,167,0,0,0,0,0
2873,M65094,M,301.76,313.35,28.61,40.2,1739,45.87,23,0,0,0,0,0
2874,L93098,L,302.7,311.37,29.55,38.22,1447,30.15,194,1,0,0,0,0
2875,M21387,M,303.99,312.57,30.84,39.42,1529,43.57,198,0,0,0,0,0
2876,L23788,L,300.43,309.24,27.28,36.09,1678,18.88,174,1,0,0,1,0
2877,L99155,L,296.86,306.99,23.71,33.84,1752,14.64,164,1,0,0,1,0
2878,L76491,L,299.39,306.58,26.24,33.43,1121,46.67,56,1,0,1,0,0
2879,L37237,L,300.78,310.19,27.63,37.04,1406,22.67,221,1,1,0,1,0
2880,L38651,L,300.15,311.56,27.0,38.41,1360,47.96,64,0,0,0,0,0
2881,L59530,L,297.51,308.49,24.36,35.34,1513,37.69,44,0,0,0,0,0
2882,M87241,M,296.74,306.23,23.59,33.08,1374,52.92,153,0,0,0,0,0
2883,L36079,L,298.52,308.08,25.37,34.93,1651,33.36,87,0,0,0,0,0
2884,L74440,L,301.62,312.18,28.47,39.03,1565,38.55,224,1,1,0,0,0
2885,L35519,L,303.16,314.1,30.01,40.95,1691,31.75,110,0,0,0,0,0
2886,H60540,H,301.83,311.3,28.68,38.15,1702,26.68,39,0,0,0,0,0
2887,L40059,L,302.11,311.88,28.96,38.73,1654,31.39,230,1,1,0,0,0
2888,L32056,L,299.84,309.27,26.69,36.12,1476,29.18,124,0,0,0,0,0
2889,M77745,M,296.52,305.18,23.37,32.03,1553,39.99,124,0,0,0,0,0
2890,M80817,M,299.09,308.87,25.94,35.72,1454,36.93,93,0,0,0,0,0
2891,L74385,L,299.48,309.19,26.33,36.04,1296,43.4,201,0,0,0,0,0
2892,M29675,M,299.01,307.75,25.86,34.6,1702,56.26,69,1,0,0,1,0
2893,M41214,M,300.11,310.76,26.96,37.61,1520,34.46,3,0,0,0,0,0
2894,M15632,M,300.88,311.37,27.73,38.22,1272,47.55,119,0,0,0,0,0
2895,L91401,L,301.71,312.4,28.56,39.25,1629,34.74,222,1,1,0,0,0
2896,M24422,M,299.44,308.68,26.29,35.53,1496,47.56,66,0,0,0,0,0
2897,L97781,L,296.19,304.21,23.04,31.06,1175,50.69,64,1,0,1,0,0
2898,L22986,L,299.03,309.5,25.88,36.35,1295,42.09,177,0,0,0,0,0
2899,L45802,L,300.09,309.42,26.94,36.27,1412,58.91,186,0,0,0,0,0
2900,L10426,L,302.45,311.55,29.3,38.4,1572,29.57,105,0,0,0,0,0
2901,L50562,L,298.86,307.61,25.71,34.46,1673,32.7,200,0,0,0,0,0
2902,M15963,M,301.03,310.75,27.88,37.6,1667,41.7,41,0,0,0,0,0
2903,L30800,L,300.58,312.16,27.43,39.01,1641,28.38,88,0,0,0,0,0
2904,L86812,L,300.09,309.58,26.94,36.43,1529,43.6,97,0,0,0,0,0
2905,L16510,L,301.86,310.77,28.71,37.62,1836,27.36,75,0,0,0,0,0
2906,L95164,L,298.68,309.33,25.53,36.18,1657,42.59,52,0,0,0,0,0
2907,H94041,H,298.85,309.02,25.7,35.87,1574,44.22,81,0,0,0,0,0
2908,L87965,L,299.98,307.86,26.83,34.71,1634,34.34,4,0,0,0,0,0
2909,L59045,L,298.72,309.38,25.57,36.23,1465,31.1,169,0,0,0,0,0
2910,L77198,L,301.02,313.14,27.87,39.99,1525,34.44,164,0,0,0,0,0
2911,L64701,L,298.57,305.97,25.42,32.82,1171,48.82,108,1,0,1,0,0
2912,L88073,L,300.45,309.22,27.3,36.07,1467,46.15,77,0,0,0,0,0
2913,M47562,M,299.8,306.95,26.65,33.8,1843,33.65,104,0,0,0,0,0
2914,H33387,H,300.43,310.35,27.28,37.2,1561,41.01,225,0,0,0,0,0
2915,L58952,L,299.08,310.07,25.93,36.92,1554,39.67,145,0,0,0,0,0
2916,M36063,M,299.32,309.43,26.17,36.28,1710,40.28,176,0,0,0,0,0
2917,M97104,M,300.19,311.58,27.04,38.43,1598,34.26,55,0,0,0,0,0
2918,M23893,M,300.4,311.23,27.25,38.08,1397,42.32,23,0,0,0,0,0
2919,L59721,L,299.99,311.69,26.84,38.54,1539,37.45,20,0,0,0,0,0
2920,L74178,L,303.41,314.57,30.26,41.42,1336,39.37,113,0,0,0,0,0
2921,L59981,L,298.02,307.62,24.87,34.47,1567,44.65,172,0,0,0,0,0
2922,M30413,M,299.87,309.94,26.72,36.79,1388,49.19,186,0,0,0,0,0
2923,M77440,M,296.85,305.98,23.7,32.83,1697,43.4,173,0,0,0,0,0
2924,L45947,L,300.74,310.51,27.59,37.36,1446,33.52,219,0,0,0,0,0
2925,L78514,L,297.77,307.83,24.62,34.68,1391,44.01,12,0,0,0,0,0
2926,H84443,H,299.44,309.36,26.29,36.21,1515,46.55,205,0,0,0,0,0
2927,M99783,M,299.26,310.6,26.11,37.45,1599,47.86,159,0,0,0,0,0
2928,H95034,H,300.56,310.23,27.41,37.08,1324,31.21,42,0,0,0,0,0
2929,M39044,M,298.89,307.96,25.74,34.81,1444,39.66,164,0,0,0,0,0
2930,L54048,L,298.81,307.94,25.66,34.79,1553,35.37,123,0,0,0,0,0
2931,L16052,L,302.87,313.53,29.72,40.38,1769,45.11,86,0,0,0,0,0
2932,M37641,M,300.57,309.17,27.42,36.02,1100,34.41,60,1,0,1,0,0
2933,L44855,L,298.88,308.68,25.73,35.53,1643,26.5,111,0,0,0,0,0
2934,L28685,L,299.5,310.83,26.35,37.68,1468,50.5,57,0,0,0,0,0
2935,M21354,M,303.29,313.58,30.14,40.43,1448,35.8,20,0,0,0,0,0
2936,L61896,L,299.53,309.46,26.38,36.31,1416,30.06,203,0,0,0,0,0
2937,M53909,M,298.62,308.59,25.47,35.44,1471,51.04,142,0,0,0,0,0
2938,L16499,L,298.63,307.6,25.48,34.45,1644,23.4,87,0,0,0,0,0
2939,H35530,H,298.9,308.04,25.75,34.89,1441,47.94,107,0,0,0,0,0
2940,L29316,L,298.81,308.62,25.66,35.47,1825,18.91,208,0,0,0,0,0
2941,L10966,L,297.44,307.71,24.29,34.56,1644,23.31,77,0,0,0,0,0
2942,M38202,M,297.75,308.7,24.6,35.55,1570,38.1,91,0,0,0,0,0
2943,L99471,L,298.34,308.43,25.19,35.28,1506,31.26,184,0,0,0,0,0
2944,M14179,M,301.18,312.54,28.03,39.39,1743,35.05,48,0,0,0,0,0
2945,M17625,M,299.24,310.84,26.09,37.69,1769,46.81,158,0,0,0,0,0
2946,L85790,L,299.59,310.38,26.44,37.23,1332,41.78,104,0,0,0,0,0
2947,L92006,L,302.54,313.77,29.39,40.62,1412,53.6,120,0,0,0,0,0
2948,L75545,L,302.59,311.6,29.44,38.45,1646,37.4,189,0,0,0,0,0
2949,L79443,L,299.44,308.29,26.29,35.14,1699,41.37,238,0,0,0,0,0
2950,H38448,H,298.74,309.26,25.59,36.11,1482,19.82,200,1,0,0,1,0
2951,M28877,M,298.27,306.93,25.12,33.78,1405,45.87,39,0,0,0,0,0
2952,M80521,M,301.39,311.1,28.24,37.95,1549,40.86,54,0,0,0,0,0
2953,M70426,M,299.59,310.36,26.44,37.21,1793,29.07,98,0,0,0,0,0
2954,L81054,L,299.23,310.64,26.08,37.49,1542,52.32,173,0,0,0,0,0
2955,H87401,H,298.37,308.12,25.22,34.97,1314,39.66,122,0,0,0,0,0
2956,M41044,M,298.46,307.81,25.31,34.66,1554,23.99,216,1,1,0,0,0
2957,M63705,M,300.64,310.96,27.49,37.81,1672,40.52,12,0,0,0,0,0
2958,M34908,M,297.37,306.3,24.22,33.15,1517,26.37,62,0,0,0,0,0
2959,L59672,L,301.99,311.82,28.84,38.67,1755,33.26,53,0,0,0,0,0
2960,M15583,M,298.93,308.92,25.78,35.77,1687,44.69,179,0,0,0,0,0
2961,L52822,L,299.7,309.67,26.55,36.52,1524,41.58,112,0,0,0,0,0
2962,L29531,L,297.33,307.41,24.18,34.26,1543,35.16,4,0,0,0,0,0
2963,L30483,L,299.98,309.14,26.83,35.99,1213,44.44,186,0,0,0,0,0
2964,H95748,H,299.34,308.62,26.19,35.47,1747,42.92,87,0,0,0,0,0
2965,M67567,M,299.9,309.15,26.75,36.0,1477,29.02,63,0,0,0,0,0
2966,M73203,M,302.94,311.32,29.79,38.17,1465,45.31,44,0,0,0,0,0
2967,M78482,M,300.36,310.7,27.21,37.55,1439,57.37,227,1,0,0,0,1
2968,L78648,L,298.41,309.31,25.26,36.16,1615,39.83,226,1,1,0,0,0
2969,H86422,H,298.58,309.37,25.43,36.22,1337,40.93,18,0,0,0,0,0
2970,L60762,L,301.19,310.93,28.04,37.78,1363,40.76,56,0,0,0,0,0
2971,L99659,L,302.6,311.79,29.45,38.64,1526,33.71,155,0,0,0,0,0
2972,L16446,L,300.56,311.31,27.41,38.16,1425,34.99,161,0,0,0,0,0
2973,M58696,M,301.38,312.02,28.23,38.87,1594,36.89,100,0,0,0,0,0
2974,M47203,M,301.22,311.44,28.07,38.29,1432,45.45,136,0,0,0,0,0
2975,L82085,L,302.84,314.58,29.69,41.43,1814,44.47,169,0,0,0,0,0
2976,L77416,L,296.1,306.07,22.95,32.92,1656,18.94,228,1,1,0,1,0
2977,M95777,M,301.33,311.08,28.18,37.93,1654,15.13,174,1,0,0,1,0
2978,L68057,L,301.97,311.57,28.82,38.42,1429,53.13,26,0,0,0,0,0
2979,M12749,M,297.32,305.76,24.17,32.61,1956,29.75,172,0,0,0,0,0
2980,H33409,H,298.23,308.89,25.08,35.74,1458,40.17,16,0,0,0,0,0
2981,L65780,L,298.3,308.19,25.15,35.04,1410,44.64,121,0,0,0,0,0
2982,L34834,L,298.54,309.05,25.39,35.9,1659,33.05,126,0,0,0,0,0
2983,M42281,M,299.04,310.88,25.89,37.73,1569,52.31,187,0,0,0,0,0
2984,M32992,M,300.49,310.09,27.34,36.94,1392,45.1,3,0,0,0,0,0
2985,L74211,L,301.73,309.39,28.58,36.24,1919,26.27,210,0,0,0,0,0
2986,H92914,H,302.16,312.64,29.01,39.49,1706,30.72,159,0,0,0,0,0
2987,L61923,L,298.32,308.49,25.17,35.34,1536,36.16,7,0,0,0,0,0
2988,L48374,L,298.31,307.58,25.16,34.43,1955,23.09,38,0,0,0,0,0
2989,M63234,M,302.63,313.03,29.48,39.88,1677,47.68,9,0,0,0,0,0
2990,M55929,M,301.29,312.08,28.14,38.93,1533,38.37,184,0,0,0,0,0
2991,L62904,L,300.17,309.22,27.02,36.07,1934,20.26,41,0,0,0,0,0
2992,M31753,M,300.95,310.65,27.8,37.5,1650,37.96,11,0,0,0,0,0
2993,L75164,L,299.94,311.42,26.79,38.27,1643,46.39,33,0,0,0,0,0
2994,L67207,L,301.05,310.33,27.9,37.18,1467,47.53,134,0,0,0,0,0
2995,L45812,L,299.33,309.39,26.18,36.24,1544,31.04,119,0,0,0,0,0
2996,M28482,M,300.54,307.91,27.39,34.76,1463,30.29,59,0,0,0,0,0
2997,L31343,L,296.98,305.5,23.83,32.35,1787,43.48,226,0,0,0,0,0
2998,L20113,L,298.62,308.78,25.47,35.63,1253,32.72,205,0,0,0,0,0
2999,L36787,L,298.65,309.87,25.5,36.72,1774,35.26,75,0,0,0,0,0
3000,M81949,M,299.25,307.89,26.1,34.74,1381,36.93,114,0,0,0,0,0
3001,M14863,M,298.15,308.22,25.0,35.07,1525,48.08,124,0,0,0,0,0
3002,M43786,M,298.93,308.56,25.78,35.41,1483,30.19,181,0,0,0,0,0
3003,L88489,L,296.97,307.92,23.82,34.77,1444,33.31,103,0,0,0,0,0
3004,M87505,M,301.1,309.88,27.95,36.73,1656,39.54,131,0,0,0,0,0
3005,L48794,L,299.83,310.27,26.68,37.12,1534,43.71,99,0,0,0,0,0
3006,M51672,M,296.59,305.94,23.44,32.79,1418,51.28,183,0,0,0,0,0
3007,H49985,H,298.33,308.55,25.18,35.4,1562,40.47,133,0,0,0,0,0
3008,L61683,L,300.67,310.74,27.52,37.59,1413,43.34,199,0,0,0,0,0
3009,M48268,M,298.91,308.66,25.76,35.51,1441,48.16,13,0,0,0,0,0
3010,L17494,L,298.61,309.08,25.46,35.93,1273,34.04,217,0,0,0,0,0
3011,L90290,L,299.85,309.89,26.7,36.74,1456,32.31,197,0,0,0,0,0
3012,L20969,L,300.69,310.55,27.54,37.4,1621,25.04,196,0,0,0,0,0
3013,L30005,L,297.13,306.77,23.98,33.62,1541,15.68,34,1,0,0,1,0
3014,L73877,L,301.1,311.18,27.95,38.03,1853,37.66,63,0,0,0,0,0
3015,M35745,M,298.4,308.62,25.25,35.47,1992,40.2,235,1,1,0,0,0
3016,L98222,L,299.96,308.98,26.81,35.83,1454,43.86,228,1,1,0,0,0
3017,M68077,M,299.93,309.58,26.78,36.43,1389,44.29,54,0,0,0,0,0
3018,L89692,L,298.95,307.89,25.8,34.74,1733,33.75,104,0,0,0,0,0
3019,L85475,L,297.95,307.91,24.8,34.76,1594,36.39,37,0,0,0,0,0
3020,M19727,M,299.43,308.84,26.28,35.69,1734,46.61,63,0,0,0,0,0
3021,L41150,L,303.25,314.02,30.1,40.87,1605,48.1,44,0,0,0,0,0
3022,L90426,L,297.28,307.95,24.13,34.8,1501,33.49,19,0,0,0,0,0
3023,M79963,M,303.38,312.46,30.23,39.31,1502,47.02,139,0,0,0,0,0
3024,L59520,L,299.48,309.48,26.33,36.33,1611,45.41,58,0,0,0,0,0
3025,L37378,L,300.07,310.71,26.92,37.56,1498,43.45,238,1,1,0,0,0
3026,L38951,L,297.83,307.65,24.68,34.5,1748,35.87,124,0,0,0,0,0
3027,H84093,H,298.46,307.73,25.31,34.58,1307,46.66,86,0,0,0,0,0
3028,M28082,M,298.99,307.9,25.84,34.75,1747,20.93,219,1,1,0,0,0
3029,M84422,M,297.91,308.76,24.76,35.61,1207,34.9,149,0,0,0,0,0
3030,M98108,M,299.58,310.48,26.43,37.33,1560,42.99,30,0,0,0,0,0
3031,L82028,L,299.19,308.98,26.04,35.83,1477,29.99,119,0,0,0,0,0
3032,L65346,L,303.7,314.47,30.55,41.32,1270,34.01,106,0,0,0,0,0
3033,M95880,M,297.67,304.7,24.52,31.55,1174,32.18,184,1,0,1,0,0
3034,L57388,L,300.21,311.53,27.06,38.38,1343,38.86,167,0,0,0,0,0
3035,L52232,L,300.5,310.34,27.35,37.19,1543,40.13,89,0,0,0,0,0
3036,L74525,L,297.86,308.0,24.71,34.85,1430,43.72,113,0,0,0,0,0
3037,L88880,L,301.37,311.05,28.22,37.9,1353,49.16,125,0,0,0,0,0
3038,H22647,H,299.2,310.6,26.05,37.45,1772,29.21,101,0,0,0,0,0
3039,L17239,L,295.02,303.95,21.87,30.8,1319,44.28,26,0,0,0,0,0
3040,L44354,L,301.32,312.79,28.17,39.64,1654,41.41,217,1,1,0,0,0
3041,L58418,L,297.77,308.16,24.62,35.01,1379,45.25,161,0,0,0,0,0
3042,H94881,H,297.9,308.53,24.75,35.38,1339,38.13,113,0,0,0,0,0
3043,L21365,L,301.38,311.05,28.23,37.9,1429,42.48,137,0,0,0,0,0
3044,L99726,L,299.31,308.0,26.16,34.85,1643,18.99,51,1,0,0,1,0
3045,M40706,M,301.84,312.77,28.69,39.62,1295,44.25,127,0,0,0,0,0
3046,M57019,M,302.42,312.73,29.27,39.58,1585,31.19,179,0,0,0,0,0
3047,L37958,L,298.71,310.07,25.56,36.92,1367,54.07,128,0,0,0,0,0
3048,L62081,L,301.59,311.39,28.44,38.24,1398,33.16,115,0,0,0,0,0
3049,L97399,L,298.49,308.07,25.34,34.92,1605,36.63,111,0,0,0,0,0
3050,L29071,L,304.47,315.85,31.32,42.7,1915,26.48,183,0,0,0,0,0
3051,L98722,L,298.61,310.53,25.46,37.38,1376,37.19,181,0,0,0,0,0
3052,L33163,L,302.05,312.06,28.9,38.91,1661,37.51,180,0,0,0,0,0
3053,L85540,L,301.69,310.93,28.54,37.78,1480,35.36,59,0,0,0,0,0
3054,L61446,L,300.63,311.44,27.48,38.29,1452,54.28,148,0,0,0,0,0
3055,M16266,M,298.66,308.4,25.51,35.25,1722,17.47,187,1,0,0,1,0
3056,H88927,H,299.7,310.3,26.55,37.15,1387,46.35,135,0,0,0,0,0
3057,M61269,M,295.69,305.43,22.54,32.28,1333,42.3,187,0,0,0,0,0
3058,L23657,L,300.45,312.01,27.3,38.86,1616,35.06,205,0,0,0,0,0
3059,L18704,L,300.7,310.0,27.55,36.85,1814,34.0,42,0,0,0,0,0
3060,H60410,H,300.27,310.75,27.12,37.6,1666,42.37,74,0,0,0,0,0
3061,L59690,L,294.05,303.56,20.9,30.41,1289,46.58,144,0,0,0,0,0
3062,L45986,L,297.47,307.19,24.32,34.04,1427,48.15,70,0,0,0,0,0
3063,L72946,L,298.5,308.09,25.35,34.94,1706,33.95,226,0,0,0,0,0
3064,M98443,M,300.58,311.32,27.43,38.17,1812,23.35,47,0,0,0,0,0
3065,M67651,M,300.58,311.5,27.43,38.35,1575,35.66,86,0,0,0,0,0
3066,L34261,L,299.66,310.22,26.51,37.07,1434,49.19,239,1,0,0,0,1
3067,L26446,L,301.27,311.16,28.12,38.01,1823,28.14,45,0,0,0,0,0
3068,H42993,H,297.95,308.09,24.8,34.94,1522,28.98,108,0,0,0,0,0
3069,L92160,L,301.22,312.12,28.07,38.97,1429,45.05,75,0,0,0,0,0
3070,M39648,M,300.95,311.88,27.8,38.73,1399,43.64,194,0,0,0,0,0
3071,M77306,M,300.76,308.06,27.61,34.91,1326,37.05,73,1,0,1,0,0
3072,M10339,M,299.64,309.36,26.49,36.21,2031,26.35,39,0,0,0,0,0
3073,L86929,L,303.66,313.44,30.51,40.29,1784,30.67,224,0,0,0,0,0
3074,L32564,L,300.99,311.66,27.84,38.51,1420,40.4,76,0,0,0,0,0
3075,L69572,L,298.06,308.0,24.91,34.85,1838,36.34,178,0,0,0,0,0
3076,M38360,M,300.5,311.22,27.35,38.07,1628,31.95,70,1,0,0,0,0
3077,H80638,H,301.5,310.43,28.35,37.28,1618,41.0,43,0,0,0,0,0
3078,L11574,L,298.82,309.08,25.67,35.93,1409,36.39,193,0,0,0,0,0
3079,L85775,L,302.18,313.08,29.03,39.93,1445,52.98,13,0,0,0,0,0
3080,H52618,H,300.76,309.29,27.61,36.14,1528,51.01,80,0,0,0,0,0
3081,M77967,M,295.32,307.83,22.17,34.68,1191,41.25,187,0,0,0,0,0
3082,M90542,M,300.6,311.79,27.45,38.64,1450,29.72,123,0,0,0,0,0
3083,L74530,L,299.19,309.19,26.04,36.04,1536,45.13,165,0,0,0,0,0
3084,L30146,L,301.07,310.25,27.92,37.1,1764,34.54,16,0,0,0,0,0
3085,M85898,M,301.89,311.71,28.74,38.56,1427,44.56,180,0,0,0,0,0
3086,M30405,M,300.39,310.47,27.24,37.32,1677,28.93,41,0,0,0,0,0
3087,L75294,L,303.33,313.77,30.18,40.62,1174,47.73,194,0,0,0,0,0
3088,L21804,L,299.64,311.14,26.49,37.99,1739,30.18,135,0,0,0,0,0
3089,L14074,L,301.25,310.77,28.1,37.62,1377,44.03,177,0,0,0,0,0
3090,L81864,L,301.61,312.17,28.46,39.02,1558,26.81,51,0,0,0,0,0
3091,L75777,L,299.81,308.51,26.66,35.36,1606,34.88,95,0,0,0,0,0
3092,H83861,H,301.56,311.14,28.41,37.99,1572,26.41,192,0,0,0,0,0
3093,L54077,L,298.81,309.19,25.66,36.04,1516,33.66,219,1,1,0,0,0
3094,M76630,M,299.15,309.85,26.0,36.7,1318,42.7,54,0,0,0,0,0
3095,L19800,L,297.38,306.62,24.23,33.47,1379,45.6,190,0,0,0,0,0
3096,M56741,M,300.48,310.04,27.33,36.89,1709,38.24,26,0,0,0,0,0
3097,H57102,H,300.65,312.11,27.5,38.96,1430,46.14,102,0,0,0,0,0
3098,L17317,L,302.36,313.52,29.21,40.37,1517,25.91,225,1,1,0,0,0
3099,L84676,L,301.58,311.79,28.43,38.64,1274,55.09,227,1,0,0,0,1
3100,L90507,L,299.43,307.19,26.28,34.04,1685,28.84,71,0,0,0,0,0
3101,L27857,L,297.64,310.15,24.49,37.0,1304,39.36,46,0,0,0,0,0
3102,M93141,M,300.87,310.85,27.72,37.7,1695,35.95,36,0,0,0,0,0
3103,H85632,H,302.22,311.91,29.07,38.76,1349,39.78,115,0,0,0,0,0
3104,L56428,L,301.51,310.99,28.36,37.84,1713,36.35,22,0,0,0,0,0
3105,L35536,L,302.17,312.55,29.02,39.4,1537,41.66,86,0,0,0,0,0
3106,L59462,L,299.58,309.96,26.43,36.81,1437,33.76,4,0,0,0,0,0
3107,M89056,M,299.07,310.02,25.92,36.87,1815,30.1,62,0,0,0,0,0
3108,L81790,L,298.53,307.6,25.38,34.45,1523,36.39,216,1,1,0,0,0
3109,L85051,L,299.89,309.58,26.74,36.43,1472,46.6,107,0,0,0,0,0
3110,M85812,M,299.84,311.87,26.69,38.72,1694,30.1,18,0,0,0,0,0
3111,M62977,M,300.41,310.64,27.26,37.49,1276,40.84,155,0,0,0,0,0
3112,L30473,L,299.74,309.57,26.59,36.42,1100,43.91,229,1,1,0,0,0
3113,M61478,M,299.73,308.79,26.58,35.64,1738,25.7,111,0,0,0,0,0
3114,L22987,L,298.45,308.95,25.3,35.8,1389,30.46,150,0,0,0,0,0
3115,L98361,L,301.88,312.91,28.73,39.76,1686,28.35,221,0,0,0,0,0
3116,M49063,M,300.15,311.03,27.0,37.88,1543,49.88,101,0,0,0,0,0
3117,M15545,M,299.65,309.39,26.5,36.24,1331,48.56,160,0,0,0,0,0
3118,L23041,L,298.51,308.87,25.36,35.72,1641,45.13,106,0,0,0,0,0
3119,L60928,L,297.34,309.01,24.19,35.86,1463,31.56,231,1,1,0,0,0
3120,L35076,L,302.62,313.69,29.47,40.54,1346,26.97,121,0,0,0,0,0
3121,L82495,L,301.11,310.33,27.96,37.18,1351,44.94,213,0,0,0,0,0
3122,L86769,L,296.75,304.21,23.6,31.06,1232,61.34,122,1,0,1,0,0
3123,L13705,L,301.53,311.82,28.38,38.67,1606,31.8,160,0,0,0,0,0
3124,L70386,L,301.84,312.64,28.69,39.49,1371,42.6,93,0,0,0,0,0
3125,M38421,M,300.25,309.16,27.1,36.01,1529,24.92,220,1,1,0,0,0
3126,M18933,M,303.2,313.19,30.05,40.04,1503,38.34,155,0,0,0,0,0
3127,M95229,M,300.43,310.17,27.28,37.02,1370,40.81,5,0,0,0,0,0
3128,L91308,L,297.17,307.27,24.02,34.12,1268,28.42,4,0,0,0,0,0
3129,H27609,H,300.73,310.19,27.58,37.04,1978,20.66,162,0,0,0,0,0
3130,M24332,M,300.49,311.78,27.34,38.63,1527,28.6,27,0,0,0,0,0
3131,M81526,M,298.79,308.94,25.64,35.79,1854,18.26,172,0,0,0,0,0
3132,M51581,M,301.15,310.27,28.0,37.12,1739,27.15,77,0,0,0,0,0
3133,H56101,H,296.66,307.58,23.51,34.43,1479,42.82,129,0,0,0,0,0
3134,L13904,L,301.98,310.72,28.83,37.57,1567,31.51,42,1,0,0,0,0
3135,L95150,L,298.24,309.53,25.09,36.38,1562,45.88,59,0,0,0,0,0
3136,M80404,M,298.03,309.02,24.88,35.87,1858,27.94,105,0,0,0,0,0
3137,M21126,M,299.77,311.16,26.62,38.01,1680,36.71,160,0,0,0,0,0
3138,M70352,M,300.87,310.71,27.72,37.56,1394,45.09,37,0,0,0,0,0
3139,L23290,L,300.33,309.83,27.18,36.68,1597,48.16,68,0,0,0,0,0
3140,L55398,L,298.51,308.6,25.36,35.45,1676,28.46,50,0,0,0,0,0
3141,L47244,L,298.99,308.9,25.84,35.75,1329,46.64,207,0,0,0,0,0
3142,H68819,H,297.73,307.08,24.58,33.93,1621,27.76,156,0,0,0,0,0
3143,L43565,L,299.55,309.0,26.4,35.85,1770,46.14,112,0,0,0,0,0
3144,L14291,L,302.15,311.78,29.0,38.63,1385,33.05,227,1,1,0,0,0
3145,L72324,L,299.99,308.82,26.84,35.67,1409,43.73,177,0,0,0,0,0
3146,L48278,L,301.72,312.4,28.57,39.25,1738,45.44,224,1,1,0,0,0
3147,M75371,M,302.91,312.86,29.76,39.71,1473,29.32,143,0,0,0,0,0
3148,M72440,M,298.82,308.52,25.67,35.37,1363,46.79,33,0,0,0,0,0
3149,M60867,M,299.63,308.52,26.48,35.37,1689,25.97,162,0,0,0,0,0
3150,L87948,L,304.34,313.18,31.19,40.03,1636,53.65,48,1,0,0,1,0
3151,M13230,M,302.89,314.82,29.74,41.67,1552,21.8,83,0,0,0,0,0
3152,L25565,L,296.66,306.03,23.51,32.88,1732,20.95,122,0,0,0,0,0
3153,M74121,M,300.77,311.38,27.62,38.23,1744,23.88,38,0,0,0,0,0
3154,L41737,L,300.0,310.16,26.85,37.01,1521,28.97,5,0,0,0,0,0
3155,L14974,L,301.65,308.88,28.5,35.73,1881,34.64,79,0,0,0,0,0
3156,M45350,M,298.51,310.3,25.36,37.15,1812,46.02,198,0,0,0,0,0
3157,H58705,H,298.32,309.0,25.17,35.85,1188,57.48,4,0,0,0,0,0
3158,L29578,L,298.65,307.88,25.5,34.73,1355,44.16,26,0,0,0,0,0
3159,M71237,M,298.86,308.83,25.71,35.68,1140,50.32,194,0,0,0,0,0
3160,L32778,L,301.63,310.48,28.48,37.33,1478,33.91,73,0,0,0,0,0
3161,L74587,L,297.64,309.46,24.49,36.31,1323,46.43,225,1,0,0,0,0
3162,L82175,L,298.75,307.85,25.6,34.7,1392,39.48,91,0,0,0,0,0
3163,L20282,L,296.42,305.9,23.27,32.75,1726,34.71,191,0,0,0,0,0
3164,L72346,L,302.01,311.28,28.86,38.13,1228,40.73,62,0,0,0,0,0
3165,L97458,L,302.54,312.62,29.39,39.47,1558,27.17,15,0,0,0,0,0
3166,L32332,L,299.35,310.72,26.2,37.57,1557,37.01,212,0,0,0,0,0
3167,H15275,H,299.4,311.19,26.25,38.04,1521,37.71,223,1,1,0,0,0
3168,L59593,L,300.91,310.51,27.76,37.36,1558,32.01,170,0,0,0,0,0
3169,M63983,M,302.95,313.33,29.8,40.18,1144,43.94,185,0,0,0,0,0
3170,L26510,L,300.82,310.9,27.67,37.75,1393,45.59,2,0,0,0,0,0
3171,M48672,M,298.6,307.62,25.45,34.47,1805,35.38,181,0,0,0,0,0
3172,L89169,L,296.76,309.18,23.61,36.03,1326,58.24,113,0,0,0,0,0
3173,L63909,L,297.77,309.13,24.62,35.98,1827,42.41,109,0,0,0,0,0
3174,L95147,L,300.15,310.34,27.0,37.19,1289,34.91,130,0,0,0,0,0
3175,L47377,L,298.69,310.27,25.54,37.12,1268,43.67,65,0,0,0,0,0
3176,L74091,L,300.39,311.6,27.24,38.45,1368,30.95,167,0,0,0,0,0
3177,M58339,M,298.89,308.98,25.74,35.83,1733,18.36,71,1,0,0,1,0
3178,M35108,M,297.88,308.21,24.73,35.06,1439,57.37,134,0,0,0,0,0
3179,M19425,M,297.65,309.16,24.5,36.01,1595,47.75,33,0,0,0,0,0
3180,M39115,M,303.12,312.18,29.97,39.03,1548,31.98,162,0,0,0,0,0
3181,L81518,L,301.78,313.45,28.63,40.3,1525,47.51,46,0,0,0,0,0
3182,L72146,L,303.46,313.24,30.31,40.09,1758,43.73,41,0,0,0,0,0
3183,L80307,L,301.08,312.6,27.93,39.45,1670,18.94,6,1,0,0,1,0
3184,L28856,L,299.14,309.13,25.99,35.98,1335,49.72,29,0,0,0,0,0
3185,L29700,L,302.65,312.98,29.5,39.83,1487,34.6,56,0,0,0,0,0
3186,L22335,L,299.93,309.9,26.78,36.75,1840,34.2,53,0,0,0,0,0
3187,L22934,L,300.44,309.91,27.29,36.76,1591,60.09,79,1,0,0,1,0
3188,L25453,L,299.91,309.64,26.76,36.49,1271,57.76,13,0,0,0,0,0
3189,M69850,M,294.11,305.49,20.96,32.34,1284,43.61,224,1,1,0,0,0
3190,M80538,M,303.21,310.9,30.06,37.75,1691,45.26,29,0,0,0,0,0
3191,L32736,L,300.98,309.74,27.83,36.59,1658,19.18,168,1,0,0,1,0
3192,H45935,H,300.66,309.93,27.51,36.78,1374,45.74,128,0,0,0,0,0
3193,H62082,H,299.88,308.8,26.73,35.65,1666,38.61,133,0,0,0,0,0
3194,L17427,L,300.33,311.84,27.18,38.69,1815,37.22,25,0,0,0,0,0
3195,L36807,L,298.81,310.06,25.66,36.91,1790,27.94,58,0,0,0,0,0
3196,L22677,L,301.23,311.83,28.08,38.68,1816,34.61,187,0,0,0,0,0
3197,H33229,H,297.39,306.75,24.24,33.6,1632,41.95,111,0,0,0,0,0
3198,M42413,M,300.37,311.71,27.22,38.56,1504,19.51,110,1,0,0,1,0
3199,L15050,L,301.12,309.54,27.97,36.39,1465,36.59,131,0,0,0,0,0
3200,L90170,L,299.6,311.74,26.45,38.59,1532,30.17,104,0,0,0,0,0
3201,L44408,L,300.74,310.06,27.59,36.91,1382,46.76,193,0,0,0,0,0
3202,L36812,L,298.02,307.76,24.87,34.61,1472,49.94,180,0,0,0,0,0
3203,L73227,L,298.07,307.64,24.92,34.49,1758,27.69,76,0,0,0,0,0
3204,M73287,M,300.47,309.4,27.32,36.25,1253,37.0,195,0,0,0,0,0
3205,M98633,M,301.36,313.28,28.21,40.13,1265,46.22,124,0,0,0,0,0
3206,M50908,M,296.25,307.04,23.1,33.89,1680,24.87,151,0,0,0,0,0
3207,M44747,M,301.04,312.26,27.89,39.11,1474,37.07,208,0,0,0,0,0
3208,M92228,M,298.91,307.69,25.76,34.54,1198,45.17,114,0,0,0,0,0
3209,L15711,L,299.61,309.8,26.46,36.65,1524,42.23,182,0,0,0,0,0
3210,M52092,M,297.32,307.84,24.17,34.69,1499,40.74,151,0,0,0,0,0
3211,L96064,L,298.3,308.57,25.15,35.42,1460,40.55,102,0,0,0,0,0
3212,M21817,M,301.93,310.77,28.78,37.62,1655,47.71,189,0,0,0,0,0
3213,L30696,L,300.07,311.14,26.92,37.99,1302,46.17,25,0,0,0,0,0
3214,M81789,M,299.23,309.36,26.08,36.21,1537,33.93,139,0,0,0,0,0
3215,L95821,L,299.77,308.81,26.62,35.66,1498,35.88,11,0,0,0,0,0
3216,L35793,L,300.98,309.12,27.83,35.97,1542,31.05,37,0,0,0,0,0
3217,L55658,L,300.88,311.49,27.73,38.34,1232,38.36,144,0,0,0,0,0
3218,L50175,L,299.85,312.3,26.7,39.15,1444,28.58,74,0,0,0,0,0
3219,M48672,M,302.19,311.17,29.04,38.02,1538,46.32,63,0,0,0,0,0
3220,M52355,M,301.94,312.11,28.79,38.96,1630,29.41,229,0,0,0,0,0
3221,L13243,L,300.83,311.94,27.68,38.79,1858,33.36,88,0,0,0,0,0
3222,L91167,L,300.11,308.84,26.96,35.69,1676,31.79,136,0,0,0,0,0
3223,L20809,L,301.31,310.83,28.16,37.68,1616,35.23,128,0,0,0,0,0
3224,L96398,L,300.63,309.77,27.48,36.62,1758,41.83,15,0,0,0,0,0
3225,L67652,L,302.12,313.11,28.97,39.96,1482,40.08,162,0,0,0,0,0
3226,M17761,M,301.8,313.12,28.65,39.97,1807,24.33,123,0,0,0,0,0
3227,L20362,L,297.96,308.12,24.81,34.97,1731,28.59,92,0,0,0,0,0
3228,L93437,L,297.83,306.99,24.68,33.84,1457,46.2,16,0,0,0,0,0
3229,L65557,L,298.6,308.15,25.45,35.0,1872,34.48,70,0,0,0,0,0
3230,L22816,L,301.95,311.32,28.8,38.17,1613,42.9,212,0,0,0,0,0
3231,L29723,L,296.85,305.87,23.7,32.72,1919,27.95,42,0,0,0,0,0
3232,M77881,M,300.79,310.69,27.64,37.54,1588,24.91,53,0,0,0,0,0
3233,L28848,L,300.73,311.3,27.58,38.15,1437,43.93,49,0,0,0,0,0
3234,L45107,L,302.33,312.82,29.18,39.67,1401,42.93,214,0,0,0,0,0
3235,L90349,L,300.36,310.35,27.21,37.2,1473,41.14,168,0,0,0,0,0
3236,L15364,L,297.31,307.37,24.16,34.22,1435,28.87,212,0,0,0,0,0
3237,L19730,L,298.08,308.0,24.93,34.85,1757,27.48,219,0,0,0,0,0
3238,H79240,H,297.64,306.34,24.49,33.19,1530,29.94,223,1,1,0,0,0
3239,M50514,M,298.92,309.08,25.77,35.93,1253,48.94,117,0,0,0,0,0
3240,L77757,L,299.63,309.05,26.48,35.9,1572,39.91,114,0,0,0,0,0
3241,L19810,L,297.67,306.32,24.52,33.17,1557,36.45,199,0,0,0,0,0
3242,L72541,L,302.94,313.31,29.79,40.16,1453,47.17,80,0,0,0,0,0
3243,L72575,L,297.35,306.74,24.2,33.59,1582,48.15,5,0,0,0,0,0
3244,M54415,M,302.69,312.92,29.54,39.77,1527,40.34,80,0,0,0,0,0
3245,M91633,M,302.37,313.22,29.22,40.07,1646,40.18,172,0,0,0,0,0
3246,L98117,L,301.8,310.85,28.65,37.7,1636,30.7,30,0,0,0,0,0
3247,L11019,L,298.61,308.7,25.46,35.55,1599,30.03,188,0,0,0,0,0
3248,L23364,L,300.68,308.87,27.53,35.72,1308,51.89,196,1,0,1,0,0
3249,M19460,M,297.45,308.98,24.3,35.83,1906,23.07,24,0,0,0,0,0
3250,M29158,M,301.82,310.46,28.67,37.31,1263,50.95,23,0,0,0,0,0
3251,L78384,L,299.85,309.34,26.7,36.19,1512,51.64,48,0,0,0,0,0
3252,L54789,L,299.18,310.52,26.03,37.37,1343,47.88,86,0,0,0,0,0
3253,M71096,M,297.55,307.32,24.4,34.17,1604,35.07,128,0,0,0,0,0
3254,L94827,L,295.04,303.85,21.89,30.7,1559,26.02,117,0,0,0,0,0
3255,L97828,L,297.92,308.64,24.77,35.49,1505,39.36,205,0,0,0,0,0
3256,L55375,L,302.23,312.92,29.08,39.77,1801,39.89,34,0,0,0,0,0
3257,M29990,M,299.19,308.56,26.04,35.41,1729,31.71,167,0,0,0,0,0
3258,L37500,L,299.66,309.14,26.51,35.99,1478,46.94,132,0,0,0,0,0
3259,L36343,L,301.31,310.88,28.16,37.73,1676,37.11,177,0,0,0,0,0
3260,M74634,M,303.61,313.4,30.46,40.25,1809,34.01,82,0,0,0,0,0
3261,L24848,L,302.65,310.76,29.5,37.61,1728,30.63,113,0,0,0,0,0
3262,L84779,L,298.06,307.87,24.91,34.72,1511,26.27,7,0,0,0,0,0
3263,L40156,L,296.11,307.9,22.96,34.75,1257,42.19,28,0,0,0,0,0
3264,L41481,L,304.72,313.82,31.57,40.67,1592,32.53,90,0,0,0,0,0
3265,M70198,M,304.54,313.95,31.39,40.8,1652,39.29,116,0,0,0,0,0
3266,L36997,L,300.38,309.19,27.23,36.04,1400,40.79,21,0,0,0,0,0
3267,L96122,L,297.46,308.07,24.31,34.92,1539,45.9,198,0,0,0,0,0
3268,L85449,L,301.93,313.13,28.78,39.98,1520,39.93,227,0,0,0,0,0
3269,M15157,M,299.78,310.96,26.63,37.81,1778,28.19,143,0,0,0,0,0
3270,M99920,M,299.77,308.53,26.62,35.38,1859,24.29,13,0,0,0,0,0
3271,L30993,L,301.79,312.29,28.64,39.14,1741,28.09,177,0,0,0,0,0
3272,L29781,L,300.67,312.1,27.52,38.95,1520,38.98,52,0,0,0,0,0
3273,M27203,M,297.63,308.14,24.48,34.99,1736,30.02,176,0,0,0,0,0
3274,L17989,L,299.35,309.83,26.2,36.68,1649,26.14,104,0,0,0,0,0
3275,M51361,M,301.32,310.85,28.17,37.7,1522,45.7,13,0,0,0,0,0
3276,M67237,M,301.02,311.24,27.87,38.09,1901,31.36,67,0,0,0,0,0
3277,M65982,M,300.52,311.76,27.37,38.61,1406,42.95,102,0,0,0,0,0
3278,L98395,L,301.87,312.2,28.72,39.05,1641,28.34,177,0,0,0,0,0
3279,L96909,L,299.28,308.03,26.13,34.88,1682,25.73,32,0,0,0,0,0
3280,M82302,M,300.36,309.9,27.21,36.75,1485,37.29,69,0,0,0,0,0
3281,L99973,L,293.25,304.46,20.1,31.31,1633,18.86,20,1,0,0,1,0
3282,L24889,L,299.1,309.43,25.95,36.28,1700,39.93,148,0,0,0,0,0
3283,M63030,M,301.53,311.65,28.38,38.5,1578,30.68,114,0,0,0,0,0
3284,M62032,M,299.22,308.67,26.07,35.52,1618,33.28,223,0,0,0,0,0
3285,L18936,L,299.07,310.26,25.92,37.11,1553,40.3,178,0,0,0,0,0
3286,L58894,L,297.92,309.58,24.77,36.43,1675,32.42,187,0,0,0,0,0
3287,L65999,L,302.01,313.27,28.86,40.12,1495,28.98,39,0,0,0,0,0
3288,M65992,M,301.1,312.54,27.95,39.39,1480,50.75,64,0,0,0,0,0
3289,H70721,H,301.65,311.29,28.5,38.14,1539,24.98,123,0,0,0,0,0
3290,L74098,L,296.55,306.05,23.4,32.9,1742,15.0,3,1,0,0,1,0
3291,L38134,L,299.68,309.52,26.53,36.37,1229,53.61,209,1,0,0,0,1
3292,M39440,M,299.44,309.48,26.29,36.33,1376,29.97,187,0,0,0,0,0
3293,L85246,L,299.44,310.87,26.29,37.72,1933,39.66,14,0,0,0,0,0
3294,L68883,L,298.77,309.93,25.62,36.78,1583,39.21,204,0,0,0,0,0
3295,H74022,H,299.31,309.85,26.16,36.7,1464,41.41,1,0,0,0,0,0
3296,L33384,L,301.7,310.27,28.55,37.12,1674,29.67,27,0,0,0,0,0
3297,M45836,M,296.17,304.49,23.02,31.34,1398,34.39,13,0,0,0,0,0
3298,L78097,L,303.55,313.8,30.4,40.65,1167,46.09,115,0,0,0,0,0
3299,L10939,L,300.97,311.85,27.82,38.7,1597,28.86,188,0,0,0,0,0
3300,M52975,M,299.92,309.84,26.77,36.69,1407,50.38,43,0,0,0,0,0
3301,L59652,L,301.81,313.73,28.66,40.58,1553,30.96,185,0,0,0,0,0
3302,H77876,H,297.1,306.01,23.95,32.86,1593,40.03,44,0,0,0,0,0
3303,L26330,L,298.67,307.46,25.52,34.31,1560,44.77,238,0,0,0,0,0
3304,L13356,L,299.76,309.09,26.61,35.94,1236,39.31,205,0,0,0,0,0
3305,L92124,L,302.73,312.03,29.58,38.88,1540,40.23,177,0,0,0,0,0
3306,L71575,L,299.91,310.43,26.76,37.28,1613,28.37,142,0,0,0,0,0
3307,L32396,L,300.9,310.48,27.75,37.33,1290,43.03,58,0,0,0,0,0
3308,L71271,L,298.82,307.27,25.67,34.12,1269,41.48,29,1,0,1,0,0
3309,L17295,L,300.97,311.87,27.82,38.72,1348,36.94,110,0,0,0,0,0
3310,L36972,L,303.35,311.59,30.2,38.44,1666,35.66,97,0,0,0,0,0
3311,M95836,M,301.99,310.92,28.84,37.77,1185,38.63,162,0,0,0,0,0
3312,M25029,M,299.84,308.21,26.69,35.06,1680,41.53,41,0,0,0,0,0
3313,M62760,M,301.35,311.56,28.2,38.41,1604,27.08,135,0,0,0,0,0
3314,L92148,L,301.16,311.34,28.01,38.19,1490,28.32,166,0,0,0,0,0
3315,L69014,L,301.01,312.93,27.86,39.78,1276,42.89,72,0,0,0,0,0
3316,M42533,M,302.22,313.14,29.07,39.99,1396,38.07,187,0,0,0,0,0
3317,L96368,L,302.21,313.65,29.06,40.5,1672,37.12,104,0,0,0,0,0
3318,L27422,L,299.75,310.03,26.6,36.88,1755,33.33,39,0,0,0,0,0
3319,M35474,M,301.28,310.31,28.13,37.16,1355,29.28,47,0,0,0,0,0
3320,M45452,M,299.23,309.36,26.08,36.21,1735,40.92,67,0,0,0,0,0
3321,L17303,L,298.15,308.75,25.0,35.6,1655,32.4,38,0,0,0,0,0
3322,L98806,L,299.46,310.16,26.31,37.01,1534,39.29,135,0,0,0,0,0
3323,M57563,M,299.85,309.38,26.7,36.23,1406,58.37,228,1,0,0,0,1
3324,L76139,L,296.68,307.17,23.53,34.02,1433,50.27,215,0,0,0,0,0
3325,M26209,M,301.72,310.79,28.57,37.64,1854,32.59,78,1,0,0,0,0
3326,M40156,M,294.47,303.42,21.32,30.27,1566,25.6,208,0,0,0,0,0
3327,M81650,M,305.43,314.31,32.28,41.16,1768,21.56,229,0,0,0,0,0
3328,L94984,L,303.0,313.03,29.85,39.88,1577,45.62,71,0,0,0,0,0
3329,L82053,L,299.48,308.3,26.33,35.15,1456,36.14,217,1,1,0,0,0
3330,M79413,M,300.02,309.59,26.87,36.44,1637,33.65,239,0,0,0,0,0
3331,M63688,M,300.61,311.51,27.46,38.36,1913,20.79,191,0,0,0,0,0
3332,M28046,M,298.82,307.79,25.67,34.64,1422,43.85,94,0,0,0,0,0
3333,L75768,L,300.39,309.88,27.24,36.73,1695,42.94,146,0,0,0,0,0
3334,L55672,L,299.71,309.78,26.56,36.63,1568,48.72,87,0,0,0,0,0
3335,M17843,M,299.81,310.06,26.66,36.91,1281,41.13,239,1,1,0,0,0
3336,M39800,M,300.36,309.86,27.21,36.71,1277,50.01,16,0,0,0,0,0
3337,H99006,H,297.37,308.16,24.22,35.01,1456,38.59,214,0,0,0,0,0
3338,M95319,M,300.08,310.67,26.93,37.52,1596,42.95,18,0,0,0,0,0
3339,L23399,L,300.33,311.47,27.18,38.32,1689,33.9,10,0,0,0,0,0
3340,M55924,M,300.26,310.18,27.11,37.03,1260,38.88,226,0,0,0,0,0
3341,M93455,M,299.57,309.06,26.42,35.91,1649,45.3,208,0,0,0,0,0
3342,L45109,L,302.28,311.59,29.13,38.44,1514,38.63,87,0,0,0,0,0
3343,M83391,M,299.29,309.6,26.14,36.45,1536,34.5,230,1,1,0,0,0
3344,L26066,L,300.45,310.08,27.3,36.93,1638,36.4,207,0,0,0,0,0
3345,L41715,L,302.59,312.03,29.44,38.88,1841,25.24,216,0,0,0,0,0
3346,M26470,M,299.84,309.39,26.69,36.24,1588,39.4,143,0,0,0,0,0
3347,L17168,L,300.43,309.75,27.28,36.6,1298,42.59,230,0,0,0,0,0
3348,L90847,L,299.81,310.01,26.66,36.86,1502,31.78,194,0,0,0,0,0
3349,L16263,L,302.47,311.06,29.32,37.91,1684,53.04,226,1,0,0,1,1
3350,L57725,L,299.48,309.79,26.33,36.64,1690,25.85,68,0,0,0,0,0
3351,L25548,L,302.57,313.24,29.42,40.09,1652,37.52,128,0,0,0,0,0
3352,L67190,L,299.79,309.21,26.64,36.06,1446,40.09,208,0,0,0,0,0
3353,H14479,H,298.28,310.2,25.13,37.05,1296,36.02,139,0,0,0,0,0
3354,L56652,L,301.36,311.38,28.21,38.23,1638,32.28,192,0,0,0,0,0
3355,L51609,L,299.39,307.83,26.24,34.68,1323,32.58,234,1,1,1,0,0
3356,L53555,L,301.24,310.96,28.09,37.81,1656,51.13,193,0,0,0,0,0
3357,M35144,M,294.54,304.6,21.39,31.45,1656,32.45,76,0,0,0,0,0
3358,L25847,L,300.01,310.46,26.86,37.31,1453,37.97,28,0,0,0,0,0
3359,M86047,M,299.08,308.82,25.93,35.67,1515,53.37,65,0,0,0,0,0
3360,M65436,M,297.87,306.86,24.72,33.71,1570,29.91,159,0,0,0,0,0
3361,M68017,M,298.89,307.8,25.74,34.65,1427,50.5,3,0,0,0,0,0
3362,L39073,L,298.85,308.2,25.7,35.05,1293,49.05,46,0,0,0,0,0
3363,M84239,M,299.9,309.35,26.75,36.2,1528,21.66,78,1,0,0,1,0
3364,L80703,L,297.27,306.13,24.12,32.98,1546,34.08,210,0,0,0,0,0
3365,H16134,H,300.63,309.9,27.48,36.75,1773,35.81,12,0,0,0,0,0
3366,M88733,M,302.73,313.39,29.58,40.24,1398,41.26,12,0,0,0,0,0
3367,L84891,L,300.56,312.21,27.41,39.06,1722,33.58,132,0,0,0,0,0
3368,L50172,L,301.62,312.37,28.47,39.22,1334,38.08,43,0,0,0,0,0
3369,L79717,L,302.19,313.49,29.04,40.34,1300,38.38,58,0,0,0,0,0
3370,M49304,M,302.47,313.45,29.32,40.3,1482,36.18,44,0,0,0,0,0
3371,L26876,L,303.74,314.57,30.59,41.42,1370,57.5,140,0,0,0,0,0
3372,L72221,L,299.0,308.66,25.85,35.51,1297,36.91,13,0,0,0,0,0
3373,L88066,L,298.56,308.7,25.41,35.55,1875,26.7,226,1,1,0,0,0
3374,M18471,M,301.57,311.15,28.42,38.0,1456,39.58,30,0,0,0,0,0
3375,M21503,M,301.42,311.2,28.27,38.05,1939,17.84,228,1,1,0,0,0
3376,M59753,M,301.55,311.62,28.4,38.47,1361,45.56,187,0,0,0,0,0
3377,M68861,M,303.78,314.49,30.63,41.34,1236,36.05,199,0,0,0,0,0
3378,L22589,L,300.02,310.45,26.87,37.3,1761,23.84,41,0,0,0,0,0
3379,L56361,L,300.85,310.69,27.7,37.54,1408,31.62,161,0,0,0,0,0
3380,M67575,M,298.04,308.09,24.89,34.94,1559,23.62,196,0,0,0,0,0
3381,L81085,L,304.27,314.7,31.12,41.55,1298,54.3,134,0,0,0,0,0
3382,L41202,L,299.33,309.99,26.18,36.84,1528,41.66,132,0,0,0,0,0
3383,L72278,L,299.38,307.86,26.23,34.71,1295,51.62,38,1,0,1,0,0
3384,L22676,L,299.31,308.23,26.16,35.08,1522,44.29,99,0,0,0,0,0
3385,L23067,L,298.71,309.82,25.56,36.67,1452,38.11,36,0,0,0,0,0
3386,M60748,M,298.54,308.48,25.39,35.33,1575,36.14,233,0,0,0,0,0
3387,L90781,L,298.95,308.53,25.8,35.38,1644,42.95,164,0,0,0,0,0
3388,L61184,L,297.27,307.0,24.12,33.85,1577,49.44,12,0,0,0,0,0
3389,L52827,L,298.43,308.17,25.28,35.02,1614,25.44,114,0,0,0,0,0
3390,M10890,M,303.9,314.46,30.75,41.31,1516,57.96,153,1,0,0,1,0
3391,L69330,L,301.47,310.36,28.32,37.21,1459,28.75,23,0,0,0,0,0
3392,M98792,M,301.85,311.88,28.7,38.73,1617,31.73,160,0,0,0,0,0
3393,M52156,M,302.35,312.6,29.2,39.45,1515,38.4,43,0,0,0,0,0
3394,L44838,L,303.67,314.06,30.52,40.91,1522,38.97,98,0,0,0,0,0
3395,H47725,H,296.46,306.68,23.31,33.53,1605,51.42,150,0,0,0,0,0
3396,H46996,H,297.54,308.06,24.39,34.91,1354,50.41,88,0,0,0,0,0
3397,M52041,M,298.39,307.82,25.24,34.67,1785,35.4,91,0,0,0,0,0
3398,M26551,M,299.06,308.12,25.91,34.97,1491,46.7,202,0,0,0,0,0
3399,L49664,L,299.4,311.86,26.25,38.71,1557,39.57,74,0,0,0,0,0
3400,L74861,L,299.11,308.8,25.96,35.65,1527,32.11,157,0,0,0,0,0
3401,L40992,L,300.44,310.25,27.29,37.1,1649,38.63,204,0,0,0,0,0
3402,L88094,L,300.07,310.75,26.92,37.6,1594,36.48,37,0,0,0,0,0
3403,H76730,H,298.55,310.15,25.4,37.0,1526,30.8,11,0,0,0,0,0
3404,L17234,L,295.65,305.1,22.5,31.95,1789,42.14,198,0,0,0,0,0
3405,M28154,M,298.01,307.02,24.86,33.87,1100,51.65,132,0,0,0,0,0
3406,M59663,M,298.9,307.66,25.75,34.51,1752,23.73,199,0,0,0,0,0
3407,M41359,M,299.51,311.1,26.36,37.95,1696,26.08,51,0,0,0,0,0
3408,H20698,H,297.74,306.7,24.59,33.55,1214,51.49,200,0,0,0,0,0
3409,L99229,L,299.02,308.99,25.87,35.84,1698,42.15,23,0,0,0,0,0
3410,L82122,L,297.74,306.76,24.59,33.61,1720,37.16,212,0,0,0,0,0
3411,L96352,L,299.75,308.3,26.6,35.15,1633,38.97,197,0,0,0,0,0
3412,L65903,L,297.85,307.56,24.7,34.41,1262,38.91,136,0,0,0,0,0
3413,L58157,L,298.3,307.36,25.15,34.21,1654,35.37,146,0,0,0,0,0
3414,L27625,L,297.38,306.69,24.23,33.54,1711,30.84,83,0,0,0,0,0
3415,M87093,M,299.69,311.7,26.54,38.55,1435,38.37,48,0,0,0,0,0
3416,L23684,L,298.27,308.69,25.12,35.54,1612,34.64,109,0,0,0,0,0
3417,L47329,L,301.81,312.75,28.66,39.6,1473,33.61,158,0,0,0,0,0
3418,M98670,M,300.81,311.64,27.66,38.49,1690,39.92,240,1,1,0,0,0
3419,L17706,L,299.86,309.76,26.71,36.61,1480,30.64,196,0,0,0,0,0
3420,L61975,L,298.41,307.97,25.26,34.82,1433,29.58,104,0,0,0,0,0
3421,M80105,M,300.76,311.01,27.61,37.86,1528,31.21,178,0,0,0,0,0
3422,M31816,M,301.38,311.55,28.23,38.4,1300,51.13,26,0,0,0,0,0
3423,M67324,M,300.29,309.72,27.14,36.57,1511,40.64,100,0,0,0,0,0
3424,L24212,L,303.21,313.34,30.06,40.19,1598,21.58,102,0,0,0,0,0
3425,M66446,M,300.92,310.21,27.77,37.06,1687,38.74,240,0,0,0,0,0
3426,M82627,M,301.83,311.66,28.68,38.51,1579,35.91,94,0,0,0,0,0
3427,L74366,L,300.27,309.93,27.12,36.78,1284,41.27,20,0,0,0,0,0
3428,M95837,M,301.35,310.08,28.2,36.93,1772,30.4,16,0,0,0,0,0
3429,M90556,M,298.41,306.06,25.26,32.91,1786,21.41,168,0,0,0,0,0
3430,L91081,L,299.08,308.14,25.93,34.99,1555,38.24,69,0,0,0,0,0
3431,L71978,L,300.7,312.5,27.55,39.35,1403,30.69,209,0,0,0,0,0
3432,H70129,H,300.68,310.37,27.53,37.22,1442,36.93,116,0,0,0,0,0
3433,M86890,M,301.02,311.79,27.87,38.64,1499,35.42,79,0,0,0,0,0
3434,L78058,L,302.2,310.08,29.05,36.93,1584,42.34,182,0,0,0,0,0
3435,M49471,M,297.15,306.14,24.0,32.99,1482,38.99,100,0,0,0,0,0
3436,L77097,L,298.05,306.7,24.9,33.55,1385,47.02,177,0,0,0,0,0
3437,L11253,L,300.46,310.26,27.31,37.11,1714,23.86,171,0,0,0,0,0
3438,L60635,L,298.55,310.97,25.4,37.82,1580,35.4,174,0,0,0,0,0
3439,H70769,H,306.76,317.22,33.61,44.07,1351,46.66,206,0,0,0,0,0
3440,H20604,H,301.03,312.73,27.88,39.58,1586,46.06,204,0,0,0,0,0
3441,L92389,L,299.84,309.59,26.69,36.44,1563,27.54,160,0,0,0,0,0
3442,L57243,L,298.97,310.33,25.82,37.18,1409,33.93,230,1,1,0,0,0
3443,L48432,L,299.04,311.11,25.89,37.96,1744,36.89,5,0,0,0,0,0
3444,H66697,H,300.06,309.95,26.91,36.8,1559,49.65,223,0,0,0,0,0
3445,H95359,H,300.22,309.68,27.07,36.53,1497,40.56,36,0,0,0,0,0
3446,M69497,M,299.09,307.77,25.94,34.62,1520,28.81,51,0,0,0,0,0
3447,M62239,M,299.45,309.14,26.3,35.99,1613,26.8,196,0,0,0,0,0
3448,M32452,M,302.69,312.77,29.54,39.62,1522,38.71,96,0,0,0,0,0
3449,L19027,L,302.77,314.8,29.62,41.65,1521,40.53,102,0,0,0,0,0
3450,L71931,L,300.5,309.21,27.35,36.06,1722,31.51,63,0,0,0,0,0
3451,L70940,L,297.32,307.38,24.17,34.23,1287,35.89,54,0,0,0,0,0
3452,M67888,M,301.08,309.26,27.93,36.11,1316,52.35,25,1,0,1,0,0
3453,M67299,M,303.11,312.68,29.96,39.53,1671,31.5,47,0,0,0,0,0
3454,L44302,L,302.74,313.05,29.59,39.9,1958,33.48,136,0,0,0,0,0
3455,H47672,H,301.47,311.98,28.32,38.83,1688,19.75,170,1,0,0,1,0
3456,L89649,L,302.84,313.43,29.69,40.28,1861,40.39,177,0,0,0,0,0
3457,L36384,L,300.11,310.5,26.96,37.35,1459,33.79,89,0,0,0,0,0
3458,M68152,M,301.26,311.84,28.11,38.69,1424,51.01,221,1,1,0,0,0
3459,M85065,M,298.64,308.68,25.49,35.53,1615,40.38,79,0,0,0,0,0
3460,M66582,M,300.58,309.54,27.43,36.39,1702,22.24,27,0,0,0,0,0
3461,L16187,L,302.66,310.81,29.51,37.66,1305,45.85,227,1,1,1,0,0
3462,L81399,L,298.82,308.27,25.67,35.12,1498,51.51,130,0,0,0,0,0
3463,M87175,M,298.28,308.14,25.13,34.99,1530,32.66,233,0,0,0,0,0
3464,L81460,L,300.19,311.45,27.04,38.3,1416,53.72,94,0,0,0,0,0
3465,L19185,L,299.55,309.45,26.4,36.3,1437,42.97,182,0,0,0,0,0
3466,M15825,M,301.3,311.1,28.15,37.95,1683,44.78,26,0,0,0,0,0
3467,L28939,L,299.09,309.48,25.94,36.33,1617,36.71,205,0,0,0,0,0
3468,M43381,M,303.44,313.17,30.29,40.02,1675,33.22,41,0,0,0,0,0
3469,M92274,M,297.42,308.23,24.27,35.08,1594,50.64,16,0,0,0,0,0
3470,L52814,L,302.51,314.49,29.36,41.34,1382,47.22,23,0,0,0,0,0
3471,L74879,L,298.47,310.66,25.32,37.51,1609,33.73,134,0,0,0,0,0
3472,M16739,M,296.41,306.51,23.26,33.36,1368,45.26,70,0,0,0,0,0
3473,M51969,M,300.48,310.81,27.33,37.66,1480,34.18,231,1,1,0,0,0
3474,M83616,M,299.49,311.07,26.34,37.92,1354,43.19,205,0,0,0,0,0
3475,M80238,M,297.78,307.63,24.63,34.48,1428,49.69,193,0,0,0,0,0
3476,M77785,M,296.64,307.32,23.49,34.17,1551,35.65,194,0,0,0,0,0
3477,H53037,H,299.98,308.85,26.83,35.7,1455,32.38,214,0,0,0,0,0
3478,L84532,L,301.95,311.64,28.8,38.49,1380,33.77,208,0,0,0,0,0
3479,L19899,L,301.17,312.33,28.02,39.18,1734,33.63,223,1,1,0,0,0
3480,L51597,L,300.11,309.4,26.96,36.25,1514,31.38,224,0,0,0,0,0
3481,L51793,L,300.96,310.83,27.81,37.68,1443,28.25,72,0,0,0,0,0
3482,L36536,L,299.95,308.37,26.8,35.22,1346,32.99,53,1,0,1,0,0
3483,L19214,L,297.14,309.15,23.99,36.0,1207,56.85,154,0,0,0,0,0
3484,H91036,H,297.16,308.42,24.01,35.27,1496,37.16,30,0,0,0,0,0
3485,L12327,L,299.59,309.78,26.44,36.63,1294,44.75,51,0,0,0,0,0
3486,L57362,L,299.68,310.19,26.53,37.04,1660,26.79,186,0,0,0,0,0
3487,L39583,L,301.7,312.1,28.55,38.95,1540,32.55,156,0,0,0,0,0
3488,L42855,L,301.51,312.9,28.36,39.75,1808,26.79,156,0,0,0,0,0
3489,L99653,L,301.21,310.69,28.06,37.54,1574,34.19,228,1,1,0,0,0
3490,L43008,L,299.44,310.17,26.29,37.02,1408,27.43,160,0,0,0,0,0
3491,L40355,L,297.24,308.32,24.09,35.17,1206,56.23,103,0,0,0,0,0
3492,M14686,M,300.82,312.04,27.67,38.89,1676,34.05,67,0,0,0,0,0
3493,M63960,M,301.05,308.79,27.9,35.64,1308,45.43,81,1,0,1,0,0
3494,M22088,M,295.22,304.62,22.07,31.47,1464,46.46,67,0,0,0,0,0
3495,M52598,M,298.33,307.31,25.18,34.16,1828,38.05,8,0,0,0,0,0
3496,L68082,L,298.62,308.77,25.47,35.62,1642,30.29,63,0,0,0,0,0
3497,M98190,M,300.24,308.22,27.09,35.07,1603,40.57,200,0,0,0,0,0
3498,M49735,M,298.39,306.35,25.24,33.2,1700,38.45,175,0,0,0,0,0
3499,L52072,L,299.92,312.09,26.77,38.94,1694,36.36,149,0,0,0,0,0
3500,M31698,M,299.58,310.2,26.43,37.05,1812,40.11,217,0,0,0,0,0
3501,L77854,L,299.68,309.8,26.53,36.65,1430,46.47,63,0,0,0,0,0
3502,M33127,M,298.57,308.93,25.42,35.78,1469,44.82,139,0,0,0,0,0
3503,H30301,H,298.72,308.87,25.57,35.72,1374,52.63,8,0,0,0,0,0
3504,L36010,L,297.84,308.84,24.69,35.69,1529,37.7,214,0,0,0,0,0
3505,M26460,M,300.76,310.13,27.61,36.98,1512,38.36,107,0,0,0,0,0
3506,M32614,M,301.14,311.33,27.99,38.18,1228,53.22,43,0,0,0,0,0
3507,H31057,H,298.46,308.69,25.31,35.54,1421,38.91,57,0,0,0,0,0
3508,L17902,L,303.04,311.99,29.89,38.84,1787,35.92,204,0,0,0,0,0
3509,M48671,M,299.37,310.65,26.22,37.5,1578,31.83,26,0,0,0,0,0
3510,L40333,L,303.06,312.61,29.91,39.46,1660,16.28,222,1,0,0,1,0
3511,L25744,L,298.72,309.73,25.57,36.58,1514,42.63,90,0,0,0,0,0
3512,L34897,L,295.95,306.06,22.8,32.91,1205,35.17,60,0,0,0,0,0
3513,H57967,H,300.8,312.44,27.65,39.29,1512,32.29,80,0,0,0,0,0
3514,M70481,M,300.5,309.46,27.35,36.31,1717,39.92,98,0,0,0,0,0
3515,M75283,M,300.07,308.98,26.92,35.83,1328,49.81,132,0,0,0,0,0
3516,H54481,H,298.72,307.81,25.57,34.66,1666,43.8,141,0,0,0,0,0
3517,L34819,L,299.93,310.06,26.78,36.91,1237,30.15,107,0,0,0,0,0
3518,L55312,L,298.98,310.52,25.83,37.37,1539,39.61,107,0,0,0,0,0
3519,L19400,L,299.4,310.99,26.25,37.84,1630,33.08,68,0,0,0,0,0
3520,L46418,L,301.68,309.37,28.53,36.22,1480,46.61,92,1,0,0,0,0
3521,L95058,L,300.37,310.62,27.22,37.47,1968,40.93,112,0,0,0,0,0
3522,L15129,L,301.22,308.01,28.07,34.86,1449,29.08,143,0,0,0,0,0
3523,L73111,L,299.54,310.33,26.39,37.18,1434,40.09,31,0,0,0,0,0
3524,L92944,L,299.32,310.43,26.17,37.28,1571,43.14,183,0,0,0,0,0
3525,L58475,L,297.69,307.65,24.54,34.5,1403,38.14,163,0,0,0,0,0
3526,L78554,L,299.26,309.34,26.11,36.19,1283,58.63,72,0,0,0,0,0
3527,H35416,H,293.36,303.43,20.21,30.28,1343,39.45,110,0,0,0,0,0
3528,M53434,M,298.82,308.04,25.67,34.89,1668,31.96,227,0,0,0,0,0
3529,H14520,H,299.84,310.27,26.69,37.12,1482,30.08,5,0,0,0,0,0
3530,L87491,L,301.13,310.9,27.98,37.75,1833,32.49,195,0,0,0,0,0
3531,L58342,L,299.46,310.39,26.31,37.24,1458,15.16,123,1,0,0,1,0
3532,M55425,M,300.7,310.58,27.55,37.43,1659,32.55,149,0,0,0,0,0
3533,L94946,L,295.64,304.78,22.49,31.63,1624,45.42,164,0,0,0,0,0
3534,L49212,L,299.89,308.35,26.74,35.2,1455,28.2,109,0,0,0,0,0
3535,L30708,L,296.64,304.78,23.49,31.63,1381,28.54,46,0,0,0,0,0
3536,L60770,L,297.58,308.9,24.43,35.75,1232,55.44,218,1,0,0,0,1
3537,L19959,L,299.63,309.17,26.48,36.02,1632,45.13,178,0,0,0,0,0
3538,L39611,L,302.55,312.89,29.4,39.74,1745,21.99,134,0,0,0,0,0
3539,M54569,M,300.74,312.53,27.59,39.38,1257,59.45,108,0,0,0,0,0
3540,L40399,L,300.04,309.47,26.89,36.32,1470,42.43,120,0,0,0,0,0
3541,L93094,L,299.96,309.33,26.81,36.18,1418,48.79,198,0,0,0,0,0
3542,M77964,M,298.57,308.44,25.42,35.29,1631,28.78,3,0,0,0,0,0
3543,L30584,L,298.91,308.94,25.76,35.79,1477,50.69,208,0,0,0,0,0
3544,L45583,L,300.85,312.74,27.7,39.59,1767,30.29,11,0,0,0,0,0
3545,M41941,M,297.23,308.8,24.08,35.65,1468,36.54,148,0,0,0,0,0
3546,L76786,L,301.19,311.81,28.04,38.66,1319,47.31,80,0,0,0,0,0
3547,L42562,L,299.22,310.67,26.07,37.52,1453,36.3,163,0,0,0,0,0
3548,L16661,L,301.65,311.47,28.5,38.32,1472,26.75,21,0,0,0,0,0
3549,L17184,L,301.92,312.22,28.77,39.07,1627,36.27,133,0,0,0,0,0
3550,L79184,L,296.65,306.35,23.5,33.2,1470,36.44,205,0,0,0,0,0
3551,M64235,M,298.84,307.55,25.69,34.4,1612,29.4,119,0,0,0,0,0
3552,L51276,L,298.29,309.49,25.14,36.34,1397,50.95,20,0,0,0,0,0
3553,L98299,L,296.37,306.91,23.22,33.76,1483,57.76,9,0,0,0,0,0
3554,L68383,L,297.93,307.95,24.78,34.8,1398,33.64,149,0,0,0,0,0
3555,L82387,L,304.88,314.88,31.73,41.73,1387,42.89,17,0,0,0,0,0
3556,M17106,M,301.22,309.71,28.07,36.56,1758,29.4,17,0,0,0,0,0
3557,L58774,L,303.83,312.86,30.68,39.71,1410,58.95,102,0,0,0,0,0
3558,L90315,L,301.66,311.99,28.51,38.84,1474,42.8,50,0,0,0,0,0
3559,L24403,L,298.52,307.99,25.37,34.84,1718,40.77,49,0,0,0,0,0
3560,L73478,L,299.24,309.02,26.09,35.87,1666,43.84,115,0,0,0,0,0
3561,L97187,L,301.18,311.07,28.03,37.92,1822,32.48,67,0,0,0,0,0
3562,M55516,M,300.88,310.19,27.73,37.04,1619,33.89,53,0,0,0,0,0
3563,L69207,L,298.85,307.88,25.7,34.73,1430,52.22,123,0,0,0,0,0
3564,L48241,L,296.98,305.37,23.83,32.22,1895,36.46,70,0,0,0,0,0
3565,L22921,L,306.58,316.43,33.43,43.28,1637,28.24,19,0,0,0,0,0
3566,M72531,M,299.72,310.34,26.57,37.19,1508,32.2,164,0,0,0,0,0
3567,L73769,L,299.35,307.7,26.2,34.55,1545,33.97,141,0,0,0,0,0
3568,M96050,M,300.23,310.2,27.08,37.05,1566,45.85,51,0,0,0,0,0
3569,M44356,M,299.51,309.8,26.36,36.65,1494,50.15,140,0,0,0,0,0
3570,M98329,M,300.25,309.26,27.1,36.11,1294,61.48,229,1,0,0,0,1
3571,L91989,L,302.57,314.0,29.42,40.85,1820,25.82,230,0,0,0,0,0
3572,L61970,L,299.75,309.37,26.6,36.22,1531,38.54,128,0,0,0,0,0
3573,M88163,M,297.67,307.57,24.52,34.42,1567,33.36,24,0,0,0,0,0
3574,H46141,H,299.68,309.52,26.53,36.37,1899,28.72,110,0,0,0,0,0
3575,M19154,M,299.07,307.3,25.92,34.15,1415,47.92,6,0,0,0,0,0
3576,L28255,L,302.85,313.86,29.7,40.71,1650,34.36,100,0,0,0,0,0
3577,L77075,L,302.34,311.39,29.19,38.24,1396,51.56,218,1,1,0,0,1
3578,L42745,L,300.22,309.98,27.07,36.83,1591,31.88,112,0,0,0,0,0
3579,M64055,M,297.44,308.04,24.29,34.89,1570,42.42,132,0,0,0,0,0
3580,L13728,L,297.55,309.01,24.4,35.86,1673,30.7,38,0,0,0,0,0
3581,L26495,L,300.03,308.95,26.88,35.8,1746,18.11,4,1,0,0,1,0
3582,M93317,M,300.67,310.23,27.52,37.08,1434,31.8,238,0,0,0,0,0
3583,L50682,L,299.25,310.63,26.1,37.48,1783,33.13,81,0,0,0,0,0
3584,M76760,M,299.04,309.5,25.89,36.35,1795,47.29,67,0,0,0,0,0
3585,L64474,L,298.81,309.49,25.66,36.34,1491,34.74,137,0,0,0,0,0
3586,L78240,L,299.95,308.9,26.8,35.75,1534,36.0,179,0,0,0,0,0
3587,L16847,L,295.23,304.86,22.08,31.71,1448,43.47,60,0,0,0,0,0
3588,M89150,M,297.8,307.63,24.65,34.48,1482,33.88,126,0,0,0,0,0
3589,L30497,L,298.75,307.89,25.6,34.74,1324,39.39,80,0,0,0,0,0
3590,L72617,L,302.42,310.74,29.27,37.59,1671,34.86,115,0,0,0,0,0
3591,H22576,H,298.37,307.86,25.22,34.71,1176,45.22,39,0,0,0,0,0
3592,L29033,L,300.36,311.72,27.21,38.57,1413,26.28,122,0,0,0,0,0
3593,L20012,L,300.45,310.51,27.3,37.36,1527,32.32,11,0,0,0,0,0
3594,L46183,L,302.6,313.97,29.45,40.82,1762,37.43,202,0,0,0,0,0
3595,L86747,L,302.53,312.7,29.38,39.55,1440,44.97,151,0,0,0,0,0
3596,M96875,M,299.88,309.12,26.73,35.97,1610,46.28,226,1,1,0,0,0
3597,L44728,L,299.05,310.33,25.9,37.18,1521,47.72,144,0,0,0,0,0
3598,L43304,L,298.67,308.88,25.52,35.73,1700,26.49,44,0,0,0,0,0
3599,L71838,L,299.52,310.48,26.37,37.33,1601,29.83,116,0,0,0,0,0
3600,M72442,M,299.13,308.06,25.98,34.91,1680,28.49,160,0,0,0,0,0
3601,L43502,L,301.11,312.15,27.96,39.0,1439,38.61,90,0,0,0,0,0
3602,L97474,L,300.84,311.91,27.69,38.76,1358,37.22,133,0,0,0,0,0
3603,L76887,L,301.18,311.47,28.03,38.32,1599,34.43,39,0,0,0,0,0
3604,L31274,L,302.52,311.71,29.37,38.56,1450,32.55,187,0,0,0,0,0
3605,L75155,L,303.73,313.68,30.58,40.53,1540,43.47,218,1,1,0,0,0
3606,L91995,L,300.25,310.86,27.1,37.71,1591,28.44,76,0,0,0,0,0
3607,M93934,M,302.2,312.43,29.05,39.28,1752,24.72,190,0,0,0,0,0
3608,L43299,L,299.3,309.9,26.15,36.75,1673,38.42,22,0,0,0,0,0
3609,H11204,H,302.37,313.38,29.22,40.23,1416,46.25,59,0,0,0,0,0
3610,H84046,H,302.12,311.47,28.97,38.32,1335,41.13,111,0,0,0,0,0
3611,L26364,L,302.02,310.86,28.87,37.71,1834,38.2,93,0,0,0,0,0
3612,L23518,L,300.19,310.15,27.04,37.0,1258,51.92,149,0,0,0,0,0
3613,L16559,L,298.66,308.33,25.51,35.18,1456,54.55,135,0,0,0,0,0
3614,M52095,M,297.21,308.0,24.06,34.85,1648,40.63,21,0,0,0,0,0
3615,L82561,L,299.92,308.85,26.77,35.7,1822,45.11,32,0,0,0,0,0
3616,L87659,L,303.07,314.09,29.92,40.94,1502,38.65,12,0,0,0,0,0
3617,L82020,L,299.38,310.73,26.23,37.58,1540,48.41,229,1,0,0,0,1
3618,M31425,M,301.57,311.57,28.42,38.42,1382,52.83,155,0,0,0,0,0
3619,M93340,M,301.69,311.75,28.54,38.6,1557,35.65,205,0,0,0,0,0
3620,L84336,L,299.43,308.67,26.28,35.52,1334,37.45,130,0,0,0,0,0
3621,M27817,M,302.63,312.09,29.48,38.94,1404,36.72,47,0,0,0,0,0
3622,L38980,L,294.18,303.77,21.03,30.62,1669,37.66,150,0,0,0,0,0
3623,L60897,L,297.55,309.0,24.4,35.85,1459,30.07,121,0,0,0,0,0
3624,M91904,M,298.17,308.1,25.02,34.95,1696,30.16,98,0,0,0,0,0
3625,L66146,L,298.36,307.04,25.21,33.89,1508,47.57,89,0,0,0,0,0
3626,L63238,L,300.67,310.93,27.52,37.78,1295,49.56,156,0,0,0,0,0
3627,L73607,L,300.58,311.41,27.43,38.26,1739,14.12,148,1,0,0,1,0
3628,M51591,M,300.79,310.76,27.64,37.61,1305,33.25,36,0,0,0,0,0
3629,M24709,M,301.19,312.66,28.04,39.51,1430,57.35,196,0,0,0,0,0
3630,M83559,M,298.1,308.88,24.95,35.73,1500,47.63,153,0,0,0,0,0
3631,M96492,M,297.56,306.51,24.41,33.36,1711,28.82,129,0,0,0,0,0
3632,L26044,L,300.79,310.24,27.64,37.09,1443,27.8,180,0,0,0,0,0
3633,L58759,L,298.74,308.97,25.59,35.82,1373,31.74,37,0,0,0,0,0
3634,L85995,L,296.86,305.19,23.71,32.04,1563,40.72,221,1,1,0,0,0
3635,L90610,L,301.94,312.28,28.79,39.13,1498,54.07,65,0,0,0,0,0
3636,L27873,L,302.79,311.03,29.64,37.88,1453,54.73,63,0,0,0,0,0
3637,H71416,H,303.11,314.14,29.96,40.99,1573,23.82,196,0,0,0,0,0
3638,L78395,L,300.37,311.28,27.22,38.13,1324,40.9,80,0,0,0,0,0
3639,L69119,L,301.25,311.76,28.1,38.61,1234,39.59,199,1,0,0,0,0
3640,L54241,L,302.74,312.06,29.59,38.91,1909,31.1,79,0,0,0,0,0
3641,L47045,L,298.72,308.89,25.57,35.74,1553,26.24,132,0,0,0,0,0
3642,H74075,H,302.22,311.71,29.07,38.56,1565,32.23,55,0,0,0,0,0
3643,L27224,L,300.55,309.52,27.4,36.37,1398,34.04,176,0,0,0,0,0
3644,L74931,L,301.83,311.49,28.68,38.34,1692,38.05,40,0,0,0,0,0
3645,M60062,M,300.37,311.07,27.22,37.92,1442,35.62,216,0,0,0,0,0
3646,L97417,L,302.59,312.64,29.44,39.49,1100,49.12,89,0,0,0,0,0
3647,L80152,L,300.45,311.9,27.3,38.75,1436,43.99,113,0,0,0,0,0
3648,L86168,L,297.03,307.8,23.88,34.65,1486,51.7,6,0,0,0,0,0
3649,L34621,L,302.9,313.56,29.75,40.41,1505,54.99,234,1,1,0,0,1
3650,H69634,H,298.1,306.5,24.95,33.35,1500,41.84,195,0,0,0,0,0
3651,M50168,M,302.51,312.22,29.36,39.07,1422,39.58,107,0,0,0,0,0
3652,L48070,L,299.82,308.76,26.67,35.61,1405,51.3,221,1,0,0,0,1
3653,M55949,M,302.35,312.17,29.2,39.02,1483,47.98,223,0,0,0,0,0
3654,L62845,L,302.27,311.58,29.12,38.43,1247,53.0,128,0,0,0,0,0
3655,L66049,L,300.86,310.48,27.71,37.33,1192,35.42,56,0,0,0,0,0
3656,L79518,L,301.02,312.08,27.87,38.93,1552,46.58,117,0,0,0,0,0
3657,L62775,L,300.85,311.32,27.7,38.17,1555,39.71,78,0,0,0,0,0
3658,L65945,L,295.97,306.98,22.82,33.83,1689,26.78,108,0,0,0,0,0
3659,M75792,M,300.24,308.64,27.09,35.49,1490,33.07,219,1,1,0,0,0
3660,H26852,H,297.77,307.83,24.62,34.68,1326,47.86,68,0,0,0,0,0
3661,L90687,L,300.34,311.31,27.19,38.16,1196,27.83,201,1,0,0,1,0
3662,L94273,L,297.71,309.22,24.56,36.07,1379,40.54,224,0,0,0,0,0
3663,L94226,L,297.63,306.08,24.48,32.93,1609,30.37,193,0,0,0,0,0
3664,L14549,L,303.21,312.86,30.06,39.71,1787,26.0,127,0,0,0,0,0
3665,L41077,L,302.14,313.17,28.99,40.02,1544,33.44,135,0,0,0,0,0
3666,L71887,L,299.99,309.8,26.84,36.65,1323,31.48,197,0,0,0,0,0
3667,M85831,M,300.37,309.46,27.22,36.31,1381,49.91,11,0,0,0,0,0
3668,L19914,L,299.5,307.95,26.35,34.8,1386,24.3,177,0,0,0,0,0
3669,L21680,L,301.14,310.19,27.99,37.04,1464,40.49,127,0,0,0,0,0
3670,L65179,L,298.65,306.96,25.5,33.81,1731,26.32,95,0,0,0,0,0
3671,L44044,L,301.99,312.05,28.84,38.9,1745,48.71,184,0,0,0,0,0
3672,L70521,L,299.49,310.39,26.34,37.24,1505,38.26,64,0,0,0,0,0
3673,M64398,M,299.16,307.9,26.01,34.75,1567,19.58,215,1,0,0,1,0
3674,L57555,L,300.04,310.3,26.89,37.15,1395,45.43,165,0,0,0,0,0
3675,M82004,M,298.82,309.66,25.67,36.51,1236,37.62,146,0,0,0,0,0
3676,L48646,L,300.66,310.65,27.51,37.5,1848,38.88,126,0,0,0,0,0
3677,L41546,L,298.93,307.31,25.78,34.16,1129,55.71,51,1,0,1,0,0
3678,L40538,L,300.94,311.32,27.79,38.17,1214,58.99,148,0,0,0,0,0
3679,M16951,M,302.43,312.38,29.28,39.23,1849,32.48,174,0,0,0,0,0
3680,L81252,L,298.56,308.4,25.41,35.25,1538,43.81,3,0,0,0,0,0
3681,M76804,M,299.74,309.19,26.59,36.04,1338,43.17,88,0,0,0,0,0
3682,L53541,L,300.92,311.01,27.77,37.86,1654,29.91,200,0,0,0,0,0
3683,M76200,M,299.13,309.64,25.98,36.49,1670,42.83,152,0,0,0,0,0
3684,L59761,L,300.93,313.32,27.78,40.17,1302,34.17,148,0,0,0,0,0
3685,M47643,M,301.11,311.22,27.96,38.07,1442,39.45,55,0,0,0,0,0
3686,L13715,L,302.17,313.68,29.02,40.53,1688,29.39,152,0,0,0,0,0
3687,H49574,H,298.79,309.15,25.64,36.0,1392,47.9,189,0,0,0,0,0
3688,L24309,L,298.11,308.01,24.96,34.86,1584,28.59,96,0,0,0,0,0
3689,L44501,L,299.38,309.53,26.23,36.38,1784,28.84,44,0,0,0,0,0
3690,L25673,L,298.06,306.84,24.91,33.69,1116,51.68,19,0,0,0,0,0
3691,M21232,M,301.13,311.43,27.98,38.28,1475,50.74,121,0,0,0,0,0
3692,L82040,L,297.68,305.68,24.53,32.53,1581,31.98,164,0,0,0,0,0
3693,M66354,M,304.67,313.8,31.52,40.65,1221,43.7,39,0,0,0,0,0
3694,L55024,L,302.59,312.7,29.44,39.55,1442,28.94,101,0,0,0,0,0
3695,L47105,L,300.03,311.22,26.88,38.07,1718,25.49,136,0,0,0,0,0
3696,L97813,L,301.73,313.17,28.58,40.02,1412,43.89,37,0,0,0,0,0
3697,H16534,H,296.73,306.49,23.58,33.34,1275,45.19,65,0,0,0,0,0
3698,M54436,M,305.05,315.2,31.9,42.05,1733,33.45,146,0,0,0,0,0
3699,H73886,H,298.82,309.8,25.67,36.65,1613,49.46,174,0,0,0,0,0
3700,L37073,L,299.76,308.43,26.61,35.28,1523,24.24,153,0,0,0,0,0
3701,M99334,M,296.29,306.69,23.14,33.54,1518,56.29,171,0,0,0,0,0
3702,M48594,M,300.97,310.14,27.82,36.99,1715,42.84,140,0,0,0,0,0
3703,L11419,L,297.79,307.62,24.64,34.47,1587,33.51,201,0,0,0,0,0
3704,M27102,M,300.2,309.74,27.05,36.59,1648,37.9,198,0,0,0,0,0
3705,H27853,H,298.91,309.35,25.76,36.2,1414,35.06,191,0,0,0,0,0
3706,M70704,M,297.84,308.39,24.69,35.24,1199,50.32,138,0,0,0,0,0
3707,M94717,M,298.39,309.28,25.24,36.13,1644,52.05,239,1,1,0,0,1
3708,L15692,L,300.45,310.8,27.3,37.65,1728,27.99,9,0,0,0,0,0
3709,L53788,L,297.44,307.61,24.29,34.46,1496,36.45,47,0,0,0,0,0
3710,H65948,H,298.5,310.36,25.35,37.21,1690,27.84,194,0,0,0,0,0
3711,L97116,L,301.33,309.8,28.18,36.65,1476,34.04,198,0,0,0,0,0
3712,M56438,M,305.2,316.9,32.05,43.75,1519,34.49,197,0,0,0,0,0
3713,M83885,M,300.96,310.67,27.81,37.52,1842,22.35,209,0,0,0,0,0
3714,M51187,M,298.17,308.74,25.02,35.59,1484,36.5,101,0,0,0,0,0
3715,H81939,H,299.27,308.94,26.12,35.79,1474,39.31,224,1,1,0,0,0
3716,L34267,L,300.06,309.36,26.91,36.21,1208,44.21,50,0,0,0,0,0
3717,L34960,L,299.3,309.79,26.15,36.64,1656,16.21,225,1,1,0,1,0
3718,L54971,L,301.81,312.85,28.66,39.7,1411,39.38,134,0,0,0,0,0
3719,L58507,L,300.43,310.91,27.28,37.76,1561,36.33,39,0,0,0,0,0
3720,L99648,L,301.82,311.27,28.67,38.12,1480,53.9,177,0,0,0,0,0
3721,L27574,L,299.37,312.98,26.22,39.83,1457,39.54,71,0,0,0,0,0
3722,M65209,M,302.65,313.85,29.5,40.7,1514,45.32,53,0,0,0,0,0
3723,H34214,H,299.67,310.6,26.52,37.45,1528,34.1,41,0,0,0,0,0
3724,L33029,L,298.06,307.7,24.91,34.55,1741,43.3,7,0,0,0,0,0
3725,L39335,L,304.35,313.73,31.2,40.58,1801,24.26,184,0,0,0,0,0
3726,H64364,H,296.35,306.07,23.2,32.92,1649,38.79,117,0,0,0,0,0
3727,L73643,L,298.52,309.6,25.37,36.45,1758,39.32,235,0,0,0,0,0
3728,L46673,L,298.75,307.76,25.6,34.61,1684,39.56,105,0,0,0,0,0
3729,L28051,L,305.02,313.95,31.87,40.8,1622,52.65,202,0,0,0,0,0
3730,L73184,L,303.61,314.15,30.46,41.0,1790,27.34,232,1,1,0,0,0
3731,L93795,L,302.99,313.31,29.84,40.16,1306,55.18,5,0,0,0,0,0
3732,H10312,H,299.34,308.57,26.19,35.42,1415,49.73,25,0,0,0,0,0
3733,L30313,L,304.85,313.76,31.7,40.61,1391,41.58,83,0,0,0,0,0
3734,L65253,L,300.74,312.17,27.59,39.02,1482,53.37,209,1,0,0,0,1
3735,L38190,L,301.95,312.31,28.8,39.16,1655,33.45,201,0,0,0,0,0
3736,L60333,L,300.36,309.0,27.21,35.85,1340,42.94,88,0,0,0,0,0
3737,M20927,M,299.9,308.61,26.75,35.46,1623,35.26,48,0,0,0,0,0
3738,M19800,M,299.5,309.13,26.35,35.98,1432,29.82,193,0,0,0,0,0
3739,M73901,M,299.58,310.31,26.43,37.16,1474,44.96,143,0,0,0,0,0
3740,L14648,L,301.22,311.81,28.07,38.66,1570,41.34,8,0,0,0,0,0
3741,H42927,H,300.73,311.87,27.58,38.72,1829,30.49,193,0,0,0,0,0
3742,M57854,M,299.94,308.45,26.79,35.3,1410,54.73,230,1,0,0,0,1
3743,M63178,M,303.02,313.24,29.87,40.09,1521,34.17,10,0,0,0,0,0
3744,L50812,L,294.07,305.49,20.92,32.34,1346,28.72,69,0,0,0,0,0
3745,L42590,L,301.02,312.35,27.87,39.2,1409,55.89,197,0,0,0,0,0
3746,L64754,L,301.44,311.79,28.29,38.64,1345,50.7,140,0,0,0,0,0
3747,M87248,M,302.29,314.64,29.14,41.49,1578,41.32,237,1,1,0,0,0
3748,L17572,L,299.87,310.48,26.72,37.33,1609,32.88,220,0,0,0,0,0
3749,L67763,L,300.42,311.46,27.27,38.31,1655,37.35,43,0,0,0,0,0
3750,M83538,M,301.97,312.02,28.82,38.87,1403,30.75,162,0,0,0,0,0
3751,M15975,M,302.98,312.2,29.83,39.05,1624,33.48,157,0,0,0,0,0
3752,H15903,H,299.4,308.52,26.25,35.37,1555,29.62,27,0,0,0,0,0
3753,L22159,L,300.53,310.72,27.38,37.57,1525,39.67,21,0,0,0,0,0
3754,M96713,M,303.36,313.15,30.21,40.0,1318,50.87,137,0,0,0,0,0
3755,L68758,L,295.75,303.98,22.6,30.83,1562,28.3,97,0,0,0,0,0
3756,L61919,L,298.62,307.59,25.47,34.44,1567,42.35,131,0,0,0,0,0
3757,L34063,L,302.93,312.61,29.78,39.46,1553,38.5,57,0,0,0,0,0
3758,L14251,L,302.19,312.91,29.04,39.76,1605,41.17,134,0,0,0,0,0
3759,L53805,L,301.04,311.03,27.89,37.88,1657,32.65,92,0,0,0,0,0
3760,M54938,M,299.1,309.03,25.95,35.88,1343,48.3,213,0,0,0,0,0
3761,L15673,L,298.24,307.25,25.09,34.1,1497,32.71,73,0,0,0,0,0
3762,M75902,M,298.82,308.84,25.67,35.69,1625,21.8,209,0,0,0,0,0
3763,L68787,L,303.1,314.42,29.95,41.27,1488,26.87,94,0,0,0,0,0
3764,L24765,L,298.74,308.9,25.59,35.75,1703,29.62,139,0,0,0,0,0
3765,L68053,L,300.2,308.7,27.05,35.55,1551,24.05,69,0,0,0,0,0
3766,L78085,L,298.49,307.24,25.34,34.09,1193,60.43,194,1,0,0,0,1
3767,L14386,L,301.69,312.27,28.54,39.12,1682,33.4,202,0,0,0,0,0
3768,L90989,L,298.92,308.7,25.77,35.55,1515,45.19,194,0,0,0,0,0
3769,L91421,L,299.8,309.73,26.65,36.58,1225,53.06,154,0,0,0,0,0
3770,L22708,L,296.63,306.02,23.48,32.87,1491,38.48,73,0,0,0,0,0
3771,L25911,L,296.77,307.28,23.62,34.13,1313,71.93,153,1,0,0,1,0
3772,H11459,H,300.02,309.71,26.87,36.56,1667,57.8,230,1,1,0,1,1
3773,L88713,L,297.35,307.16,24.2,34.01,1529,48.61,156,0,0,0,0,0
3774,M17300,M,304.21,313.36,31.06,40.21,1373,34.48,230,1,1,0,0,0
3775,M87076,M,295.88,306.8,22.73,33.65,1677,45.63,73,0,0,0,0,0
3776,H12812,H,298.4,308.18,25.25,35.03,1615,21.48,203,0,0,0,0,0
3777,M79040,M,300.03,310.64,26.88,37.49,1494,49.53,172,0,0,0,0,0
3778,L14229,L,299.27,308.08,26.12,34.93,1317,23.06,197,1,0,0,1,0
3779,M43649,M,297.79,309.53,24.64,36.38,1388,38.74,171,1,0,0,0,0
3780,M21442,M,298.08,309.36,24.93,36.21,1385,51.04,115,0,0,0,0,0
3781,L74444,L,298.02,306.11,24.87,32.96,1666,37.48,165,0,0,0,0,0
3782,L76839,L,299.43,308.62,26.28,35.47,1241,34.35,224,1,1,0,0,0
3783,L42307,L,303.9,314.38,30.75,41.23,1527,38.89,100,0,0,0,0,0
3784,M42527,M,300.16,308.84,27.01,35.69,1491,41.51,228,0,0,0,0,0
3785,M17700,M,302.37,312.23,29.22,39.08,1716,35.02,12,0,0,0,0,0
3786,L96959,L,301.01,311.44,27.86,38.29,1576,33.1,3,0,0,0,0,0
3787,L33611,L,302.23,312.04,29.08,38.89,1629,42.02,119,0,0,0,0,0
3788,L65505,L,294.4,304.94,21.25,31.79,1443,48.86,204,0,0,0,0,0
3789,L15008,L,299.39,308.7,26.24,35.55,1320,42.19,59,0,0,0,0,0
3790,H90051,H,302.61,310.37,29.46,37.22,1478,50.92,166,0,0,0,0,0
3791,L32209,L,298.86,309.84,25.71,36.69,1671,33.04,131,0,0,0,0,0
3792,L81826,L,303.52,314.5,30.37,41.35,1671,30.38,70,0,0,0,0,0
3793,L97503,L,302.97,315.47,29.82,42.32,1460,50.11,69,0,0,0,0,0
3794,M47144,M,299.06,306.85,25.91,33.7,1384,51.95,18,0,0,0,0,0
3795,L80571,L,298.99,309.74,25.84,36.59,1350,37.48,129,0,0,0,0,0
3796,M43674,M,297.97,306.0,24.82,32.85,1511,31.79,108,0,0,0,0,0
3797,L34641,L,298.74,310.5,25.59,37.35,1559,50.87,69,0,0,0,0,0
3798,L25179,L,297.53,308.02,24.38,34.87,1793,31.14,233,0,0,0,0,0
3799,L69160,L,300.86,309.91,27.71,36.76,1557,36.83,196,0,0,0,0,0
3800,L79882,L,297.09,307.87,23.94,34.72,1642,32.87,126,0,0,0,0,0
3801,L18573,L,301.21,310.65,28.06,37.5,1398,51.54,125,0,0,0,0,0
3802,H53660,H,301.26,311.56,28.11,38.41,1542,54.3,46,0,0,0,0,0
3803,M11975,M,296.68,306.88,23.53,33.73,1560,37.3,156,0,0,0,0,0
3804,H33852,H,303.1,314.84,29.95,41.69,1510,57.28,229,1,0,0,1,1
3805,L58314,L,301.03,312.84,27.88,39.69,1531,32.98,216,0,0,0,0,0
3806,H47055,H,301.5,310.9,28.35,37.75,1557,34.53,20,0,0,0,0,0
3807,L15367,L,298.48,309.54,25.33,36.39,1619,40.77,13,0,0,0,0,0
3808,L38276,L,301.24,311.6,28.09,38.45,1740,26.4,231,0,0,0,0,0
3809,L54119,L,302.25,310.84,29.1,37.69,1139,55.61,48,1,0,1,0,0
3810,L43534,L,299.8,309.11,26.65,35.96,1730,28.97,132,0,0,0,0,0
3811,M90558,M,304.0,316.34,30.85,43.19,1236,34.02,18,0,0,0,0,0
3812,L71067,L,300.09,310.45,26.94,37.3,1589,22.12,202,0,0,0,0,0
3813,L77500,L,302.28,313.28,29.13,40.13,1947,26.83,28,0,0,0,0,0
3814,M81076,M,300.59,310.37,27.44,37.22,1528,40.85,155,0,0,0,0,0
3815,L35712,L,301.17,310.63,28.02,37.48,1567,25.69,14,0,0,0,0,0
3816,L93577,L,296.66,306.68,23.51,33.53,1481,40.12,38,0,0,0,0,0
3817,L40578,L,300.74,310.48,27.59,37.33,1652,36.14,123,0,0,0,0,0
3818,M89471,M,298.53,307.04,25.38,33.89,1598,34.5,11,0,0,0,0,0
3819,M77573,M,298.31,307.3,25.16,34.15,1417,33.03,47,0,0,0,0,0
3820,L66862,L,303.49,314.2,30.34,41.05,1515,39.74,33,0,0,0,0,0
3821,L51573,L,299.57,309.19,26.42,36.04,1339,41.64,10,0,0,0,0,0
3822,L95148,L,297.99,308.02,24.84,34.87,1514,45.69,233,1,1,0,0,0
3823,M93895,M,299.28,309.52,26.13,36.37,1462,28.86,108,0,0,0,0,0
3824,L49955,L,297.4,307.71,24.25,34.56,1559,37.67,206,0,0,0,0,0
3825,L46603,L,302.87,314.01,29.72,40.86,1411,30.44,86,0,0,0,0,0
3826,L77435,L,298.61,307.51,25.46,34.36,1497,36.37,10,0,0,0,0,0
3827,L45399,L,301.06,311.63,27.91,38.48,1537,28.53,167,0,0,0,0,0
3828,L57719,L,302.71,313.47,29.56,40.32,1549,29.66,9,0,0,0,0,0
3829,M55170,M,299.0,309.99,25.85,36.84,1583,36.16,133,0,0,0,0,0
3830,L20852,L,301.06,309.65,27.91,36.5,1505,33.56,33,0,0,0,0,0
3831,L45415,L,297.94,308.19,24.79,35.04,1397,52.74,161,0,0,0,0,0
3832,M17993,M,304.89,316.61,31.74,43.46,1549,46.41,214,0,0,0,0,0
3833,M22659,M,301.87,311.77,28.72,38.62,1504,44.54,229,1,1,0,0,0
3834,L16986,L,299.61,310.1,26.46,36.95,1714,39.7,127,0,0,0,0,0
3835,L66039,L,298.45,309.23,25.3,36.08,1736,34.04,128,0,0,0,0,0
3836,L16630,L,299.77,308.75,26.62,35.6,1295,54.69,9,0,0,0,0,0
3837,H93370,H,299.32,311.15,26.17,38.0,1643,32.52,185,0,0,0,0,0
3838,L45202,L,303.91,314.41,30.76,41.26,1678,51.1,229,1,0,0,0,1
3839,H70820,H,297.55,308.07,24.4,34.92,1299,36.55,105,0,0,0,0,0
3840,M68820,M,300.27,308.61,27.12,35.46,1636,25.98,190,0,0,0,0,0
3841,L89597,L,299.96,310.76,26.81,37.61,1692,22.71,191,0,0,0,0,0
3842,L30977,L,299.77,310.27,26.62,37.12,1369,32.09,189,0,0,0,0,0
3843,L49798,L,299.78,311.41,26.63,38.26,1494,25.32,182,0,0,0,0,0
3844,L95315,L,299.77,309.46,26.62,36.31,1568,38.26,52,0,0,0,0,0
3845,L94498,L,301.75,310.76,28.6,37.61,1635,41.88,180,0,0,0,0,0
3846,M64419,M,301.22,310.54,28.07,37.39,1362,42.34,35,0,0,0,0,0
3847,H16255,H,300.84,310.33,27.69,37.18,1737,21.89,171,0,0,0,0,0
3848,L19862,L,293.93,302.81,20.78,29.66,1180,44.8,1,0,0,0,0,0
3849,M98635,M,300.6,311.89,27.45,38.74,1767,39.16,221,0,0,0,0,0
3850,L84483,L,296.69,308.02,23.54,34.87,1631,32.39,199,0,0,0,0,0
3851,L70808,L,301.29,311.1,28.14,37.95,1426,33.79,164,0,0,0,0,0
3852,L14582,L,302.95,312.56,29.8,39.41,1686,21.87,23,0,0,0,0,0
3853,M12465,M,298.15,306.33,25.0,33.18,1352,39.01,198,1,0,1,0,0
3854,H10169,H,299.48,310.17,26.33,37.02,1555,31.22,210,0,0,0,0,0
3855,M30419,M,298.8,310.45,25.65,37.3,1577,35.65,165,0,0,0,0,0
3856,L50850,L,302.47,311.83,29.32,38.68,1576,40.16,234,0,0,0,0,0
3857,L59872,L,300.19,310.07,27.04,36.92,1388,39.02,22,0,0,0,0,0
3858,L95819,L,303.46,313.89,30.31,40.74,1448,41.04,170,0,0,0,0,0
3859,L63517,L,300.83,312.55,27.68,39.4,1557,40.57,126,0,0,0,0,0
3860,M16148,M,300.48,310.68,27.33,37.53,1408,30.86,35,0,0,0,0,0
3861,M56329,M,300.14,310.33,26.99,37.18,1583,51.29,158,0,0,0,0,0
3862,M54653,M,301.64,311.82,28.49,38.67,1428,34.2,192,0,0,0,0,0
3863,L97814,L,296.52,305.1,23.37,31.95,1710,37.64,40,0,0,0,0,0
3864,L20957,L,300.17,308.72,27.02,35.57,1808,22.59,190,0,0,0,0,0
3865,L15344,L,299.86,309.05,26.71,35.9,1483,39.52,22,0,0,0,0,0
3866,L93891,L,301.45,312.46,28.3,39.31,1696,34.96,142,0,0,0,0,0
3867,L48787,L,299.62,309.29,26.47,36.14,1498,51.52,192,0,0,0,0,0
3868,M65987,M,297.92,307.39,24.77,34.24,1371,39.93,35,0,0,0,0,0
3869,M94151,M,300.01,309.47,26.86,36.32,1460,49.63,137,0,0,0,0,0
3870,L82000,L,297.83,307.7,24.68,34.55,1550,39.29,102,0,0,0,0,0
3871,L30307,L,296.15,307.85,23.0,34.7,1222,61.69,146,0,0,0,0,0
3872,L90729,L,301.45,311.3,28.3,38.15,1644,20.6,102,0,0,0,0,0
3873,L11514,L,301.16,310.37,28.01,37.22,1550,40.82,60,0,0,0,0,0
3874,M97883,M,300.93,310.96,27.78,37.81,1710,12.12,61,1,0,0,1,0
3875,L35612,L,302.61,314.36,29.46,41.21,1641,34.44,208,0,0,0,0,0
3876,L85322,L,298.67,308.17,25.52,35.02,1556,44.99,38,0,0,0,0,0
3877,L45128,L,297.14,305.96,23.99,32.81,1473,50.47,30,0,0,0,0,0
3878,M74337,M,299.86,309.36,26.71,36.21,1802,37.71,23,0,0,0,0,0
3879,L74350,L,299.3,309.43,26.15,36.28,1915,27.6,18,0,0,0,0,0
3880,L31403,L,298.32,309.0,25.17,35.85,1476,43.19,3,0,0,0,0,0
3881,L76579,L,299.84,310.85,26.69,37.7,1717,53.49,38,1,0,0,1,0
3882,M12451,M,298.78,307.73,25.63,34.58,1411,41.2,46,0,0,0,0,0
3883,H83825,H,296.33,305.38,23.18,32.23,1432,47.69,65,0,0,0,0,0
3884,L18881,L,299.12,308.79,25.97,35.64,1467,35.61,30,0,0,0,0,0
3885,M57245,M,297.73,308.41,24.58,35.26,1655,43.19,23,0,0,0,0,0
3886,H40990,H,300.46,309.2,27.31,36.05,1347,49.79,130,0,0,0,0,0
3887,H42675,H,298.69,308.08,25.54,34.93,1806,26.84,172,0,0,0,0,0
3888,M46637,M,302.22,311.63,29.07,38.48,1699,39.94,151,0,0,0,0,0
3889,M23713,M,303.21,314.15,30.06,41.0,1651,41.31,134,0,0,0,0,0
3890,L28145,L,301.36,311.89,28.21,38.74,1484,44.54,106,0,0,0,0,0
3891,M66601,M,296.9,307.8,23.75,34.65,1680,33.77,152,0,0,0,0,0
3892,L70011,L,303.01,314.35,29.86,41.2,1100,61.92,216,1,0,0,0,1
3893,M25698,M,303.15,312.85,30.0,39.7,1612,28.06,151,0,0,0,0,0
3894,L99343,L,300.04,308.85,26.89,35.7,1563,36.74,15,0,0,0,0,0
3895,M58575,M,302.65,311.46,29.5,38.31,1205,48.44,137,0,0,0,0,0
3896,M47737,M,298.9,307.06,25.75,33.91,1606,45.04,126,0,0,0,0,0
3897,L17363,L,296.27,305.81,23.12,32.66,1638,27.24,108,0,0,0,0,0
3898,M79737,M,298.48,308.1,25.33,34.95,1211,49.26,137,0,0,0,0,0
3899,L44266,L,303.46,314.25,30.31,41.1,1327,39.23,161,0,0,0,0,0
3900,M77126,M,297.02,307.03,23.87,33.88,1896,31.09,9,0,0,0,0,0
3901,L72274,L,300.0,309.51,26.85,36.36,1502,41.27,115,0,0,0,0,0
3902,L62592,L,300.07,309.95,26.92,36.8,1706,23.36,196,0,0,0,0,0
3903,H81979,H,298.97,307.94,25.82,34.79,1732,43.19,127,0,0,0,0,0
3904,L31178,L,299.11,310.14,25.96,36.99,1604,39.14,16,0,0,0,0,0
3905,M85134,M,300.14,309.36,26.99,36.21,1713,26.58,186,0,0,0,0,0
3906,L62363,L,298.88,307.74,25.73,34.59,1165,46.44,226,0,0,0,0,0
3907,L37299,L,297.16,307.97,24.01,34.82,1495,50.29,204,0,0,0,0,0
3908,L75921,L,300.43,311.0,27.28,37.85,1100,55.41,87,0,0,0,0,0
3909,L65550,L,302.15,310.42,29.0,37.27,1229,38.88,128,1,0,1,0,0
3910,L77625,L,301.74,312.59,28.59,39.44,1439,33.54,142,0,0,0,0,0
3911,L19721,L,298.38,307.64,25.23,34.49,1419,45.39,172,0,0,0,0,0
3912,L59313,L,297.5,307.12,24.35,33.97,1542,43.11,160,0,0,0,0,0
3913,L87669,L,299.43,309.62,26.28,36.47,1531,40.32,48,0,0,0,0,0
3914,H95790,H,303.14,313.72,29.99,40.57,1558,34.43,202,0,0,0,0,0
3915,H95316,H,301.29,311.74,28.14,38.59,1566,43.07,204,0,0,0,0,0
3916,L88227,L,301.41,311.36,28.26,38.21,1593,33.47,97,0,0,0,0,0
3917,M15413,M,301.78,311.36,28.63,38.21,1367,35.07,31,0,0,0,0,0
3918,L94859,L,300.84,311.25,27.69,38.1,1408,53.38,146,0,0,0,0,0
3919,M34664,M,300.24,310.12,27.09,36.97,1529,41.39,86,0,0,0,0,0
3920,M34963,M,301.32,313.13,28.17,39.98,1531,31.14,178,0,0,0,0,0
3921,H56397,H,298.91,309.49,25.76,36.34,1346,43.65,76,0,0,0,0,0
3922,L60536,L,297.17,306.25,24.02,33.1,1724,33.45,63,0,0,0,0,0
3923,M47554,M,301.45,310.97,28.3,37.82,1662,31.68,208,0,0,0,0,0
3924,L14720,L,302.48,312.52,29.33,39.37,1385,43.25,148,0,0,0,0,0
3925,H54324,H,297.76,309.06,24.61,35.91,1499,30.81,21,0,0,0,0,0
3926,L41146,L,301.64,313.05,28.49,39.9,1887,37.36,165,0,0,0,0,0
3927,M47620,M,303.36,312.97,30.21,39.82,1563,36.61,181,0,0,0,0,0
3928,M97485,M,300.0,309.06,26.85,35.91,1604,22.84,56,0,0,0,0,0
3929,M51266,M,298.36,307.3,25.21,34.15,1428,38.29,232,0,0,0,0,0
3930,L13636,L,300.25,310.5,27.1,37.35,1480,33.78,89,0,0,0,0,0
3931,H59599,H,298.9,311.2,25.75,38.05,1799,7.92,226,1,0,0,1,0
3932,L24223,L,298.77,309.31,25.62,36.16,1555,35.6,70,0,0,0,0,0
3933,M69521,M,300.87,309.27,27.72,36.12,1523,45.92,146,0,0,0,0,0
3934,L63738,L,296.79,306.07,23.64,32.92,1536,36.43,124,0,0,0,0,0
3935,L79177,L,297.11,306.49,23.96,33.34,1980,34.6,238,0,0,0,0,0
3936,L14309,L,300.04,309.22,26.89,36.07,1542,37.23,98,0,0,0,0,0
3937,L90079,L,299.96,309.57,26.81,36.42,1390,37.58,43,0,0,0,0,0
3938,L91612,L,300.69,311.06,27.54,37.91,1420,34.49,200,0,0,0,0,0
3939,L14614,L,303.75,314.43,30.6,41.28,1672,24.01,10,0,0,0,0,0
3940,L35969,L,300.21,311.3,27.06,38.15,1285,51.99,212,1,0,0,0,1
3941,M66208,M,301.2,311.72,28.05,38.57,1614,41.35,27,0,0,0,0,0
3942,M32036,M,298.05,306.09,24.9,32.94,1408,38.46,137,0,0,0,0,0
3943,L19694,L,301.54,310.48,28.39,37.33,1210,31.17,171,0,0,0,0,0
3944,L81416,L,298.95,308.79,25.8,35.64,1363,45.8,81,0,0,0,0,0
3945,L15070,L,300.14,310.29,26.99,37.14,1540,29.97,203,0,0,0,0,0
3946,L73530,L,299.78,310.64,26.63,37.49,1779,33.35,142,0,0,0,0,0
3947,M96870,M,302.07,312.11,28.92,38.96,1695,21.48,95,0,0,0,0,0
3948,M32196,M,297.38,307.43,24.23,34.28,1484,39.36,78,0,0,0,0,0
3949,L94461,L,295.43,305.67,22.28,32.52,1705,32.55,27,0,0,0,0,0
3950,L98165,L,299.57,309.32,26.42,36.17,1473,19.63,154,1,0,0,1,0
3951,L86057,L,300.94,311.02,27.79,37.87,1278,57.76,87,0,0,0,0,0
3952,M77141,M,300.3,311.43,27.15,38.28,1539,34.63,77,0,0,0,0,0
3953,H72957,H,302.46,312.38,29.31,39.23,1271,42.99,228,0,0,0,0,0
3954,L61778,L,300.87,310.84,27.72,37.69,1673,38.51,65,0,0,0,0,0
3955,L72066,L,298.87,308.84,25.72,35.69,1676,33.78,210,0,0,0,0,0
3956,M71160,M,295.35,306.65,22.2,33.5,1381,44.4,234,0,0,0,0,0
3957,H42974,H,299.53,308.42,26.38,35.27,1560,27.56,197,0,0,0,0,0
3958,L61962,L,302.06,313.83,28.91,40.68,1559,35.62,5,0,0,0,0,0
3959,L67876,L,299.22,308.04,26.07,34.89,1688,18.68,208,1,0,0,1,0
3960,L40761,L,300.06,309.4,26.91,36.25,1317,41.6,51,0,0,0,0,0
3961,L13141,L,300.84,311.59,27.69,38.44,1640,46.5,85,0,0,0,0,0
3962,L27942,L,297.97,309.0,24.82,35.85,1305,31.87,238,1,1,0,0,0
3963,L77000,L,301.25,309.84,28.1,36.69,1671,31.48,97,0,0,0,0,0
3964,L87686,L,303.27,312.18,30.12,39.03,1721,16.3,157,1,0,0,1,0
3965,L96324,L,299.65,309.93,26.5,36.78,1418,40.47,75,0,0,0,0,0
3966,M18957,M,297.74,310.09,24.59,36.94,1748,36.5,89,0,0,0,0,0
3967,L81549,L,299.87,311.11,26.72,37.96,1260,48.56,143,0,0,0,0,0
3968,L41179,L,295.55,305.3,22.4,32.15,1727,28.35,228,0,0,0,0,0
3969,L34782,L,300.67,308.25,27.52,35.1,1787,14.91,68,1,0,0,1,0
3970,L38871,L,300.9,310.99,27.75,37.84,1596,25.98,59,0,0,0,0,0
3971,H95674,H,303.35,313.71,30.2,40.56,1501,48.23,6,0,0,0,0,0
3972,L50338,L,299.61,309.23,26.46,36.08,1590,43.07,49,0,0,0,0,0
3973,L33586,L,300.82,309.97,27.67,36.82,1429,39.35,63,0,0,0,0,0
3974,M11044,M,298.28,308.44,25.13,35.29,1994,30.03,15,0,0,0,0,0
3975,L54561,L,299.29,308.34,26.14,35.19,1432,31.78,135,0,0,0,0,0
3976,H85228,H,296.95,308.82,23.8,35.67,1766,42.78,30,0,0,0,0,0
3977,L19050,L,299.61,311.13,26.46,37.98,1405,35.02,123,0,0,0,0,0
3978,L17241,L,299.39,310.05,26.24,36.9,1814,35.08,45,0,0,0,0,0
3979,L95172,L,300.6,310.69,27.45,37.54,1887,19.74,225,0,0,0,0,0
3980,L42004,L,298.75,308.09,25.6,34.94,1603,34.33,74,0,0,0,0,0
3981,M55461,M,300.17,310.15,27.02,37.0,1585,46.13,22,0,0,0,0,0
3982,M94087,M,299.33,310.97,26.18,37.82,1368,34.32,201,0,0,0,0,0
3983,L92103,L,299.34,310.21,26.19,37.06,1347,48.54,96,0,0,0,0,0
3984,L41629,L,300.16,310.36,27.01,37.21,1587,27.45,197,0,0,0,0,0
3985,M85431,M,300.08,311.01,26.93,37.86,1790,24.79,75,0,0,0,0,0
3986,H87056,H,301.52,312.07,28.37,38.92,1439,39.74,120,0,0,0,0,0
3987,L48348,L,299.76,310.15,26.61,37.0,1921,37.59,107,0,0,0,0,0
3988,L36010,L,299.3,310.28,26.15,37.13,1428,37.73,134,0,0,0,0,0
3989,L54464,L,299.64,310.16,26.49,37.01,1575,41.32,96,0,0,0,0,0
3990,M80255,M,298.57,309.43,25.42,36.28,1576,45.52,119,0,0,0,0,0
3991,L94281,L,299.28,309.44,26.13,36.29,1517,31.59,163,0,0,0,0,0
3992,L32983,L,304.06,313.81,30.91,40.66,1177,36.46,100,0,0,0,0,0
3993,M47145,M,298.17,307.63,25.02,34.48,1427,37.32,164,0,0,0,0,0
3994,L78371,L,299.44,308.78,26.29,35.63,1570,46.68,171,0,0,0,0,0
3995,L88162,L,299.23,307.62,26.08,34.47,1518,31.24,180,0,0,0,0,0
3996,L52125,L,299.51,308.59,26.36,35.44,1646,42.92,113,0,0,0,0,0
3997,L80265,L,299.34,308.4,26.19,35.25,1667,32.26,1,0,0,0,0,0
3998,L71080,L,300.56,310.05,27.41,36.9,1493,52.43,181,0,0,0,0,0
3999,L30635,L,296.58,308.14,23.43,34.99,1367,59.89,218,1,1,0,0,1
4000,L51479,L,302.07,311.92,28.92,38.77,1806,39.98,157,0,0,0,0,0
4001,L50240,L,301.27,311.51,28.12,38.36,1298,30.98,126,0,0,0,0,0
4002,M75285,M,297.51,307.79,24.36,34.64,1431,20.82,134,1,0,0,1,0
4003,M58856,M,295.46,307.05,22.31,33.9,1386,41.82,154,0,0,0,0,0
4004,L73744,L,298.05,307.47,24.9,34.32,1666,41.65,240,1,1,0,0,0
4005,L70253,L,299.51,309.29,26.36,36.14,1765,36.46,15,0,0,0,0,0
4006,L21396,L,305.16,315.05,32.01,41.9,1505,32.29,5,0,0,0,0,0
4007,L37208,L,301.09,312.22,27.94,39.07,1575,24.49,231,1,1,0,0,0
4008,L39063,L,296.38,307.73,23.23,34.58,1610,43.02,106,0,0,0,0,0
4009,M90215,M,298.62,309.1,25.47,35.95,1851,45.83,147,0,0,0,0,0
4010,L29416,L,299.89,311.13,26.74,37.98,1225,41.43,181,0,0,0,0,0
4011,L13446,L,300.51,310.69,27.36,37.54,1665,41.01,178,0,0,0,0,0
4012,L17336,L,297.37,307.2,24.22,34.05,1601,56.61,155,1,0,0,1,0
4013,M18263,M,299.73,310.91,26.58,37.76,1470,37.46,113,0,0,0,0,0
4014,L54034,L,298.56,309.05,25.41,35.9,1592,34.63,138,0,0,0,0,0
4015,M57398,M,297.79,307.06,24.64,33.91,1665,38.9,175,0,0,0,0,0
4016,L48415,L,300.52,311.52,27.37,38.37,1637,32.72,204,0,0,0,0,0
4017,M82768,M,301.55,311.34,28.4,38.19,1913,40.67,31,0,0,0,0,0
4018,M67161,M,301.68,311.35,28.53,38.2,1557,33.56,67,0,0,0,0,0
4019,L53205,L,301.15,312.04,28.0,38.89,1540,36.96,95,0,0,0,0,0
4020,L56428,L,299.01,308.92,25.86,35.77,1503,26.57,160,0,0,0,0,0
4021,L10829,L,301.43,311.82,28.28,38.67,1632,33.23,95,0,0,0,0,0
4022,L70318,L,300.62,311.28,27.47,38.13,1529,29.4,57,0,0,0,0,0
4023,M63378,M,300.27,309.48,27.12,36.33,1537,40.04,8,0,0,0,0,0
4024,M79051,M,298.78,309.16,25.63,36.01,1538,23.94,202,0,0,0,0,0
4025,M86763,M,299.01,310.36,25.86,37.21,1511,45.75,101,0,0,0,0,0
4026,M94672,M,300.15,309.19,27.0,36.04,1428,33.14,79,0,0,0,0,0
4027,L23643,L,304.88,315.33,31.73,42.18,1608,49.9,127,0,0,0,0,0
4028,L19560,L,300.6,309.77,27.45,36.62,1485,49.55,30,0,0,0,0,0
4029,M82517,M,298.78,309.8,25.63,36.65,1642,39.17,95,0,0,0,0,0
4030,L25282,L,298.34,309.35,25.19,36.2,1554,24.56,180,0,0,0,0,0
4031,M36033,M,299.02,308.66,25.87,35.51,1467,34.02,177,0,0,0,0,0
4032,L64728,L,304.35,316.56,31.2,43.41,1809,24.51,185,0,0,0,0,0
4033,L80545,L,299.2,310.31,26.05,37.16,1517,31.6,112,0,0,0,0,0
4034,H53229,H,301.81,312.52,28.66,39.37,1644,47.47,89,0,0,0,0,0
4035,L89443,L,299.25,309.9,26.1,36.75,1413,39.34,200,0,0,0,0,0
4036,H65012,H,300.52,311.51,27.37,38.36,1181,43.27,42,0,0,0,0,0
4037,H25644,H,301.58,310.59,28.43,37.44,1436,33.92,174,0,0,0,0,0
4038,M45530,M,298.86,309.05,25.71,35.9,1161,45.1,213,0,0,0,0,0
4039,M28208,M,298.72,309.1,25.57,35.95,1494,42.62,69,0,0,0,0,0
4040,L76931,L,303.32,312.92,30.17,39.77,1792,18.96,47,0,0,0,0,0
4041,M29844,M,301.97,312.43,28.82,39.28,1377,42.41,123,0,0,0,0,0
4042,L55007,L,301.58,312.81,28.43,39.66,1166,52.51,52,0,0,0,0,0
4043,L52554,L,301.57,311.15,28.42,38.0,1798,17.99,209,1,0,0,1,0
4044,M58785,M,300.92,310.86,27.77,37.71,1452,28.12,59,0,0,0,0,0
4045,L90026,L,304.04,313.21,30.89,40.06,1532,37.01,75,0,0,0,0,0
4046,L63905,L,300.09,308.3,26.94,35.15,1673,45.78,213,0,0,0,0,0
4047,L86481,L,301.15,311.93,28.0,38.78,1627,44.85,49,0,0,0,0,0
4048,L80393,L,297.1,307.07,23.95,33.92,1666,29.52,212,0,0,0,0,0
4049,M81388,M,298.35,308.4,25.2,35.25,1693,45.13,50,0,0,0,0,0
4050,L25781,L,297.6,306.61,24.45,33.46,1229,44.05,219,0,0,0,0,0
4051,H31696,H,302.55,312.36,29.4,39.21,1287,41.88,76,0,0,0,0,0
4052,M97861,M,294.89,305.99,21.74,32.84,1740,33.68,59,0,0,0,0,0
4053,M74020,M,299.2,309.2,26.05,36.05,1398,47.69,115,0,0,0,0,0
4054,L68594,L,294.01,304.04,20.86,30.89,1417,35.55,89,0,0,0,0,0
4055,M62487,M,298.34,308.54,25.19,35.39,1314,40.42,48,0,0,0,0,0
4056,L40274,L,299.02,307.78,25.87,34.63,1464,29.15,81,0,0,0,0,0
4057,M58782,M,302.77,313.39,29.62,40.24,1474,41.68,171,0,0,0,0,0
4058,L32644,L,300.79,309.54,27.64,36.39,1371,49.26,200,0,0,0,0,0
4059,M15876,M,298.33,307.39,25.18,34.24,1351,50.38,197,0,0,0,0,0
4060,H85645,H,302.13,311.08,28.98,37.93,1591,25.09,182,0,0,0,0,0
4061,L27243,L,300.04,309.86,26.89,36.71,1394,38.05,1,0,0,0,0,0
4062,L33025,L,300.08,309.72,26.93,36.57,1429,50.06,102,0,0,0,0,0
4063,M96204,M,297.59,307.59,24.44,34.44,1152,51.58,41,0,0,0,0,0
4064,L37619,L,298.02,307.11,24.87,33.96,1874,30.84,18,0,0,0,0,0
4065,M47170,M,298.35,309.36,25.2,36.21,1700,33.79,177,0,0,0,0,0
4066,L90296,L,300.09,310.93,26.94,37.78,1448,43.89,190,0,0,0,0,0
4067,L12253,L,300.16,309.98,27.01,36.83,1378,43.88,196,0,0,0,0,0
4068,H81668,H,303.09,312.61,29.94,39.46,1537,32.68,214,0,0,0,0,0
4069,M82439,M,300.77,310.19,27.62,37.04,1532,44.45,142,0,0,0,0,0
4070,M14240,M,294.58,304.27,21.43,31.12,1312,34.06,240,0,0,0,0,0
4071,L83333,L,300.53,309.13,27.38,35.98,1100,62.66,116,1,0,1,0,0
4072,M87331,M,297.1,306.14,23.95,32.99,1443,32.54,212,0,0,0,0,0
4073,L56374,L,298.07,308.93,24.92,35.78,1261,49.81,27,0,0,0,0,0
4074,M42844,M,298.38,308.68,25.23,35.53,1565,35.29,36,0,0,0,0,0
4075,M30130,M,298.67,310.31,25.52,37.16,1566,32.77,142,0,0,0,0,0
4076,L63402,L,297.25,306.95,24.1,33.8,1365,52.85,30,0,0,0,0,0
4077,L96625,L,300.41,310.05,27.26,36.9,1441,45.69,18,0,0,0,0,0
4078,L66066,L,297.18,306.77,24.03,33.62,1844,30.61,47,0,0,0,0,0
4079,M18095,M,300.71,310.39,27.56,37.24,1671,48.26,189,0,0,0,0,0
4080,L93745,L,304.47,313.81,31.32,40.66,1456,47.19,223,1,1,0,0,0
4081,M22444,M,297.34,307.61,24.19,34.46,1936,23.15,80,0,0,0,0,0
4082,L17427,L,299.43,309.46,26.28,36.31,1326,25.14,234,1,0,0,1,0
4083,M68819,M,294.95,304.44,21.8,31.29,1393,41.99,194,0,0,0,0,0
4084,M88464,M,299.4,310.65,26.25,37.5,1516,48.87,54,0,0,0,0,0
4085,L18350,L,301.29,313.18,28.14,40.03,1267,50.1,141,0,0,0,0,0
4086,L51388,L,301.44,312.61,28.29,39.46,1848,43.59,236,1,1,0,0,0
4087,L34912,L,300.15,310.71,27.0,37.56,1567,31.78,204,0,0,0,0,0
4088,M36950,M,301.78,312.54,28.63,39.39,1397,40.08,87,0,0,0,0,0
4089,M48835,M,305.09,316.95,31.94,43.8,1613,34.77,74,0,0,0,0,0
4090,L54912,L,303.42,314.18,30.27,41.03,1561,38.64,197,0,0,0,0,0
4091,M35599,M,298.95,308.37,25.8,35.22,1482,44.81,132,0,0,0,0,0
4092,L10555,L,297.1,307.49,23.95,34.34,1324,56.35,39,0,0,0,0,0
4093,L71361,L,299.19,309.81,26.04,36.66,1284,59.38,79,0,0,0,0,0
4094,H11556,H,298.11,307.11,24.96,33.96,1918,43.21,159,0,0,0,0,0
4095,L45094,L,300.9,310.62,27.75,37.47,1298,49.49,37,0,0,0,0,0
4096,L25715,L,297.64,308.74,24.49,35.59,1832,28.53,168,0,0,0,0,0
4097,L65395,L,299.85,308.03,26.7,34.88,1387,43.11,170,0,0,0,0,0
4098,L45561,L,301.68,310.43,28.53,37.28,1673,39.48,65,0,0,0,0,0
4099,L37547,L,299.8,309.62,26.65,36.47,1616,36.53,96,0,0,0,0,0
4100,L43199,L,298.11,308.46,24.96,35.31,1651,27.38,225,1,1,0,0,0
4101,M72235,M,302.35,310.99,29.2,37.84,1663,30.75,180,0,0,0,0,0
4102,L56854,L,296.24,306.12,23.09,32.97,1253,52.67,189,0,0,0,0,0
4103,L17841,L,299.34,310.5,26.19,37.35,1417,38.47,124,0,0,0,0,0
4104,L49125,L,299.92,309.99,26.77,36.84,1296,44.42,51,0,0,0,0,0
4105,L58761,L,300.03,310.97,26.88,37.82,1568,35.91,142,0,0,0,0,0
4106,M88642,M,300.36,309.77,27.21,36.62,1303,36.82,185,0,0,0,0,0
4107,H92291,H,301.22,310.41,28.07,37.26,1188,46.85,1,0,0,0,0,0
4108,L59751,L,299.93,310.78,26.78,37.63,1493,34.7,27,0,0,0,0,0
4109,M88029,M,299.26,309.63,26.11,36.48,1148,44.36,114,0,0,0,0,0
4110,L89439,L,299.18,308.0,26.03,34.85,1580,27.79,105,0,0,0,0,0
4111,L86298,L,298.78,307.98,25.63,34.83,1315,42.77,236,0,0,0,0,0
4112,L36917,L,301.58,313.14,28.43,39.99,1388,46.23,22,0,0,0,0,0
4113,L90041,L,298.71,307.78,25.56,34.63,1136,59.4,78,0,0,0,0,0
4114,L11158,L,301.69,312.63,28.54,39.48,1824,20.26,196,0,0,0,0,0
4115,M19005,M,300.04,309.56,26.89,36.41,1279,57.65,147,0,0,0,0,0
4116,L20796,L,298.96,308.95,25.81,35.8,1471,41.29,135,0,0,0,0,0
4117,H13202,H,301.24,311.53,28.09,38.38,1221,37.89,178,0,0,0,0,0
4118,L68040,L,298.55,306.44,25.4,33.29,1389,38.03,10,0,0,0,0,0
4119,L12416,L,301.28,309.81,28.13,36.66,1842,16.09,227,1,1,0,1,0
4120,M50544,M,300.43,310.51,27.28,37.36,1587,23.13,46,0,0,0,0,0
4121,L72672,L,298.81,308.08,25.66,34.93,1408,54.45,20,0,0,0,0,0
4122,L25157,L,301.06,312.05,27.91,38.9,1529,31.88,81,0,0,0,0,0
4123,M88639,M,301.09,309.49,27.94,36.34,1437,44.17,169,0,0,0,0,0
4124,H86378,H,302.32,312.88,29.17,39.73,1519,36.83,56,0,0,0,0,0
4125,M22260,M,301.93,310.56,28.78,37.41,1665,34.55,12,0,0,0,0,0
4126,M15267,M,300.98,310.63,27.83,37.48,1477,41.73,14,0,0,0,0,0
4127,M26350,M,297.74,306.68,24.59,33.53,1573,19.74,62,1,0,0,1,0
4128,H64532,H,304.9,316.8,31.75,43.65,1576,46.89,32,0,0,0,0,0
4129,L87311,L,297.19,305.85,24.04,32.7,1478,37.98,89,0,0,0,0,0
4130,L90081,L,301.9,311.78,28.75,38.63,1406,36.71,42,0,0,0,0,0
4131,L86758,L,300.86,309.14,27.71,35.99,1443,43.45,83,0,0,0,0,0
4132,L42663,L,297.65,309.25,24.5,36.1,1657,28.8,107,0,0,0,0,0
4133,M49090,M,299.75,310.15,26.6,37.0,1672,35.94,178,0,0,0,0,0
4134,M63115,M,299.84,309.98,26.69,36.83,1336,41.57,55,0,0,0,0,0
4135,L91451,L,302.61,314.09,29.46,40.94,1489,44.16,114,0,0,0,0,0
4136,L58947,L,298.57,308.72,25.42,35.57,1403,39.12,196,0,0,0,0,0
4137,M61853,M,299.48,309.7,26.33,36.55,1675,25.97,237,1,1,0,0,0
4138,L55030,L,295.33,305.46,22.18,32.31,1453,42.34,134,0,0,0,0,0
4139,M23159,M,303.47,314.03,30.32,40.88,1920,27.67,104,0,0,0,0,0
4140,L89558,L,297.86,307.37,24.71,34.22,1573,21.85,152,0,0,0,0,0
4141,L70276,L,300.65,310.44,27.5,37.29,1742,34.47,117,0,0,0,0,0
4142,L41527,L,299.8,310.61,26.65,37.46,1357,37.91,40,0,0,0,0,0
4143,L56243,L,299.8,310.08,26.65,36.93,1537,40.04,110,0,0,0,0,0
4144,M36360,M,301.62,311.51,28.47,38.36,1643,28.04,235,1,1,0,0,0
4145,H26697,H,303.34,311.94,30.19,38.79,1354,32.66,154,1,0,1,0,0
4146,M83437,M,300.5,312.0,27.35,38.85,1539,46.68,68,0,0,0,0,0
4147,L59259,L,301.31,310.65,28.16,37.5,1719,40.07,227,0,0,0,0,0
4148,L70899,L,300.66,311.65,27.51,38.5,1478,38.72,93,0,0,0,0,0
4149,M31924,M,302.04,312.21,28.89,39.06,1386,44.84,94,0,0,0,0,0
4150,M97437,M,299.07,307.78,25.92,34.63,1851,37.45,148,0,0,0,0,0
4151,L62543,L,302.15,313.4,29.0,40.25,1330,43.0,137,1,0,0,0,0
4152,L48766,L,302.22,312.48,29.07,39.33,1562,27.01,70,0,0,0,0,0
4153,M40087,M,302.17,313.5,29.02,40.35,1411,43.0,112,0,0,0,0,0
4154,L59668,L,298.68,308.5,25.53,35.35,1371,49.81,80,0,0,0,0,0
4155,L87547,L,299.66,310.37,26.51,37.22,1665,39.16,177,0,0,0,0,0
4156,L77619,L,300.48,308.72,27.33,35.57,1499,38.7,29,0,0,0,0,0
4157,L30479,L,297.26,306.76,24.11,33.61,1606,40.2,180,0,0,0,0,0
4158,M27520,M,303.19,311.92,30.04,38.77,1140,48.46,39,0,0,0,0,0
4159,H85194,H,299.98,309.6,26.83,36.45,1623,43.65,73,0,0,0,0,0
4160,L69965,L,300.57,311.04,27.42,37.89,1409,51.44,80,0,0,0,0,0
4161,L79525,L,298.85,308.24,25.7,35.09,1206,37.13,238,0,0,0,0,0
4162,L27119,L,297.35,308.21,24.2,35.06,1865,39.65,142,0,0,0,0,0
4163,L89269,L,298.79,307.94,25.64,34.79,1640,52.83,187,1,0,0,1,0
4164,L83174,L,300.44,311.32,27.29,38.17,1575,40.59,133,0,0,0,0,0
4165,M49604,M,301.35,312.66,28.2,39.51,1754,40.54,236,1,1,0,0,0
4166,L18311,L,300.32,311.34,27.17,38.19,1578,31.12,43,0,0,0,0,0
4167,L91539,L,300.69,310.35,27.54,37.2,1395,37.04,145,0,0,0,0,0
4168,L73694,L,299.33,307.2,26.18,34.05,1504,36.41,191,0,0,0,0,0
4169,L74531,L,300.99,311.57,27.84,38.42,1416,37.24,151,0,0,0,0,0
4170,L35811,L,302.97,312.84,29.82,39.69,1447,29.09,215,0,0,0,0,0
4171,L35336,L,301.41,310.43,28.26,37.28,1315,42.19,144,0,0,0,0,0
4172,H99460,H,301.62,311.06,28.47,37.91,1365,48.66,198,0,0,0,0,0
4173,L94981,L,300.59,312.02,27.44,38.87,1692,23.48,42,0,0,0,0,0
4174,L60968,L,296.99,305.86,23.84,32.71,1593,37.4,63,0,0,0,0,0
4175,M89276,M,297.91,308.38,24.76,35.23,1447,40.78,107,0,0,0,0,0
4176,H47180,H,300.91,311.13,27.76,37.98,1355,39.87,204,0,0,0,0,0
4177,L89609,L,299.98,309.62,26.83,36.47,1464,43.11,102,0,0,0,0,0
4178,M73796,M,300.88,311.52,27.73,38.37,1240,49.42,151,0,0,0,0,0
4179,L71635,L,303.35,314.99,30.2,41.84,1557,33.82,95,0,0,0,0,0
4180,L26567,L,301.45,311.16,28.3,38.01,1700,42.18,193,0,0,0,0,0
4181,L65388,L,302.52,312.27,29.37,39.12,1949,33.88,48,0,0,0,0,0
4182,M33906,M,300.19,310.81,27.04,37.66,1342,55.28,143,0,0,0,0,0
4183,M65517,M,298.39,309.3,25.24,36.15,1693,33.31,139,0,0,0,0,0
4184,L59593,L,299.88,309.76,26.73,36.61,1411,38.03,97,0,0,0,0,0
4185,L87768,L,298.39,308.09,25.24,34.94,1338,41.17,169,0,0,0,0,0
4186,M89140,M,303.12,310.9,29.97,37.75,1337,52.27,7,1,0,1,0,0
4187,L62740,L,301.58,310.8,28.43,37.65,1560,35.55,202,0,0,0,0,0
4188,L23176,L,301.04,309.9,27.89,36.75,1372,41.06,84,0,0,0,0,0
4189,M55841,M,302.47,313.16,29.32,40.01,1429,55.79,190,0,0,0,0,0
4190,M92464,M,295.96,305.72,22.81,32.57,1458,28.54,73,0,0,0,0,0
4191,M91824,M,301.18,310.89,28.03,37.74,1406,43.62,45,0,0,0,0,0
4192,M86900,M,297.38,307.37,24.23,34.22,1393,40.65,93,0,0,0,0,0
4193,L80081,L,299.99,309.12,26.84,35.97,1110,49.62,191,0,0,0,0,0
4194,M11131,M,299.38,310.93,26.23,37.78,1550,29.33,169,0,0,0,0,0
4195,M71195,M,301.32,312.62,28.17,39.47,1547,31.73,96,0,0,0,0,0
4196,L78188,L,300.46,312.07,27.31,38.92,1395,37.79,225,0,0,0,0,0
4197,L71102,L,302.69,313.37,29.54,40.22,1598,39.82,98,0,0,0,0,0
4198,L52415,L,298.8,308.77,25.65,35.62,1779,39.02,84,0,0,0,0,0
4199,L60966,L,301.42,313.03,28.27,39.88,1539,23.0,35,0,0,0,0,0
4200,M95031,M,300.32,309.64,27.17,36.49,1768,22.8,17,0,0,0,0,0
4201,M68619,M,296.73,305.86,23.58,32.71,1927,34.12,84,0,0,0,0,0
4202,L11652,L,298.16,307.56,25.01,34.41,1978,34.03,22,0,0,0,0,0
4203,L45716,L,299.7,310.22,26.55,37.07,1327,31.47,111,0,0,0,0,0
4204,H48686,H,302.22,311.46,29.07,38.31,1328,50.14,206,0,0,0,0,0
4205,L55206,L,300.93,310.77,27.78,37.62,1457,39.21,114,0,0,0,0,0
4206,L44831,L,297.66,306.06,24.51,32.91,1558,42.76,115,0,0,0,0,0
4207,L57175,L,299.72,310.2,26.57,37.05,1813,24.79,61,0,0,0,0,0
4208,L23493,L,304.04,312.52,30.89,39.37,1645,23.72,40,0,0,0,0,0
4209,L18081,L,300.22,309.29,27.07,36.14,1324,40.79,53,0,0,0,0,0
4210,L31550,L,299.35,310.56,26.2,37.41,1428,38.01,136,0,0,0,0,0
4211,L24116,L,300.98,312.16,27.83,39.01,1528,34.94,142,0,0,0,0,0
4212,L83799,L,301.53,311.9,28.38,38.75,1274,41.84,53,0,0,0,0,0
4213,L75144,L,299.09,309.36,25.94,36.21,1537,50.81,96,0,0,0,0,0
4214,L71648,L,301.01,310.47,27.86,37.32,1327,29.58,136,0,0,0,0,0
4215,M82137,M,299.34,308.57,26.19,35.42,1246,39.22,183,0,0,0,0,0
4216,M83858,M,301.44,311.08,28.29,37.93,1369,38.5,77,0,0,0,0,0
4217,L68202,L,300.34,308.83,27.19,35.68,1607,35.85,65,0,0,0,0,0
4218,L13803,L,300.96,311.22,27.81,38.07,1606,41.37,175,0,0,0,0,0
4219,M73525,M,298.48,308.53,25.33,35.38,1552,43.84,123,0,0,0,0,0
4220,L51980,L,298.36,307.42,25.21,34.27,1709,42.15,206,0,0,0,0,0
4221,L38314,L,301.89,313.46,28.74,40.31,1690,37.75,51,0,0,0,0,0
4222,M84511,M,299.84,310.45,26.69,37.3,1571,22.64,185,0,0,0,0,0
4223,M28062,M,300.57,311.26,27.42,38.11,1547,23.73,39,0,0,0,0,0
4224,M30144,M,299.39,308.9,26.24,35.75,1558,45.96,140,0,0,0,0,0
4225,L91307,L,301.8,311.8,28.65,38.65,1509,46.63,68,0,0,0,0,0
4226,M15070,M,298.78,309.41,25.63,36.26,1154,54.72,24,0,0,0,0,0
4227,L43211,L,299.73,309.88,26.58,36.73,1734,26.49,148,0,0,0,0,0
4228,M69263,M,301.57,313.17,28.42,40.02,1605,33.13,122,0,0,0,0,0
4229,L87207,L,302.35,312.14,29.2,38.99,1322,40.14,117,0,0,0,0,0
4230,L92116,L,298.95,308.45,25.8,35.3,1785,23.9,142,0,0,0,0,0
4231,M26453,M,303.92,314.55,30.77,41.4,1432,42.09,89,0,0,0,0,0
4232,L42699,L,300.63,309.36,27.48,36.21,1516,55.03,161,0,0,0,0,0
4233,L34103,L,297.91,308.84,24.76,35.69,1714,29.46,31,0,0,0,0,0
4234,H57238,H,300.74,309.44,27.59,36.29,1574,46.79,172,0,0,0,0,0
4235,L75527,L,299.23,309.87,26.08,36.72,1769,25.31,139,0,0,0,0,0
4236,L50962,L,300.87,310.22,27.72,37.07,1473,26.59,117,0,0,0,0,0
4237,L30147,L,299.91,310.39,26.76,37.24,1831,39.19,31,0,0,0,0,0
4238,M52047,M,300.15,311.06,27.0,37.91,1399,39.21,67,0,0,0,0,0
4239,M38992,M,298.18,308.33,25.03,35.18,1766,42.62,71,0,0,0,0,0
4240,L93895,L,301.98,310.78,28.83,37.63,1139,62.09,56,0,0,0,0,0
4241,M98988,M,297.69,306.79,24.54,33.64,1342,40.45,229,1,1,0,0,0
4242,L17738,L,297.78,307.05,24.63,33.9,1587,46.84,220,1,1,0,0,0
4243,M11319,M,300.73,308.84,27.58,35.69,1465,32.1,131,0,0,0,0,0
4244,L44519,L,303.21,314.33,30.06,41.18,1522,30.51,49,0,0,0,0,0
4245,L70142,L,299.29,309.4,26.14,36.25,1542,45.73,219,1,1,0,0,0
4246,H96598,H,301.4,310.27,28.25,37.12,1327,30.81,180,0,0,0,0,0
4247,L91569,L,302.15,313.6,29.0,40.45,1340,42.75,9,0,0,0,0,0
4248,L90969,L,301.63,310.93,28.48,37.78,1576,46.36,118,0,0,0,0,0
4249,L47604,L,299.38,309.63,26.23,36.48,1418,50.93,145,0,0,0,0,0
4250,H78243,H,297.82,306.99,24.67,33.84,1770,28.91,16,0,0,0,0,0
4251,L18235,L,295.58,303.57,22.43,30.42,1501,46.24,12,0,0,0,0,0
4252,L72672,L,299.47,308.11,26.32,34.96,1661,25.52,111,0,0,0,0,0
4253,L63160,L,302.36,311.91,29.21,38.76,1612,30.19,0,0,0,0,0,0
4254,L83420,L,297.75,308.65,24.6,35.5,1430,41.92,11,0,0,0,0,0
4255,L92269,L,301.4,311.75,28.25,38.6,1188,51.23,40,0,0,0,0,0
4256,M23077,M,298.1,308.24,24.95,35.09,1742,24.5,218,1,1,0,0,0
4257,H45082,H,300.21,308.2,27.06,35.05,1364,56.91,184,1,0,1,0,0
4258,L59686,L,301.42,312.69,28.27,39.54,1464,24.11,108,0,0,0,0,0
4259,L87897,L,298.68,308.9,25.53,35.75,1509,38.41,115,0,0,0,0,0
4260,L63648,L,300.34,310.22,27.19,37.07,1526,39.11,165,0,0,0,0,0
4261,L30142,L,299.17,310.3,26.02,37.15,1703,19.66,114,0,0,0,0,0
4262,M39205,M,301.41,312.66,28.26,39.51,1536,47.89,15,0,0,0,0,0
4263,L25024,L,300.47,311.63,27.32,38.48,1513,31.95,177,0,0,0,0,0
4264,L16055,L,300.11,309.87,26.96,36.72,1713,34.23,14,0,0,0,0,0
4265,M62819,M,303.12,312.11,29.97,38.96,1640,37.56,117,0,0,0,0,0
4266,L62101,L,301.32,312.31,28.17,39.16,1406,29.11,207,0,0,0,0,0
4267,M91233,M,298.62,307.25,25.47,34.1,1334,34.37,28,0,0,0,0,0
4268,L89582,L,299.83,311.78,26.68,38.63,1391,53.7,170,0,0,0,0,0
4269,M13481,M,299.85,309.88,26.7,36.73,1526,37.01,11,0,0,0,0,0
4270,H11710,H,300.16,309.1,27.01,35.95,1317,21.93,238,1,0,0,1,0
4271,M22097,M,305.05,313.82,31.9,40.67,1551,34.53,164,0,0,0,0,0
4272,H21003,H,300.74,309.46,27.59,36.31,1512,37.62,233,0,0,0,0,0
4273,L87470,L,295.93,306.07,22.78,32.92,1100,53.84,160,0,0,0,0,0
4274,L52545,L,298.91,308.91,25.76,35.76,1289,28.46,58,0,0,0,0,0
4275,M45084,M,296.14,304.9,22.99,31.75,1100,51.85,222,0,0,0,0,0
4276,L66357,L,299.34,308.98,26.19,35.83,1475,32.19,150,0,0,0,0,0
4277,L41970,L,296.03,304.66,22.88,31.51,1723,35.02,138,0,0,0,0,0
4278,L85544,L,298.26,308.85,25.11,35.7,1204,51.63,103,0,0,0,0,0
4279,L55311,L,296.96,306.9,23.81,33.75,1304,47.15,68,0,0,0,0,0
4280,L77551,L,300.77,310.39,27.62,37.24,1506,49.27,127,0,0,0,0,0
4281,L32300,L,300.0,308.71,26.85,35.56,1349,60.0,88,0,0,0,0,0
4282,M84365,M,300.61,310.31,27.46,37.16,1348,33.44,205,0,0,0,0,0
4283,L48690,L,299.79,309.38,26.64,36.23,1630,32.1,7,0,0,0,0,0
4284,L16811,L,297.21,307.53,24.06,34.38,1448,45.5,127,0,0,0,0,0
4285,L25442,L,301.03,311.19,27.88,38.04,1275,43.93,201,0,0,0,0,0
4286,L89622,L,303.84,314.64,30.69,41.49,1170,27.2,7,1,0,0,1,0
4287,M10432,M,300.82,310.33,27.67,37.18,1921,28.28,68,0,0,0,0,0
4288,L46194,L,299.15,307.29,26.0,34.14,1732,42.95,12,0,0,0,0,0
4289,L69015,L,297.14,308.13,23.99,34.98,1456,28.19,143,0,0,0,0,0
4290,M90752,M,298.18,307.25,25.03,34.1,1550,38.72,76,0,0,0,0,0
4291,L10065,L,300.91,309.8,27.76,36.65,1450,24.27,230,0,0,0,0,0
4292,L36303,L,302.15,312.1,29.0,38.95,1624,42.23,148,0,0,0,0,0
4293,L90151,L,300.52,310.82,27.37,37.67,1386,43.29,135,0,0,0,0,0
4294,H42014,H,301.6,311.07,28.45,37.92,1440,35.25,220,1,1,0,0,0
4295,L72180,L,301.42,310.88,28.27,37.73,1615,32.14,54,0,0,0,0,0
4296,L99090,L,301.01,310.62,27.86,37.47,1789,20.03,135,0,0,0,0,0
4297,L11897,L,298.68,310.1,25.53,36.95,1665,42.48,130,0,0,0,0,0
4298,L94234,L,300.35,310.35,27.2,37.2,1751,26.33,20,0,0,0,0,0
4299,L44598,L,298.3,307.34,25.15,34.19,1480,42.71,224,0,0,0,0,0
4300,L53669,L,300.03,309.08,26.88,35.93,1426,32.48,168,0,0,0,0,0
4301,L71791,L,300.66,310.41,27.51,37.26,1196,65.5,213,1,0,0,0,1
4302,H31029,H,303.36,313.6,30.21,40.45,1548,49.5,236,0,0,0,0,0
4303,M72297,M,297.38,307.86,24.23,34.71,1601,52.37,115,0,0,0,0,0
4304,L58052,L,300.96,311.09,27.81,37.94,1482,56.17,193,0,0,0,0,0
4305,M58052,M,302.96,312.12,29.81,38.97,1399,35.88,139,0,0,0,0,0
4306,L63664,L,301.52,311.09,28.37,37.94,1753,25.62,235,1,1,0,0,0
4307,L48493,L,301.67,312.4,28.52,39.25,1646,51.03,59,0,0,0,0,0
4308,M61818,M,301.18,310.03,28.03,36.88,1765,31.34,3,0,0,0,0,0
4309,M52046,M,302.6,312.13,29.45,38.98,1368,48.54,45,0,0,0,0,0
4310,M83574,M,297.83,308.42,24.68,35.27,1411,35.64,31,0,0,0,0,0
4311,L49384,L,297.23,308.1,24.08,34.95,1746,27.99,105,0,0,0,0,0
4312,H65129,H,299.99,309.79,26.84,36.64,1527,44.17,19,0,0,0,0,0
4313,L49966,L,295.68,305.27,22.53,32.12,1435,24.16,53,0,0,0,0,0
4314,M69075,M,302.46,311.14,29.31,37.99,1448,45.85,23,0,0,0,0,0
4315,H57116,H,302.44,312.97,29.29,39.82,1533,41.57,117,0,0,0,0,0
4316,L30792,L,299.13,310.45,25.98,37.3,1711,29.25,64,0,0,0,0,0
4317,M76701,M,299.26,311.82,26.11,38.67,1507,38.22,113,0,0,0,0,0
4318,L80590,L,299.86,310.24,26.71,37.09,1673,35.69,21,0,0,0,0,0
4319,L17624,L,300.1,310.05,26.95,36.9,1617,37.33,124,0,0,0,0,0
4320,L92141,L,300.25,309.33,27.1,36.18,1381,47.0,31,0,0,0,0,0
4321,L34191,L,301.12,309.24,27.97,36.09,1381,34.96,24,0,0,0,0,0
4322,H35992,H,299.65,309.83,26.5,36.68,1456,60.93,74,1,0,0,1,0
4323,M81846,M,301.89,314.24,28.74,41.09,1301,42.39,210,0,0,0,0,0
4324,L32022,L,300.89,312.16,27.74,39.01,1445,38.6,189,0,0,0,0,0
4325,M11592,M,298.79,309.9,25.64,36.75,1800,47.39,230,0,0,0,0,0
4326,H72954,H,302.67,312.92,29.52,39.77,1530,22.83,110,0,0,0,0,0
4327,L82246,L,297.28,307.64,24.13,34.49,1401,56.37,75,0,0,0,0,0
4328,H78562,H,299.82,307.39,26.67,34.24,1870,31.38,233,0,0,0,0,0
4329,L23798,L,301.93,312.7,28.78,39.55,1372,37.52,92,0,0,0,0,0
4330,M30943,M,298.55,307.97,25.4,34.82,1367,32.97,2,0,0,0,0,0
4331,L15236,L,300.62,309.92,27.47,36.77,1750,22.58,197,0,0,0,0,0
4332,L52383,L,301.09,310.76,27.94,37.61,1651,31.97,41,0,0,0,0,0
4333,L98878,L,298.28,307.92,25.13,34.77,1512,40.11,172,0,0,0,0,0
4334,M40561,M,299.86,309.14,26.71,35.99,1681,39.07,4,0,0,0,0,0
4335,L45518,L,299.69,309.7,26.54,36.55,1588,38.22,27,0,0,0,0,0
4336,L78316,L,298.9,308.34,25.75,35.19,1327,39.08,116,0,0,0,0,0
4337,L89967,L,304.6,314.7,31.45,41.55,1115,62.08,16,0,0,0,0,0
4338,H40240,H,298.47,306.99,25.32,33.84,1436,61.3,213,1,0,0,1,1
4339,L43940,L,302.01,311.8,28.86,38.65,1725,45.17,180,0,0,0,0,0
4340,L69036,L,299.21,308.12,26.06,34.97,1460,36.37,79,0,0,0,0,0
4341,L27423,L,297.83,307.19,24.68,34.04,1616,39.48,143,0,0,0,0,0
4342,L29884,L,300.21,310.35,27.06,37.2,1567,41.09,172,0,0,0,0,0
4343,M32116,M,301.3,309.69,28.15,36.54,1239,59.09,181,1,0,1,0,0
4344,M91951,M,301.84,311.02,28.69,37.87,1464,36.43,95,0,0,0,0,0
4345,L86775,L,303.12,313.69,29.97,40.54,1598,28.14,216,0,0,0,0,0
4346,L69562,L,305.89,314.48,32.74,41.33,1397,50.08,226,1,0,0,0,1
4347,M39833,M,300.5,312.28,27.35,39.13,1472,42.19,47,0,0,0,0,0
4348,L32286,L,298.67,309.88,25.52,36.73,1604,26.86,219,0,0,0,0,0
4349,M12676,M,300.91,310.41,27.76,37.26,1548,42.66,171,0,0,0,0,0
4350,M52297,M,299.47,308.68,26.32,35.53,1718,48.05,213,0,0,0,0,0
4351,M12645,M,301.85,312.05,28.7,38.9,1602,30.21,102,0,0,0,0,0
4352,L16678,L,297.41,305.96,24.26,32.81,1368,34.76,159,1,0,1,0,0
4353,L47665,L,304.74,312.73,31.59,39.58,1451,39.72,56,0,0,0,0,0
4354,H46709,H,301.71,311.25,28.56,38.1,1539,42.68,180,0,0,0,0,0
4355,L73403,L,296.63,306.5,23.48,33.35,1769,31.79,140,0,0,0,0,0
4356,M97886,M,298.58,308.68,25.43,35.53,1452,48.53,115,0,0,0,0,0
4357,L19803,L,301.63,311.02,28.48,37.87,1232,48.6,166,0,0,0,0,0
4358,M84850,M,302.35,313.63,29.2,40.48,1612,43.63,133,0,0,0,0,0
4359,L96464,L,297.46,305.96,24.31,32.81,1403,35.08,184,0,0,0,0,0
4360,L25595,L,301.43,310.29,28.28,37.14,1310,33.91,206,0,0,0,0,0
4361,L12825,L,296.11,306.59,22.96,33.44,1538,34.53,192,0,0,0,0,0
4362,M40585,M,299.82,308.66,26.67,35.51,1705,22.83,74,0,0,0,0,0
4363,M22969,M,302.22,311.02,29.07,37.87,1435,43.21,234,0,0,0,0,0
4364,L88899,L,298.9,309.02,25.75,35.87,1622,19.19,156,1,0,0,1,0
4365,L98702,L,296.99,305.93,23.84,32.78,1654,31.01,78,0,0,0,0,0
4366,M38734,M,300.29,310.16,27.14,37.01,1674,31.95,10,0,0,0,0,0
4367,L40350,L,298.79,308.09,25.64,34.94,1407,32.35,237,1,1,0,0,0
4368,L27061,L,301.26,310.4,28.11,37.25,1339,40.35,144,0,0,0,0,0
4369,L75263,L,298.23,306.13,25.08,32.98,1363,42.08,55,1,0,1,0,0
4370,L45143,L,298.45,308.59,25.3,35.44,1673,44.39,118,0,0,0,0,0
4371,L87954,L,295.96,304.71,22.81,31.56,1652,26.36,95,0,0,0,0,0
4372,L49704,L,300.34,310.17,27.19,37.02,1367,44.76,228,0,0,0,0,0
4373,L97248,L,299.68,309.17,26.53,36.02,1908,34.47,118,0,0,0,0,0
4374,L68110,L,297.62,307.42,24.47,34.27,1347,42.38,116,0,0,0,0,0
4375,L16162,L,300.39,310.24,27.24,37.09,1710,29.52,191,0,0,0,0,0
4376,L34668,L,302.05,312.25,28.9,39.1,1801,22.7,94,0,0,0,0,0
4377,L18381,L,299.57,308.84,26.42,35.69,1554,52.05,47,0,0,0,0,0
4378,M28684,M,300.54,311.78,27.39,38.63,1400,41.5,184,0,0,0,0,0
4379,L97506,L,300.55,308.7,27.4,35.55,1404,38.28,218,0,0,0,0,0
4380,L33268,L,297.59,307.36,24.44,34.21,1489,55.45,11,0,0,0,0,0
4381,L28058,L,304.11,314.95,30.96,41.8,1724,35.01,206,0,0,0,0,0
4382,L10776,L,299.06,309.54,25.91,36.39,1325,63.59,105,0,0,0,0,0
4383,L46980,L,301.31,310.34,28.16,37.19,1213,35.9,69,0,0,0,0,0
4384,L85364,L,301.54,310.73,28.39,37.58,1598,33.95,9,0,0,0,0,0
4385,M73585,M,299.72,308.71,26.57,35.56,1637,24.04,49,0,0,0,0,0
4386,L47011,L,301.21,311.81,28.06,38.66,1879,29.51,80,0,0,0,0,0
4387,H25940,H,300.49,309.75,27.34,36.6,1293,43.29,17,0,0,0,0,0
4388,L14276,L,297.16,307.42,24.01,34.27,1511,34.24,45,0,0,0,0,0
4389,L47699,L,299.34,309.6,26.19,36.45,1738,33.39,177,0,0,0,0,0
4390,L42905,L,298.77,311.14,25.62,37.99,1556,33.54,165,0,0,0,0,0
4391,L26875,L,299.08,309.39,25.93,36.24,1501,37.29,185,0,0,0,0,0
4392,L98385,L,297.39,306.58,24.24,33.43,1673,28.2,40,0,0,0,0,0
4393,M88205,M,302.25,310.79,29.1,37.64,1430,51.61,10,0,0,0,0,0
4394,L30734,L,303.2,312.93,30.05,39.78,1684,25.15,112,0,0,0,0,0
4395,H85190,H,301.96,311.84,28.81,38.69,1316,45.25,82,0,0,0,0,0
4396,M21757,M,302.54,310.33,29.39,37.18,1269,35.61,186,1,0,1,0,0
4397,L86425,L,299.31,308.6,26.16,35.45,1487,31.85,129,0,0,0,0,0
4398,L60734,L,298.73,309.02,25.58,35.87,1100,46.26,223,1,1,0,0,0
4399,L18257,L,298.44,307.91,25.29,34.76,1550,35.92,15,0,0,0,0,0
4400,L23254,L,301.29,312.26,28.14,39.11,1232,47.92,87,0,0,0,0,0
4401,L11390,L,300.45,308.9,27.3,35.75,1584,27.31,97,0,0,0,0,0
4402,L56487,L,299.85,310.52,26.7,37.37,1567,33.25,30,0,0,0,0,0
4403,L85208,L,302.59,313.5,29.44,40.35,1523,29.69,140,0,0,0,0,0
4404,L80061,L,300.81,311.77,27.66,38.62,1611,27.27,10,0,0,0,0,0
4405,H78828,H,298.32,306.76,25.17,33.61,1571,45.55,171,0,0,0,0,0
4406,M58263,M,298.64,308.95,25.49,35.8,1484,27.48,9,0,0,0,0,0
4407,H57115,H,301.36,310.7,28.21,37.55,1855,31.48,210,0,0,0,0,0
4408,L88977,L,302.08,310.68,28.93,37.53,1604,49.31,16,0,0,0,0,0
4409,L49750,L,301.1,310.69,27.95,37.54,1670,43.96,110,0,0,0,0,0
4410,L15020,L,303.79,312.89,30.64,39.74,1723,36.66,37,0,0,0,0,0
4411,L52335,L,303.27,314.19,30.12,41.04,1652,34.55,32,0,0,0,0,0
4412,L88675,L,300.88,311.4,27.73,38.25,1896,36.11,173,0,0,0,0,0
4413,M15881,M,298.32,307.17,25.17,34.02,1564,39.59,186,0,0,0,0,0
4414,M86438,M,297.38,306.66,24.23,33.51,1534,48.74,177,0,0,0,0,0
4415,L22760,L,299.23,308.84,26.08,35.69,1421,39.24,97,0,0,0,0,0
4416,L98608,L,301.51,311.43,28.36,38.28,1490,46.46,238,1,0,0,0,1
4417,L54003,L,303.65,314.66,30.5,41.51,1407,38.12,82,0,0,0,0,0
4418,L58861,L,300.83,311.53,27.68,38.38,1654,49.8,59,0,0,0,0,0
4419,L49055,L,302.34,312.39,29.19,39.24,1375,40.36,239,0,0,0,0,0
4420,L68987,L,299.51,309.25,26.36,36.1,1548,24.06,235,0,0,0,0,0
4421,L30425,L,301.25,309.47,28.1,36.32,1633,35.71,142,0,0,0,0,0
4422,H75718,H,301.65,312.94,28.5,39.79,1561,42.81,50,0,0,0,0,0
4423,L79294,L,296.04,305.59,22.89,32.44,1378,54.6,57,0,0,0,0,0
4424,M49025,M,299.17,310.73,26.02,37.58,1657,26.6,125,0,0,0,0,0
4425,L41885,L,301.9,312.1,28.75,38.95,1520,23.74,186,0,0,0,0,0
4426,L54663,L,300.55,312.57,27.4,39.42,1100,56.06,19,0,0,0,0,0
4427,L29469,L,297.61,308.21,24.46,35.06,1363,45.77,165,0,0,0,0,0
4428,L92482,L,295.14,303.71,21.99,30.56,1780,20.9,25,0,0,0,0,0
4429,L52571,L,299.27,308.65,26.12,35.5,1795,29.29,203,0,0,0,0,0
4430,M53055,M,299.86,309.69,26.71,36.54,1627,32.94,128,0,0,0,0,0
4431,M28933,M,298.23,307.36,25.08,34.21,1672,40.85,238,0,0,0,0,0
4432,L26057,L,300.29,309.91,27.14,36.76,1399,37.65,181,0,0,0,0,0
4433,L96184,L,301.01,309.65,27.86,36.5,1489,34.98,119,0,0,0,0,0
4434,H35844,H,301.34,311.35,28.19,38.2,1751,33.64,34,0,0,0,0,0
4435,L29144,L,295.29,305.53,22.14,32.38,1610,24.57,130,0,0,0,0,0
4436,L84936,L,297.37,306.37,24.22,33.22,1546,52.26,27,0,0,0,0,0
4437,L80798,L,299.39,311.33,26.24,38.18,1502,45.61,217,0,0,0,0,0
4438,M10254,M,301.14,311.21,27.99,38.06,1741,27.3,55,0,0,0,0,0
4439,H39419,H,300.98,310.16,27.83,37.01,1731,24.15,208,0,0,0,0,0
4440,L44423,L,300.94,309.31,27.79,36.16,1649,26.43,73,0,0,0,0,0
4441,M65887,M,299.23,309.29,26.08,36.14,1547,41.74,53,0,0,0,0,0
4442,M30361,M,299.34,309.08,26.19,35.93,1473,30.83,73,0,0,0,0,0
4443,L16288,L,298.54,309.33,25.39,36.18,1656,32.6,170,0,0,0,0,0
4444,L26255,L,301.54,311.39,28.39,38.24,1342,29.16,126,0,0,0,0,0
4445,L57095,L,298.16,306.97,25.01,33.82,1378,45.9,26,0,0,0,0,0
4446,H93721,H,301.7,313.37,28.55,40.22,1281,49.36,33,0,0,0,0,0
4447,L17598,L,300.42,310.85,27.27,37.7,1751,31.24,91,0,0,0,0,0
4448,M83326,M,299.91,309.66,26.76,36.51,1409,42.22,81,0,0,0,0,0
4449,L41753,L,298.69,308.85,25.54,35.7,1606,42.05,204,0,0,0,0,0
4450,M77516,M,297.29,307.76,24.14,34.61,1513,39.2,137,0,0,0,0,0
4451,L87858,L,298.7,307.28,25.55,34.13,2042,34.3,45,0,0,0,0,0
4452,L38008,L,299.34,309.5,26.19,36.35,1612,26.19,7,0,0,0,0,0
4453,M87449,M,295.26,304.81,22.11,31.66,1209,50.42,25,0,0,0,0,0
4454,M14449,M,299.61,310.11,26.46,36.96,1741,34.46,168,0,0,0,0,0
4455,M95440,M,301.85,311.11,28.7,37.96,1467,48.67,203,0,0,0,0,0
4456,L67391,L,301.13,310.53,27.98,37.38,1500,38.44,188,0,0,0,0,0
4457,M48723,M,299.01,310.67,25.86,37.52,1417,39.65,190,0,0,0,0,0
4458,L25457,L,300.09,311.32,26.94,38.17,1569,32.05,63,0,0,0,0,0
4459,L75059,L,298.89,305.59,25.74,32.44,1567,48.5,237,1,1,0,0,1
4460,L54544,L,300.3,311.45,27.15,38.3,1422,21.44,21,1,0,0,1,0
4461,L57975,L,303.08,313.01,29.93,39.86,1446,43.71,197,0,0,0,0,0
4462,L13100,L,301.94,311.23,28.79,38.08,1553,36.74,23,0,0,0,0,0
4463,H76588,H,301.04,310.03,27.89,36.88,1125,49.46,64,0,0,0,0,0
4464,L17651,L,299.01,308.07,25.86,34.92,1283,42.03,119,0,0,0,0,0
4465,M61436,M,301.5,310.82,28.35,37.67,1827,30.91,13,0,0,0,0,0
4466,L29879,L,296.63,305.5,23.48,32.35,1592,39.81,95,0,0,0,0,0
4467,L44808,L,299.5,308.14,26.35,34.99,1443,33.34,84,0,0,0,0,0
4468,L45216,L,301.17,310.13,28.02,36.98,1238,47.35,155,0,0,0,0,0
4469,H47863,H,301.48,311.8,28.33,38.65,1525,40.37,172,0,0,0,0,0
4470,M65880,M,301.34,311.39,28.19,38.24,1707,25.93,22,0,0,0,0,0
4471,H98211,H,300.59,311.15,27.44,38.0,1997,32.72,9,0,0,0,0,0
4472,H15805,H,299.61,309.54,26.46,36.39,1866,33.57,186,0,0,0,0,0
4473,L87847,L,301.08,309.77,27.93,36.62,1380,35.13,127,0,0,0,0,0
4474,L47289,L,298.09,308.59,24.94,35.44,1448,30.06,128,0,0,0,0,0
4475,M15328,M,298.31,307.31,25.16,34.16,1277,38.35,235,1,1,0,0,0
4476,L54006,L,300.12,310.77,26.97,37.62,1388,42.37,105,0,0,0,0,0
4477,L54593,L,300.35,309.18,27.2,36.03,1498,37.65,47,0,0,0,0,0
4478,L63133,L,296.35,305.66,23.2,32.51,1471,50.11,163,0,0,0,0,0
4479,L25268,L,300.91,310.55,27.76,37.4,1895,27.31,196,0,0,0,0,0
4480,L16156,L,301.55,312.22,28.4,39.07,1305,36.8,121,0,0,0,0,0
4481,L43116,L,299.85,310.02,26.7,36.87,1527,42.78,166,0,0,0,0,0
4482,L30436,L,304.75,314.77,31.6,41.62,1174,40.97,123,0,0,0,0,0
4483,L54714,L,298.63,310.52,25.48,37.37,1593,29.64,98,0,0,0,0,0
4484,L23957,L,299.28,307.44,26.13,34.29,1300,37.84,8,1,0,1,0,0
4485,L69470,L,299.21,308.17,26.06,35.02,1728,9.18,42,1,0,0,1,0
4486,M44568,M,299.85,308.77,26.7,35.62,1484,43.14,115,0,0,0,0,0
4487,L40509,L,299.34,307.57,26.19,34.42,1290,51.95,95,1,0,1,0,0
4488,L17506,L,297.19,306.47,24.04,33.32,1167,56.43,202,1,0,0,0,1
4489,M65839,M,298.91,309.59,25.76,36.44,1364,57.1,26,0,0,0,0,0
4490,L51472,L,299.8,309.21,26.65,36.06,1577,48.39,12,0,0,0,0,0
4491,L69023,L,302.46,312.12,29.31,38.97,1609,32.94,21,0,0,0,0,0
4492,M65653,M,304.4,312.68,31.25,39.53,1448,48.45,163,0,0,0,0,0
4493,L43900,L,302.67,311.87,29.52,38.72,1697,32.98,143,0,0,0,0,0
4494,M38666,M,298.45,307.99,25.3,34.84,1336,39.47,152,0,0,0,0,0
4495,M91523,M,298.61,309.25,25.46,36.1,1100,46.04,38,0,0,0,0,0
4496,M63663,M,299.68,308.01,26.53,34.86,1584,34.02,124,0,0,0,0,0
4497,L88179,L,303.57,313.11,30.42,39.96,1761,35.17,184,0,0,0,0,0
4498,L74376,L,299.67,310.76,26.52,37.61,1762,45.16,164,0,0,0,0,0
4499,L29022,L,297.34,306.9,24.19,33.75,1308,49.65,105,0,0,0,0,0
4500,L49159,L,299.0,306.88,25.85,33.73,1440,33.63,25,0,0,0,0,0
4501,L34580,L,301.51,312.79,28.36,39.64,1662,26.13,209,0,0,0,0,0
4502,L25172,L,301.38,312.11,28.23,38.96,1425,44.75,126,0,0,0,0,0
4503,L73514,L,299.6,310.47,26.45,37.32,1553,44.1,214,0,0,0,0,0
4504,L46452,L,301.37,309.62,28.22,36.47,1410,50.47,105,0,0,0,0,0
4505,L40982,L,295.45,306.97,22.3,33.82,1344,40.47,57,0,0,0,0,0
4506,L97681,L,300.21,309.43,27.06,36.28,1378,45.33,74,0,0,0,0,0
4507,M21305,M,301.72,311.21,28.57,38.06,1702,40.51,100,0,0,0,0,0
4508,L12068,L,298.33,307.63,25.18,34.48,1537,26.46,147,0,0,0,0,0
4509,L73088,L,298.33,309.27,25.18,36.12,1758,34.82,185,0,0,0,0,0
4510,H35558,H,296.27,306.09,23.12,32.94,1626,42.47,58,0,0,0,0,0
4511,L41360,L,303.18,313.66,30.03,40.51,1816,35.63,45,0,0,0,0,0
4512,L32322,L,298.56,308.64,25.41,35.49,1678,33.5,49,0,0,0,0,0
4513,L93106,L,300.48,310.39,27.33,37.24,1668,55.23,224,1,0,0,1,1
4514,M70846,M,301.21,310.26,28.06,37.11,1514,53.29,39,0,0,0,0,0
4515,L92577,L,303.02,314.84,29.87,41.69,2062,27.87,83,0,0,0,0,0
4516,L67929,L,299.69,308.23,26.54,35.08,1555,35.33,117,0,0,0,0,0
4517,L69803,L,298.92,309.33,25.77,36.18,1190,53.76,133,0,0,0,0,0
4518,M53577,M,300.35,310.72,27.2,37.57,1582,35.76,206,0,0,0,0,0
4519,L72283,L,302.57,313.72,29.42,40.57,1363,52.21,27,0,0,0,0,0
4520,L88035,L,299.66,311.05,26.51,37.9,1713,23.31,26,0,0,0,0,0
4521,M56972,M,298.09,307.95,24.94,34.8,1662,32.55,76,0,0,0,0,0
4522,L61510,L,296.92,307.45,23.77,34.3,1501,43.64,99,0,0,0,0,0
4523,M87718,M,297.56,309.32,24.41,36.17,1380,49.56,90,0,0,0,0,0
4524,L60425,L,301.73,311.66,28.58,38.51,1561,24.87,94,0,0,0,0,0
4525,M55103,M,299.36,308.29,26.21,35.14,1423,32.64,204,0,0,0,0,0
4526,L85701,L,298.78,308.4,25.63,35.25,1673,20.84,201,0,0,0,0,0
4527,M64772,M,298.57,307.26,25.42,34.11,1632,28.12,193,0,0,0,0,0
4528,H62361,H,300.17,310.54,27.02,37.39,2049,17.75,181,0,0,0,0,0
4529,L24154,L,299.52,310.59,26.37,37.44,1457,43.63,10,0,0,0,0,0
4530,L73683,L,299.45,309.33,26.3,36.18,1482,40.5,36,0,0,0,0,0
4531,L70996,L,302.7,311.08,29.55,37.93,1508,36.77,176,0,0,0,0,0
4532,L53145,L,303.08,314.1,29.93,40.95,1516,38.01,143,0,0,0,0,0
4533,L56994,L,296.78,305.0,23.63,31.85,1715,42.97,162,1,0,0,0,0
4534,L66561,L,300.66,309.11,27.51,35.96,1487,30.2,172,0,0,0,0,0
4535,L99163,L,298.45,308.27,25.3,35.12,1880,15.03,219,1,0,0,1,0
4536,L88522,L,299.5,309.76,26.35,36.61,1637,40.69,152,0,0,0,0,0
4537,L69415,L,300.62,311.04,27.47,37.89,1450,36.39,66,0,0,0,0,0
4538,M85599,M,299.57,309.51,26.42,36.36,1405,32.62,20,0,0,0,0,0
4539,L60248,L,300.46,312.22,27.31,39.07,1717,37.8,104,0,0,0,0,0
4540,L85084,L,301.35,311.41,28.2,38.26,1540,21.46,170,1,0,0,1,0
4541,L42892,L,300.59,311.62,27.44,38.47,1537,30.43,68,0,0,0,0,0
4542,L23780,L,298.71,309.49,25.56,36.34,1430,20.95,29,1,0,0,1,0
4543,L94280,L,298.74,307.45,25.59,34.3,1524,39.66,240,0,0,0,0,0
4544,L47680,L,297.12,306.95,23.97,33.8,1423,52.85,101,0,0,0,0,0
4545,L83339,L,298.29,310.42,25.14,37.27,1773,27.72,52,0,0,0,0,0
4546,M50581,M,303.92,313.42,30.77,40.27,1660,28.17,39,0,0,0,0,0
4547,L53574,L,298.42,307.74,25.27,34.59,1504,52.36,207,0,0,0,0,0
4548,M38673,M,297.61,307.78,24.46,34.63,1502,43.17,197,1,0,0,0,0
4549,M79381,M,300.64,310.17,27.49,37.02,1551,55.98,147,1,0,0,1,0
4550,M52192,M,299.78,308.99,26.63,35.84,1534,38.64,131,0,0,0,0,0
4551,H17410,H,299.61,309.13,26.46,35.98,1368,43.71,228,1,1,0,0,0
4552,L27437,L,302.82,314.25,29.67,41.1,1202,59.21,55,0,0,0,0,0
4553,L90753,L,301.1,310.96,27.95,37.81,1395,39.87,100,0,0,0,0,0
4554,M15430,M,298.94,307.61,25.79,34.46,1513,39.86,6,0,0,0,0,0
4555,L86194,L,299.15,307.64,26.0,34.49,1406,21.38,100,1,0,0,1,0
4556,L46722,L,298.99,311.2,25.84,38.05,1678,48.04,92,0,0,0,0,0
4557,M60264,M,301.75,311.53,28.6,38.38,1495,41.45,228,0,0,0,0,0
4558,M26236,M,299.38,309.82,26.23,36.67,1863,29.9,86,0,0,0,0,0
4559,H92567,H,296.41,305.64,23.26,32.49,1437,47.14,200,0,0,0,0,0
4560,H63235,H,299.9,310.22,26.75,37.07,1560,27.29,184,0,0,0,0,0
4561,M25486,M,296.93,308.39,23.78,35.24,1484,34.19,35,0,0,0,0,0
4562,L74791,L,304.37,313.72,31.22,40.57,1612,39.97,231,0,0,0,0,0
4563,M88991,M,298.07,308.53,24.92,35.38,1722,33.63,151,0,0,0,0,0
4564,L82365,L,299.68,308.27,26.53,35.12,1641,38.48,143,0,0,0,0,0
4565,L84659,L,300.52,312.54,27.37,39.39,1180,50.57,3,0,0,0,0,0
4566,M18329,M,299.42,309.69,26.27,36.54,1622,40.36,168,0,0,0,0,0
4567,L25809,L,299.42,309.01,26.27,35.86,1358,31.62,13,0,0,0,0,0
4568,L10858,L,300.84,310.55,27.69,37.4,1481,48.92,44,0,0,0,0,0
4569,L72410,L,303.05,312.54,29.9,39.39,1656,30.74,24,0,0,0,0,0
4570,M34188,M,301.54,311.08,28.39,37.93,1339,43.25,91,0,0,0,0,0
4571,L50648,L,302.96,310.51,29.81,37.36,1737,28.17,191,0,0,0,0,0
4572,M15897,M,297.91,307.81,24.76,34.66,1473,36.59,170,0,0,0,0,0
4573,L35290,L,300.63,310.49,27.48,37.34,1915,31.75,26,0,0,0,0,0
4574,M17105,M,300.31,310.8,27.16,37.65,1547,42.92,192,0,0,0,0,0
4575,M60378,M,300.7,310.18,27.55,37.03,1833,38.46,111,0,0,0,0,0
4576,L79221,L,302.75,311.98,29.6,38.83,1745,36.3,8,0,0,0,0,0
4577,L95444,L,299.56,309.55,26.41,36.4,1428,35.36,54,0,0,0,0,0
4578,L31805,L,299.19,307.58,26.04,34.43,1307,46.79,188,1,0,1,0,0
4579,H88052,H,301.07,311.21,27.92,38.06,1555,38.77,176,0,0,0,0,0
4580,M15249,M,296.44,304.58,23.29,31.43,1433,40.45,45,0,0,0,0,0
4581,H86134,H,299.53,310.65,26.38,37.5,1811,35.9,9,0,0,0,0,0
4582,L59031,L,299.73,310.42,26.58,37.27,1492,28.2,71,0,0,0,0,0
4583,M97387,M,298.16,307.23,25.01,34.08,1482,22.43,191,1,0,0,1,0
4584,M22020,M,302.11,312.78,28.96,39.63,1291,53.91,225,1,0,0,0,1
4585,M72491,M,297.88,307.99,24.73,34.84,1608,34.57,137,0,0,0,0,0
4586,H36612,H,299.73,308.72,26.58,35.57,1330,46.42,22,0,0,0,0,0
4587,L33036,L,300.59,308.56,27.44,35.41,1612,28.59,121,0,0,0,0,0
4588,L15687,L,302.71,313.02,29.56,39.87,1637,45.11,240,0,0,0,0,0
4589,M29504,M,299.98,309.18,26.83,36.03,1404,43.62,225,1,1,0,0,0
4590,M11532,M,301.87,312.97,28.72,39.82,1702,32.22,238,0,0,0,0,0
4591,L85588,L,301.4,311.42,28.25,38.27,1487,40.82,168,0,0,0,0,0
4592,L61549,L,300.25,309.55,27.1,36.4,1278,30.92,102,0,0,0,0,0
4593,L70506,L,297.82,309.62,24.67,36.47,1805,34.72,214,0,0,0,0,0
4594,L66986,L,297.13,307.71,23.98,34.56,1373,53.61,215,1,0,0,0,1
4595,L71338,L,300.21,306.56,27.06,33.41,1624,37.81,35,0,0,0,0,0
4596,M13851,M,298.91,308.43,25.76,35.28,1610,37.09,186,0,0,0,0,0
4597,M21262,M,301.84,310.45,28.69,37.3,1603,33.2,221,0,0,0,0,0
4598,L14787,L,301.49,310.69,28.34,37.54,1600,44.47,216,0,0,0,0,0
4599,L13830,L,299.63,309.49,26.48,36.34,1365,51.82,170,0,0,0,0,0
4600,L93249,L,297.68,308.04,24.53,34.89,1831,27.84,129,0,0,0,0,0
4601,L34483,L,301.02,311.28,27.87,38.13,1702,36.53,186,0,0,0,0,0
4602,M53385,M,297.96,309.04,24.81,35.89,1618,37.27,124,0,0,0,0,0
4603,H84676,H,298.48,309.12,25.33,35.97,1302,47.23,77,0,0,0,0,0
4604,L49696,L,298.04,308.62,24.89,35.47,1364,35.83,62,0,0,0,0,0
4605,M24707,M,299.72,309.92,26.57,36.77,1650,43.87,130,0,0,0,0,0
4606,M82245,M,302.34,313.63,29.19,40.48,1184,52.9,109,0,0,0,0,0
4607,M88139,M,299.99,309.67,26.84,36.52,1594,45.56,126,0,0,0,0,0
4608,L91974,L,299.11,308.82,25.96,35.67,1302,35.08,63,0,0,0,0,0
4609,H26747,H,296.95,305.04,23.8,31.89,1383,32.97,142,0,0,0,0,0
4610,L21244,L,301.1,312.16,27.95,39.01,1288,60.96,159,0,0,0,0,0
4611,L62157,L,298.44,308.36,25.29,35.21,1578,45.48,194,0,0,0,0,0
4612,L27338,L,300.24,313.17,27.09,40.02,1730,26.59,142,0,0,0,0,0
4613,L27285,L,299.29,308.89,26.14,35.74,1596,42.85,181,0,0,0,0,0
4614,L93308,L,301.68,311.76,28.53,38.61,1615,31.75,41,0,0,0,0,0
4615,L18571,L,299.69,310.23,26.54,37.08,1564,23.04,29,0,0,0,0,0
4616,L59242,L,299.88,308.78,26.73,35.63,1654,17.83,43,1,0,0,1,0
4617,M63315,M,300.97,311.33,27.82,38.18,1617,35.26,203,0,0,0,0,0
4618,M83295,M,304.21,314.25,31.06,41.1,1100,64.57,133,0,0,0,0,0
4619,L75302,L,301.78,311.47,28.63,38.32,1694,46.0,109,0,0,0,0,0
4620,M56444,M,299.82,311.0,26.67,37.85,1675,44.28,183,0,0,0,0,0
4621,M46092,M,300.01,309.1,26.86,35.95,1472,45.57,30,0,0,0,0,0
4622,M96716,M,298.95,309.23,25.8,36.08,1190,50.71,1,0,0,0,0,0
4623,L52321,L,298.1,309.55,24.95,36.4,1577,45.54,75,0,0,0,0,0
4624,M56841,M,298.89,308.19,25.74,35.04,1592,19.9,60,1,0,0,1,0
4625,H12874,H,298.46,308.16,25.31,35.01,1458,47.22,74,0,0,0,0,0
4626,M72297,M,301.31,313.65,28.16,40.5,1568,27.58,234,0,0,0,0,0
4627,L88351,L,297.86,308.33,24.71,35.18,1723,25.96,136,0,0,0,0,0
4628,L78771,L,302.67,312.16,29.52,39.01,1955,34.88,141,0,0,0,0,0
4629,M55074,M,301.5,312.31,28.35,39.16,1561,44.14,157,0,0,0,0,0
4630,L49650,L,300.04,309.47,26.89,36.32,1593,31.08,95,0,0,0,0,0
4631,L19204,L,300.0,308.44,26.85,35.29,1391,46.36,235,1,1,0,0,0
4632,L27444,L,298.89,310.26,25.74,37.11,1447,44.09,234,1,1,0,0,0
4633,M41928,M,300.54,309.44,27.39,36.29,1511,35.43,185,0,0,0,0,0
4634,M23588,M,302.18,314.63,29.03,41.48,1741,34.14,51,0,0,0,0,0
4635,L65252,L,298.59,308.1,25.44,34.95,1678,50.79,211,0,0,0,0,0
4636,H75420,H,296.93,309.07,23.78,35.92,1873,28.34,24,0,0,0,0,0
4637,L48656,L,301.41,310.04,28.26,36.89,1274,42.99,151,0,0,0,0,0
4638,M63026,M,300.65,311.67,27.5,38.52,1303,45.16,110,0,0,0,0,0
4639,M15359,M,297.76,308.26,24.61,35.11,1728,31.7,9,0,0,0,0,0
4640,M64368,M,298.53,309.37,25.38,36.22,1789,38.36,217,0,0,0,0,0
4641,H81089,H,298.28,309.25,25.13,36.1,1541,48.94,231,1,1,0,0,0
4642,L86980,L,298.55,308.05,25.4,34.9,1100,50.11,218,1,1,0,0,0
4643,M74648,M,299.35,308.04,26.2,34.89,1405,33.93,46,0,0,0,0,0
4644,L78190,L,299.47,309.42,26.32,36.27,1594,51.75,80,0,0,0,0,0
4645,M22406,M,298.7,308.92,25.55,35.77,1378,42.55,229,0,0,0,0,0
4646,M99144,M,298.48,308.01,25.33,34.86,1567,22.92,26,0,0,0,0,0
4647,M71242,M,299.54,309.82,26.39,36.67,1867,45.58,140,0,0,0,0,0
4648,L73834,L,300.34,310.67,27.19,37.52,1785,41.12,117,0,0,0,0,0
4649,M39782,M,299.37,308.46,26.22,35.31,1677,46.99,36,0,0,0,0,0
4650,L89965,L,302.32,312.71,29.17,39.56,1524,49.08,213,0,0,0,0,0
4651,L59045,L,301.02,310.75,27.87,37.6,1448,60.72,32,1,0,0,1,0
4652,M15524,M,296.82,306.12,23.67,32.97,1668,26.06,142,0,0,0,0,0
4653,L13470,L,301.05,311.83,27.9,38.68,1539,30.85,76,0,0,0,0,0
4654,M32265,M,301.21,310.43,28.06,37.28,1545,33.14,100,0,0,0,0,0
4655,L77177,L,299.13,308.67,25.98,35.52,1264,41.18,51,0,0,0,0,0
4656,L99265,L,297.01,307.08,23.86,33.93,1410,41.62,150,0,0,0,0,0
4657,M80184,M,300.02,311.39,26.87,38.24,1667,30.46,237,0,0,0,0,0
4658,L75813,L,299.98,310.18,26.83,37.03,1342,33.17,200,0,0,0,0,0
4659,L53382,L,297.76,308.28,24.61,35.13,1581,29.23,164,0,0,0,0,0
4660,M90219,M,297.1,306.8,23.95,33.65,1607,33.3,182,0,0,0,0,0
4661,L32776,L,299.82,309.75,26.67,36.6,1617,44.58,201,0,0,0,0,0
4662,M10602,M,299.53,309.48,26.38,36.33,1633,30.48,113,0,0,0,0,0
4663,L16604,L,299.17,309.46,26.02,36.31,1645,41.31,136,0,0,0,0,0
4664,M17925,M,299.83,309.54,26.68,36.39,1426,29.61,215,0,0,0,0,0
4665,M10957,M,297.79,309.13,24.64,35.98,1278,19.24,167,1,0,0,1,0
4666,M20386,M,299.13,308.76,25.98,35.61,1382,40.39,33,0,0,0,0,0
4667,L74744,L,301.07,309.36,27.92,36.21,1663,29.58,187,0,0,0,0,0
4668,M69946,M,299.3,312.04,26.15,38.89,1325,36.19,5,0,0,0,0,0
4669,M16464,M,296.66,306.33,23.51,33.18,1353,34.36,203,0,0,0,0,0
4670,M45463,M,299.05,310.37,25.9,37.22,1352,36.72,189,0,0,0,0,0
4671,L65272,L,297.86,309.26,24.71,36.11,1212,39.38,199,0,0,0,0,0
4672,M44843,M,300.53,311.48,27.38,38.33,1334,35.77,6,0,0,0,0,0
4673,M37179,M,300.64,310.44,27.49,37.29,1710,22.63,233,1,1,0,0,0
4674,L21882,L,296.68,306.97,23.53,33.82,1410,23.61,147,1,0,0,1,0
4675,L83726,L,301.52,310.24,28.37,37.09,1229,28.95,192,0,0,0,0,0
4676,M14503,M,297.78,309.77,24.63,36.62,1445,59.33,136,0,0,0,0,0
4677,L25552,L,303.12,312.27,29.97,39.12,1624,34.77,82,0,0,0,0,0
4678,H56443,H,299.9,309.65,26.75,36.5,1215,59.37,71,0,0,0,0,0
4679,M41212,M,297.51,307.61,24.36,34.46,1702,32.25,17,0,0,0,0,0
4680,M94607,M,297.72,307.61,24.57,34.46,1283,43.51,130,0,0,0,0,0
4681,L85777,L,300.7,310.04,27.55,36.89,1466,41.54,34,0,0,0,0,0
4682,L88286,L,299.22,310.61,26.07,37.46,1464,44.27,136,0,0,0,0,0
4683,H60300,H,299.81,310.76,26.66,37.61,1437,29.91,150,0,0,0,0,0
4684,L70604,L,303.23,313.55,30.08,40.4,1524,34.57,106,0,0,0,0,0
4685,M83513,M,298.6,308.2,25.45,35.05,1671,36.72,38,0,0,0,0,0
4686,L38675,L,300.12,311.18,26.97,38.03,1528,22.03,104,0,0,0,0,0
4687,L72783,L,302.84,312.38,29.69,39.23,1429,50.47,211,0,0,0,0,0
4688,L24502,L,300.54,312.11,27.39,38.96,1615,43.98,110,0,0,0,0,0
4689,L14814,L,296.79,306.9,23.64,33.75,1571,19.65,82,1,0,0,1,0
4690,H52361,H,301.01,312.24,27.86,39.09,1418,33.38,151,0,0,0,0,0
4691,L93307,L,297.67,307.56,24.52,34.41,1542,37.99,149,0,0,0,0,0
4692,L80049,L,302.81,312.89,29.66,39.74,1403,47.56,22,0,0,0,0,0
4693,L56746,L,298.35,309.58,25.2,36.43,1383,53.62,57,0,0,0,0,0
4694,L98561,L,305.94,318.13,32.79,44.98,1676,29.09,119,0,0,0,0,0
4695,L52098,L,302.93,314.5,29.78,41.35,1613,54.22,88,1,0,0,1,0
4696,M11630,M,298.41,309.28,25.26,36.13,1670,33.92,77,0,0,0,0,0
4697,L62233,L,300.04,310.63,26.89,37.48,1646,33.01,107,0,0,0,0,0
4698,L81884,L,301.51,311.0,28.36,37.85,1380,46.02,70,0,0,0,0,0
4699,L10210,L,301.57,311.86,28.42,38.71,1710,35.99,83,0,0,0,0,0
4700,H88699,H,300.88,309.97,27.73,36.82,1483,40.68,186,0,0,0,0,0
4701,L57908,L,302.5,312.88,29.35,39.73,1698,49.72,122,0,0,0,0,0
4702,L75026,L,299.75,310.19,26.6,37.04,1513,39.85,209,0,0,0,0,0
4703,M30848,M,299.27,307.31,26.12,34.16,1590,28.17,228,0,0,0,0,0
4704,L22424,L,299.31,309.35,26.16,36.2,1595,29.2,221,1,1,0,0,0
4705,L23684,L,301.72,312.13,28.57,38.98,1677,45.94,61,0,0,0,0,0
4706,L50002,L,300.73,310.65,27.58,37.5,1249,51.35,113,0,0,0,0,0
4707,M17171,M,300.58,310.94,27.43,37.79,1259,33.05,128,0,0,0,0,0
4708,L41772,L,301.59,310.25,28.44,37.1,1653,21.83,205,0,0,0,0,0
4709,M77605,M,295.9,305.12,22.75,31.97,1597,36.07,134,0,0,0,0,0
4710,M95841,M,300.62,311.66,27.47,38.51,1399,45.88,61,0,0,0,0,0
4711,L51131,L,300.44,310.44,27.29,37.29,1599,30.41,131,0,0,0,0,0
4712,L53643,L,303.34,313.68,30.19,40.53,1289,31.02,11,0,0,0,0,0
4713,L96411,L,296.94,306.4,23.79,33.25,2106,18.2,200,0,0,0,0,0
4714,M72997,M,303.11,313.13,29.96,39.98,1765,45.64,136,0,0,0,0,0
4715,L64776,L,300.15,307.85,27.0,34.7,1644,38.83,156,0,0,0,0,0
4716,L13432,L,300.98,311.82,27.83,38.67,1548,45.01,48,0,0,0,0,0
4717,L60815,L,303.35,315.16,30.2,42.01,1427,49.48,134,0,0,0,0,0
4718,H96873,H,301.12,310.06,27.97,36.91,1306,38.87,127,0,0,0,0,0
4719,L20399,L,300.8,309.86,27.65,36.71,1515,34.83,149,0,0,0,0,0
4720,H50456,H,300.48,310.93,27.33,37.78,1385,40.04,203,0,0,0,0,0
4721,L89039,L,299.03,310.51,25.88,37.36,1395,44.41,183,0,0,0,0,0
4722,L37578,L,299.94,309.94,26.79,36.79,1287,53.23,131,0,0,0,0,0
4723,L38361,L,298.57,307.34,25.42,34.19,1579,51.25,214,0,0,0,0,0
4724,L41679,L,299.91,309.7,26.76,36.55,1469,45.52,86,0,0,0,0,0
4725,L27762,L,295.33,304.3,22.18,31.15,1629,41.75,118,0,0,0,0,0
4726,L87999,L,300.86,310.19,27.71,37.04,1615,50.89,156,0,0,0,0,0
4727,H51780,H,299.76,309.45,26.61,36.3,1575,34.73,106,0,0,0,0,0
4728,M58287,M,299.33,308.4,26.18,35.25,2000,38.15,87,0,0,0,0,0
4729,M36037,M,300.44,309.66,27.29,36.51,1679,38.75,27,0,0,0,0,0
4730,L19896,L,297.13,307.21,23.98,34.06,1314,48.51,153,0,0,0,0,0
4731,L88658,L,303.86,314.07,30.71,40.92,1615,33.75,46,0,0,0,0,0
4732,L54982,L,299.79,308.37,26.64,35.22,1526,26.4,33,0,0,0,0,0
4733,M67949,M,299.71,310.1,26.56,36.95,1300,46.82,44,0,0,0,0,0
4734,H62968,H,298.07,307.69,24.92,34.54,1286,47.34,165,0,0,0,0,0
4735,L66482,L,300.05,310.77,26.9,37.62,1614,30.89,33,0,0,0,0,0
4736,L66121,L,302.77,313.55,29.62,40.4,1657,33.8,234,0,0,0,0,0
4737,L23764,L,302.07,311.53,28.92,38.38,1352,35.33,182,0,0,0,0,0
4738,L65424,L,301.71,312.32,28.56,39.17,1705,26.62,94,0,0,0,0,0
4739,L45336,L,301.09,310.26,27.94,37.11,1585,32.3,142,0,0,0,0,0
4740,M16521,M,299.28,310.61,26.13,37.46,1744,22.22,2,0,0,0,0,0
4741,M97363,M,297.1,306.3,23.95,33.15,1726,28.53,203,0,0,0,0,0
4742,L92349,L,299.6,309.95,26.45,36.8,1507,43.72,65,0,0,0,0,0
4743,L95591,L,299.53,309.34,26.38,36.19,1821,43.11,17,0,0,0,0,0
4744,H66740,H,302.1,311.08,28.95,37.93,1338,59.42,182,0,0,0,0,0
4745,L92283,L,300.62,311.52,27.47,38.37,1953,26.13,79,0,0,0,0,0
4746,L59100,L,303.22,312.61,30.07,39.46,1381,51.08,136,0,0,0,0,0
4747,L60834,L,302.39,310.69,29.24,37.54,1527,40.22,203,0,0,0,0,0
4748,L44214,L,299.09,306.2,25.94,33.05,1436,38.01,186,0,0,0,0,0
4749,L84999,L,296.41,305.53,23.26,32.38,1469,42.22,81,1,0,0,0,0
4750,M91248,M,302.77,314.15,29.62,41.0,2047,36.81,208,0,0,0,0,0
4751,L74476,L,302.72,313.98,29.57,40.83,1454,35.42,93,0,0,0,0,0
4752,L47319,L,297.27,306.55,24.12,33.4,1684,29.85,120,0,0,0,0,0
4753,M28068,M,303.02,312.64,29.87,39.49,1494,35.08,147,0,0,0,0,0
4754,L92997,L,300.76,310.3,27.61,37.15,1699,28.71,17,0,0,0,0,0
4755,M19853,M,300.32,308.99,27.17,35.84,1440,49.39,143,0,0,0,0,0
4756,M51472,M,303.23,312.28,30.08,39.13,1580,30.16,139,0,0,0,0,0
4757,L77615,L,302.69,313.67,29.54,40.52,1645,30.13,210,0,0,0,0,0
4758,M60599,M,301.3,311.81,28.15,38.66,1409,43.16,85,0,0,0,0,0
4759,L62378,L,300.95,311.22,27.8,38.07,2018,30.24,58,0,0,0,0,0
4760,H89227,H,301.23,309.9,28.08,36.75,1654,31.36,114,0,0,0,0,0
4761,L29132,L,299.2,309.3,26.05,36.15,1495,51.78,165,0,0,0,0,0
4762,H70148,H,299.89,307.59,26.74,34.44,1413,35.5,135,0,0,0,0,0
4763,M92365,M,298.2,309.04,25.05,35.89,1551,35.57,33,0,0,0,0,0
4764,L17933,L,299.33,309.59,26.18,36.44,1322,27.92,83,0,0,0,0,0
4765,L40848,L,299.27,307.92,26.12,34.77,1847,28.58,15,0,0,0,0,0
4766,H49145,H,298.73,310.35,25.58,37.2,1610,24.99,177,0,0,0,0,0
4767,M94902,M,300.27,308.48,27.12,35.33,1520,30.37,212,0,0,0,0,0
4768,L17706,L,299.35,309.88,26.2,36.73,1718,17.7,11,1,0,0,1,0
4769,M84290,M,301.0,311.56,27.85,38.41,1409,33.53,126,0,0,0,0,0
4770,L49018,L,296.76,305.52,23.61,32.37,1333,42.39,136,0,0,0,0,0
4771,L70371,L,299.77,309.74,26.62,36.59,1512,35.93,105,0,0,0,0,0
4772,L63161,L,300.26,308.63,27.11,35.48,1557,33.47,121,0,0,0,0,0
4773,L29134,L,299.38,306.53,26.23,33.38,1628,32.6,170,0,0,0,0,0
4774,M64359,M,299.66,308.59,26.51,35.44,1277,40.84,116,0,0,0,0,0
4775,L78998,L,296.83,306.21,23.68,33.06,1455,39.1,221,1,1,0,0,0
4776,M68037,M,300.71,311.36,27.56,38.21,1100,51.21,130,0,0,0,0,0
4777,L83466,L,301.3,311.36,28.15,38.21,1328,45.34,17,0,0,0,0,0
4778,L65264,L,300.99,311.08,27.84,37.93,1660,32.9,229,0,0,0,0,0
4779,L88138,L,302.08,311.06,28.93,37.91,1703,30.17,35,0,0,0,0,0
4780,L41683,L,300.4,309.87,27.25,36.72,1335,49.14,188,0,0,0,0,0
4781,L68823,L,300.96,310.03,27.81,36.88,1478,43.58,126,0,0,0,0,0
4782,L24401,L,300.31,309.09,27.16,35.94,1539,36.96,178,0,0,0,0,0
4783,L77945,L,301.38,310.78,28.23,37.63,1724,42.8,123,0,0,0,0,0
4784,L93356,L,296.85,306.92,23.7,33.77,1803,32.45,14,0,0,0,0,0
4785,L55626,L,298.21,307.64,25.06,34.49,1562,35.4,90,0,0,0,0,0
4786,L34737,L,303.17,312.85,30.02,39.7,1489,37.92,149,0,0,0,0,0
4787,M68804,M,295.08,305.77,21.93,32.62,1282,46.0,151,0,0,0,0,0
4788,H24416,H,299.72,309.22,26.57,36.07,1554,29.53,234,1,0,0,0,0
4789,L77751,L,302.34,311.01,29.19,37.86,1898,15.2,146,1,0,0,1,0
4790,L62409,L,299.81,310.38,26.66,37.23,1761,34.79,69,0,0,0,0,0
4791,L83299,L,299.19,309.46,26.04,36.31,1566,43.27,10,0,0,0,0,0
4792,H33196,H,300.26,310.59,27.11,37.44,1588,28.07,189,0,0,0,0,0
4793,L87637,L,299.29,309.92,26.14,36.77,1415,49.09,213,0,0,0,0,0
4794,L48143,L,300.06,310.52,26.91,37.37,1473,25.74,147,0,0,0,0,0
4795,L74383,L,298.63,308.66,25.48,35.51,1561,32.24,116,0,0,0,0,0
4796,L63210,L,302.22,314.61,29.07,41.46,1561,50.34,207,0,0,0,0,0
4797,L69589,L,302.85,311.56,29.7,38.41,1712,36.32,58,0,0,0,0,0
4798,M64533,M,299.73,309.15,26.58,36.0,1703,31.22,96,0,0,0,0,0
4799,L68221,L,297.23,308.19,24.08,35.04,1626,37.25,122,0,0,0,0,0
4800,M43286,M,298.95,309.09,25.8,35.94,1360,51.7,12,0,0,0,0,0
4801,L93045,L,299.63,310.39,26.48,37.24,1367,30.36,165,0,0,0,0,0
4802,L48819,L,301.01,311.18,27.86,38.03,1380,52.07,45,0,0,0,0,0
4803,H54101,H,297.98,309.36,24.83,36.21,1576,32.43,80,1,0,0,0,0
4804,L39537,L,298.46,307.45,25.31,34.3,1180,54.21,99,0,0,0,0,0
4805,M26861,M,301.02,312.36,27.87,39.21,1534,32.44,153,0,0,0,0,0
4806,L39392,L,301.88,313.05,28.73,39.9,1782,45.63,16,0,0,0,0,0
4807,L99385,L,298.76,307.55,25.61,34.4,1652,34.44,82,0,0,0,0,0
4808,H31791,H,297.33,307.96,24.18,34.81,1474,28.25,66,0,0,0,0,0
4809,L30101,L,306.57,316.53,33.42,43.38,1413,44.32,0,0,0,0,0,0
4810,M23767,M,301.57,310.96,28.42,37.81,1676,44.6,166,0,0,0,0,0
4811,L28027,L,299.47,307.58,26.32,34.43,1589,45.57,57,0,0,0,0,0
4812,M48816,M,301.74,310.73,28.59,37.58,1492,39.15,40,0,0,0,0,0
4813,L81040,L,299.75,310.46,26.6,37.31,1432,46.51,192,0,0,0,0,0
4814,L53354,L,301.73,312.55,28.58,39.4,1548,33.63,9,0,0,0,0,0
4815,M15063,M,300.32,310.11,27.17,36.96,1482,43.39,216,1,1,0,0,0
4816,H33884,H,300.18,311.0,27.03,37.85,1672,37.16,165,0,0,0,0,0
4817,H78772,H,299.77,310.72,26.62,37.57,1752,9.54,41,1,0,0,1,0
4818,M29570,M,297.11,307.26,23.96,34.11,1296,36.21,84,0,0,0,0,0
4819,M51705,M,303.88,313.15,30.73,40.0,1320,45.05,228,0,0,0,0,0
4820,L84076,L,298.12,308.56,24.97,35.41,1771,33.67,149,0,0,0,0,0
4821,L45240,L,297.28,307.77,24.13,34.62,1564,36.4,146,0,0,0,0,0
4822,L11881,L,299.57,310.25,26.42,37.1,1337,43.57,157,0,0,0,0,0
4823,L67513,L,298.08,308.94,24.93,35.79,1707,43.23,111,0,0,0,0,0
4824,L85835,L,299.9,308.53,26.75,35.38,1595,38.76,40,0,0,0,0,0
4825,L82279,L,301.38,310.87,28.23,37.72,1921,11.17,36,1,0,0,1,0
4826,L74650,L,301.99,310.09,28.84,36.94,1494,53.94,165,0,0,0,0,0
4827,M22600,M,301.63,312.38,28.48,39.23,1729,17.89,212,1,0,0,1,0
4828,L39892,L,299.39,309.18,26.24,36.03,1281,52.38,72,0,0,0,0,0
4829,L35024,L,300.1,310.53,26.95,37.38,1779,19.69,121,0,0,0,0,0
4830,L92145,L,300.82,309.34,27.67,36.19,1700,45.09,238,1,1,0,0,0
4831,M83334,M,296.48,307.89,23.33,34.74,1816,29.33,62,0,0,0,0,0
4832,M99887,M,301.14,309.95,27.99,36.8,1729,36.21,94,0,0,0,0,0
4833,M68636,M,297.09,307.86,23.94,34.71,1518,21.86,87,1,0,0,1,0
4834,L57888,L,304.08,314.2,30.93,41.05,1330,48.91,8,0,0,0,0,0
4835,L62801,L,299.19,309.0,26.04,35.85,1430,43.41,122,0,0,0,0,0
4836,L85589,L,299.63,309.36,26.48,36.21,1227,51.64,50,0,0,0,0,0
4837,L87562,L,298.46,307.82,25.31,34.67,1374,49.3,31,0,0,0,0,0
4838,L77982,L,298.74,310.04,25.59,36.89,1610,37.03,170,0,0,0,0,0
4839,L62588,L,304.55,314.56,31.4,41.41,1527,35.84,184,0,0,0,0,0
4840,L72830,L,301.88,310.61,28.73,37.46,1496,31.82,213,0,0,0,0,0
4841,H62488,H,296.9,306.52,23.75,33.37,1396,37.49,224,1,1,0,0,0
4842,H28507,H,303.01,313.14,29.86,39.99,1225,56.43,209,0,0,0,0,0
4843,L24935,L,302.39,313.28,29.24,40.13,1567,29.86,29,0,0,0,0,0
4844,L46628,L,299.44,308.83,26.29,35.68,1601,21.03,54,0,0,0,0,0
4845,L78488,L,300.61,310.08,27.46,36.93,1361,34.18,29,0,0,0,0,0
4846,L56047,L,299.97,309.99,26.82,36.84,1442,44.59,85,0,0,0,0,0
4847,H75094,H,303.95,314.82,30.8,41.67,1805,29.32,30,0,0,0,0,0
4848,L80913,L,298.41,307.04,25.26,33.89,1738,37.8,157,0,0,0,0,0
4849,M25883,M,300.29,310.8,27.14,37.65,1275,28.93,172,0,0,0,0,0
4850,L23562,L,299.14,308.68,25.99,35.53,1520,13.83,38,1,0,0,1,0
4851,H50398,H,297.13,306.81,23.98,33.66,1790,34.13,149,0,0,0,0,0
4852,L23578,L,304.38,316.38,31.23,43.23,1497,46.31,6,0,0,0,0,0
4853,M71174,M,297.64,307.44,24.49,34.29,1488,24.82,104,0,0,0,0,0
4854,L66706,L,300.44,311.19,27.29,38.04,1726,37.4,68,0,0,0,0,0
4855,M62385,M,296.52,307.24,23.37,34.09,1708,43.07,240,1,1,0,0,0
4856,L56046,L,299.2,308.02,26.05,34.87,1699,33.69,221,0,0,0,0,0
4857,L70244,L,300.84,309.0,27.69,35.85,1489,45.68,35,0,0,0,0,0
4858,H52642,H,298.35,309.17,25.2,36.02,1651,36.23,220,0,0,0,0,0
4859,H67990,H,301.17,310.09,28.02,36.94,1797,29.79,101,0,0,0,0,0
4860,M27802,M,299.46,307.8,26.31,34.65,1526,44.11,138,0,0,0,0,0
4861,M11854,M,302.32,313.35,29.17,40.2,1464,54.43,128,0,0,0,0,0
4862,M31756,M,302.72,311.7,29.57,38.55,1750,28.27,174,0,0,0,0,0
4863,L46290,L,298.83,308.05,25.68,34.9,1893,29.57,80,0,0,0,0,0
4864,L65084,L,300.15,312.13,27.0,38.98,1905,22.15,17,0,0,0,0,0
4865,L60875,L,300.37,308.71,27.22,35.56,1469,40.23,100,0,0,0,0,0
4866,M93995,M,301.24,309.98,28.09,36.83,1487,37.28,131,0,0,0,0,0
4867,L15235,L,300.03,309.57,26.88,36.42,1355,51.56,133,0,0,0,0,0
4868,L93679,L,300.38,310.14,27.23,36.99,1556,48.19,190,0,0,0,0,0
4869,L94479,L,299.51,308.62,26.36,35.47,1347,48.84,11,0,0,0,0,0
4870,M87880,M,300.23,309.07,27.08,35.92,1443,48.08,237,0,0,0,0,0
4871,L57923,L,302.6,314.11,29.45,40.96,1658,28.92,238,0,0,0,0,0
4872,L91667,L,301.29,311.56,28.14,38.41,1603,28.1,24,0,0,0,0,0
4873,L22514,L,301.4,311.99,28.25,38.84,1218,50.53,83,0,0,0,0,0
4874,L80946,L,301.45,311.31,28.3,38.16,1810,31.82,142,0,0,0,0,0
4875,L59193,L,299.69,309.98,26.54,36.83,1345,58.6,90,0,0,0,0,0
4876,M28660,M,300.64,311.57,27.49,38.42,1367,26.55,117,0,0,0,0,0
4877,M61097,M,297.83,306.83,24.68,33.68,1318,48.42,78,0,0,0,0,0
4878,M54607,M,302.54,312.8,29.39,39.65,1419,45.19,171,0,0,0,0,0
4879,L75680,L,294.43,305.13,21.28,31.98,1378,35.48,87,0,0,0,0,0
4880,M57457,M,299.83,311.37,26.68,38.22,1382,33.71,103,0,0,0,0,0
4881,L59904,L,302.28,314.23,29.13,41.08,1104,49.2,138,0,0,0,0,0
4882,L17295,L,297.27,307.34,24.12,34.19,1558,23.65,233,1,1,0,0,0
4883,M14327,M,300.8,311.94,27.65,38.79,1576,48.02,154,0,0,0,0,0
4884,L86659,L,298.64,305.97,25.49,32.82,1928,51.33,23,1,0,0,1,0
4885,L58015,L,299.26,310.81,26.11,37.66,1620,32.64,77,0,0,0,0,0
4886,M40961,M,301.89,311.17,28.74,38.02,1448,34.45,101,0,0,0,0,0
4887,L38915,L,300.4,310.16,27.25,37.01,1325,32.76,178,0,0,0,0,0
4888,M31191,M,295.93,306.37,22.78,33.22,1518,28.97,107,0,0,0,0,0
4889,L45705,L,298.05,307.89,24.9,34.74,1614,30.79,158,0,0,0,0,0
4890,M78791,M,301.95,312.15,28.8,39.0,1447,49.27,201,0,0,0,0,0
4891,L39466,L,300.9,312.49,27.75,39.34,1546,62.61,25,1,0,0,1,0
4892,L19233,L,303.5,313.11,30.35,39.96,1867,24.91,184,0,0,0,0,0
4893,M12930,M,303.37,312.28,30.22,39.13,1468,31.82,179,0,0,0,0,0
4894,L56485,L,299.32,311.13,26.17,37.98,1205,38.21,197,0,0,0,0,0
4895,L50889,L,305.01,315.53,31.86,42.38,1688,37.55,229,1,1,0,0,0
4896,L25104,L,300.05,311.97,26.9,38.82,1590,38.79,74,0,0,0,0,0
4897,L76074,L,298.07,308.94,24.92,35.79,1236,47.17,103,0,0,0,0,0
4898,L35259,L,298.73,307.41,25.58,34.26,1610,32.04,63,0,0,0,0,0
4899,L85680,L,295.49,306.13,22.34,32.98,1360,52.99,79,0,0,0,0,0
4900,H48877,H,303.21,312.23,30.06,39.08,1612,41.65,79,0,0,0,0,0
4901,L22370,L,303.19,313.2,30.04,40.05,1869,36.43,209,0,0,0,0,0
4902,L80688,L,297.97,307.89,24.82,34.74,1504,41.06,15,0,0,0,0,0
4903,L14789,L,299.54,307.93,26.39,34.78,1725,31.71,49,0,0,0,0,0
4904,L40872,L,300.19,309.38,27.04,36.23,1320,37.68,147,0,0,0,0,0
4905,H81685,H,298.08,310.28,24.93,37.13,1269,49.31,184,0,0,0,0,0
4906,L42175,L,296.49,306.73,23.34,33.58,1888,33.73,167,0,0,0,0,0
4907,H61966,H,299.58,309.4,26.43,36.25,1589,40.6,11,0,0,0,0,0
4908,L55148,L,299.36,311.17,26.21,38.02,1646,22.28,109,0,0,0,0,0
4909,M42270,M,299.22,308.83,26.07,35.68,1737,35.71,44,0,0,0,0,0
4910,L84187,L,300.45,310.35,27.3,37.2,1443,37.25,237,0,0,0,0,0
4911,M70346,M,302.86,313.85,29.71,40.7,1679,27.09,240,1,1,0,0,0
4912,L34869,L,299.39,308.99,26.24,35.84,1653,40.49,12,0,0,0,0,0
4913,L81054,L,300.34,309.59,27.19,36.44,1308,45.21,160,0,0,0,0,0
4914,L50049,L,301.45,309.2,28.3,36.05,1800,50.67,195,1,0,0,1,0
4915,L90576,L,301.11,310.17,27.96,37.02,1764,36.36,78,0,0,0,0,0
4916,H36012,H,298.77,307.83,25.62,34.68,1310,41.35,166,0,0,0,0,0
4917,L30463,L,300.19,310.35,27.04,37.2,1570,35.63,45,0,0,0,0,0
4918,L31322,L,301.1,310.48,27.95,37.33,1495,28.96,31,0,0,0,0,0
4919,M73392,M,297.74,309.9,24.59,36.75,1783,41.98,222,0,0,0,0,0
4920,L20934,L,302.53,311.47,29.38,38.32,1288,47.0,154,0,0,0,0,0
4921,H63080,H,302.86,314.26,29.71,41.11,2165,29.12,196,0,0,0,0,0
4922,M47425,M,298.55,308.77,25.4,35.62,1504,29.57,128,0,0,0,0,0
4923,L56625,L,300.39,311.19,27.24,38.04,1664,40.66,37,0,0,0,0,0
4924,M15823,M,301.28,312.03,28.13,38.88,1778,24.75,90,0,0,0,0,0
4925,L46838,L,298.91,306.69,25.76,33.54,1501,33.75,212,0,0,0,0,0
4926,L16109,L,300.96,310.95,27.81,37.8,1515,38.83,4,0,0,0,0,0
4927,L99595,L,300.33,310.06,27.18,36.91,1447,34.95,50,0,0,0,0,0
4928,L61165,L,297.06,305.93,23.91,32.78,1380,35.18,61,0,0,0,0,0
4929,M21799,M,300.92,311.38,27.77,38.23,1583,35.8,63,0,0,0,0,0
4930,H22567,H,297.8,309.52,24.65,36.37,1511,45.99,24,0,0,0,0,0
4931,L40429,L,301.88,309.21,28.73,36.06,1446,46.79,204,0,0,0,0,0
4932,L41715,L,298.66,308.12,25.51,34.97,1456,45.01,38,0,0,0,0,0
4933,H44993,H,299.68,308.43,26.53,35.28,1636,38.92,199,0,0,0,0,0
4934,L20839,L,302.74,312.82,29.59,39.67,1395,37.26,85,0,0,0,0,0
4935,L51311,L,300.99,310.67,27.84,37.52,1492,47.37,110,0,0,0,0,0
4936,L64466,L,297.84,307.24,24.69,34.09,1692,19.97,111,0,0,0,0,0
4937,H47235,H,297.97,308.66,24.82,35.51,1578,39.77,171,0,0,0,0,0
4938,L18876,L,298.8,310.44,25.65,37.29,1351,49.13,176,0,0,0,0,0
4939,M25296,M,300.79,313.45,27.64,40.3,1531,36.71,154,0,0,0,0,0
4940,M84771,M,300.72,309.98,27.57,36.83,1611,29.78,186,0,0,0,0,0
4941,L99364,L,298.31,306.49,25.16,33.34,1708,33.25,2,0,0,0,0,0
4942,L17563,L,297.67,308.22,24.52,35.07,1403,34.78,121,0,0,0,0,0
4943,M23047,M,300.56,312.17,27.41,39.02,1437,43.98,126,0,0,0,0,0
4944,L12147,L,299.64,310.45,26.49,37.3,1413,48.1,57,0,0,0,0,0
4945,M54626,M,304.31,315.92,31.16,42.77,1422,43.86,134,0,0,0,0,0
4946,H12450,H,300.07,309.85,26.92,36.7,1606,38.78,112,0,0,0,0,0
4947,M11380,M,303.63,313.02,30.48,39.87,1639,41.04,113,0,0,0,0,0
4948,M23088,M,297.66,307.77,24.51,34.62,1719,40.34,28,0,0,0,0,0
4949,M60596,M,296.85,306.52,23.7,33.37,1519,31.49,104,0,0,0,0,0
4950,M58415,M,297.76,308.42,24.61,35.27,1289,32.14,184,0,0,0,0,0
4951,L15375,L,302.38,313.35,29.23,40.2,1652,36.9,98,0,0,0,0,0
4952,L53421,L,303.51,314.56,30.36,41.41,1563,44.06,117,0,0,0,0,0
4953,L54301,L,298.44,308.95,25.29,35.8,1545,24.43,232,1,1,0,0,0
4954,M79636,M,299.08,309.32,25.93,36.17,1310,44.27,209,0,0,0,0,0
4955,L74844,L,297.66,308.46,24.51,35.31,1501,47.21,223,1,1,0,0,0
4956,M62687,M,296.38,304.41,23.23,31.26,1326,42.27,19,1,0,1,0,0
4957,L92572,L,301.44,311.65,28.29,38.5,1619,47.55,148,0,0,0,0,0
4958,M60524,M,300.45,310.5,27.3,37.35,1460,49.92,54,0,0,0,0,0
4959,L85607,L,300.02,310.23,26.87,37.08,1444,38.21,97,0,0,0,0,0
4960,M64929,M,297.2,307.11,24.05,33.96,1266,42.32,163,0,0,0,0,0
4961,L87926,L,303.28,313.71,30.13,40.56,1715,30.62,139,0,0,0,0,0
4962,L12951,L,298.99,308.42,25.84,35.27,1490,39.54,121,0,0,0,0,0
4963,L93052,L,301.07,312.2,27.92,39.05,1550,27.57,195,0,0,0,0,0
4964,M49038,M,297.09,307.56,23.94,34.41,1406,29.88,164,0,0,0,0,0
4965,L22048,L,299.62,309.77,26.47,36.62,1246,27.81,197,0,0,0,0,0
4966,L45384,L,300.58,309.89,27.43,36.74,1442,39.57,224,0,0,0,0,0
4967,H95033,H,300.65,311.47,27.5,38.32,1470,55.29,171,0,0,0,0,0
4968,M87852,M,300.31,310.52,27.16,37.37,1586,20.2,95,1,0,0,1,0
4969,H30840,H,300.99,310.23,27.84,37.08,1473,37.43,51,0,0,0,0,0
4970,L68038,L,297.74,307.68,24.59,34.53,1409,38.94,65,0,0,0,0,0
4971,L98261,L,300.39,311.02,27.24,37.87,1272,43.83,95,0,0,0,0,0
4972,M48570,M,300.23,310.78,27.08,37.63,1543,47.18,178,0,0,0,0,0
4973,L17995,L,300.46,310.95,27.31,37.8,1396,33.95,10,0,0,0,0,0
4974,M33258,M,300.14,310.24,26.99,37.09,1766,16.87,195,1,0,0,1,0
4975,L10333,L,297.45,308.48,24.3,35.33,1561,32.42,182,0,0,0,0,0
4976,L69546,L,297.36,308.6,24.21,35.45,1633,29.74,120,0,0,0,0,0
4977,L79712,L,295.57,306.31,22.42,33.16,1491,20.57,96,1,0,0,1,0
4978,L44252,L,301.64,311.05,28.49,37.9,1570,38.45,27,0,0,0,0,0
4979,L82576,L,301.66,310.6,28.51,37.45,1379,32.06,70,0,0,0,0,0
4980,L59384,L,301.69,311.14,28.54,37.99,1329,42.45,26,0,0,0,0,0
4981,H79422,H,300.61,312.57,27.46,39.42,1538,34.36,197,0,0,0,0,0
4982,L34171,L,295.73,306.02,22.58,32.87,1635,26.46,122,0,0,0,0,0
4983,M65680,M,297.95,310.07,24.8,36.92,1194,55.09,59,0,0,0,0,0
4984,M30749,M,300.34,310.22,27.19,37.07,1448,37.33,4,0,0,0,0,0
4985,L85133,L,300.27,310.01,27.12,36.86,1857,31.28,126,0,0,0,0,0
4986,L33079,L,299.55,309.48,26.4,36.33,1619,40.08,181,0,0,0,0,0
4987,M83154,M,300.74,310.65,27.59,37.5,1804,34.07,184,0,0,0,0,0
4988,M21241,M,300.02,309.25,26.87,36.1,1424,41.39,51,0,0,0,0,0
4989,M50712,M,300.24,309.09,27.09,35.94,1455,32.79,239,0,0,0,0,0
4990,M76372,M,298.72,309.22,25.57,36.07,1704,24.72,137,0,0,0,0,0
4991,H84136,H,301.96,313.02,28.81,39.87,1644,36.11,80,0,0,0,0,0
4992,L45519,L,299.14,311.58,25.99,38.43,1518,30.04,94,0,0,0,0,0
4993,L52528,L,297.34,306.9,24.19,33.75,1314,49.96,30,0,0,0,0,0
4994,M40411,M,298.46,308.11,25.31,34.96,1737,31.94,118,0,0,0,0,0
4995,L45942,L,299.3,308.53,26.15,35.38,1974,34.21,181,0,0,0,0,0
4996,M34394,M,301.99,313.11,28.84,39.96,1260,37.59,98,0,0,0,0,0
4997,L82352,L,299.92,310.73,26.77,37.58,1781,23.05,208,0,0,0,0,0
4998,L38943,L,299.63,308.75,26.48,35.6,1453,52.86,114,0,0,0,0,0
4999,M87570,M,297.5,306.6,24.35,33.45,1477,37.61,216,1,1,0,0,0
5000,L37396,L,301.57,312.52,28.42,39.37,1582,43.52,169,0,0,0,0,0
5001,L14327,L,298.7,309.08,25.55,35.93,1324,31.98,13,0,0,0,0,0
5002,L22407,L,299.8,310.56,26.65,37.41,1529,35.22,16,0,0,0,0,0
5003,M70271,M,302.96,312.08,29.81,38.93,1253,56.14,192,0,0,0,0,0
5004,L19610,L,301.02,309.14,27.87,35.99,1618,22.89,86,0,0,0,0,0
5005,M72932,M,296.74,305.87,23.59,32.72,1926,47.95,45,1,0,0,1,0
5006,L85208,L,296.46,307.15,23.31,34.0,1423,41.88,208,0,0,0,0,0
5007,M56698,M,299.87,311.98,26.72,38.83,1505,31.51,236,0,0,0,0,0
5008,M79259,M,297.57,307.15,24.42,34.0,1514,40.66,194,0,0,0,0,0
5009,L71994,L,301.3,313.57,28.15,40.42,1708,42.43,174,0,0,0,0,0
5010,L45558,L,300.08,310.91,26.93,37.76,1606,29.07,0,0,0,0,0,0
5011,L47681,L,300.33,308.94,27.18,35.79,1696,28.33,25,0,0,0,0,0
5012,M23797,M,298.59,308.8,25.44,35.65,1446,41.61,161,0,0,0,0,0
5013,L18359,L,303.48,314.35,30.33,41.2,1611,39.27,98,0,0,0,0,0
5014,M45276,M,305.69,313.26,32.54,40.11,1100,50.5,5,1,0,1,0,0
5015,L59570,L,299.44,310.09,26.29,36.94,1652,37.91,178,0,0,0,0,0
5016,L68808,L,300.71,311.88,27.56,38.73,1322,50.17,101,0,0,0,0,0
5017,L60871,L,300.19,310.59,27.04,37.44,1478,40.16,158,0,0,0,0,0
5018,L50022,L,299.48,309.42,26.33,36.27,1665,28.87,112,0,0,0,0,0
5019,L92446,L,298.34,308.16,25.19,35.01,1266,45.08,6,0,0,0,0,0
5020,M49047,M,297.83,307.6,24.68,34.45,1726,47.25,153,0,0,0,0,0
5021,M42648,M,297.73,306.55,24.58,33.4,1513,40.53,189,0,0,0,0,0
5022,L95414,L,300.81,310.12,27.66,36.97,1789,41.94,37,0,0,0,0,0
5023,H76912,H,298.96,308.54,25.81,35.39,1377,37.49,214,0,0,0,0,0
5024,M22219,M,294.84,304.96,21.69,31.81,1218,49.15,44,0,0,0,0,0
5025,H56250,H,300.89,310.33,27.74,37.18,1530,43.8,101,0,0,0,0,0
5026,L39758,L,299.92,309.05,26.77,35.9,1638,46.97,127,0,0,0,0,0
5027,L87010,L,302.69,313.45,29.54,40.3,1652,44.49,75,0,0,0,0,0
5028,L90033,L,300.75,311.12,27.6,37.97,1336,33.92,120,0,0,0,0,0
5029,M73869,M,297.04,306.5,23.89,33.35,1251,55.03,172,0,0,0,0,0
5030,L41605,L,295.54,306.05,22.39,32.9,1480,52.19,171,0,0,0,0,0
5031,L97960,L,298.56,308.11,25.41,34.96,1625,30.65,221,0,0,0,0,0
5032,L80841,L,298.75,308.81,25.6,35.66,1617,28.29,207,0,0,0,0,0
5033,L70128,L,301.89,312.86,28.74,39.71,1810,31.46,236,1,1,0,0,0
5034,M55005,M,299.98,309.38,26.83,36.23,1470,40.42,143,0,0,0,0,0
5035,L13829,L,302.27,311.09,29.12,37.94,1212,44.47,96,0,0,0,0,0
5036,L91413,L,297.35,307.21,24.2,34.06,1744,23.35,58,0,0,0,0,0
5037,M50211,M,301.93,310.57,28.78,37.42,1569,48.29,59,0,0,0,0,0
5038,H81677,H,301.44,311.16,28.29,38.01,1584,29.28,36,0,0,0,0,0
5039,M25259,M,295.96,305.68,22.81,32.53,1669,30.27,174,0,0,0,0,0
5040,H52612,H,302.65,310.18,29.5,37.03,1756,33.5,157,0,0,0,0,0
5041,M32629,M,300.19,310.72,27.04,37.57,1531,25.64,70,0,0,0,0,0
5042,L97999,L,300.78,310.6,27.63,37.45,1741,20.52,214,0,0,0,0,0
5043,L65437,L,298.27,309.45,25.12,36.3,1632,31.66,133,0,0,0,0,0
5044,M13652,M,302.55,312.77,29.4,39.62,1420,46.95,17,0,0,0,0,0
5045,M71166,M,297.63,308.36,24.48,35.21,1494,39.85,15,0,0,0,0,0
5046,M73332,M,301.66,312.85,28.51,39.7,1643,18.4,34,1,0,0,1,0
5047,L95193,L,301.64,311.51,28.49,38.36,1411,51.72,51,0,0,0,0,0
5048,L61277,L,298.05,308.05,24.9,34.9,1690,40.28,213,0,0,0,0,0
5049,L44809,L,303.97,312.39,30.82,39.24,1563,38.19,187,0,0,0,0,0
5050,L50161,L,300.46,311.7,27.31,38.55,1602,37.08,48,0,0,0,0,0
5051,L68576,L,301.31,311.16,28.16,38.01,1787,37.45,60,0,0,0,0,0
5052,M97579,M,296.95,305.94,23.8,32.79,1597,54.48,153,1,0,0,1,0
5053,L59189,L,304.24,314.98,31.09,41.83,1547,44.07,209,0,0,0,0,0
5054,L83054,L,297.55,305.37,24.4,32.22,1521,40.05,76,0,0,0,0,0
5055,L86643,L,302.05,311.62,28.9,38.47,1511,28.09,126,0,0,0,0,0
5056,M78083,M,298.01,308.92,24.86,35.77,1590,37.36,214,0,0,0,0,0
5057,L71493,L,298.76,308.32,25.61,35.17,1774,38.49,185,0,0,0,0,0
5058,L32075,L,301.58,310.86,28.43,37.71,1428,39.2,214,0,0,0,0,0
5059,L69118,L,302.06,311.64,28.91,38.49,1415,36.32,67,0,0,0,0,0
5060,L94212,L,297.46,305.45,24.31,32.3,1760,36.99,166,0,0,0,0,0
5061,H70803,H,302.18,312.9,29.03,39.75,1436,32.0,27,0,0,0,0,0
5062,H54772,H,302.09,311.97,28.94,38.82,1573,43.37,148,0,0,0,0,0
5063,L86758,L,298.12,307.85,24.97,34.7,1431,36.54,73,0,0,0,0,0
5064,L48168,L,303.2,312.93,30.05,39.78,1241,29.19,168,0,0,0,0,0
5065,M77890,M,297.09,307.1,23.94,33.95,1570,32.86,34,0,0,0,0,0
5066,L48542,L,298.75,309.4,25.6,36.25,1730,32.66,160,0,0,0,0,0
5067,L85788,L,300.96,310.91,27.81,37.76,1524,42.01,170,0,0,0,0,0
5068,L37889,L,298.29,306.93,25.14,33.78,1276,48.41,206,0,0,0,0,0
5069,H18958,H,300.53,311.1,27.38,37.95,1554,26.54,165,0,0,0,0,0
5070,L45260,L,300.48,310.98,27.33,37.83,1403,41.82,125,0,0,0,0,0
5071,L62064,L,299.63,309.83,26.48,36.68,1100,47.82,188,0,0,0,0,0
5072,M35620,M,301.66,312.74,28.51,39.59,1521,34.79,68,0,0,0,0,0
5073,L75752,L,299.54,309.57,26.39,36.42,1626,27.26,163,0,0,0,0,0
5074,L33586,L,300.46,311.57,27.31,38.42,1741,32.5,174,0,0,0,0,0
5075,H79910,H,302.29,313.7,29.14,40.55,1842,56.16,94,1,0,0,1,0
5076,L20223,L,301.58,312.16,28.43,39.01,1649,49.6,237,1,1,0,0,1
5077,M84947,M,301.57,310.82,28.42,37.67,1698,25.75,85,0,0,0,0,0
5078,L18175,L,297.7,307.57,24.55,34.42,1310,44.26,20,0,0,0,0,0
5079,L99142,L,301.05,312.29,27.9,39.14,1819,28.99,73,0,0,0,0,0
5080,L75428,L,298.24,306.75,25.09,33.6,1757,33.75,24,0,0,0,0,0
5081,L49063,L,297.44,307.05,24.29,33.9,1471,46.29,81,0,0,0,0,0
5082,L77900,L,299.86,309.51,26.71,36.36,1654,33.6,31,0,0,0,0,0
5083,M22921,M,298.19,307.33,25.04,34.18,1637,29.31,105,0,0,0,0,0
5084,L45544,L,301.58,312.45,28.43,39.3,1792,41.22,187,0,0,0,0,0
5085,L90903,L,301.63,312.01,28.48,38.86,1509,28.11,16,0,0,0,0,0
5086,L92811,L,296.19,305.48,23.04,32.33,1404,42.31,135,0,0,0,0,0
5087,M58372,M,298.34,308.95,25.19,35.8,1449,27.65,11,0,0,0,0,0
5088,L56078,L,297.08,306.92,23.93,33.77,1692,25.66,212,0,0,0,0,0
5089,L14707,L,299.07,308.18,25.92,35.03,1199,53.74,221,1,0,0,0,1
5090,L70093,L,300.91,310.2,27.76,37.05,1100,46.65,118,0,0,0,0,0
5091,L94193,L,299.52,309.95,26.37,36.8,1691,18.86,185,1,0,0,1,0
5092,L28279,L,298.82,309.76,25.67,36.61,1583,30.41,142,0,0,0,0,0
5093,M51968,M,302.6,312.11,29.45,38.96,1538,30.61,82,0,0,0,0,0
5094,L60324,L,295.39,305.93,22.24,32.78,1307,33.75,59,0,0,0,0,0
5095,L83325,L,302.47,314.06,29.32,40.91,1236,50.77,182,0,0,0,0,0
5096,L38998,L,298.91,307.65,25.76,34.5,1424,27.86,103,0,0,0,0,0
5097,M60665,M,299.84,310.2,26.69,37.05,1598,31.14,221,0,0,0,0,0
5098,L76168,L,298.95,309.78,25.8,36.63,1432,41.06,234,0,0,0,0,0
5099,L12465,L,303.09,312.99,29.94,39.84,1693,31.11,50,0,0,0,0,0
5100,L94083,L,297.54,308.78,24.39,35.63,1368,38.65,135,0,0,0,0,0
5101,L86709,L,300.02,312.22,26.87,39.07,1444,33.89,129,0,0,0,0,0
5102,L51115,L,301.05,311.4,27.9,38.25,1658,24.81,208,0,0,0,0,0
5103,L33356,L,296.78,306.54,23.63,33.39,1469,33.91,166,0,0,0,0,0
5104,L66011,L,298.16,309.14,25.01,35.99,1478,44.03,146,0,0,0,0,0
5105,L83718,L,299.7,310.55,26.55,37.4,1422,36.81,163,0,0,0,0,0
5106,L41441,L,298.23,305.71,25.08,32.56,1390,42.56,93,0,0,0,0,0
5107,L19632,L,298.37,308.37,25.22,35.22,1597,44.81,230,1,1,0,0,0
5108,L51254,L,299.3,308.91,26.15,35.76,1620,40.17,14,0,0,0,0,0
5109,M28827,M,301.3,311.7,28.15,38.55,1575,26.17,7,0,0,0,0,0
5110,H30685,H,299.31,309.12,26.16,35.97,1427,43.73,100,0,0,0,0,0
5111,H90787,H,302.16,312.07,29.01,38.92,1500,46.59,37,0,0,0,0,0
5112,M99329,M,298.0,307.14,24.85,33.99,1814,26.92,131,0,0,0,0,0
5113,M81569,M,297.5,308.23,24.35,35.08,1286,31.86,2,0,0,0,0,0
5114,M48089,M,303.85,315.51,30.7,42.36,1865,27.2,110,0,0,0,0,0
5115,L56980,L,298.68,307.84,25.53,34.69,1552,38.41,71,0,0,0,0,0
5116,M94031,M,297.38,305.98,24.23,32.83,1503,42.85,49,0,0,0,0,0
5117,L64683,L,296.52,306.54,23.37,33.39,1702,29.5,107,0,0,0,0,0
5118,L51444,L,302.15,312.12,29.0,38.97,1173,32.55,205,0,0,0,0,0
5119,M48612,M,299.32,310.49,26.17,37.34,1777,22.04,157,0,0,0,0,0
5120,L75318,L,299.49,308.26,26.34,35.11,1860,33.68,38,1,0,0,0,0
5121,L29562,L,299.68,309.14,26.53,35.99,1725,49.13,120,0,0,0,0,0
5122,H39950,H,302.03,309.88,28.88,36.73,1167,48.92,224,1,0,1,0,0
5123,L91868,L,299.64,311.02,26.49,37.87,1669,44.84,105,0,0,0,0,0
5124,L80895,L,304.69,314.94,31.54,41.79,1823,22.97,113,0,0,0,0,0
5125,H74620,H,300.27,309.8,27.12,36.65,1805,26.56,226,1,1,0,0,0
5126,M84693,M,302.12,310.8,28.97,37.65,1289,25.74,33,1,0,0,1,0
5127,L25857,L,301.61,310.38,28.46,37.23,1713,36.41,176,0,0,0,0,0
5128,L75020,L,299.93,310.34,26.78,37.19,1849,23.83,72,0,0,0,0,0
5129,L88610,L,298.83,307.72,25.68,34.57,1540,41.99,208,0,0,0,0,0
5130,M50625,M,300.66,310.77,27.51,37.62,1281,40.72,13,0,0,0,0,0
5131,L94130,L,301.02,313.06,27.87,39.91,1680,50.28,238,1,0,0,0,1
5132,L20069,L,298.85,308.51,25.7,35.36,1719,47.67,184,0,0,0,0,0
5133,L20724,L,300.33,309.37,27.18,36.22,1511,19.5,68,1,0,0,1,0
5134,L65562,L,302.47,312.85,29.32,39.7,1327,47.92,183,0,0,0,0,0
5135,H73448,H,304.14,312.91,30.99,39.76,1707,27.62,222,1,1,0,0,0
5136,L61865,L,301.71,313.43,28.56,40.28,1400,46.09,27,0,0,0,0,0
5137,M44569,M,303.73,315.13,30.58,41.98,1605,24.96,219,0,0,0,0,0
5138,L31933,L,298.74,308.58,25.59,35.43,1808,43.23,86,0,0,0,0,0
5139,M58978,M,301.4,310.51,28.25,37.36,1245,54.28,2,0,0,0,0,0
5140,H83874,H,302.68,312.25,29.53,39.1,1694,22.52,27,0,0,0,0,0
5141,L65971,L,298.21,307.91,25.06,34.76,1499,36.78,212,0,0,0,0,0
5142,L85508,L,299.03,309.41,25.88,36.26,1503,39.41,236,0,0,0,0,0
5143,L92793,L,303.48,314.52,30.33,41.37,1625,41.01,215,0,0,0,0,0
5144,M87721,M,298.05,307.01,24.9,33.86,1400,40.83,106,0,0,0,0,0
5145,L50196,L,297.32,308.33,24.17,35.18,1329,49.39,231,1,0,0,0,1
5146,M71511,M,303.06,313.67,29.91,40.52,1223,46.29,98,0,0,0,0,0
5147,M87085,M,302.39,311.89,29.24,38.74,1751,37.62,27,0,0,0,0,0
5148,M38835,M,300.86,309.78,27.71,36.63,1470,28.03,82,0,0,0,0,0
5149,M41817,M,299.91,310.02,26.76,36.87,1635,34.84,240,1,1,0,0,0
5150,L69122,L,299.12,308.06,25.97,34.91,1450,48.71,150,0,0,0,0,0
5151,L14732,L,300.56,311.59,27.41,38.44,1332,54.31,82,0,0,0,0,0
5152,L10360,L,303.16,312.04,30.01,38.89,1649,36.13,150,0,0,0,0,0
5153,H67102,H,300.48,311.02,27.33,37.87,1592,35.19,103,0,0,0,0,0
5154,M20449,M,304.33,314.25,31.18,41.1,1494,49.31,12,0,0,0,0,0
5155,M60678,M,298.2,307.64,25.05,34.49,1588,35.28,48,0,0,0,0,0
5156,L98358,L,299.96,309.86,26.81,36.71,1367,51.07,5,0,0,0,0,0
5157,L42203,L,299.25,310.33,26.1,37.18,1721,32.45,61,0,0,0,0,0
5158,M76541,M,297.83,306.64,24.68,33.49,1761,32.85,177,0,0,0,0,0
5159,L86074,L,299.69,309.28,26.54,36.13,1668,25.51,46,0,0,0,0,0
5160,L52352,L,300.83,310.08,27.68,36.93,1470,28.99,127,0,0,0,0,0
5161,M57778,M,301.05,311.01,27.9,37.86,1545,44.9,168,0,0,0,0,0
5162,L18997,L,304.34,313.66,31.19,40.51,1810,45.45,132,0,0,0,0,0
5163,L28522,L,300.93,309.16,27.78,36.01,1759,33.41,4,0,0,0,0,0
5164,L16562,L,302.3,311.25,29.15,38.1,1884,29.08,87,0,0,0,0,0
5165,L58819,L,300.13,311.77,26.98,38.62,1398,49.15,106,0,0,0,0,0
5166,H50031,H,303.36,313.6,30.21,40.45,1383,44.14,82,0,0,0,0,0
5167,L68376,L,304.8,315.01,31.65,41.86,1559,17.58,131,1,0,0,1,0
5168,L43451,L,301.06,310.78,27.91,37.63,1606,43.62,123,0,0,0,0,0
5169,L52567,L,298.01,307.96,24.86,34.81,1510,27.25,45,0,0,0,0,0
5170,M39824,M,298.9,308.47,25.75,35.32,1467,38.97,180,0,0,0,0,0
5171,L44840,L,300.56,311.09,27.41,37.94,1757,29.08,39,0,0,0,0,0
5172,L18095,L,300.91,311.01,27.76,37.86,1519,32.59,110,0,0,0,0,0
5173,L74445,L,301.4,310.23,28.25,37.08,1322,43.7,182,0,0,0,0,0
5174,L94847,L,300.92,311.17,27.77,38.02,1343,49.83,167,0,0,0,0,0
5175,L26099,L,300.01,307.56,26.86,34.41,1578,36.55,104,0,0,0,0,0
5176,M50405,M,298.73,309.14,25.58,35.99,2060,39.09,189,0,0,0,0,0
5177,M38560,M,300.8,309.39,27.65,36.24,1364,54.27,171,1,0,1,0,0
5178,L96908,L,303.71,313.61,30.56,40.46,1480,50.92,92,0,0,0,0,0
5179,L50842,L,302.04,310.85,28.89,37.7,1956,28.85,215,0,0,0,0,0
5180,H23742,H,301.07,311.07,27.92,37.92,1450,35.68,34,0,0,0,0,0
5181,L85048,L,302.06,312.64,28.91,39.49,1615,35.21,86,0,0,0,0,0
5182,M62376,M,299.26,310.76,26.11,37.61,1863,39.75,167,0,0,0,0,0
5183,L32475,L,298.98,307.44,25.83,34.29,1368,50.39,210,1,0,1,0,0
5184,H33278,H,298.5,309.48,25.35,36.33,1481,17.93,77,1,0,0,1,0
5185,M96460,M,299.75,309.88,26.6,36.73,1450,41.95,135,0,0,0,0,0
5186,H65344,H,299.16,308.71,26.01,35.56,1269,26.19,3,1,0,0,1,0
5187,M78939,M,302.42,313.18,29.27,40.03,1810,31.51,89,0,0,0,0,0
5188,L14158,L,299.05,308.81,25.9,35.66,1433,35.76,79,0,0,0,0,0
5189,H25897,H,298.39,309.11,25.24,35.96,1382,34.77,202,0,0,0,0,0
5190,L81077,L,303.89,312.89,30.74,39.74,1457,46.11,18,0,0,0,0,0
5191,L79787,L,299.1,308.46,25.95,35.31,1698,28.57,15,0,0,0,0,0
5192,M30992,M,300.31,311.25,27.16,38.1,1555,36.78,106,0,0,0,0,0
5193,M88401,M,300.9,312.39,27.75,39.24,1396,33.57,98,0,0,0,0,0
5194,H87319,H,297.73,307.69,24.58,34.54,1607,36.25,39,0,0,0,0,0
5195,L53953,L,302.47,309.68,29.32,36.53,1677,41.84,63,0,0,0,0,0
5196,M54809,M,301.27,311.08,28.12,37.93,1531,30.4,234,0,0,0,0,0
5197,M74968,M,303.12,313.15,29.97,40.0,1494,43.47,123,0,0,0,0,0
5198,L74819,L,298.64,308.41,25.49,35.26,1713,33.9,21,0,0,0,0,0
5199,L37146,L,300.2,310.53,27.05,37.38,1504,38.48,12,0,0,0,0,0
5200,L96531,L,300.08,309.6,26.93,36.45,1816,28.74,10,0,0,0,0,0
5201,L93613,L,300.53,311.37,27.38,38.22,1402,47.04,93,0,0,0,0,0
5202,H85135,H,297.09,305.92,23.94,32.77,1398,46.34,208,0,0,0,0,0
5203,M21664,M,300.22,311.46,27.07,38.31,1377,40.55,200,0,0,0,0,0
5204,M75800,M,297.15,308.7,24.0,35.55,1493,39.99,88,0,0,0,0,0
5205,H22805,H,300.72,309.8,27.57,36.65,1535,43.26,186,0,0,0,0,0
5206,L40660,L,295.74,304.83,22.59,31.68,1303,48.3,181,0,0,0,0,0
5207,M55044,M,296.3,306.71,23.15,33.56,1552,34.47,116,0,0,0,0,0
5208,L25094,L,301.64,310.45,28.49,37.3,1634,44.39,97,0,0,0,0,0
5209,M72225,M,298.91,308.41,25.76,35.26,1279,51.73,43,0,0,0,0,0
5210,L66715,L,298.02,309.13,24.87,35.98,1444,56.57,67,0,0,0,0,0
5211,H63179,H,302.54,313.28,29.39,40.13,1634,22.5,81,0,0,0,0,0
5212,L37091,L,300.66,312.64,27.51,39.49,1344,48.24,195,0,0,0,0,0
5213,L66790,L,301.74,311.91,28.59,38.76,1480,47.94,133,0,0,0,0,0
5214,M79502,M,299.67,309.06,26.52,35.91,1725,41.25,48,0,0,0,0,0
5215,L62470,L,305.36,315.41,32.21,42.26,1849,28.96,23,0,0,0,0,0
5216,M78432,M,298.79,308.64,25.64,35.49,1612,24.64,119,0,0,0,0,0
5217,L63300,L,303.49,313.35,30.34,40.2,1505,50.38,160,0,0,0,0,0
5218,M91574,M,299.88,309.85,26.73,36.7,1447,35.74,197,0,0,0,0,0
5219,L97024,L,296.69,305.76,23.54,32.61,1694,31.45,191,0,0,0,0,0
5220,L34438,L,300.97,311.25,27.82,38.1,1733,49.59,198,1,0,0,1,0
5221,L66909,L,300.63,309.22,27.48,36.07,1333,32.81,107,1,0,1,0,0
5222,L54929,L,297.9,307.18,24.75,34.03,1694,40.37,208,0,0,0,0,0
5223,L11004,L,298.16,308.04,25.01,34.89,1429,34.07,107,0,0,0,0,0
5224,L82751,L,299.95,307.69,26.8,34.54,1385,35.18,40,0,0,0,0,0
5225,L98492,L,300.7,311.47,27.55,38.32,1508,39.33,95,0,0,0,0,0
5226,L69914,L,295.06,303.01,21.91,29.86,1709,38.95,82,0,0,0,0,0
5227,L13168,L,302.11,312.78,28.96,39.63,1589,43.66,94,0,0,0,0,0
5228,M39068,M,299.01,307.72,25.86,34.57,1584,44.81,158,0,0,0,0,0
5229,L72106,L,297.34,306.93,24.19,33.78,1597,30.23,158,0,0,0,0,0
5230,L41677,L,301.88,312.4,28.73,39.25,1617,26.29,54,0,0,0,0,0
5231,M45339,M,299.95,312.15,26.8,39.0,1515,35.08,76,0,0,0,0,0
5232,L87796,L,302.43,312.55,29.28,39.4,1646,37.6,143,0,0,0,0,0
5233,M60878,M,300.88,308.89,27.73,35.74,1420,38.72,20,0,0,0,0,0
5234,L62206,L,300.0,310.95,26.85,37.8,1649,5.7,165,1,0,0,1,0
5235,L44434,L,299.69,309.46,26.54,36.31,1685,19.39,43,1,0,0,1,0
5236,L51731,L,300.97,311.04,27.82,37.89,1657,32.65,204,0,0,0,0,0
5237,M31774,M,299.17,309.73,26.02,36.58,1666,41.22,96,0,0,0,0,0
5238,M50155,M,298.29,306.07,25.14,32.92,1616,28.21,53,0,0,0,0,0
5239,L75175,L,301.22,311.23,28.07,38.08,1740,38.79,160,0,0,0,0,0
5240,L96056,L,299.71,309.3,26.56,36.15,1137,38.4,133,0,0,0,0,0
5241,H77525,H,300.07,311.29,26.92,38.14,1684,36.06,41,0,0,0,0,0
5242,L42458,L,302.18,312.91,29.03,39.76,1881,32.57,199,0,0,0,0,0
5243,L75482,L,299.77,308.15,26.62,35.0,1426,43.92,109,0,0,0,0,0
5244,H35169,H,300.03,311.29,26.88,38.14,1407,32.67,37,0,0,0,0,0
5245,M78136,M,298.8,309.25,25.65,36.1,1760,20.17,191,0,0,0,0,0
5246,L65726,L,300.86,309.31,27.71,36.16,1373,47.54,32,1,0,1,0,0
5247,M20397,M,300.7,310.76,27.55,37.61,1418,28.19,232,0,0,0,0,0
5248,M36126,M,301.8,312.84,28.65,39.69,1565,30.45,106,0,0,0,0,0
5249,L64515,L,298.84,307.63,25.69,34.48,1395,52.2,175,0,0,0,0,0
5250,L33452,L,299.08,310.46,25.93,37.31,1688,35.3,108,0,0,0,0,0
5251,L99401,L,301.58,310.07,28.43,36.92,1397,43.97,45,0,0,0,0,0
5252,H59884,H,300.5,309.71,27.35,36.56,1598,40.85,182,0,0,0,0,0
5253,M93733,M,298.19,307.24,25.04,34.09,1585,40.87,69,0,0,0,0,0
5254,L79942,L,302.61,313.99,29.46,40.84,1826,31.2,164,0,0,0,0,0
5255,M22380,M,296.6,306.11,23.45,32.96,1739,25.74,62,0,0,0,0,0
5256,L59067,L,301.57,310.41,28.42,37.26,1442,61.2,58,1,0,0,1,0
5257,L17909,L,297.47,307.91,24.32,34.76,1314,41.27,110,0,0,0,0,0
5258,L86404,L,303.77,314.43,30.62,41.28,1682,36.72,196,0,0,0,0,0
5259,L44431,L,296.91,307.58,23.76,34.43,1421,43.85,147,0,0,0,0,0
5260,M39015,M,302.3,312.03,29.15,38.88,1476,34.55,16,0,0,0,0,0
5261,L45332,L,299.84,310.09,26.69,36.94,1350,39.05,176,0,0,0,0,0
5262,M88166,M,299.27,308.62,26.12,35.47,1654,46.55,139,0,0,0,0,0
5263,L58127,L,300.37,312.05,27.22,38.9,1422,34.38,150,0,0,0,0,0
5264,L94619,L,301.26,312.41,28.11,39.26,1529,40.78,85,0,0,0,0,0
5265,H13530,H,298.19,309.27,25.04,36.12,1532,44.58,133,0,0,0,0,0
5266,L37202,L,298.37,309.16,25.22,36.01,1567,34.85,89,0,0,0,0,0
5267,L94695,L,301.3,311.82,28.15,38.67,1651,33.96,20,0,0,0,0,0
5268,L40172,L,296.59,305.34,23.44,32.19,1493,46.04,203,0,0,0,0,0
5269,M79928,M,298.83,309.46,25.68,36.31,1405,39.67,163,0,0,0,0,0
5270,L69102,L,306.08,316.2,32.93,43.05,1210,30.75,161,0,0,0,0,0
5271,L76823,L,298.06,309.33,24.91,36.18,1553,48.93,46,0,0,0,0,0
5272,L14700,L,302.3,313.1,29.15,39.95,1508,30.2,159,0,0,0,0,0
5273,L29385,L,298.83,309.38,25.68,36.23,1411,42.34,56,0,0,0,0,0
5274,M96052,M,301.02,309.33,27.87,36.18,1546,26.52,165,0,0,0,0,0
5275,L37079,L,301.31,311.22,28.16,38.07,1685,29.92,80,0,0,0,0,0
5276,L19251,L,302.26,311.7,29.11,38.55,1730,29.64,38,0,0,0,0,0
5277,L95197,L,299.6,309.85,26.45,36.7,1266,46.64,218,0,0,0,0,0
5278,L68443,L,303.98,313.56,30.83,40.41,1472,31.91,25,0,0,0,0,0
5279,H66182,H,298.82,308.55,25.67,35.4,1703,49.5,183,0,0,0,0,0
5280,L14698,L,300.47,310.93,27.32,37.78,1814,31.78,24,0,0,0,0,0
5281,H12834,H,300.49,310.06,27.34,36.91,1392,48.21,164,0,0,0,0,0
5282,L41474,L,297.76,307.88,24.61,34.73,1776,32.19,26,0,0,0,0,0
5283,L92229,L,299.43,307.91,26.28,34.76,1299,52.09,122,1,0,1,0,0
5284,M47196,M,300.32,309.49,27.17,36.34,1736,16.2,45,1,0,0,1,0
5285,L62124,L,299.14,309.79,25.99,36.64,1486,32.93,208,1,0,0,0,0
5286,M50946,M,304.88,313.65,31.73,40.5,1808,27.51,96,0,0,0,0,0
5287,H55319,H,298.32,309.57,25.17,36.42,1454,35.17,4,0,0,0,0,0
5288,L14284,L,302.36,313.33,29.21,40.18,1481,42.84,151,0,0,0,0,0
5289,L27079,L,301.71,311.44,28.56,38.29,1512,42.6,107,0,0,0,0,0
5290,M68317,M,299.97,312.97,26.82,39.82,1266,44.66,206,0,0,0,0,0
5291,L63894,L,298.27,309.51,25.12,36.36,1227,46.32,104,0,0,0,0,0
5292,L13988,L,298.46,307.51,25.31,34.36,1624,54.8,99,1,0,0,1,0
5293,L41276,L,298.96,309.71,25.81,36.56,1708,36.14,109,0,0,0,0,0
5294,L16795,L,296.43,306.49,23.28,33.34,1641,17.11,206,1,0,0,1,0
5295,M46230,M,297.99,307.22,24.84,34.07,1316,49.71,141,0,0,0,0,0
5296,L44722,L,297.04,305.97,23.89,32.82,1619,39.86,161,0,0,0,0,0
5297,L85687,L,302.69,313.69,29.54,40.54,1362,51.35,173,0,0,0,0,0
5298,M40436,M,301.24,310.64,28.09,37.49,1606,40.46,225,0,0,0,0,0
5299,L49465,L,301.57,311.47,28.42,38.32,1733,25.82,201,0,0,0,0,0
5300,L44741,L,301.18,310.26,28.03,37.11,1599,42.95,223,1,1,0,0,0
5301,M53362,M,300.33,309.59,27.18,36.44,1792,32.77,82,0,0,0,0,0
5302,L67317,L,302.92,312.79,29.77,39.64,1509,46.34,52,0,0,0,0,0
5303,M78687,M,298.78,309.17,25.63,36.02,1497,50.65,49,0,0,0,0,0
5304,M26050,M,300.21,307.62,27.06,34.47,1547,36.07,206,0,0,0,0,0
5305,L16431,L,301.49,311.51,28.34,38.36,1300,51.08,199,0,0,0,0,0
5306,L39939,L,297.36,306.61,24.21,33.46,1464,47.39,156,0,0,0,0,0
5307,L86489,L,306.19,317.6,33.04,44.45,1480,39.99,15,0,0,0,0,0
5308,L26395,L,300.06,313.0,26.91,39.85,1485,54.24,76,0,0,0,0,0
5309,M84764,M,300.28,309.92,27.13,36.77,1582,44.58,176,0,0,0,0,0
5310,M14462,M,302.51,310.79,29.36,37.64,1276,40.22,60,1,0,1,0,0
5311,L89061,L,301.83,311.95,28.68,38.8,1335,45.01,150,0,0,0,0,0
5312,M72406,M,300.08,309.87,26.93,36.72,1733,39.94,130,0,0,0,0,0
5313,H30780,H,300.26,312.23,27.11,39.08,1184,63.76,63,0,0,0,0,0
5314,H53488,H,296.99,308.66,23.84,35.51,1643,39.84,224,1,1,0,0,0
5315,L83336,L,298.89,309.75,25.74,36.6,1470,41.3,62,0,0,0,0,0
5316,L30584,L,301.03,310.45,27.88,37.3,1563,46.77,215,0,0,0,0,0
5317,L34544,L,300.89,311.57,27.74,38.42,1808,29.94,130,0,0,0,0,0
5318,H46421,H,302.44,312.71,29.29,39.56,1512,29.97,22,0,0,0,0,0
5319,L72637,L,299.76,310.0,26.61,36.85,1644,40.47,200,0,0,0,0,0
5320,L40627,L,297.23,305.67,24.08,32.52,1545,34.05,190,0,0,0,0,0
5321,L93997,L,302.11,313.18,28.96,40.03,1516,59.52,199,1,0,0,1,1
5322,L81298,L,302.87,312.98,29.72,39.83,1494,40.37,153,0,0,0,0,0
5323,L70452,L,301.8,311.7,28.65,38.55,1658,40.24,171,0,0,0,0,0
5324,H29053,H,299.67,309.07,26.52,35.92,1407,35.7,218,1,1,0,0,0
5325,L90118,L,302.09,311.3,28.94,38.15,1337,52.97,31,0,0,0,0,0
5326,L40031,L,306.86,317.18,33.71,44.03,1548,36.8,20,0,0,0,0,0
5327,L89786,L,300.23,308.48,27.08,35.33,1569,35.53,30,0,0,0,0,0
5328,L83990,L,297.38,308.17,24.23,35.02,1216,46.32,209,0,0,0,0,0
5329,L86399,L,298.83,307.77,25.68,34.62,1533,27.04,135,0,0,0,0,0
5330,L46945,L,301.25,309.19,28.1,36.04,1320,41.39,42,1,0,1,0,0
5331,L62010,L,296.79,308.61,23.64,35.46,1645,39.21,34,0,0,0,0,0
5332,L90036,L,300.34,309.48,27.19,36.33,1219,34.63,107,0,0,0,0,0
5333,L61170,L,300.76,310.04,27.61,36.89,1872,38.78,196,0,0,0,0,0
5334,L48721,L,303.07,314.2,29.92,41.05,1476,36.68,193,0,0,0,0,0
5335,H18237,H,302.62,314.47,29.47,41.32,1384,43.37,204,0,0,0,0,0
5336,H98644,H,301.73,310.2,28.58,37.05,1485,20.7,185,1,0,0,1,0
5337,L62866,L,295.67,304.72,22.52,31.57,1632,36.9,15,0,0,0,0,0
5338,L10930,L,301.84,310.96,28.69,37.81,1691,25.54,173,0,0,0,0,0
5339,H23815,H,301.41,312.35,28.26,39.2,1487,35.72,125,0,0,0,0,0
5340,L97410,L,300.51,312.15,27.36,39.0,1283,32.11,174,0,0,0,0,0
5341,M75783,M,296.54,305.46,23.39,32.31,1323,36.26,116,0,0,0,0,0
5342,H55903,H,298.45,309.86,25.3,36.71,1585,34.84,116,0,0,0,0,0
5343,L35931,L,297.67,306.96,24.52,33.81,1708,31.38,30,0,0,0,0,0
5344,L20180,L,295.97,306.31,22.82,33.16,1731,40.18,217,1,1,0,0,0
5345,H87876,H,299.99,308.72,26.84,35.57,1564,21.68,90,0,0,0,0,0
5346,L60890,L,298.4,308.28,25.25,35.13,1704,33.21,140,0,0,0,0,0
5347,L88118,L,305.25,315.14,32.1,41.99,1870,29.85,50,0,0,0,0,0
5348,L52629,L,299.66,309.35,26.51,36.2,1743,29.2,89,0,0,0,0,0
5349,L45981,L,302.59,312.97,29.44,39.82,1696,26.47,209,0,0,0,0,0
5350,M44287,M,296.86,305.85,23.71,32.7,1394,49.92,50,0,0,0,0,0
5351,M99558,M,298.94,308.06,25.79,34.91,1703,50.02,49,0,0,0,0,0
5352,H34809,H,300.19,310.63,27.04,37.48,1616,21.75,63,0,0,0,0,0
5353,L65043,L,298.18,309.53,25.03,36.38,1649,27.36,138,0,0,0,0,0
5354,L81194,L,299.16,309.13,26.01,35.98,1756,24.6,125,0,0,0,0,0
5355,L60882,L,299.56,310.07,26.41,36.92,1598,33.61,42,0,0,0,0,0
5356,L18834,L,299.53,310.29,26.38,37.14,1517,47.81,166,0,0,0,0,0
5357,L26415,L,303.71,314.54,30.56,41.39,1348,46.73,218,1,1,0,0,0
5358,H71123,H,300.76,309.8,27.61,36.65,1483,37.4,48,0,0,0,0,0
5359,M28825,M,300.96,310.18,27.81,37.03,1572,36.57,162,0,0,0,0,0
5360,L86416,L,301.08,310.39,27.93,37.24,1584,33.63,141,0,0,0,0,0
5361,M51726,M,301.23,313.15,28.08,40.0,1578,42.23,79,0,0,0,0,0
5362,L73889,L,299.83,310.34,26.68,37.19,1703,40.53,148,0,0,0,0,0
5363,L37122,L,299.36,309.82,26.21,36.67,1686,38.7,50,0,0,0,0,0
5364,M56107,M,300.33,310.7,27.18,37.55,1524,20.02,200,1,0,0,1,0
5365,L83085,L,302.31,310.99,29.16,37.84,1387,41.42,5,0,0,0,0,0
5366,H22970,H,302.25,314.19,29.1,41.04,1602,34.27,136,0,0,0,0,0
5367,M58591,M,299.52,310.0,26.37,36.85,1928,37.65,77,0,0,0,0,0
5368,L84261,L,301.54,312.26,28.39,39.11,1591,37.92,212,0,0,0,0,0
5369,M66691,M,299.61,307.85,26.46,34.7,1483,43.08,120,0,0,0,0,0
5370,L82127,L,300.07,310.85,26.92,37.7,1629,31.21,193,0,0,0,0,0
5371,L72846,L,299.05,308.7,25.9,35.55,1639,42.47,222,0,0,0,0,0
5372,L11448,L,299.64,308.31,26.49,35.16,1637,44.86,80,0,0,0,0,0
5373,L67417,L,302.68,311.73,29.53,38.58,1775,19.26,211,0,0,0,0,0
5374,M90024,M,300.18,308.92,27.03,35.77,1603,25.38,174,0,0,0,0,0
5375,L86682,L,300.27,308.99,27.12,35.84,1767,38.53,26,0,0,0,0,0
5376,M84619,M,297.11,307.17,23.96,34.02,1575,34.99,25,0,0,0,0,0
5377,L35302,L,299.38,308.99,26.23,35.84,1800,40.07,196,0,0,0,0,0
5378,L39843,L,299.52,309.85,26.37,36.7,1746,34.75,112,0,0,0,0,0
5379,M61716,M,298.34,310.02,25.19,36.87,1696,39.32,119,0,0,0,0,0
5380,L21262,L,300.04,309.91,26.89,36.76,1673,28.27,214,0,0,0,0,0
5381,L15072,L,299.14,306.9,25.99,33.75,1938,32.29,217,0,0,0,0,0
5382,L74401,L,300.16,309.92,27.01,36.77,1723,35.99,27,0,0,0,0,0
5383,L71774,L,300.24,311.44,27.09,38.29,1386,35.82,90,0,0,0,0,0
5384,L45165,L,298.09,308.0,24.94,34.85,1578,44.32,215,0,0,0,0,0
5385,M38363,M,299.2,310.73,26.05,37.58,1489,23.33,197,0,0,0,0,0
5386,L42998,L,300.15,310.61,27.0,37.46,1896,31.88,173,0,0,0,0,0
5387,L11410,L,302.37,310.53,29.22,37.38,1754,22.31,24,0,0,0,0,0
5388,H25659,H,300.51,310.62,27.36,37.47,1891,22.13,149,0,0,0,0,0
5389,L40029,L,298.68,308.97,25.53,35.82,1402,48.76,140,0,0,0,0,0
5390,M44851,M,300.8,311.88,27.65,38.73,1728,24.36,40,0,0,0,0,0
5391,L43784,L,303.42,315.23,30.27,42.08,1296,35.07,186,0,0,0,0,0
5392,L55042,L,301.83,312.74,28.68,39.59,1256,50.25,75,0,0,0,0,0
5393,M56486,M,301.1,311.54,27.95,38.39,1466,30.21,149,0,0,0,0,0
5394,L93380,L,301.45,312.13,28.3,38.98,1800,39.98,87,0,0,0,0,0
5395,M34312,M,302.88,312.71,29.73,39.56,1361,47.25,20,0,0,0,0,0
5396,L36681,L,302.15,310.69,29.0,37.54,1532,31.18,126,0,0,0,0,0
5397,L54576,L,301.13,311.18,27.98,38.03,1743,40.71,74,0,0,0,0,0
5398,L41288,L,302.14,312.5,28.99,39.35,1683,18.53,17,1,0,0,1,0
5399,L22464,L,297.84,306.63,24.69,33.48,1923,33.58,48,0,0,0,0,0
5400,M82011,M,297.0,308.32,23.85,35.17,1536,27.34,149,0,0,0,0,0
5401,L67522,L,300.31,311.32,27.16,38.17,1458,35.12,24,0,0,0,0,0
5402,H83785,H,300.14,308.77,26.99,35.62,1343,38.98,21,0,0,0,0,0
5403,H41895,H,298.91,310.28,25.76,37.13,1471,49.21,227,0,0,0,0,0
5404,L86585,L,301.65,311.34,28.5,38.19,1342,38.69,26,0,0,0,0,0
5405,L65110,L,296.27,305.5,23.12,32.35,1221,46.31,90,0,0,0,0,0
5406,M47084,M,298.93,310.01,25.78,36.86,1879,26.99,32,0,0,0,0,0
5407,H76679,H,299.03,308.98,25.88,35.83,1544,29.26,225,1,1,0,0,0
5408,L47035,L,296.73,308.63,23.58,35.48,1989,20.57,115,0,0,0,0,0
5409,L23621,L,302.99,312.14,29.84,38.99,1388,43.75,27,0,0,0,0,0
5410,L95934,L,297.28,305.55,24.13,32.4,1460,39.03,185,0,0,0,0,0
5411,M12308,M,298.82,308.54,25.67,35.39,1399,47.05,187,0,0,0,0,0
5412,L45555,L,301.82,312.61,28.67,39.46,1423,38.33,216,0,0,0,0,0
5413,M65776,M,301.29,310.36,28.14,37.21,1688,32.27,169,0,0,0,0,0
5414,L55686,L,297.78,306.45,24.63,33.3,1634,41.19,13,0,0,0,0,0
5415,L12380,L,301.36,311.59,28.21,38.44,1688,30.96,132,0,0,0,0,0
5416,L41391,L,300.58,309.12,27.43,35.97,1770,20.86,92,0,0,0,0,0
5417,L11508,L,304.67,314.97,31.52,41.82,1729,39.92,180,0,0,0,0,0
5418,L93633,L,300.81,310.47,27.66,37.32,1359,36.76,142,0,0,0,0,0
5419,L84616,L,299.72,310.21,26.57,37.06,1443,40.23,174,0,0,0,0,0
5420,L93566,L,298.29,306.9,25.14,33.75,1556,31.8,43,0,0,0,0,0
5421,L78517,L,298.51,309.81,25.36,36.66,2187,18.41,105,0,0,0,0,0
5422,L93639,L,298.35,308.17,25.2,35.02,1670,19.12,104,1,0,0,1,0
5423,H45262,H,302.74,313.51,29.59,40.36,1554,39.59,235,1,1,0,0,0
5424,L25517,L,300.04,311.0,26.89,37.85,1653,7.51,5,1,0,0,1,0
5425,L10453,L,301.13,309.97,27.98,36.82,1429,50.47,196,0,0,0,0,0
5426,L13634,L,303.03,313.91,29.88,40.76,1581,44.5,23,0,0,0,0,0
5427,H86509,H,295.28,303.86,22.13,30.71,1702,26.39,19,0,0,0,0,0
5428,L45130,L,302.56,311.19,29.41,38.04,1530,50.16,79,0,0,0,0,0
5429,M91362,M,300.11,312.07,26.96,38.92,1403,57.34,168,0,0,0,0,0
5430,M50250,M,300.87,311.98,27.72,38.83,1521,35.47,163,0,0,0,0,0
5431,M74561,M,298.34,310.42,25.19,37.27,1479,42.03,151,0,0,0,0,0
5432,L69135,L,298.49,308.12,25.34,34.97,1298,45.25,186,0,0,0,0,0
5433,M99283,M,300.98,311.08,27.83,37.93,1435,52.04,56,0,0,0,0,0
5434,L97803,L,304.77,315.3,31.62,42.15,1291,33.23,152,0,0,0,0,0
5435,L70083,L,302.01,311.99,28.86,38.84,1319,41.63,153,0,0,0,0,0
5436,M84230,M,302.53,311.78,29.38,38.63,1335,50.26,157,0,0,0,0,0
5437,L59983,L,299.62,308.72,26.47,35.57,1702,40.17,143,0,0,0,0,0
5438,M37481,M,298.8,309.01,25.65,35.86,1796,31.57,53,0,0,0,0,0
5439,L53144,L,298.44,307.37,25.29,34.22,1266,56.39,219,1,1,0,0,1
5440,M58376,M,299.02,307.93,25.87,34.78,1812,33.5,234,1,1,0,0,0
5441,L83995,L,295.89,306.29,22.74,33.14,1338,43.74,165,0,0,0,0,0
5442,L26475,L,298.55,308.46,25.4,35.31,1666,39.97,107,0,0,0,0,0
5443,L11732,L,298.88,309.82,25.73,36.67,1580,35.77,129,0,0,0,0,0
5444,H61436,H,299.65,309.22,26.5,36.07,1646,35.21,26,0,0,0,0,0
5445,L17119,L,300.26,309.68,27.11,36.53,1331,36.75,87,0,0,0,0,0
5446,L90470,L,300.72,311.15,27.57,38.0,1218,70.51,234,1,0,0,0,1
5447,L59671,L,299.97,309.16,26.82,36.01,1394,37.3,131,0,0,0,0,0
5448,M19829,M,298.84,308.18,25.69,35.03,1610,41.43,135,0,0,0,0,0
5449,L68385,L,296.07,305.45,22.92,32.3,1877,45.79,229,1,1,0,1,0
5450,L45882,L,298.85,308.64,25.7,35.49,1355,31.55,213,0,0,0,0,0
5451,L75945,L,298.06,309.83,24.91,36.68,1518,42.64,136,0,0,0,0,0
5452,L25848,L,300.93,309.56,27.78,36.41,1404,41.0,65,0,0,0,0,0
5453,L76573,L,301.82,313.11,28.67,39.96,1532,51.76,28,0,0,0,0,0
5454,L44684,L,301.88,312.61,28.73,39.46,1197,40.59,207,0,0,0,0,0
5455,M31848,M,301.51,313.08,28.36,39.93,1797,25.86,221,1,1,0,0,0
5456,L11793,L,299.73,312.87,26.58,39.72,1539,36.82,119,0,0,0,0,0
5457,L79829,L,298.96,310.39,25.81,37.24,1696,29.84,23,0,0,0,0,0
5458,L85113,L,298.51,309.43,25.36,36.28,1494,34.67,145,0,0,0,0,0
5459,H88612,H,296.99,305.67,23.84,32.52,1568,52.76,88,0,0,0,0,0
5460,H52698,H,301.98,310.8,28.83,37.65,1733,34.09,38,0,0,0,0,0
5461,M97046,M,299.65,310.01,26.5,36.86,1558,30.5,221,1,1,0,0,0
5462,L11247,L,297.51,305.81,24.36,32.66,1564,33.51,57,0,0,0,0,0
5463,L82167,L,298.35,308.96,25.2,35.81,1396,44.28,171,0,0,0,0,0
5464,L67767,L,298.27,306.13,25.12,32.98,1441,42.45,103,0,0,0,0,0
5465,L77482,L,300.09,311.24,26.94,38.09,1358,37.58,199,0,0,0,0,0
5466,L32476,L,302.13,311.81,28.98,38.66,1406,27.73,168,0,0,0,0,0
5467,M30620,M,299.3,309.43,26.15,36.28,1754,32.26,30,0,0,0,0,0
5468,M94355,M,295.49,304.75,22.34,31.6,1852,30.32,108,0,0,0,0,0
5469,M41095,M,299.62,307.72,26.47,34.57,1317,38.34,62,1,0,1,0,0
5470,L33107,L,299.69,310.92,26.54,37.77,1604,45.96,171,0,0,0,0,0
5471,M27689,M,299.55,310.89,26.4,37.74,1479,43.33,131,0,0,0,0,0
5472,L53094,L,298.75,308.39,25.6,35.24,1779,33.28,82,0,0,0,0,0
5473,L36387,L,300.43,311.1,27.28,37.95,1559,33.88,79,0,0,0,0,0
5474,M42728,M,300.13,309.74,26.98,36.59,1534,51.22,27,0,0,0,0,0
5475,L38856,L,299.95,310.24,26.8,37.09,1405,31.55,51,0,0,0,0,0
5476,L64170,L,300.83,311.58,27.68,38.43,1267,41.25,171,0,0,0,0,0
5477,L55759,L,299.14,309.7,25.99,36.55,1668,30.73,146,0,0,0,0,0
5478,M48095,M,299.03,310.37,25.88,37.22,1597,38.27,85,0,0,0,0,0
5479,M51160,M,302.76,313.28,29.61,40.13,1601,41.07,201,0,0,0,0,0
5480,L73302,L,301.12,311.15,27.97,38.0,1430,29.37,116,0,0,0,0,0
5481,M47550,M,301.65,310.89,28.5,37.74,1509,32.48,191,0,0,0,0,0
5482,L32803,L,302.45,311.97,29.3,38.82,1673,37.82,187,0,0,0,0,0
5483,L20792,L,301.05,311.86,27.9,38.71,1707,28.25,204,0,0,0,0,0
5484,M10956,M,301.86,310.35,28.71,37.2,1329,39.91,204,1,0,1,0,0
5485,M35695,M,296.84,307.95,23.69,34.8,1424,41.61,163,0,0,0,0,0
5486,H69456,H,300.41,310.13,27.26,36.98,1292,36.52,180,0,0,0,0,0
5487,L44120,L,299.63,308.82,26.48,35.67,1570,38.71,186,0,0,0,0,0
5488,M35298,M,303.36,312.26,30.21,39.11,1690,38.81,41,0,0,0,0,0
5489,M12215,M,301.86,312.53,28.71,39.38,1486,38.86,72,0,0,0,0,0
5490,H95219,H,298.74,308.72,25.59,35.57,1419,51.78,25,0,0,0,0,0
5491,L66929,L,300.75,312.33,27.6,39.18,1476,44.61,45,0,0,0,0,0
5492,M68165,M,300.34,309.07,27.19,35.92,1939,29.23,187,0,0,0,0,0
5493,L27889,L,300.91,310.33,27.76,37.18,1744,30.29,227,1,1,0,0,0
5494,L95398,L,297.96,307.87,24.81,34.72,1663,48.49,162,0,0,0,0,0
5495,L65744,L,300.72,309.97,27.57,36.82,1591,30.72,213,0,0,0,0,0
5496,L64691,L,299.54,309.55,26.39,36.4,1533,35.2,76,0,0,0,0,0
5497,L61007,L,300.56,310.88,27.41,37.73,1376,38.35,203,0,0,0,0,0
5498,M43116,M,298.55,309.04,25.4,35.89,1349,45.65,81,0,0,0,0,0
5499,L83942,L,298.83,310.34,25.68,37.19,1436,57.95,215,1,0,0,0,1
5500,M59838,M,302.35,311.04,29.2,37.89,1368,43.85,192,0,0,0,0,0
5501,L80998,L,297.9,308.23,24.75,35.08,1429,37.53,236,1,1,0,0,0
5502,L20138,L,298.04,307.4,24.89,34.25,1517,39.27,199,0,0,0,0,0
5503,L62886,L,299.9,310.33,26.75,37.18,1531,26.93,96,0,0,0,0,0
5504,L88150,L,298.46,308.89,25.31,35.74,1426,38.66,26,0,0,0,0,0
5505,L23652,L,298.23,307.24,25.08,34.09,1622,48.96,210,0,0,0,0,0
5506,L97468,L,300.21,309.31,27.06,36.16,1502,43.44,137,0,0,0,0,0
5507,L19590,L,296.99,307.5,23.84,34.35,1573,46.28,206,0,0,0,0,0
5508,L30179,L,297.98,308.01,24.83,34.86,1405,48.9,93,0,0,0,0,0
5509,L70411,L,304.11,313.89,30.96,40.74,1656,28.92,7,0,0,0,0,0
5510,L29831,L,300.92,311.58,27.77,38.43,1441,55.05,13,0,0,0,0,0
5511,L83759,L,298.51,309.24,25.36,36.09,1816,17.33,161,1,0,0,1,0
5512,H66998,H,300.84,310.31,27.69,37.16,1496,40.97,27,0,0,0,0,0
5513,M62661,M,301.13,310.28,27.98,37.13,1518,21.26,179,1,0,0,1,0
5514,M57659,M,301.99,310.73,28.84,37.58,1639,21.25,101,0,0,0,0,0
5515,L94031,L,299.75,309.78,26.6,36.63,1677,41.65,135,0,0,0,0,0
5516,M39381,M,301.95,310.53,28.8,37.38,1696,28.25,192,0,0,0,0,0
5517,M95748,M,295.92,306.02,22.77,32.87,1846,41.0,61,0,0,0,0,0
5518,M59745,M,297.89,309.1,24.74,35.95,1651,17.31,99,1,0,0,1,0
5519,L32917,L,300.33,309.97,27.18,36.82,1523,36.91,175,0,0,0,0,0
5520,M57879,M,300.66,310.12,27.51,36.97,1442,30.0,220,1,1,0,0,0
5521,M76421,M,298.18,310.17,25.03,37.02,1512,35.28,70,0,0,0,0,0
5522,L92497,L,300.52,312.03,27.37,38.88,1795,44.31,149,0,0,0,0,0
5523,M45693,M,298.75,307.99,25.6,34.84,1292,58.67,228,1,1,0,0,1
5524,L46798,L,299.45,309.59,26.3,36.44,1392,45.27,156,0,0,0,0,0
5525,L53987,L,302.05,312.38,28.9,39.23,1497,25.53,214,0,0,0,0,0
5526,L27577,L,301.82,312.02,28.67,38.87,1389,31.59,226,0,0,0,0,0
5527,M37511,M,298.01,309.82,24.86,36.67,1463,40.43,223,0,0,0,0,0
5528,L33756,L,297.89,307.97,24.74,34.82,1851,24.51,182,0,0,0,0,0
5529,L81525,L,299.18,309.41,26.03,36.26,1483,43.9,133,0,0,0,0,0
5530,L19671,L,299.95,310.64,26.8,37.49,1607,49.06,23,0,0,0,0,0
5531,L29033,L,298.68,309.87,25.53,36.72,1245,38.17,53,0,0,0,0,0
5532,L79821,L,302.08,313.02,28.93,39.87,1342,35.53,61,0,0,0,0,0
5533,M96473,M,300.69,311.23,27.54,38.08,1698,24.3,8,0,0,0,0,0
5534,M47320,M,300.81,309.25,27.66,36.1,1827,29.33,24,0,0,0,0,0
5535,L48875,L,297.47,306.98,24.32,33.83,1574,36.83,71,0,0,0,0,0
5536,L46486,L,302.33,313.15,29.18,40.0,1481,38.85,22,0,0,0,0,0
5537,L69488,L,294.36,304.61,21.21,31.46,1622,42.51,41,0,0,0,0,0
5538,M84608,M,301.67,312.49,28.52,39.34,1100,55.23,13,0,0,0,0,0
5539,L37660,L,301.87,313.76,28.72,40.61,1575,35.91,100,0,0,0,0,0
5540,L54001,L,299.14,307.96,25.99,34.81,1352,42.71,197,0,0,0,0,0
5541,L29594,L,302.55,313.68,29.4,40.53,1674,34.91,195,0,0,0,0,0
5542,M39166,M,299.87,309.54,26.72,36.39,1151,49.3,217,0,0,0,0,0
5543,M45055,M,300.12,311.06,26.97,37.91,1425,34.79,179,0,0,0,0,0
5544,M22764,M,300.68,310.64,27.53,37.49,1528,27.88,59,0,0,0,0,0
5545,M97535,M,306.37,318.5,33.22,45.35,1402,42.01,169,0,0,0,0,0
5546,L35850,L,302.69,312.82,29.54,39.67,1469,35.0,181,0,0,0,0,0
5547,L98174,L,301.4,310.76,28.25,37.61,1693,38.04,130,0,0,0,0,0
5548,L81678,L,298.17,308.59,25.02,35.44,1531,38.01,194,0,0,0,0,0
5549,L44778,L,300.29,310.61,27.14,37.46,1372,41.88,17,0,0,0,0,0
5550,L20456,L,298.37,309.51,25.22,36.36,1700,41.59,143,0,0,0,0,0
5551,L52606,L,301.64,312.09,28.49,38.94,1579,25.05,115,0,0,0,0,0
5552,L73026,L,300.28,312.76,27.13,39.61,1586,50.28,193,0,0,0,0,0
5553,H82206,H,297.75,307.64,24.6,34.49,1379,24.07,31,1,0,0,1,0
5554,M89425,M,300.16,310.06,27.01,36.91,1100,63.69,51,0,0,0,0,0
5555,M61070,M,298.3,307.7,25.15,34.55,1376,43.23,134,0,0,0,0,0
5556,M54429,M,300.3,310.39,27.15,37.24,1359,37.98,227,0,0,0,0,0
5557,L45853,L,298.28,308.51,25.13,35.36,1428,28.36,20,0,0,0,0,0
5558,M19965,M,300.05,310.34,26.9,37.19,1388,36.49,178,0,0,0,0,0
5559,L78470,L,301.5,311.57,28.35,38.42,1555,35.54,49,0,0,0,0,0
5560,M42680,M,299.89,309.28,26.74,36.13,1689,35.48,25,0,0,0,0,0
5561,L93323,L,299.22,308.34,26.07,35.19,1723,44.81,95,0,0,0,0,0
5562,H68519,H,300.41,310.03,27.26,36.88,1682,34.66,140,0,0,0,0,0
5563,L31793,L,301.39,312.54,28.24,39.39,1378,44.14,198,0,0,0,0,0
5564,L34223,L,297.79,309.14,24.64,35.99,1545,39.88,152,0,0,0,0,0
5565,H38717,H,300.52,310.44,27.37,37.29,1809,29.05,118,0,0,0,0,0
5566,L39717,L,302.64,311.69,29.49,38.54,1258,44.02,69,0,0,0,0,0
5567,M30694,M,301.15,311.07,28.0,37.92,1771,31.5,70,0,0,0,0,0
5568,M33327,M,300.12,312.21,26.97,39.06,1361,47.12,185,0,0,0,0,0
5569,M92088,M,301.28,312.28,28.13,39.13,1586,28.81,27,0,0,0,0,0
5570,H96836,H,300.9,311.46,27.75,38.31,1607,31.6,35,0,0,0,0,0
5571,H58022,H,301.51,312.47,28.36,39.32,1568,39.39,173,0,0,0,0,0
5572,L57010,L,295.95,307.49,22.8,34.34,1925,21.15,231,1,1,0,0,0
5573,M57192,M,296.89,305.74,23.74,32.59,1482,39.56,29,0,0,0,0,0
5574,M94724,M,302.01,311.62,28.86,38.47,1248,41.54,146,0,0,0,0,0
5575,M17082,M,296.99,306.46,23.84,33.31,1597,39.91,57,0,0,0,0,0
5576,L77389,L,300.8,311.39,27.65,38.24,1505,49.05,6,0,0,0,0,0
5577,M80396,M,299.3,309.46,26.15,36.31,1632,30.75,200,0,0,0,0,0
5578,H59245,H,298.01,308.76,24.86,35.61,1689,39.98,122,0,0,0,0,0
5579,H64712,H,300.7,310.19,27.55,37.04,1529,39.07,6,0,0,0,0,0
5580,L80365,L,300.4,311.77,27.25,38.62,1611,32.49,215,0,0,0,0,0
5581,L92114,L,304.22,314.15,31.07,41.0,1560,36.78,129,0,0,0,0,0
5582,L39183,L,298.75,309.44,25.6,36.29,1849,41.38,177,0,0,0,0,0
5583,M76206,M,302.88,314.08,29.73,40.93,1470,37.6,102,0,0,0,0,0
5584,M36037,M,300.7,311.82,27.55,38.67,1415,50.97,44,0,0,0,0,0
5585,L81330,L,298.68,309.04,25.53,35.89,1689,32.96,112,0,0,0,0,0
5586,L78757,L,301.6,312.42,28.45,39.27,1372,30.45,69,0,0,0,0,0
5587,L30878,L,301.13,312.87,27.98,39.72,1604,34.55,71,0,0,0,0,0
5588,L99415,L,300.07,310.59,26.92,37.44,1505,26.14,155,0,0,0,0,0
5589,H61889,H,300.53,309.8,27.38,36.65,1517,35.22,23,0,0,0,0,0
5590,M19968,M,298.81,309.39,25.66,36.24,1962,26.36,95,0,0,0,0,0
5591,L25399,L,298.35,308.31,25.2,35.16,1751,47.26,131,0,0,0,0,0
5592,L30343,L,301.52,309.17,28.37,36.02,1714,46.31,170,0,0,0,0,0
5593,L60096,L,299.55,310.01,26.4,36.86,1628,35.88,152,0,0,0,0,0
5594,H59888,H,299.84,309.96,26.69,36.81,1414,50.21,213,0,0,0,0,0
5595,L98803,L,300.56,311.72,27.41,38.57,1581,33.06,238,0,0,0,0,0
5596,L85633,L,300.53,309.78,27.38,36.63,1637,23.58,225,0,0,0,0,0
5597,L69784,L,297.14,305.64,23.99,32.49,1570,40.72,183,0,0,0,0,0
5598,M67825,M,302.57,312.74,29.42,39.59,1552,39.82,165,0,0,0,0,0
5599,M97167,M,300.24,310.62,27.09,37.47,1465,31.6,9,0,0,0,0,0
5600,M66746,M,299.59,309.69,26.44,36.54,1583,29.05,128,1,0,0,0,0
5601,L25933,L,300.86,310.88,27.71,37.73,1443,47.22,159,0,0,0,0,0
5602,L26147,L,300.47,309.4,27.32,36.25,1658,21.09,99,0,0,0,0,0
5603,L35234,L,301.53,311.4,28.38,38.25,1182,52.93,92,0,0,0,0,0
5604,M49135,M,301.08,310.73,27.93,37.58,1773,29.8,130,0,0,0,0,0
5605,L12929,L,301.44,312.51,28.29,39.36,1305,48.37,218,1,1,0,0,0
5606,L99561,L,302.7,313.08,29.55,39.93,1348,50.4,63,0,0,0,0,0
5607,M32280,M,301.77,311.49,28.62,38.34,1607,28.67,96,0,0,0,0,0
5608,M22131,M,299.68,311.4,26.53,38.25,1629,26.04,157,0,0,0,0,0
5609,L53068,L,297.75,307.49,24.6,34.34,1899,41.91,45,0,0,0,0,0
5610,L86065,L,303.34,313.89,30.19,40.74,1587,35.65,200,0,0,0,0,0
5611,L29563,L,299.52,309.36,26.37,36.21,1528,40.12,160,0,0,0,0,0
5612,M17365,M,299.05,310.68,25.9,37.53,1568,43.82,85,0,0,0,0,0
5613,M59568,M,296.53,306.61,23.38,33.46,1813,23.91,173,0,0,0,0,0
5614,L78694,L,300.68,310.79,27.53,37.64,1959,36.46,67,0,0,0,0,0
5615,L36170,L,300.3,310.16,27.15,37.01,1503,43.25,186,0,0,0,0,0
5616,M61526,M,296.97,307.17,23.82,34.02,1630,46.91,17,0,0,0,0,0
5617,M65757,M,300.91,312.11,27.76,38.96,1522,49.27,102,0,0,0,0,0
5618,L60228,L,299.0,309.85,25.85,36.7,1519,38.24,63,0,0,0,0,0
5619,L76815,L,305.38,315.41,32.23,42.26,1864,36.77,196,0,0,0,0,0
5620,L78179,L,298.86,310.56,25.71,37.41,1373,42.09,181,0,0,0,0,0
5621,L37947,L,299.13,310.0,25.98,36.85,1127,52.02,202,0,0,0,0,0
5622,H51884,H,298.25,307.81,25.1,34.66,1591,26.99,156,0,0,0,0,0
5623,M99949,M,302.56,311.18,29.41,38.03,1745,31.03,191,0,0,0,0,0
5624,M71421,M,299.25,308.84,26.1,35.69,1573,22.06,105,0,0,0,0,0
5625,L92521,L,298.55,308.96,25.4,35.81,1623,34.21,163,0,0,0,0,0
5626,M65128,M,301.41,312.01,28.26,38.86,1667,44.94,7,0,0,0,0,0
5627,L31085,L,297.24,308.6,24.09,35.45,1554,43.08,211,0,0,0,0,0
5628,L94129,L,301.25,310.16,28.1,37.01,1632,36.0,164,0,0,0,0,0
5629,L42240,L,303.56,313.12,30.41,39.97,1629,33.55,208,0,0,0,0,0
5630,L13602,L,301.13,309.96,27.98,36.81,1192,43.73,185,0,0,0,0,0
5631,M86266,M,301.28,309.94,28.13,36.79,1555,29.5,69,0,0,0,0,0
5632,L22317,L,301.74,311.11,28.59,37.96,1260,52.03,65,0,0,0,0,0
5633,L50199,L,303.42,313.79,30.27,40.64,1528,25.21,192,0,0,0,0,0
5634,L77549,L,302.42,313.19,29.27,40.04,1448,27.1,44,0,0,0,0,0
5635,L56353,L,300.88,309.93,27.73,36.78,1716,40.62,27,0,0,0,0,0
5636,L19174,L,301.81,311.0,28.66,37.85,1578,37.98,4,0,0,0,0,0
5637,L39499,L,298.23,306.45,25.08,33.3,1618,35.77,72,0,0,0,0,0
5638,M38759,M,301.55,311.77,28.4,38.62,1501,39.82,24,0,0,0,0,0
5639,L80443,L,297.99,307.26,24.84,34.11,1719,49.41,192,0,0,0,0,0
5640,L60283,L,299.27,310.93,26.12,37.78,1255,46.09,116,0,0,0,0,0
5641,L60541,L,293.83,304.24,20.68,31.09,1378,43.92,61,0,0,0,0,0
5642,M67295,M,300.8,310.63,27.65,37.48,1760,49.02,145,1,0,0,1,0
5643,L12567,L,298.71,308.07,25.56,34.92,1459,38.77,17,0,0,0,0,0
5644,L12985,L,302.22,310.73,29.07,37.58,1159,63.23,174,1,0,1,0,1
5645,L52829,L,300.78,309.41,27.63,36.26,1789,15.17,120,1,0,0,1,0
5646,L61987,L,302.25,311.63,29.1,38.48,1723,23.95,2,0,0,0,0,0
5647,L71151,L,297.83,307.13,24.68,33.98,1659,29.18,77,0,0,0,0,0
5648,M88663,M,302.08,311.08,28.93,37.93,1552,41.6,180,0,0,0,0,0
5649,M79441,M,304.21,314.59,31.06,41.44,1826,45.58,45,0,0,0,0,0
5650,L47859,L,301.53,312.04,28.38,38.89,1755,27.92,231,0,0,0,0,0
5651,M69990,M,301.58,311.12,28.43,37.97,1806,39.55,215,0,0,0,0,0
5652,M16960,M,300.34,312.27,27.19,39.12,1657,52.48,187,1,0,0,1,0
5653,L96209,L,298.95,307.2,25.8,34.05,1556,49.33,19,0,0,0,0,0
5654,L23659,L,301.52,311.58,28.37,38.43,1465,35.87,85,0,0,0,0,0
5655,L11732,L,296.99,306.77,23.84,33.62,1313,50.59,72,0,0,0,0,0
5656,L83088,L,299.16,308.61,26.01,35.46,1623,38.02,33,0,0,0,0,0
5657,M99286,M,296.46,305.76,23.31,32.61,1637,29.72,240,1,1,0,0,0
5658,M22853,M,298.59,308.59,25.44,35.44,1474,42.29,35,0,0,0,0,0
5659,H92939,H,301.28,311.06,28.13,37.91,1642,31.1,76,0,0,0,0,0
5660,M98022,M,301.01,310.62,27.86,37.47,1477,39.79,211,0,0,0,0,0
5661,L53735,L,300.1,308.8,26.95,35.65,1687,22.94,35,0,0,0,0,0
5662,L86825,L,300.34,308.72,27.19,35.57,1381,27.4,113,0,0,0,0,0
5663,M21085,M,296.23,305.94,23.08,32.79,1350,40.14,234,1,1,0,0,0
5664,L65770,L,299.25,308.85,26.1,35.7,1493,40.92,59,0,0,0,0,0
5665,M66085,M,298.64,308.44,25.49,35.29,1680,25.08,169,0,0,0,0,0
5666,M81856,M,298.68,308.57,25.53,35.42,1332,47.22,19,0,0,0,0,0
5667,M84348,M,301.2,310.68,28.05,37.53,1719,33.68,144,0,0,0,0,0
5668,M32672,M,298.28,308.07,25.13,34.92,1248,51.13,81,0,0,0,0,0
5669,L78189,L,298.79,307.94,25.64,34.79,1492,45.97,168,0,0,0,0,0
5670,M81099,M,295.83,307.35,22.68,34.2,1288,55.24,104,0,0,0,0,0
5671,M24804,M,299.41,308.61,26.26,35.46,1100,56.91,72,0,0,0,0,0
5672,L44439,L,297.82,307.45,24.67,34.3,1599,33.47,131,0,0,0,0,0
5673,M55244,M,300.16,309.43,27.01,36.28,1504,39.61,34,0,0,0,0,0
5674,L86860,L,298.1,307.36,24.95,34.21,1291,63.03,195,1,0,0,0,1
5675,H40465,H,300.21,310.23,27.06,37.08,1445,47.55,180,0,0,0,0,0
5676,L51007,L,299.71,309.61,26.56,36.46,1612,36.11,131,0,0,0,0,0
5677,L29188,L,303.34,312.88,30.19,39.73,1471,37.76,88,0,0,0,0,0
5678,L29260,L,300.99,310.71,27.84,37.56,1500,33.41,220,1,1,0,0,0
5679,M81045,M,296.32,305.6,23.17,32.45,1465,29.6,152,0,0,0,0,0
5680,L42268,L,297.47,307.87,24.32,34.72,1433,53.65,68,0,0,0,0,0
5681,L59564,L,300.11,312.17,26.96,39.02,1431,43.87,194,0,0,0,0,0
5682,L77646,L,298.14,307.27,24.99,34.12,1426,30.04,152,0,0,0,0,0
5683,H25202,H,294.06,304.46,20.91,31.31,1403,39.83,30,0,0,0,0,0
5684,L80365,L,302.7,312.74,29.55,39.59,1357,52.39,27,0,0,0,0,0
5685,L34109,L,301.44,312.11,28.29,38.96,1469,35.44,225,1,1,0,0,0
5686,M51377,M,301.04,311.74,27.89,38.59,1423,33.75,69,0,0,0,0,0
5687,L61539,L,298.79,308.99,25.64,35.84,1347,45.38,159,0,0,0,0,0
5688,H54137,H,300.86,310.82,27.71,37.67,1669,39.59,9,0,0,0,0,0
5689,L48798,L,298.59,308.16,25.44,35.01,1751,29.16,134,0,0,0,0,0
5690,M18057,M,300.41,309.64,27.26,36.49,1535,32.53,55,0,0,0,0,0
5691,L36953,L,298.16,308.06,25.01,34.91,1547,40.73,34,0,0,0,0,0
5692,L15356,L,303.03,311.75,29.88,38.6,1414,31.53,186,0,0,0,0,0
5693,M26663,M,296.86,306.27,23.71,33.12,1722,28.97,194,0,0,0,0,0
5694,L45665,L,302.46,313.57,29.31,40.42,1839,30.19,172,0,0,0,0,0
5695,M90817,M,300.08,310.18,26.93,37.03,1506,43.95,3,0,0,0,0,0
5696,L20976,L,299.02,309.91,25.87,36.76,1444,36.26,68,0,0,0,0,0
5697,L72863,L,300.33,311.8,27.18,38.65,1595,40.43,87,0,0,0,0,0
5698,L25280,L,301.47,311.29,28.32,38.14,1558,46.11,166,0,0,0,0,0
5699,H35346,H,302.73,312.94,29.58,39.79,1447,35.53,181,0,0,0,0,0
5700,L96743,L,300.63,310.32,27.48,37.17,1617,61.21,151,1,0,0,1,0
5701,L87618,L,298.22,307.41,25.07,34.26,1699,45.08,189,0,0,0,0,0
5702,L96396,L,300.11,309.16,26.96,36.01,1397,43.18,103,0,0,0,0,0
5703,L22777,L,303.63,314.48,30.48,41.33,1980,27.49,130,0,0,0,0,0
5704,L70040,L,302.7,312.9,29.55,39.75,1267,40.79,15,0,0,0,0,0
5705,H31730,H,301.82,313.66,28.67,40.51,1386,54.63,103,0,0,0,0,0
5706,L50463,L,301.59,312.56,28.44,39.41,1576,38.04,104,0,0,0,0,0
5707,M97240,M,301.4,310.67,28.25,37.52,1928,18.2,147,0,0,0,0,0
5708,L90286,L,302.32,313.16,29.17,40.01,1437,26.19,91,0,0,0,0,0
5709,M21568,M,299.09,308.78,25.94,35.63,1348,43.39,57,0,0,0,0,0
5710,H10773,H,297.29,308.51,24.14,35.36,1631,36.2,57,0,0,0,0,0
5711,L39542,L,300.14,309.65,26.99,36.5,1491,31.08,32,0,0,0,0,0
5712,H89987,H,298.36,307.31,25.21,34.16,1651,22.58,168,0,0,0,0,0
5713,L60668,L,297.89,307.09,24.74,33.94,1523,21.93,149,1,0,0,1,0
5714,H61884,H,298.56,307.81,25.41,34.66,1385,35.29,139,0,0,0,0,0
5715,M32627,M,304.97,314.13,31.82,40.98,1946,26.54,127,0,0,0,0,0
5716,L19048,L,300.27,309.7,27.12,36.55,1100,57.62,88,0,0,0,0,0
5717,L73260,L,300.72,311.58,27.57,38.43,1854,29.87,184,0,0,0,0,0
5718,L21548,L,297.56,309.35,24.41,36.2,1698,42.25,221,1,1,0,0,0
5719,L46982,L,296.31,304.98,23.16,31.83,1405,45.63,106,0,0,0,0,0
5720,L88805,L,298.36,309.63,25.21,36.48,1863,34.87,98,0,0,0,0,0
5721,L23415,L,302.88,312.4,29.73,39.25,1295,52.08,39,0,0,0,0,0
5722,L21464,L,300.67,311.02,27.52,37.87,1711,22.38,161,0,0,0,0,0
5723,M28516,M,301.2,309.54,28.05,36.39,1171,44.66,134,1,0,1,0,0
5724,L33278,L,301.48,312.0,28.33,38.85,1334,62.15,237,1,0,0,0,1
5725,L10487,L,298.82,306.81,25.67,33.66,1334,27.7,140,1,0,1,0,0
5726,M56346,M,302.78,313.09,29.63,39.94,1404,38.44,69,0,0,0,0,0
5727,L90460,L,298.73,308.99,25.58,35.84,1537,41.09,135,0,0,0,0,0
5728,L26531,L,302.81,313.0,29.66,39.85,1390,26.19,236,1,1,0,0,0
5729,L58312,L,300.88,310.15,27.73,37.0,1179,42.59,174,0,0,0,0,0
5730,H15547,H,296.42,306.97,23.27,33.82,1616,51.42,31,0,0,0,0,0
5731,M74496,M,298.5,308.9,25.35,35.75,1544,38.48,82,0,0,0,0,0
5732,L22159,L,296.43,306.22,23.28,33.07,1607,31.07,72,0,0,0,0,0
5733,M48816,M,302.33,313.0,29.18,39.85,1565,38.29,206,0,0,0,0,0
5734,L68070,L,299.95,309.85,26.8,36.7,1702,29.05,147,0,0,0,0,0
5735,M40531,M,295.54,306.07,22.39,32.92,1522,51.35,194,0,0,0,0,0
5736,M78844,M,300.75,310.63,27.6,37.48,1712,25.54,42,0,0,0,0,0
5737,M86022,M,298.93,309.14,25.78,35.99,1399,36.77,218,1,1,0,0,0
5738,L19742,L,297.03,307.61,23.88,34.46,1409,28.72,14,0,0,0,0,0
5739,L47762,L,303.36,312.96,30.21,39.81,1776,29.9,90,0,0,0,0,0
5740,L17618,L,300.21,308.98,27.06,35.83,1772,30.93,3,0,0,0,0,0
5741,M86760,M,299.41,309.69,26.26,36.54,1635,44.6,44,0,0,0,0,0
5742,L78949,L,299.2,310.39,26.05,37.24,1379,33.4,231,1,1,0,0,0
5743,M42906,M,296.97,307.27,23.82,34.12,1365,45.83,19,0,0,0,0,0
5744,H81175,H,297.39,307.71,24.24,34.56,1767,33.11,35,0,0,0,0,0
5745,L98100,L,302.57,312.53,29.42,39.38,1758,17.46,222,1,0,0,1,0
5746,M95247,M,299.05,309.79,25.9,36.64,1524,31.8,170,0,0,0,0,0
5747,M37250,M,300.04,309.86,26.89,36.71,1945,23.34,98,0,0,0,0,0
5748,H70437,H,295.91,305.46,22.76,32.31,1615,48.93,17,0,0,0,0,0
5749,H72009,H,297.36,308.47,24.21,35.32,1341,47.08,188,0,0,0,0,0
5750,M78298,M,301.22,310.69,28.07,37.54,1487,39.69,118,0,0,0,0,0
5751,L40230,L,300.76,311.64,27.61,38.49,1536,3.8,78,1,0,0,1,0
5752,M38257,M,303.51,314.61,30.36,41.46,1550,21.7,87,0,0,0,0,0
5753,L94001,L,302.69,313.25,29.54,40.1,1754,38.49,121,0,0,0,0,0
5754,M41977,M,299.54,308.29,26.39,35.14,1368,48.15,132,0,0,0,0,0
5755,H29633,H,300.95,310.97,27.8,37.82,1302,38.07,196,0,0,0,0,0
5756,L76606,L,299.37,309.16,26.22,36.01,1640,35.15,185,0,0,0,0,0
5757,M79079,M,304.11,313.61,30.96,40.46,1446,39.27,184,0,0,0,0,0
5758,L75200,L,302.3,312.44,29.15,39.29,1959,30.6,175,0,0,0,0,0
5759,L17042,L,300.34,311.11,27.19,37.96,1700,30.73,182,0,0,0,0,0
5760,L36176,L,300.4,309.94,27.25,36.79,1443,46.23,163,0,0,0,0,0
5761,M52769,M,302.89,312.72,29.74,39.57,1747,41.64,208,0,0,0,0,0
5762,H17603,H,301.16,310.92,28.01,37.77,1663,26.78,134,0,0,0,0,0
5763,H47826,H,303.12,314.28,29.97,41.13,1646,25.26,125,0,0,0,0,0
5764,L56586,L,295.61,305.36,22.46,32.21,1514,31.48,168,0,0,0,0,0
5765,M11495,M,300.92,309.69,27.77,36.54,1609,36.01,40,0,0,0,0,0
5766,M12072,M,298.97,307.4,25.82,34.25,1167,51.94,186,1,0,1,0,0
5767,L23057,L,303.51,313.88,30.36,40.73,1765,38.76,225,0,0,0,0,0
5768,L65481,L,303.09,312.33,29.94,39.18,1100,59.86,71,0,0,0,0,0
5769,L52056,L,300.07,310.73,26.92,37.58,1458,42.21,147,0,0,0,0,0
5770,H20102,H,303.07,311.74,29.92,38.59,1256,47.46,8,0,0,0,0,0
5771,M18847,M,303.57,313.03,30.42,39.88,1447,52.78,184,0,0,0,0,0
5772,M74702,M,300.15,308.82,27.0,35.67,1522,37.68,134,0,0,0,0,0
5773,L24890,L,304.94,315.38,31.79,42.23,1326,47.94,162,0,0,0,0,0
5774,M15736,M,299.94,310.59,26.79,37.44,1100,54.65,34,0,0,0,0,0
5775,L38687,L,299.57,309.91,26.42,36.76,1571,35.08,194,0,0,0,0,0
5776,L65814,L,301.73,310.65,28.58,37.5,1900,28.82,61,0,0,0,0,0
5777,M43946,M,299.29,308.55,26.14,35.4,1474,49.46,164,0,0,0,0,0
5778,L20374,L,300.17,310.4,27.02,37.25,1703,32.92,142,0,0,0,0,0
5779,M23653,M,302.82,311.13,29.67,37.98,1798,29.04,157,0,0,0,0,0
5780,L40525,L,300.04,309.8,26.89,36.65,1202,41.75,12,0,0,0,0,0
5781,M90189,M,296.61,308.13,23.46,34.98,1455,42.76,178,0,0,0,0,0
5782,L24650,L,300.73,310.55,27.58,37.4,1312,39.59,191,0,0,0,0,0
5783,L79842,L,298.61,307.12,25.46,33.97,1394,43.76,114,0,0,0,0,0
5784,L22185,L,301.73,311.12,28.58,37.97,1833,32.68,98,0,0,0,0,0
5785,L69388,L,301.39,310.76,28.24,37.61,1574,32.98,82,0,0,0,0,0
5786,H17184,H,302.94,315.08,29.79,41.93,1673,23.08,223,0,0,0,0,0
5787,L63502,L,301.82,313.48,28.67,40.33,1527,29.28,181,0,0,0,0,0
5788,M64799,M,302.18,312.91,29.03,39.76,1323,36.33,168,0,0,0,0,0
5789,H53448,H,298.66,308.32,25.51,35.17,1654,26.62,222,0,0,0,0,0
5790,L80653,L,301.61,312.81,28.46,39.66,1754,36.3,84,0,0,0,0,0
5791,L68124,L,303.94,312.8,30.79,39.65,1591,53.06,151,0,0,0,0,0
5792,M36849,M,298.62,309.7,25.47,36.55,1621,31.27,165,0,0,0,0,0
5793,H69356,H,303.6,314.53,30.45,41.38,1319,40.37,239,0,0,0,0,0
5794,H32108,H,298.9,308.75,25.75,35.6,1659,29.87,103,0,0,0,0,0
5795,L90971,L,298.3,309.44,25.15,36.29,1771,39.22,96,0,0,0,0,0
5796,M77317,M,300.59,310.15,27.44,37.0,1606,39.09,20,0,0,0,0,0
5797,L94533,L,301.43,310.17,28.28,37.02,1221,46.81,24,0,0,0,0,0
5798,H27373,H,301.82,312.8,28.67,39.65,1821,21.75,123,0,0,0,0,0
5799,H70336,H,298.08,307.99,24.93,34.84,1370,34.09,41,0,0,0,0,0
5800,L11948,L,300.87,311.47,27.72,38.32,1603,37.15,18,0,0,0,0,0
5801,L26316,L,298.63,310.45,25.48,37.3,1702,35.45,232,1,1,0,0,0
5802,L94724,L,297.02,306.3,23.87,33.15,1724,33.11,228,1,1,0,0,0
5803,L57210,L,298.14,308.0,24.99,34.85,1220,52.28,78,0,0,0,0,0
5804,M59455,M,298.5,310.07,25.35,36.92,1556,27.05,190,0,0,0,0,0
5805,L88061,L,301.04,311.71,27.89,38.56,1544,39.54,209,0,0,0,0,0
5806,L28186,L,302.3,311.6,29.15,38.45,1787,34.05,112,0,0,0,0,0
5807,L86714,L,297.05,306.1,23.9,32.95,1615,27.81,54,0,0,0,0,0
5808,H10269,H,300.7,310.18,27.55,37.03,1788,27.2,31,0,0,0,0,0
5809,M40239,M,297.65,306.91,24.5,33.76,1629,40.71,34,0,0,0,0,0
5810,L49095,L,301.26,311.5,28.11,38.35,1522,28.54,191,0,0,0,0,0
5811,L16220,L,298.75,308.83,25.6,35.68,1569,56.23,92,1,0,0,1,0
5812,H16879,H,297.9,308.18,24.75,35.03,1802,36.25,166,0,0,0,0,0
5813,M14273,M,301.6,310.76,28.45,37.61,1308,43.34,129,0,0,0,0,0
5814,L44056,L,298.83,308.76,25.68,35.61,1694,31.81,95,0,0,0,0,0
5815,L52910,L,299.37,307.31,26.22,34.16,1425,46.51,30,0,0,0,0,0
5816,L12994,L,295.56,305.71,22.41,32.56,1388,38.0,80,0,0,0,0,0
5817,L54209,L,301.89,313.07,28.74,39.92,1714,30.46,202,0,0,0,0,0
5818,L38776,L,301.64,310.22,28.49,37.07,1380,53.13,195,0,0,0,0,0
5819,H31456,H,300.01,310.49,26.86,37.34,1601,32.02,7,0,0,0,0,0
5820,L81372,L,296.94,306.33,23.79,33.18,1449,40.62,34,0,0,0,0,0
5821,M33671,M,302.42,313.22,29.27,40.07,1123,44.96,181,0,0,0,0,0
5822,L98477,L,298.67,308.83,25.52,35.68,1619,37.47,81,0,0,0,0,0
5823,M55677,M,299.09,309.5,25.94,36.35,1557,41.44,154,0,0,0,0,0
5824,M80530,M,304.62,314.69,31.47,41.54,1201,61.18,135,0,0,0,0,0
5825,L16837,L,298.59,309.92,25.44,36.77,1413,33.06,156,0,0,0,0,0
5826,L57084,L,301.48,311.83,28.33,38.68,1219,35.43,13,0,0,0,0,0
5827,M88997,M,301.12,310.42,27.97,37.27,1663,32.32,223,0,0,0,0,0
5828,L97728,L,300.78,310.88,27.63,37.73,1778,27.29,5,0,0,0,0,0
5829,L31558,L,300.56,310.2,27.41,37.05,1684,33.91,2,0,0,0,0,0
5830,L67173,L,300.75,310.92,27.6,37.77,1708,37.72,54,0,0,0,0,0
5831,H20079,H,300.54,310.12,27.39,36.97,1444,57.79,238,1,0,0,0,1
5832,L88655,L,299.9,309.22,26.75,36.07,1631,31.52,17,0,0,0,0,0
5833,M55911,M,303.02,313.22,29.87,40.07,1533,19.68,210,1,0,0,1,0
5834,L45400,L,297.37,307.43,24.22,34.28,1567,34.65,38,0,0,0,0,0
5835,M66920,M,302.04,313.11,28.89,39.96,1703,36.46,26,0,0,0,0,0
5836,L57189,L,301.64,311.23,28.49,38.08,1741,25.16,187,0,0,0,0,0
5837,M80807,M,301.4,309.42,28.25,36.27,1467,40.93,203,0,0,0,0,0
5838,L92987,L,302.23,311.87,29.08,38.72,1289,45.56,190,0,0,0,0,0
5839,M70038,M,299.81,308.19,26.66,35.04,1502,40.22,58,0,0,0,0,0
5840,M74251,M,296.26,306.68,23.11,33.53,1497,44.61,211,0,0,0,0,0
5841,L78349,L,299.86,308.18,26.71,35.03,1585,35.49,17,0,0,0,0,0
5842,L73587,L,298.02,307.03,24.87,33.88,1681,38.47,82,0,0,0,0,0
5843,L67924,L,298.54,308.17,25.39,35.02,1200,33.36,111,0,0,0,0,0
5844,L65593,L,297.52,309.06,24.37,35.91,1418,32.72,16,0,0,0,0,0
5845,M23524,M,299.05,307.97,25.9,34.82,1366,39.2,139,0,0,0,0,0
5846,L58596,L,298.81,308.82,25.66,35.67,1754,24.63,134,0,0,0,0,0
5847,L67457,L,295.24,305.82,22.09,32.67,1499,38.29,238,0,0,0,0,0
5848,M57121,M,301.4,312.88,28.25,39.73,1445,36.89,149,0,0,0,0,0
5849,L71457,L,304.44,315.22,31.29,42.07,1629,31.53,95,0,0,0,0,0
5850,L64929,L,301.21,312.31,28.06,39.16,1431,47.1,190,0,0,0,0,0
5851,L94174,L,299.59,310.46,26.44,37.31,1532,38.06,80,0,0,0,0,0
5852,H93786,H,299.89,308.68,26.74,35.53,1852,22.26,128,0,0,0,0,0
5853,M22541,M,299.16,309.52,26.01,36.37,1848,26.18,13,0,0,0,0,0
5854,M88528,M,300.18,311.03,27.03,37.88,1464,45.17,77,0,0,0,0,0
5855,L39666,L,299.93,308.97,26.78,35.82,1503,39.72,127,0,0,0,0,0
5856,M52473,M,298.32,307.74,25.17,34.59,1427,49.73,169,0,0,0,0,0
5857,L21130,L,303.37,312.56,30.22,39.41,1198,54.6,24,0,0,0,0,0
5858,L24879,L,297.03,307.8,23.88,34.65,1716,30.27,191,0,0,0,0,0
5859,L45209,L,301.44,311.37,28.29,38.22,1959,40.74,216,0,0,0,0,0
5860,L99227,L,299.8,309.48,26.65,36.33,1457,51.46,67,0,0,0,0,0
5861,L33254,L,303.8,312.52,30.65,39.37,1392,26.88,184,0,0,0,0,0
5862,L65386,L,300.68,310.61,27.53,37.46,1487,38.78,43,0,0,0,0,0
5863,L92688,L,299.28,308.71,26.13,35.56,1550,32.57,126,0,0,0,0,0
5864,L80240,L,299.5,309.75,26.35,36.6,1336,40.79,191,0,0,0,0,0
5865,M96630,M,300.08,308.94,26.93,35.79,1455,32.86,93,0,0,0,0,0
5866,L70277,L,297.71,307.89,24.56,34.74,1713,25.92,6,0,0,0,0,0
5867,M68774,M,298.47,308.03,25.32,34.88,1557,44.0,130,0,0,0,0,0
5868,L49946,L,296.43,305.18,23.28,32.03,1757,23.26,203,0,0,0,0,0
5869,M27219,M,298.15,306.83,25.0,33.68,1599,36.58,26,0,0,0,0,0
5870,L76991,L,300.19,309.01,27.04,35.86,1344,31.82,7,0,0,0,0,0
5871,L60056,L,300.6,310.39,27.45,37.24,1434,50.1,194,0,0,0,0,0
5872,L70695,L,296.04,306.16,22.89,33.01,1578,36.54,64,0,0,0,0,0
5873,M43550,M,299.73,310.0,26.58,36.85,1339,48.77,87,0,0,0,0,0
5874,M90384,M,301.13,311.43,27.98,38.28,1316,45.1,21,0,0,0,0,0
5875,L15230,L,299.67,308.92,26.52,35.77,1326,41.17,23,0,0,0,0,0
5876,L58998,L,298.73,309.79,25.58,36.64,1625,35.8,147,0,0,0,0,0
5877,M31000,M,299.18,308.73,26.03,35.58,1471,51.01,133,0,0,0,0,0
5878,M62869,M,298.92,309.37,25.77,36.22,1742,25.71,70,0,0,0,0,0
5879,L93723,L,298.73,308.56,25.58,35.41,1378,21.18,109,1,0,0,1,0
5880,L83579,L,300.35,310.72,27.2,37.57,1105,45.56,93,0,0,0,0,0
5881,L99581,L,304.62,314.4,31.47,41.25,1512,28.22,167,0,0,0,0,0
5882,M52636,M,298.51,308.91,25.36,35.76,1823,39.17,207,0,0,0,0,0
5883,L26117,L,299.36,309.36,26.21,36.21,1541,35.77,184,0,0,0,0,0
5884,H18778,H,299.9,310.71,26.75,37.56,1295,50.87,1,0,0,0,0,0
5885,L29773,L,298.63,307.81,25.48,34.66,1251,46.06,24,0,0,0,0,0
5886,L77791,L,302.2,310.43,29.05,37.28,1745,32.91,103,0,0,0,0,0
5887,L83460,L,295.26,304.28,22.11,31.13,1394,42.42,204,0,0,0,0,0
5888,H48018,H,298.94,310.01,25.79,36.86,1805,43.59,57,0,0,0,0,0
5889,M27423,M,301.64,311.48,28.49,38.33,1649,36.23,211,0,0,0,0,0
5890,L64431,L,299.41,309.5,26.26,36.35,1400,49.79,26,0,0,0,0,0
5891,M36493,M,298.36,307.3,25.21,34.15,1739,41.3,17,0,0,0,0,0
5892,L98936,L,300.88,310.95,27.73,37.8,1373,40.41,219,0,0,0,0,0
5893,L25056,L,301.81,310.79,28.66,37.64,1282,44.11,39,0,0,0,0,0
5894,L32703,L,300.42,309.55,27.27,36.4,1383,38.4,111,0,0,0,0,0
5895,L57535,L,298.4,308.0,25.25,34.85,1670,44.58,78,0,0,0,0,0
5896,L10418,L,300.91,311.36,27.76,38.21,1734,25.51,35,0,0,0,0,0
5897,H60322,H,299.2,309.75,26.05,36.6,1466,33.31,152,0,0,0,0,0
5898,L33294,L,301.49,312.07,28.34,38.92,1208,45.22,231,1,1,0,0,0
5899,H80143,H,302.97,311.38,29.82,38.23,1263,36.2,158,1,0,1,0,0
5900,L70398,L,294.79,304.78,21.64,31.63,1348,37.77,85,0,0,0,0,0
5901,M91803,M,300.22,310.03,27.07,36.88,1309,52.87,171,0,0,0,0,0
5902,L23856,L,296.53,305.0,23.38,31.85,1581,41.44,34,0,0,0,0,0
5903,L85470,L,304.88,314.9,31.73,41.75,1874,27.21,139,0,0,0,0,0
5904,L90028,L,299.06,308.81,25.91,35.66,1674,40.64,113,0,0,0,0,0
5905,L81564,L,301.49,312.0,28.34,38.85,1338,59.49,86,0,0,0,0,0
5906,M73682,M,299.93,310.01,26.78,36.86,1413,43.04,177,0,0,0,0,0
5907,L75721,L,298.39,307.84,25.24,34.69,1448,50.94,28,0,0,0,0,0
5908,M41735,M,298.16,309.08,25.01,35.93,1603,42.55,128,0,0,0,0,0
5909,L99078,L,303.17,310.95,30.02,37.8,1810,29.3,205,0,0,0,0,0
5910,L25462,L,301.91,311.85,28.76,38.7,1453,41.01,48,0,0,0,0,0
5911,L29682,L,303.89,312.12,30.74,38.97,1804,35.97,63,0,0,0,0,0
5912,H31086,H,300.11,309.2,26.96,36.05,1903,24.15,159,0,0,0,0,0
5913,M90204,M,300.58,311.1,27.43,37.95,1474,18.0,185,1,0,0,1,0
5914,L40943,L,299.47,308.19,26.32,35.04,1469,32.32,68,0,0,0,0,0
5915,L15182,L,299.43,308.0,26.28,34.85,1472,21.66,86,1,0,0,1,0
5916,L50145,L,297.92,310.3,24.77,37.15,1546,31.05,178,0,0,0,0,0
5917,H30715,H,300.17,308.81,27.02,35.66,1472,25.26,68,0,0,0,0,0
5918,M60961,M,298.42,310.07,25.27,36.92,1690,40.95,160,0,0,0,0,0
5919,L33423,L,300.88,310.71,27.73,37.56,1264,35.87,38,0,0,0,0,0
5920,L51325,L,300.34,309.82,27.19,36.67,1441,44.1,99,0,0,0,0,0
5921,L79967,L,300.58,311.14,27.43,37.99,1593,42.11,165,0,0,0,0,0
5922,H99686,H,303.35,314.69,30.2,41.54,1687,39.57,110,0,0,0,0,0
5923,L81070,L,299.92,308.78,26.77,35.63,1919,14.91,5,1,0,0,1,0
5924,M75778,M,301.51,311.0,28.36,37.85,1309,52.74,98,0,0,0,0,0
5925,L96452,L,304.1,314.95,30.95,41.8,1421,43.69,69,0,0,0,0,0
5926,M17905,M,302.61,312.9,29.46,39.75,1138,56.77,24,0,0,0,0,0
5927,M99643,M,302.31,313.41,29.16,40.26,1341,57.37,2,0,0,0,0,0
5928,M56492,M,299.39,309.9,26.24,36.75,1225,53.11,11,0,0,0,0,0
5929,M45376,M,300.46,312.27,27.31,39.12,1444,30.22,228,1,1,0,0,0
5930,M40776,M,297.36,307.54,24.21,34.39,1495,43.55,180,0,0,0,0,0
5931,L30083,L,301.0,311.22,27.85,38.07,1617,23.4,226,1,1,0,0,0
5932,L45416,L,300.55,310.87,27.4,37.72,1483,38.14,28,0,0,0,0,0
5933,L75252,L,300.05,309.9,26.9,36.75,1617,31.4,137,0,0,0,0,0
5934,H82367,H,302.05,312.9,28.9,39.75,1555,36.93,20,0,0,0,0,0
5935,L31842,L,297.58,307.82,24.43,34.67,1354,30.23,6,0,0,0,0,0
5936,M35844,M,303.27,314.06,30.12,40.91,1240,35.05,112,0,0,0,0,0
5937,M97678,M,301.8,312.75,28.65,39.6,1637,31.4,155,0,0,0,0,0
5938,L14981,L,299.86,310.29,26.71,37.14,1823,29.65,15,0,0,0,0,0
5939,L37743,L,299.7,310.2,26.55,37.05,1979,25.55,88,0,0,0,0,0
5940,L35338,L,300.96,309.95,27.81,36.8,1699,45.33,22,0,0,0,0,0
5941,L78209,L,303.04,312.49,29.89,39.34,1790,35.4,87,0,0,0,0,0
5942,L48586,L,300.2,311.05,27.05,37.9,1616,38.63,113,0,0,0,0,0
5943,L74267,L,300.29,311.71,27.14,38.56,1588,33.03,81,0,0,0,0,0
5944,M59294,M,300.04,308.1,26.89,34.95,1554,25.73,138,0,0,0,0,0
5945,H26974,H,303.56,313.0,30.41,39.85,1516,37.75,140,0,0,0,0,0
5946,L93515,L,299.26,309.29,26.11,36.14,1641,49.37,80,0,0,0,0,0
5947,L59820,L,299.94,309.06,26.79,35.91,1444,41.48,94,0,0,0,0,0
5948,L82381,L,302.93,312.1,29.78,38.95,1509,46.87,106,0,0,0,0,0
5949,M74117,M,300.29,310.77,27.14,37.62,1329,53.03,90,0,0,0,0,0
5950,M56818,M,302.27,313.86,29.12,40.71,1618,39.89,183,0,0,0,0,0
5951,L44552,L,298.18,306.15,25.03,33.0,1367,43.67,34,1,0,1,0,0
5952,L82416,L,299.59,309.42,26.44,36.27,1541,29.28,206,0,0,0,0,0
5953,M92813,M,302.97,313.43,29.82,40.28,1623,33.64,80,0,0,0,0,0
5954,M24445,M,298.65,309.43,25.5,36.28,1638,32.1,174,0,0,0,0,0
5955,L55863,L,299.7,310.02,26.55,36.87,1670,36.95,212,0,0,0,0,0
5956,M59443,M,300.51,312.27,27.36,39.12,1498,26.94,213,0,0,0,0,0
5957,L89556,L,298.02,308.05,24.87,34.9,1620,31.07,109,0,0,0,0,0
5958,L51953,L,299.17,310.48,26.02,37.33,1450,42.75,62,0,0,0,0,0
5959,M66879,M,300.23,309.58,27.08,36.43,1190,42.53,145,0,0,0,0,0
5960,M45270,M,300.09,310.15,26.94,37.0,1628,27.87,44,0,0,0,0,0
5961,L63601,L,302.56,311.35,29.41,38.2,1587,29.77,190,0,0,0,0,0
5962,H58950,H,303.08,313.98,29.93,40.83,1712,31.28,171,0,0,0,0,0
5963,L31177,L,298.29,308.17,25.14,35.02,1531,18.39,191,1,0,0,1,0
5964,M59446,M,300.22,310.58,27.07,37.43,1254,39.7,104,0,0,0,0,0
5965,L14437,L,301.35,311.04,28.2,37.89,1519,45.34,134,0,0,0,0,0
5966,M12472,M,303.03,313.62,29.88,40.47,1690,36.49,25,0,0,0,0,0
5967,H63041,H,301.44,311.83,28.29,38.68,1618,38.77,165,0,0,0,0,0
5968,L71367,L,300.58,309.59,27.43,36.44,1509,23.34,117,0,0,0,0,0
5969,H47607,H,301.33,310.4,28.18,37.25,1244,42.75,122,0,0,0,0,0
5970,M45252,M,301.35,311.32,28.2,38.17,1355,41.34,203,0,0,0,0,0
5971,M73144,M,298.14,308.8,24.99,35.65,1619,39.12,185,0,0,0,0,0
5972,L55597,L,300.39,312.25,27.24,39.1,1244,54.96,128,0,0,0,0,0
5973,M23991,M,302.92,313.22,29.77,40.07,1479,46.37,85,0,0,0,0,0
5974,M45619,M,299.59,310.59,26.44,37.44,1542,32.48,107,0,0,0,0,0
5975,L15549,L,300.26,308.65,27.11,35.5,1736,28.5,84,0,0,0,0,0
5976,H46214,H,299.51,311.53,26.36,38.38,1643,46.18,36,0,0,0,0,0
5977,L83312,L,295.37,305.98,22.22,32.83,1703,30.75,155,0,0,0,0,0
5978,L61801,L,300.04,309.99,26.89,36.84,1588,27.42,166,0,0,0,0,0
5979,L83216,L,300.6,310.44,27.45,37.29,1387,39.65,233,1,1,0,0,0
5980,L13771,L,298.98,307.87,25.83,34.72,1428,50.93,109,0,0,0,0,0
5981,M48401,M,297.69,306.87,24.54,33.72,1372,34.53,239,1,1,0,0,0
5982,L18483,L,298.24,310.15,25.09,37.0,1638,31.54,45,0,0,0,0,0
5983,H70588,H,301.53,310.54,28.38,37.39,1414,33.62,158,0,0,0,0,0
5984,L15597,L,303.95,312.94,30.8,39.79,1466,46.73,239,1,1,0,0,1
5985,L84319,L,302.76,312.06,29.61,38.91,1539,39.53,154,0,0,0,0,0
5986,L84510,L,297.31,306.11,24.16,32.96,1822,38.85,109,0,0,0,0,0
5987,L96070,L,301.71,311.72,28.56,38.57,1650,47.24,124,0,0,0,0,0
5988,H52426,H,298.67,309.76,25.52,36.61,1400,28.84,203,0,0,0,0,0
5989,M41573,M,298.84,308.22,25.69,35.07,1562,30.62,225,0,0,0,0,0
5990,M31070,M,299.08,307.7,25.93,34.55,1824,27.94,109,0,0,0,0,0
5991,L59411,L,301.41,311.7,28.26,38.55,1643,35.43,185,0,0,0,0,0
5992,L88735,L,301.92,311.86,28.77,38.71,1255,49.69,224,1,1,0,0,1
5993,L66040,L,299.8,310.81,26.65,37.66,1375,37.74,68,0,0,0,0,0
5994,L24970,L,299.84,309.38,26.69,36.23,1361,36.55,118,0,0,0,0,0
5995,L62719,L,300.93,310.67,27.78,37.52,1787,39.71,239,1,1,0,0,0
5996,M27429,M,301.14,310.99,27.99,37.84,1755,37.02,85,0,0,0,0,0
5997,L34768,L,302.35,312.44,29.2,39.29,1426,42.72,149,0,0,0,0,0
5998,M35653,M,297.43,307.04,24.28,33.89,1422,23.13,158,1,0,0,1,0
5999,L86633,L,300.04,309.49,26.89,36.34,1543,46.79,37,0,0,0,0,0
6000,L14610,L,297.86,306.01,24.71,32.86,1548,38.48,194,0,0,0,0,0
6001,M62703,M,299.9,309.33,26.75,36.18,1367,40.63,99,0,0,0,0,0
6002,L22128,L,299.55,310.26,26.4,37.11,1491,31.86,120,0,0,0,0,0
6003,M91729,M,299.91,310.76,26.76,37.61,1281,39.68,154,0,0,0,0,0
6004,M38373,M,298.4,307.93,25.25,34.78,1758,25.47,99,0,0,0,0,0
6005,L26056,L,297.03,308.32,23.88,35.17,1227,30.72,78,0,0,0,0,0
6006,H47387,H,295.81,305.78,22.66,32.63,1225,40.23,131,0,0,0,0,0
6007,L41425,L,299.74,308.4,26.59,35.25,1611,22.77,83,0,0,0,0,0
6008,L85620,L,299.14,307.49,25.99,34.34,1319,42.97,104,1,0,1,0,0
6009,M75543,M,298.65,309.87,25.5,36.72,1447,30.38,26,0,0,0,0,0
6010,L64147,L,302.65,312.27,29.5,39.12,1546,42.9,203,0,0,0,0,0
6011,M24635,M,298.28,307.07,25.13,33.92,1653,21.34,99,0,0,0,0,0
6012,M63952,M,302.83,310.57,29.68,37.42,1496,47.85,20,0,0,0,0,0
6013,H62101,H,303.25,312.85,30.1,39.7,1846,37.72,190,0,0,0,0,0
6014,L92877,L,296.1,306.5,22.95,33.35,1535,28.8,5,0,0,0,0,0
6015,L61495,L,300.18,309.49,27.03,36.34,1743,32.11,144,0,0,0,0,0
6016,M67890,M,299.2,308.15,26.05,35.0,1584,29.34,169,0,0,0,0,0
6017,L93838,L,294.18,303.63,21.03,30.48,1908,34.66,46,0,0,0,0,0
6018,L45633,L,297.11,308.35,23.96,35.2,1720,47.71,32,0,0,0,0,0
6019,L29879,L,301.55,310.16,28.4,37.01,1543,46.59,27,0,0,0,0,0
6020,L45137,L,304.04,313.4,30.89,40.25,1645,29.33,238,1,1,0,0,0
6021,L58250,L,301.81,313.02,28.66,39.87,1489,39.39,181,0,0,0,0,0
6022,M92961,M,300.65,311.14,27.5,37.99,1488,50.69,75,0,0,0,0,0
6023,M23256,M,299.96,310.14,26.81,36.99,1307,48.04,81,0,0,0,0,0
6024,L79665,L,303.37,312.72,30.22,39.57,1394,49.2,156,0,0,0,0,0
6025,L84763,L,304.3,314.33,31.15,41.18,1896,35.43,110,0,0,0,0,0
6026,L26660,L,298.83,308.29,25.68,35.14,1324,43.88,65,0,0,0,0,0
6027,M50409,M,296.0,305.14,22.85,31.99,1420,39.79,14,0,0,0,0,0
6028,L98703,L,295.8,304.72,22.65,31.57,1519,28.04,188,0,0,0,0,0
6029,M97758,M,302.64,313.43,29.49,40.28,1524,31.46,213,0,0,0,0,0
6030,L65062,L,299.91,309.85,26.76,36.7,1602,28.55,49,0,0,0,0,0
6031,M28836,M,300.37,310.68,27.22,37.53,1453,36.62,15,0,0,0,0,0
6032,L69452,L,296.42,306.57,23.27,33.42,1613,36.32,28,0,0,0,0,0
6033,M73786,M,298.49,308.93,25.34,35.78,1735,32.16,99,0,0,0,0,0
6034,L40393,L,299.41,309.15,26.26,36.0,1757,34.34,72,0,0,0,0,0
6035,M32538,M,300.42,309.93,27.27,36.78,1488,43.81,18,0,0,0,0,0
6036,L25736,L,299.2,308.39,26.05,35.24,1642,31.57,109,0,0,0,0,0
6037,M89860,M,297.93,306.51,24.78,33.36,1334,48.84,49,1,0,1,0,0
6038,M93914,M,298.43,307.31,25.28,34.16,1409,49.78,16,0,0,0,0,0
6039,L69552,L,302.42,312.05,29.27,38.9,1330,46.41,158,0,0,0,0,0
6040,M38832,M,300.49,308.89,27.34,35.74,1527,33.17,137,0,0,0,0,0
6041,L24948,L,301.22,309.84,28.07,36.69,1385,48.95,198,0,0,0,0,0
6042,L71943,L,298.2,309.24,25.05,36.09,1269,49.02,73,0,0,0,0,0
6043,L39281,L,294.09,304.32,20.94,31.17,1467,44.0,33,0,0,0,0,0
6044,L17283,L,298.95,308.5,25.8,35.35,1232,58.77,86,0,0,0,0,0
6045,M32403,M,298.27,310.54,25.12,37.39,1767,38.1,187,0,0,0,0,0
6046,M72171,M,300.7,309.05,27.55,35.9,1437,52.45,58,0,0,0,0,0
6047,L40239,L,306.57,317.55,33.42,44.4,1707,32.37,61,0,0,0,0,0
6048,L95283,L,301.39,311.28,28.24,38.13,1449,36.09,35,0,0,0,0,0
6049,M24435,M,305.47,316.26,32.32,43.11,1326,52.4,237,1,0,0,0,1
6050,H53986,H,301.14,311.25,27.99,38.1,1741,25.03,232,0,0,0,0,0
6051,L38983,L,298.74,306.87,25.59,33.72,1551,52.06,158,0,0,0,0,0
6052,H60775,H,300.7,310.79,27.55,37.64,1865,41.13,52,0,0,0,0,0
6053,L54162,L,303.56,313.9,30.41,40.75,1453,40.12,184,0,0,0,0,0
6054,L11165,L,303.66,311.47,30.51,38.32,1457,48.93,140,0,0,0,0,0
6055,M59631,M,298.85,310.79,25.7,37.64,1711,38.79,180,0,0,0,0,0
6056,L22534,L,300.51,310.82,27.36,37.67,1712,23.15,206,0,0,0,0,0
6057,L43886,L,297.14,307.81,23.99,34.66,1562,30.15,76,0,0,0,0,0
6058,L32750,L,301.65,310.48,28.5,37.33,2119,29.33,219,1,1,0,0,0
6059,M14131,M,303.11,313.8,29.96,40.65,1486,39.84,216,0,0,0,0,0
6060,M66994,M,300.08,311.17,26.93,38.02,1313,54.11,131,0,0,0,0,0
6061,L88367,L,298.67,308.92,25.52,35.77,1360,44.56,164,0,0,0,0,0
6062,L49424,L,300.72,310.71,27.57,37.56,1487,28.38,99,0,0,0,0,0
6063,L17399,L,300.83,309.94,27.68,36.79,1801,27.45,157,0,0,0,0,0
6064,L69276,L,300.16,309.95,27.01,36.8,1502,44.08,132,0,0,0,0,0
6065,L44122,L,300.36,309.85,27.21,36.7,1809,17.09,77,1,0,0,1,0
6066,M35586,M,299.65,310.22,26.5,37.07,1611,24.27,77,0,0,0,0,0
6067,L14170,L,301.99,311.14,28.84,37.99,1725,30.24,156,0,0,0,0,0
6068,L38312,L,301.47,312.04,28.32,38.89,1603,43.16,230,1,1,0,0,0
6069,L46740,L,298.03,307.19,24.88,34.04,1601,34.05,48,0,0,0,0,0
6070,L92044,L,297.98,307.72,24.83,34.57,1667,38.06,94,0,0,0,0,0
6071,H70606,H,299.49,310.11,26.34,36.96,1436,39.94,193,0,0,0,0,0
6072,L20722,L,301.47,310.77,28.32,37.62,1438,38.72,30,0,0,0,0,0
6073,L45915,L,300.3,310.95,27.15,37.8,1596,30.67,239,1,1,0,0,0
6074,L37699,L,298.71,309.27,25.56,36.12,1875,37.28,163,0,0,0,0,0
6075,L26588,L,300.52,310.25,27.37,37.1,1265,35.25,219,0,0,0,0,0
6076,L14290,L,299.34,310.5,26.19,37.35,1180,46.69,201,0,0,0,0,0
6077,L55003,L,301.76,311.84,28.61,38.69,1489,47.65,187,0,0,0,0,0
6078,L58558,L,300.67,311.77,27.52,38.62,1715,27.29,8,0,0,0,0,0
6079,L99505,L,299.37,311.16,26.22,38.01,1544,24.66,98,0,0,0,0,0
6080,L59427,L,300.46,310.22,27.31,37.07,1330,26.13,48,0,0,0,0,0
6081,L93622,L,302.63,313.28,29.48,40.13,1549,42.32,209,0,0,0,0,0
6082,H13635,H,298.86,308.22,25.71,35.07,1232,52.39,163,0,0,0,0,0
6083,L46401,L,300.81,309.77,27.66,36.62,1645,32.08,26,0,0,0,0,0
6084,L91960,L,299.86,309.66,26.71,36.51,1481,28.52,86,0,0,0,0,0
6085,L66112,L,300.85,309.49,27.7,36.34,1521,36.51,17,0,0,0,0,0
6086,L75606,L,298.69,307.75,25.54,34.6,1610,45.02,178,0,0,0,0,0
6087,M67144,M,300.22,310.81,27.07,37.66,1571,26.32,100,0,0,0,0,0
6088,L61240,L,302.22,311.7,29.07,38.55,1440,48.25,56,0,0,0,0,0
6089,M88315,M,298.13,308.84,24.98,35.69,1716,19.83,124,0,0,0,0,0
6090,L79836,L,297.34,307.64,24.19,34.49,1674,25.12,10,0,0,0,0,0
6091,L19628,L,297.42,309.27,24.27,36.12,1225,47.67,62,0,0,0,0,0
6092,M88509,M,297.66,308.18,24.51,35.03,1495,45.91,42,0,0,0,0,0
6093,L64530,L,301.19,312.3,28.04,39.15,1346,54.34,223,1,1,0,0,1
6094,L59181,L,297.19,307.59,24.04,34.44,1313,51.57,91,0,0,0,0,0
6095,L11877,L,299.4,309.72,26.25,36.57,1629,47.6,140,0,0,0,0,0
6096,M72209,M,301.24,312.4,28.09,39.25,1462,40.66,121,0,0,0,0,0
6097,L73240,L,300.83,311.5,27.68,38.35,1510,32.97,158,0,0,0,0,0
6098,M33043,M,299.23,309.44,26.08,36.29,1418,49.88,67,0,0,0,0,0
6099,L61655,L,300.38,310.59,27.23,37.44,1600,46.72,29,0,0,0,0,0
6100,M84130,M,300.21,310.75,27.06,37.6,1654,42.09,20,0,0,0,0,0
6101,L78180,L,299.55,308.88,26.4,35.73,1915,34.82,46,0,0,0,0,0
6102,M58915,M,299.58,308.86,26.43,35.71,1503,49.25,116,0,0,0,0,0
6103,L79842,L,304.47,315.9,31.32,42.75,1282,47.44,57,0,0,0,0,0
6104,H63626,H,301.62,313.48,28.47,40.33,1447,39.44,104,0,0,0,0,0
6105,L67735,L,304.96,314.03,31.81,40.88,1683,39.84,7,0,0,0,0,0
6106,L37400,L,299.01,308.34,25.86,35.19,1400,44.75,151,0,0,0,0,0
6107,L12793,L,299.83,310.97,26.68,37.82,1276,52.0,211,0,0,0,0,0
6108,L87624,L,297.34,307.87,24.19,34.72,1403,39.77,11,0,0,0,0,0
6109,L71649,L,298.38,309.06,25.23,35.91,1442,47.02,52,0,0,0,0,0
6110,H35423,H,303.8,314.7,30.65,41.55,1346,49.44,76,0,0,0,0,0
6111,H80484,H,298.96,308.72,25.81,35.57,1573,38.13,69,0,0,0,0,0
6112,L61438,L,303.84,314.17,30.69,41.02,1521,31.66,10,0,0,0,0,0
6113,H64168,H,297.51,307.77,24.36,34.62,1673,44.17,26,0,0,0,0,0
6114,L22790,L,297.89,307.03,24.74,33.88,1457,29.65,219,1,1,0,0,0
6115,L12542,L,299.32,309.63,26.17,36.48,1633,27.43,171,0,0,0,0,0
6116,M17055,M,299.87,311.11,26.72,37.96,1449,40.89,230,1,1,0,0,0
6117,M11712,M,301.85,311.51,28.7,38.36,1337,22.78,106,1,0,0,1,0
6118,H96600,H,300.9,311.05,27.75,37.9,1440,52.13,211,0,0,0,0,0
6119,L93941,L,299.17,309.37,26.02,36.22,1252,45.89,196,0,0,0,0,0
6120,M74846,M,299.73,309.45,26.58,36.3,1848,43.32,210,0,0,0,0,0
6121,L86492,L,299.36,310.04,26.21,36.89,1560,51.16,9,0,0,0,0,0
6122,L34124,L,298.17,307.49,25.02,34.34,1396,39.81,157,0,0,0,0,0
6123,L15675,L,298.22,309.56,25.07,36.41,1469,49.8,136,0,0,0,0,0
6124,H78375,H,302.06,312.68,28.91,39.53,1106,43.32,131,0,0,0,0,0
6125,M57282,M,296.34,305.41,23.19,32.26,1786,35.55,121,0,0,0,0,0
6126,M88731,M,303.23,314.93,30.08,41.78,1769,28.6,191,0,0,0,0,0
6127,L64921,L,299.31,309.48,26.16,36.33,1554,42.45,232,1,1,0,0,0
6128,L45742,L,298.45,307.73,25.3,34.58,1591,43.08,199,0,0,0,0,0
6129,L41159,L,301.48,312.58,28.33,39.43,1313,42.35,209,0,0,0,0,0
6130,L99347,L,302.97,313.47,29.82,40.32,1326,47.57,116,0,0,0,0,0
6131,L53365,L,302.24,310.46,29.09,37.31,1238,53.84,166,1,0,1,0,0
6132,M76057,M,301.0,310.48,27.85,37.33,1507,39.53,100,0,0,0,0,0
6133,L88786,L,302.17,312.45,29.02,39.3,1721,53.61,86,1,0,0,1,0
6134,L85760,L,296.57,304.41,23.42,31.26,1468,37.93,215,0,0,0,0,0
6135,L76260,L,298.96,309.04,25.81,35.89,1596,49.15,217,1,1,0,0,0
6136,L78261,L,298.18,308.34,25.03,35.19,1706,42.74,164,0,0,0,0,0
6137,L13045,L,302.45,311.27,29.3,38.12,1251,30.93,201,0,0,0,0,0
6138,H68396,H,299.23,309.5,26.08,36.35,1858,42.78,86,0,0,0,0,0
6139,M36212,M,301.69,311.7,28.54,38.55,1738,41.57,104,0,0,0,0,0
6140,M98251,M,301.07,309.88,27.92,36.73,1625,36.17,197,0,0,0,0,0
6141,L56266,L,298.28,309.19,25.13,36.04,1697,36.72,96,0,0,0,0,0
6142,L75668,L,298.83,309.66,25.68,36.51,1705,37.55,10,0,0,0,0,0
6143,L33554,L,302.59,312.3,29.44,39.15,1586,47.12,85,0,0,0,0,0
6144,M60033,M,298.45,308.25,25.3,35.1,1785,28.79,96,0,0,0,0,0
6145,M19565,M,300.25,310.98,27.1,37.83,1456,52.05,37,0,0,0,0,0
6146,L26174,L,298.43,308.23,25.28,35.08,1616,26.79,83,0,0,0,0,0
6147,L88887,L,299.37,307.44,26.22,34.29,1766,18.36,224,1,1,0,1,0
6148,L64791,L,299.91,310.39,26.76,37.24,1100,56.83,206,1,0,0,0,1
6149,M95099,M,298.43,307.62,25.28,34.47,1612,45.62,107,0,0,0,0,0
6150,H72647,H,298.08,307.69,24.93,34.54,1662,33.04,170,0,0,0,0,0
6151,L14044,L,300.57,312.03,27.42,38.88,1236,28.24,36,0,0,0,0,0
6152,L77957,L,298.31,308.18,25.16,35.03,1584,24.24,181,0,0,0,0,0
6153,L23749,L,298.38,308.38,25.23,35.23,1396,44.53,114,0,0,0,0,0
6154,L70236,L,298.12,308.63,24.97,35.48,1604,35.63,173,0,0,0,0,0
6155,L43865,L,299.84,310.35,26.69,37.2,1518,48.01,155,0,0,0,0,0
6156,L93252,L,301.89,310.97,28.74,37.82,1369,42.42,56,0,0,0,0,0
6157,M73385,M,303.01,312.95,29.86,39.8,1729,27.21,200,0,0,0,0,0
6158,M65109,M,298.55,308.58,25.4,35.43,1462,41.67,137,0,0,0,0,0
6159,L43662,L,304.3,314.57,31.15,41.42,1582,44.34,188,0,0,0,0,0
6160,M31403,M,297.99,308.28,24.84,35.13,1765,43.27,23,0,0,0,0,0
6161,L30532,L,302.17,314.75,29.02,41.6,1375,40.79,148,0,0,0,0,0
6162,L34124,L,298.56,307.38,25.41,34.23,1536,37.83,70,0,0,0,0,0
6163,L44727,L,298.26,309.24,25.11,36.09,1448,45.79,207,0,0,0,0,0
6164,L82387,L,298.51,309.69,25.36,36.54,1487,32.53,228,1,1,0,0,0
6165,L41502,L,299.9,310.39,26.75,37.24,1912,35.86,13,0,0,0,0,0
6166,L36124,L,301.16,310.51,28.01,37.36,1615,33.62,174,0,0,0,0,0
6167,L35306,L,301.34,313.0,28.19,39.85,1590,35.43,25,0,0,0,0,0
6168,H59836,H,298.11,305.92,24.96,32.77,1627,35.24,206,0,0,0,0,0
6169,L64094,L,298.02,307.34,24.87,34.19,1610,36.62,30,0,0,0,0,0
6170,L16678,L,298.17,309.34,25.02,36.19,1215,62.45,47,0,0,0,0,0
6171,L68918,L,299.78,309.41,26.63,36.26,1937,25.83,60,0,0,0,0,0
6172,M18468,M,299.58,311.18,26.43,38.03,1279,41.47,175,0,0,0,0,0
6173,L43933,L,298.1,306.59,24.95,33.44,1838,42.74,70,0,0,0,0,0
6174,M41519,M,300.54,309.43,27.39,36.28,1643,38.43,143,0,0,0,0,0
6175,L87289,L,304.53,313.99,31.38,40.84,1567,42.71,137,0,0,0,0,0
6176,L18427,L,298.99,309.41,25.84,36.26,1482,30.43,97,0,0,0,0,0
6177,L83099,L,299.13,308.91,25.98,35.76,1991,30.75,129,0,0,0,0,0
6178,L51790,L,301.12,310.63,27.97,37.48,1641,41.4,28,0,0,0,0,0
6179,L68697,L,298.88,310.3,25.73,37.15,1538,31.86,210,0,0,0,0,0
6180,L60965,L,301.34,312.85,28.19,39.7,1441,44.78,50,0,0,0,0,0
6181,L51390,L,298.56,308.15,25.41,35.0,1420,38.7,211,0,0,0,0,0
6182,L54440,L,303.66,311.95,30.51,38.8,1544,31.95,124,0,0,0,0,0
6183,L88451,L,300.69,308.53,27.54,35.38,1372,49.86,147,1,0,1,0,0
6184,H91902,H,298.76,309.0,25.61,35.85,1654,43.75,62,0,0,0,0,0
6185,L45932,L,298.82,309.48,25.67,36.33,1422,41.32,53,0,0,0,0,0
6186,M98262,M,298.97,309.04,25.82,35.89,1711,37.09,118,0,0,0,0,0
6187,M12289,M,302.75,312.67,29.6,39.52,1707,44.16,64,0,0,0,0,0
6188,L48690,L,297.46,306.66,24.31,33.51,1525,34.4,102,0,0,0,0,0
6189,L80748,L,298.66,309.32,25.51,36.17,1637,37.8,106,0,0,0,0,0
6190,L43095,L,298.88,310.55,25.73,37.4,1645,31.73,65,0,0,0,0,0
6191,M62146,M,299.97,307.75,26.82,34.6,1279,36.65,70,1,0,1,0,0
6192,M64714,M,299.46,309.38,26.31,36.23,1838,28.01,233,1,1,0,0,0
6193,M18211,M,297.02,306.05,23.87,32.9,1490,29.45,141,0,0,0,0,0
6194,H74146,H,299.2,307.71,26.05,34.56,1657,37.99,200,0,0,0,0,0
6195,M55839,M,299.8,308.67,26.65,35.52,1662,28.3,11,0,0,0,0,0
6196,L37709,L,298.74,309.12,25.59,35.97,1100,40.91,0,0,0,0,0,0
6197,L46124,L,301.37,311.78,28.22,38.63,1420,46.29,125,0,0,0,0,0
6198,M11371,M,301.84,313.3,28.69,40.15,1682,39.48,198,0,0,0,0,0
6199,L27185,L,299.84,309.85,26.69,36.7,1546,34.42,147,0,0,0,0,0
6200,L26720,L,300.46,308.7,27.31,35.55,1656,40.23,149,0,0,0,0,0
6201,M62739,M,295.68,305.44,22.53,32.29,1551,30.49,33,0,0,0,0,0
6202,L95043,L,299.16,307.77,26.01,34.62,1750,29.76,235,0,0,0,0,0
6203,H16241,H,302.01,310.8,28.86,37.65,1555,40.11,127,0,0,0,0,0
6204,M68397,M,299.15,309.73,26.0,36.58,1784,40.38,25,0,0,0,0,0
6205,L23036,L,298.53,308.72,25.38,35.57,1363,38.96,99,0,0,0,0,0
6206,H72138,H,304.56,315.14,31.41,41.99,1513,33.11,17,0,0,0,0,0
6207,L19535,L,303.64,313.28,30.49,40.13,1431,47.89,100,0,0,0,0,0
6208,L29166,L,300.94,311.73,27.79,38.58,1603,40.64,171,0,0,0,0,0
6209,L66618,L,302.28,311.86,29.13,38.71,1486,39.74,78,0,0,0,0,0
6210,L95343,L,295.55,306.66,22.4,33.51,1495,47.78,75,0,0,0,0,0
6211,L88647,L,298.42,308.77,25.27,35.62,1412,56.16,123,0,0,0,0,0
6212,L55281,L,299.06,308.85,25.91,35.7,1454,42.32,120,0,0,0,0,0
6213,L68860,L,299.53,309.74,26.38,36.59,1533,32.65,112,0,0,0,0,0
6214,L20885,L,299.02,309.0,25.87,35.85,1181,52.48,124,0,0,0,0,0
6215,M54290,M,294.9,306.5,21.75,33.35,1132,44.05,12,0,0,0,0,0
6216,M68791,M,300.77,311.02,27.62,37.87,1545,47.01,114,0,0,0,0,0
6217,L16258,L,301.09,311.09,27.94,37.94,1100,46.47,238,1,0,0,0,1
6218,L17973,L,303.2,312.97,30.05,39.82,1501,36.62,183,0,0,0,0,0
6219,L58127,L,298.42,309.27,25.27,36.12,1469,32.3,69,0,0,0,0,0
6220,L81568,L,298.26,308.97,25.11,35.82,1630,36.61,163,0,0,0,0,0
6221,M14274,M,294.64,304.37,21.49,31.22,1417,42.16,79,0,0,0,0,0
6222,M67754,M,299.41,308.26,26.26,35.11,1810,37.6,46,0,0,0,0,0
6223,L33245,L,301.8,310.9,28.65,37.75,1683,34.99,186,0,0,0,0,0
6224,L13671,L,298.78,308.59,25.63,35.44,1270,45.47,50,1,0,0,0,0
6225,L55716,L,304.29,315.64,31.14,42.49,1485,33.99,206,0,0,0,0,0
6226,M43600,M,299.49,309.24,26.34,36.09,1802,29.5,91,0,0,0,0,0
6227,L97465,L,300.29,309.7,27.14,36.55,1413,29.41,182,0,0,0,0,0
6228,H42863,H,297.27,305.51,24.12,32.36,1526,48.7,62,0,0,0,0,0
6229,M97870,M,300.57,312.09,27.42,38.94,1781,31.42,157,0,0,0,0,0
6230,L32841,L,296.04,306.61,22.89,33.46,1440,52.9,51,0,0,0,0,0
6231,L56959,L,301.39,312.18,28.24,39.03,1732,32.12,5,0,0,0,0,0
6232,H96271,H,301.45,312.41,28.3,39.26,1376,26.43,196,0,0,0,0,0
6233,L79200,L,302.72,312.55,29.57,39.4,1100,48.48,205,0,0,0,0,0
6234,L54605,L,297.96,308.04,24.81,34.89,1750,32.72,211,0,0,0,0,0
6235,L13394,L,300.32,311.81,27.17,38.66,1612,36.07,9,0,0,0,0,0
6236,M53804,M,301.13,311.31,27.98,38.16,1623,40.71,183,0,0,0,0,0
6237,M43938,M,300.88,311.47,27.73,38.32,1344,44.03,201,0,0,0,0,0
6238,M96900,M,298.27,309.14,25.12,35.99,1358,39.51,75,0,0,0,0,0
6239,M78080,M,295.22,305.86,22.07,32.71,1736,25.68,113,0,0,0,0,0
6240,M49654,M,300.69,310.57,27.54,37.42,1578,33.07,98,0,0,0,0,0
6241,H61822,H,299.7,309.66,26.55,36.51,1514,42.67,106,0,0,0,0,0
6242,L66513,L,298.87,309.64,25.72,36.49,1574,43.28,203,0,0,0,0,0
6243,L51128,L,301.53,312.3,28.38,39.15,1799,26.46,100,0,0,0,0,0
6244,M35203,M,299.91,311.08,26.76,37.93,1662,42.54,73,0,0,0,0,0
6245,M16008,M,297.36,307.91,24.21,34.76,1452,44.01,31,0,0,0,0,0
6246,M88219,M,296.14,306.73,22.99,33.58,1289,37.34,162,0,0,0,0,0
6247,L70887,L,297.74,307.3,24.59,34.15,1638,36.95,20,0,0,0,0,0
6248,M23648,M,304.79,314.2,31.64,41.05,1373,44.68,15,0,0,0,0,0
6249,M32415,M,301.45,312.23,28.3,39.08,1328,34.63,164,0,0,0,0,0
6250,L33606,L,300.38,309.8,27.23,36.65,1765,21.59,167,0,0,0,0,0
6251,L89853,L,299.64,309.62,26.49,36.47,1688,37.74,48,0,0,0,0,0
6252,L78517,L,299.51,310.88,26.36,37.73,1602,32.12,230,1,1,0,0,0
6253,L70798,L,302.33,313.55,29.18,40.4,1318,55.56,189,0,0,0,0,0
6254,L79684,L,299.02,309.32,25.87,36.17,1848,44.77,165,0,0,0,0,0
6255,L66124,L,301.15,310.86,28.0,37.71,1715,37.18,181,0,0,0,0,0
6256,L47847,L,299.3,309.18,26.15,36.03,1482,46.28,99,0,0,0,0,0
6257,M92349,M,303.88,314.75,30.73,41.6,1445,31.47,109,0,0,0,0,0
6258,M33490,M,301.48,311.45,28.33,38.3,1549,26.34,209,0,0,0,0,0
6259,M83571,M,302.49,311.93,29.34,38.78,1451,38.35,6,0,0,0,0,0
6260,L84006,L,298.83,310.05,25.68,36.9,1922,19.52,193,0,0,0,0,0
6261,L55541,L,302.12,312.3,28.97,39.15,1468,41.5,107,0,0,0,0,0
6262,M67575,M,299.37,308.8,26.22,35.65,1348,36.23,111,0,0,0,0,0
6263,L44082,L,300.22,310.7,27.07,37.55,1813,33.13,78,0,0,0,0,0
6264,H35647,H,303.27,314.24,30.12,41.09,1435,38.53,146,0,0,0,0,0
6265,M88288,M,297.91,306.91,24.76,33.76,1673,39.35,162,0,0,0,0,0
6266,L95524,L,300.41,310.21,27.26,37.06,1653,37.27,39,0,0,0,0,0
6267,H62979,H,300.88,310.63,27.73,37.48,1525,34.35,136,0,0,0,0,0
6268,L38226,L,301.04,311.49,27.89,38.34,1365,31.04,112,0,0,0,0,0
6269,L65589,L,299.1,309.73,25.95,36.58,1527,38.83,188,0,0,0,0,0
6270,M53316,M,304.17,313.62,31.02,40.47,1330,29.13,131,0,0,0,0,0
6271,L58418,L,297.41,305.92,24.26,32.77,1531,47.4,103,0,0,0,0,0
6272,H84465,H,302.92,313.95,29.77,40.8,1670,38.54,127,0,0,0,0,0
6273,L26370,L,302.43,311.31,29.28,38.16,1836,37.96,118,0,0,0,0,0
6274,L91743,L,303.8,314.07,30.65,40.92,1345,34.86,224,1,1,0,0,0
6275,L13139,L,296.82,306.69,23.67,33.54,1491,41.27,75,0,0,0,0,0
6276,M50520,M,298.26,308.42,25.11,35.27,1443,34.37,9,0,0,0,0,0
6277,L55493,L,302.98,314.64,29.83,41.49,1583,37.39,159,0,0,0,0,0
6278,L85584,L,296.25,309.28,23.1,36.13,1269,37.17,145,0,0,0,0,0
6279,M52505,M,296.79,305.15,23.64,32.0,1372,41.08,218,1,0,1,0,0
6280,L75267,L,299.02,310.01,25.87,36.86,1239,35.22,28,0,0,0,0,0
6281,M83310,M,300.38,310.23,27.23,37.08,1283,43.37,125,0,0,0,0,0
6282,L57218,L,303.18,314.23,30.03,41.08,1419,27.21,36,0,0,0,0,0
6283,M81587,M,299.63,310.59,26.48,37.44,1827,45.33,109,0,0,0,0,0
6284,M47369,M,298.78,310.19,25.63,37.04,1596,37.19,192,0,0,0,0,0
6285,L10805,L,300.62,310.91,27.47,37.76,1546,37.1,206,0,0,0,0,0
6286,L60512,L,300.94,310.05,27.79,36.9,1771,37.77,200,0,0,0,0,0
6287,M96211,M,300.88,311.81,27.73,38.66,1602,25.37,131,0,0,0,0,0
6288,L36218,L,299.64,309.76,26.49,36.61,1619,29.15,152,0,0,0,0,0
6289,H85044,H,296.09,305.86,22.94,32.71,1452,43.7,132,0,0,0,0,0
6290,L97313,L,298.16,307.69,25.01,34.54,1423,41.54,135,0,0,0,0,0
6291,L33796,L,302.84,313.85,29.69,40.7,1306,38.13,212,0,0,0,0,0
6292,L85044,L,300.37,311.98,27.22,38.83,1430,45.26,50,0,0,0,0,0
6293,H19891,H,299.35,308.16,26.2,35.01,1486,40.98,105,0,0,0,0,0
6294,L33899,L,302.24,312.86,29.09,39.71,1595,39.96,146,0,0,0,0,0
6295,M63416,M,297.74,307.37,24.59,34.22,1529,40.6,184,0,0,0,0,0
6296,M90938,M,299.55,308.08,26.4,34.93,1471,33.5,183,0,0,0,0,0
6297,L75531,L,300.28,310.42,27.13,37.27,1375,41.05,28,0,0,0,0,0
6298,L85601,L,299.12,308.28,25.97,35.13,1605,20.85,53,0,0,0,0,0
6299,M91828,M,300.2,308.62,27.05,35.47,1448,35.49,219,1,1,0,0,0
6300,L35813,L,299.62,308.84,26.47,35.69,1597,33.92,86,0,0,0,0,0
6301,M45189,M,297.2,306.17,24.05,33.02,1200,52.75,1,0,0,0,0,0
6302,L65726,L,300.36,309.72,27.21,36.57,1594,40.04,48,0,0,0,0,0
6303,L79335,L,297.34,306.02,24.19,32.87,1666,28.38,233,0,0,0,0,0
6304,M91560,M,300.33,309.94,27.18,36.79,1643,28.67,74,0,0,0,0,0
6305,L40642,L,302.75,312.04,29.6,38.89,1501,48.64,147,0,0,0,0,0
6306,L14294,L,299.44,309.81,26.29,36.66,1695,31.45,174,0,0,0,0,0
6307,L41223,L,297.66,308.25,24.51,35.1,1312,44.58,155,0,0,0,0,0
6308,L61842,L,299.75,310.01,26.6,36.86,1519,43.99,91,0,0,0,0,0
6309,L64597,L,298.34,308.1,25.19,34.95,1501,37.53,103,0,0,0,0,0
6310,M80735,M,301.19,310.93,28.04,37.78,1716,32.17,201,0,0,0,0,0
6311,L74332,L,299.7,308.87,26.55,35.72,1181,45.97,159,0,0,0,0,0
6312,L45590,L,303.42,312.61,30.27,39.46,1350,38.37,6,0,0,0,0,0
6313,M92358,M,302.33,313.03,29.18,39.88,1841,32.27,49,0,0,0,0,0
6314,L74458,L,299.69,307.93,26.54,34.78,1110,37.05,69,1,0,1,0,0
6315,L96529,L,301.43,311.35,28.28,38.2,1678,31.27,88,0,0,0,0,0
6316,H22503,H,299.21,308.89,26.06,35.74,1412,44.89,138,0,0,0,0,0
6317,M43177,M,300.07,310.67,26.92,37.52,1580,39.66,88,0,0,0,0,0
6318,L18501,L,299.28,307.85,26.13,34.7,1782,43.43,198,0,0,0,0,0
6319,M56581,M,301.53,311.55,28.38,38.4,1586,42.82,114,0,0,0,0,0
6320,L87832,L,302.87,313.21,29.72,40.06,1786,35.35,121,0,0,0,0,0
6321,M48117,M,301.6,309.69,28.45,36.54,1449,39.78,103,0,0,0,0,0
6322,L85875,L,301.84,310.77,28.69,37.62,1472,35.27,75,0,0,0,0,0
6323,L18168,L,301.85,311.75,28.7,38.6,1673,38.28,174,0,0,0,0,0
6324,L17598,L,301.1,311.62,27.95,38.47,1458,41.88,55,0,0,0,0,0
6325,L91245,L,297.72,307.9,24.57,34.75,1640,31.95,165,0,0,0,0,0
6326,L55999,L,303.4,313.96,30.25,40.81,1742,25.95,127,0,0,0,0,0
6327,H85597,H,303.61,312.53,30.46,39.38,1687,33.54,25,0,0,0,0,0
6328,L39389,L,299.53,307.94,26.38,34.79,1259,54.77,4,1,0,1,0,0
6329,L40615,L,299.26,309.34,26.11,36.19,1475,39.72,41,0,0,0,0,0
6330,L63121,L,301.22,310.0,28.07,36.85,1584,36.39,183,0,0,0,0,0
6331,L61742,L,301.1,310.24,27.95,37.09,1492,41.78,92,0,0,0,0,0
6332,M39916,M,299.6,310.53,26.45,37.38,1549,40.84,193,0,0,0,0,0
6333,L72527,L,297.5,307.69,24.35,34.54,1587,38.1,120,0,0,0,0,0
6334,L38590,L,300.61,310.04,27.46,36.89,1443,39.37,8,0,0,0,0,0
6335,L53904,L,301.1,310.4,27.95,37.25,1501,34.1,203,0,0,0,0,0
6336,M23217,M,301.45,312.07,28.3,38.92,1328,51.17,225,1,1,0,0,0
6337,L58287,L,300.7,310.91,27.55,37.76,1451,36.06,18,0,0,0,0,0
6338,L81407,L,299.46,308.24,26.31,35.09,1268,57.77,50,0,0,0,0,0
6339,L14926,L,301.99,310.04,28.84,36.89,1555,38.07,172,0,0,0,0,0
6340,L44995,L,300.13,312.01,26.98,38.86,1501,38.59,239,1,1,0,0,0
6341,L56155,L,299.07,307.85,25.92,34.7,1375,47.76,210,0,0,0,0,0
6342,M64319,M,299.64,310.17,26.49,37.02,1847,25.79,24,0,0,0,0,0
6343,M65426,M,296.51,308.02,23.36,34.87,1492,42.99,146,0,0,0,0,0
6344,M29698,M,299.64,309.78,26.49,36.63,1585,37.07,160,0,0,0,0,0
6345,L92317,L,301.38,310.78,28.23,37.63,1423,43.54,151,0,0,0,0,0
6346,L95845,L,300.68,309.25,27.53,36.1,1462,33.71,136,0,0,0,0,0
6347,L43817,L,303.04,311.6,29.89,38.45,1592,30.45,70,0,0,0,0,0
6348,H52198,H,299.47,309.85,26.32,36.7,1477,24.14,160,0,0,0,0,0
6349,L51475,L,300.97,312.43,27.82,39.28,1536,33.65,175,0,0,0,0,0
6350,M73916,M,301.59,311.19,28.44,38.04,1676,30.1,138,0,0,0,0,0
6351,L88698,L,304.69,314.13,31.54,40.98,1444,34.33,119,0,0,0,0,0
6352,L33220,L,300.29,310.99,27.14,37.84,1302,43.09,53,0,0,0,0,0
6353,L49664,L,297.91,307.23,24.76,34.08,1268,45.7,131,0,0,0,0,0
6354,L73935,L,301.7,311.97,28.55,38.82,1787,36.07,31,0,0,0,0,0
6355,H13417,H,303.73,313.77,30.58,40.62,1698,38.27,17,0,0,0,0,0
6356,H83437,H,299.35,308.95,26.2,35.8,1650,39.93,187,0,0,0,0,0
6357,L29570,L,301.68,311.67,28.53,38.52,1459,44.82,162,0,0,0,0,0
6358,L58507,L,302.46,314.22,29.31,41.07,1302,46.22,156,0,0,0,0,0
6359,H38316,H,302.03,312.64,28.88,39.49,1486,39.01,223,0,0,0,0,0
6360,M72012,M,300.25,311.34,27.1,38.19,1519,45.16,91,0,0,0,0,0
6361,L79773,L,298.6,307.68,25.45,34.53,1337,48.4,96,0,0,0,0,0
6362,L96980,L,299.84,310.93,26.69,37.78,1278,32.98,99,0,0,0,0,0
6363,L88869,L,300.92,311.56,27.77,38.41,1232,45.12,112,0,0,0,0,0
6364,L42735,L,301.82,310.32,28.67,37.17,1650,20.3,123,0,0,0,0,0
6365,L31968,L,300.67,311.21,27.52,38.06,1324,28.69,187,0,0,0,0,0
6366,L45461,L,299.24,308.73,26.09,35.58,1589,31.98,52,0,0,0,0,0
6367,L85524,L,301.11,309.56,27.96,36.41,1465,38.08,104,1,0,0,0,0
6368,L50188,L,301.72,311.85,28.57,38.7,1638,31.58,121,0,0,0,0,0
6369,L29555,L,300.76,311.3,27.61,38.15,1594,21.74,41,0,0,0,0,0
6370,M28929,M,298.33,308.48,25.18,35.33,1494,44.54,168,0,0,0,0,0
6371,M52213,M,299.64,309.53,26.49,36.38,1558,31.12,14,0,0,0,0,0
6372,L30660,L,301.9,311.57,28.75,38.42,1516,41.72,141,0,0,0,0,0
6373,H30843,H,297.23,309.7,24.08,36.55,1427,34.71,49,0,0,0,0,0
6374,H90766,H,295.81,304.63,22.66,31.48,1707,29.59,2,0,0,0,0,0
6375,L51807,L,303.02,313.89,29.87,40.74,1461,42.69,76,0,0,0,0,0
6376,L46163,L,301.02,311.04,27.87,37.89,1520,34.91,103,0,0,0,0,0
6377,M12798,M,301.21,310.36,28.06,37.21,1287,45.87,196,0,0,0,0,0
6378,M64352,M,297.85,307.8,24.7,34.65,1583,38.41,98,0,0,0,0,0
6379,H19602,H,301.48,310.08,28.33,36.93,1428,28.7,220,1,1,0,0,0
6380,M91608,M,300.55,309.96,27.4,36.81,1452,43.29,202,0,0,0,0,0
6381,M60597,M,296.83,306.78,23.68,33.63,1388,33.78,46,0,0,0,0,0
6382,L45212,L,302.85,311.3,29.7,38.15,1513,28.97,37,0,0,0,0,0
6383,L41071,L,300.32,310.82,27.17,37.67,1184,42.58,59,0,0,0,0,0
6384,L36038,L,299.21,308.24,26.06,35.09,1654,41.15,86,0,0,0,0,0
6385,L86529,L,299.24,307.79,26.09,34.64,1528,24.69,140,0,0,0,0,0
6386,M77329,M,295.97,304.89,22.82,31.74,1453,44.63,30,0,0,0,0,0
6387,L73140,L,301.19,313.36,28.04,40.21,1264,48.04,128,0,0,0,0,0
6388,M17533,M,300.52,308.55,27.37,35.4,1611,36.16,139,0,0,0,0,0
6389,L10348,L,299.61,310.05,26.46,36.9,1424,42.21,159,0,0,0,0,0
6390,L10716,L,302.56,311.81,29.41,38.66,1764,30.17,132,0,0,0,0,0
6391,L56001,L,297.23,306.88,24.08,33.73,1620,40.82,198,0,0,0,0,0
6392,L85923,L,298.81,309.41,25.66,36.26,1804,28.36,154,0,0,0,0,0
6393,M27200,M,298.3,308.85,25.15,35.7,1559,23.75,222,1,1,0,0,0
6394,M38408,M,299.44,308.76,26.29,35.61,1724,32.62,168,0,0,0,0,0
6395,H76442,H,300.13,308.78,26.98,35.63,1616,41.87,105,0,0,0,0,0
6396,L38135,L,300.86,311.48,27.71,38.33,1456,43.29,50,0,0,0,0,0
6397,L65601,L,299.31,309.86,26.16,36.71,1568,51.06,3,0,0,0,0,0
6398,L35128,L,298.25,307.96,25.1,34.81,1389,39.22,22,0,0,0,0,0
6399,L38790,L,303.37,313.81,30.22,40.66,1897,28.92,46,0,0,0,0,0
6400,M63832,M,304.82,314.38,31.67,41.23,1517,35.89,52,0,0,0,0,0
6401,M84755,M,300.29,309.46,27.14,36.31,1540,31.0,178,0,0,0,0,0
6402,M88378,M,298.49,308.49,25.34,35.34,1603,31.95,93,0,0,0,0,0
6403,L19934,L,302.95,313.47,29.8,40.32,1345,34.29,78,0,0,0,0,0
6404,M59025,M,297.11,307.42,23.96,34.27,1766,14.09,13,1,0,0,1,0
6405,L47387,L,299.33,309.84,26.18,36.69,1356,37.63,129,0,0,0,0,0
6406,M21860,M,298.61,307.85,25.46,34.7,1316,43.73,147,0,0,0,0,0
6407,L11391,L,297.68,309.26,24.53,36.11,1506,43.09,211,0,0,0,0,0
6408,L78267,L,299.44,309.1,26.29,35.95,1311,39.09,121,0,0,0,0,0
6409,L68326,L,298.27,308.15,25.12,35.0,1808,27.17,2,0,0,0,0,0
6410,H98600,H,300.03,308.71,26.88,35.56,1495,46.58,16,0,0,0,0,0
6411,L29270,L,300.05,309.86,26.9,36.71,1100,41.44,65,0,0,0,0,0
6412,L97857,L,298.76,309.29,25.61,36.14,1570,35.19,33,0,0,0,0,0
6413,M43607,M,299.26,310.02,26.11,36.87,1632,42.77,185,0,0,0,0,0
6414,L80008,L,299.54,311.1,26.39,37.95,1461,33.54,26,0,0,0,0,0
6415,L88229,L,301.62,312.14,28.47,38.99,1298,31.88,39,0,0,0,0,0
6416,L28021,L,299.7,309.98,26.55,36.83,1517,51.43,160,0,0,0,0,0
6417,L79709,L,301.65,311.2,28.5,38.05,1451,45.89,58,0,0,0,0,0
6418,H99626,H,301.17,310.51,28.02,37.36,1364,48.64,233,0,0,0,0,0
6419,M39190,M,301.14,312.11,27.99,38.96,1349,41.76,207,0,0,0,0,0
6420,L59572,L,302.78,313.73,29.63,40.58,1562,41.8,179,0,0,0,0,0
6421,H91846,H,297.76,306.68,24.61,33.53,1693,13.92,82,1,0,0,1,0
6422,L43835,L,299.05,309.78,25.9,36.63,1616,31.96,14,0,0,0,0,0
6423,L83319,L,303.53,314.18,30.38,41.03,1233,54.06,81,0,0,0,0,0
6424,L56011,L,299.49,308.37,26.34,35.22,1643,23.71,90,0,0,0,0,0
6425,L92611,L,294.37,304.91,21.22,31.76,1670,31.64,31,0,0,0,0,0
6426,L36755,L,299.59,308.54,26.44,35.39,1779,34.77,29,0,0,0,0,0
6427,H98554,H,300.27,307.84,27.12,34.69,1369,35.59,160,1,0,1,0,0
6428,M62978,M,294.77,304.61,21.62,31.46,1525,37.63,56,0,0,0,0,0
6429,L54161,L,302.67,312.93,29.52,39.78,1634,38.14,163,0,0,0,0,0
6430,L98819,L,298.57,308.46,25.42,35.31,1443,42.13,132,0,0,0,0,0
6431,M53235,M,300.66,313.52,27.51,40.37,1632,31.91,216,0,0,0,0,0
6432,H92589,H,299.55,309.93,26.4,36.78,1531,30.8,191,0,0,0,0,0
6433,M89681,M,297.42,307.57,24.27,34.42,1387,44.48,36,0,0,0,0,0
6434,L22698,L,297.86,308.29,24.71,35.14,1402,43.59,146,0,0,0,0,0
6435,M80360,M,298.13,307.69,24.98,34.54,1754,34.99,157,0,0,0,0,0
6436,L99692,L,302.17,313.1,29.02,39.95,1361,43.03,207,0,0,0,0,0
6437,L99920,L,299.7,310.07,26.55,36.92,1331,45.78,154,0,0,0,0,0
6438,L28200,L,298.96,309.27,25.81,36.12,1595,42.93,34,0,0,0,0,0
6439,L70975,L,298.13,307.51,24.98,34.36,1530,39.94,62,0,0,0,0,0
6440,L34032,L,302.39,310.83,29.24,37.68,1305,44.67,153,1,0,1,0,0
6441,L61948,L,302.93,312.43,29.78,39.28,1444,35.46,219,0,0,0,0,0
6442,L77602,L,302.37,312.65,29.22,39.5,1392,52.25,214,1,0,0,0,1
6443,M22520,M,300.98,310.54,27.83,37.39,1423,31.29,86,0,0,0,0,0
6444,L37921,L,300.58,310.87,27.43,37.72,1977,27.36,199,0,0,0,0,0
6445,L13078,L,297.57,307.34,24.42,34.19,1482,34.59,123,0,0,0,0,0
6446,L43622,L,299.51,309.94,26.36,36.79,1381,26.88,111,0,0,0,0,0
6447,H27535,H,298.63,307.66,25.48,34.51,1889,33.16,84,0,0,0,0,0
6448,L42808,L,296.35,306.54,23.2,33.39,1690,32.27,163,0,0,0,0,0
6449,L49500,L,302.11,311.47,28.96,38.32,1662,34.73,144,0,0,0,0,0
6450,L89308,L,298.61,307.07,25.46,33.92,1389,39.81,90,0,0,0,0,0
6451,M19150,M,302.39,312.23,29.24,39.08,1744,38.89,183,0,0,0,0,0
6452,H56225,H,301.76,313.3,28.61,40.15,1678,41.2,91,0,0,0,0,0
6453,L68838,L,301.11,309.65,27.96,36.5,1561,27.9,140,0,0,0,0,0
6454,L29117,L,301.23,311.35,28.08,38.2,1235,60.53,94,0,0,0,0,0
6455,H31881,H,298.77,309.57,25.62,36.42,1532,35.49,28,0,0,0,0,0
6456,L17646,L,303.72,316.02,30.57,42.87,1838,35.88,39,0,0,0,0,0
6457,M67940,M,300.09,309.59,26.94,36.44,1574,37.85,158,0,0,0,0,0
6458,L67304,L,300.6,309.97,27.45,36.82,1469,39.85,195,0,0,0,0,0
6459,L51679,L,298.7,307.54,25.55,34.39,1495,42.78,112,0,0,0,0,0
6460,L76609,L,298.14,309.28,24.99,36.13,1507,48.56,78,0,0,0,0,0
6461,L13348,L,300.95,310.09,27.8,36.94,1395,47.29,81,0,0,0,0,0
6462,M32000,M,300.44,310.06,27.29,36.91,1528,35.56,143,0,0,0,0,0
6463,H28047,H,298.42,306.57,25.27,33.42,1787,31.38,112,0,0,0,0,0
6464,L68656,L,297.12,308.01,23.97,34.86,1768,27.91,0,0,0,0,0,0
6465,M50989,M,297.46,308.62,24.31,35.47,1403,46.56,185,0,0,0,0,0
6466,L35469,L,302.39,313.24,29.24,40.09,1758,37.31,34,0,0,0,0,0
6467,L13968,L,298.77,307.17,25.62,34.02,1668,31.61,162,0,0,0,0,0
6468,L99120,L,299.32,309.93,26.17,36.78,1646,45.42,83,0,0,0,0,0
6469,H39688,H,302.9,311.23,29.75,38.08,1611,44.16,139,0,0,0,0,0
6470,M40794,M,297.76,307.81,24.61,34.66,1372,56.34,205,0,0,0,0,0
6471,M54871,M,298.55,308.75,25.4,35.6,1464,32.82,37,0,0,0,0,0
6472,M40814,M,298.46,308.77,25.31,35.62,1681,33.29,187,0,0,0,0,0
6473,M47076,M,303.24,313.77,30.09,40.62,1324,41.71,9,0,0,0,0,0
6474,H62312,H,303.99,313.98,30.84,40.83,1353,63.18,221,1,0,0,0,1
6475,M11169,M,301.5,309.54,28.35,36.39,1589,36.15,48,0,0,0,0,0
6476,H84210,H,301.57,312.1,28.42,38.95,1397,51.14,191,0,0,0,0,0
6477,L82127,L,298.84,308.94,25.69,35.79,1679,42.4,16,0,0,0,0,0
6478,L35884,L,303.89,312.99,30.74,39.84,1403,40.17,78,0,0,0,0,0
6479,L36956,L,300.54,308.97,27.39,35.82,1578,36.76,152,0,0,0,0,0
6480,L54115,L,301.71,313.25,28.56,40.1,1592,40.16,158,0,0,0,0,0
6481,L59067,L,299.79,311.02,26.64,37.87,1451,49.56,168,0,0,0,0,0
6482,L98393,L,299.46,310.17,26.31,37.02,1493,37.0,84,0,0,0,0,0
6483,M26675,M,303.33,312.65,30.18,39.5,1416,36.39,160,0,0,0,0,0
6484,L86771,L,301.08,308.56,27.93,35.41,1532,44.86,103,0,0,0,0,0
6485,L28705,L,302.9,313.67,29.75,40.52,1367,32.75,136,0,0,0,0,0
6486,L45596,L,300.51,310.88,27.36,37.73,1496,40.32,131,0,0,0,0,0
6487,H45788,H,298.3,307.93,25.15,34.78,1666,42.87,40,0,0,0,0,0
6488,L37195,L,298.83,309.96,25.68,36.81,1336,46.33,203,0,0,0,0,0
6489,L54027,L,300.21,311.05,27.06,37.9,1450,34.98,208,0,0,0,0,0
6490,M22719,M,298.75,308.92,25.6,35.77,1626,27.23,49,0,0,0,0,0
6491,M72018,M,297.79,307.82,24.64,34.67,1171,58.41,100,0,0,0,0,0
6492,L78539,L,302.4,312.45,29.25,39.3,1860,29.4,112,0,0,0,0,0
6493,L47257,L,298.91,309.59,25.76,36.44,1718,26.14,132,1,0,0,0,0
6494,L31635,L,300.28,309.42,27.13,36.27,1266,54.38,5,0,0,0,0,0
6495,H89595,H,300.59,311.02,27.44,37.87,1167,55.51,182,0,0,0,0,0
6496,L65421,L,298.82,307.9,25.67,34.75,1540,28.79,207,0,0,0,0,0
6497,L66256,L,302.9,314.24,29.75,41.09,1339,62.91,34,0,0,0,0,0
6498,L24524,L,297.77,308.3,24.62,35.15,1703,29.31,215,0,0,0,0,0
6499,L75988,L,300.52,309.84,27.37,36.69,1604,41.99,204,0,0,0,0,0
6500,M78654,M,300.49,310.57,27.34,37.42,1557,52.7,130,0,0,0,0,0
6501,L37325,L,299.89,309.04,26.74,35.89,1435,47.03,66,0,0,0,0,0
6502,L51542,L,297.41,308.91,24.26,35.76,1815,33.64,50,0,0,0,0,0
6503,L82535,L,301.74,313.36,28.59,40.21,1667,22.92,117,0,0,0,0,0
6504,L10455,L,301.49,312.18,28.34,39.03,1641,51.25,122,0,0,0,0,0
6505,L89261,L,298.65,310.21,25.5,37.06,1745,39.76,156,0,0,0,0,0
6506,M21663,M,301.41,311.57,28.26,38.42,1357,30.91,192,0,0,0,0,0
6507,M47211,M,300.75,311.51,27.6,38.36,1760,44.91,224,0,0,0,0,0
6508,H19408,H,297.44,308.66,24.29,35.51,1489,38.98,191,0,0,0,0,0
6509,M21709,M,298.29,308.29,25.14,35.14,1594,33.73,218,1,1,0,0,0
6510,M29749,M,302.28,312.35,29.13,39.2,1508,33.43,120,0,0,0,0,0
6511,L93710,L,300.62,311.55,27.47,38.4,1206,48.86,9,0,0,0,0,0
6512,M51214,M,298.87,309.52,25.72,36.37,1703,40.12,12,0,0,0,0,0
6513,M16236,M,298.28,307.53,25.13,34.38,1216,43.17,64,0,0,0,0,0
6514,M32366,M,298.97,306.78,25.82,33.63,1366,42.97,147,1,0,1,0,0
6515,L84298,L,299.11,308.94,25.96,35.79,1456,66.4,80,1,0,0,1,0
6516,L55320,L,298.31,306.21,25.16,33.06,1193,51.83,40,1,0,1,0,0
6517,M94575,M,296.52,305.53,23.37,32.38,1342,50.41,204,0,0,0,0,0
6518,M84590,M,302.28,311.41,29.13,38.26,1578,28.65,236,0,0,0,0,0
6519,H74196,H,301.94,311.37,28.79,38.22,1474,28.0,4,0,0,0,0,0
6520,L78374,L,297.45,308.27,24.3,35.12,1489,50.2,21,0,0,0,0,0
6521,L78461,L,300.27,311.31,27.12,38.16,1375,51.11,120,0,0,0,0,0
6522,L74182,L,298.2,308.7,25.05,35.55,1543,50.84,81,0,0,0,0,0
6523,M12132,M,299.48,310.11,26.33,36.96,1478,38.13,188,0,0,0,0,0
6524,L82556,L,299.31,309.97,26.16,36.82,1248,55.95,157,0,0,0,0,0
6525,L89928,L,299.14,306.65,25.99,33.5,1500,17.77,16,1,0,0,1,0
6526,H10915,H,304.01,314.02,30.86,40.87,1318,47.81,131,0,0,0,0,0
6527,L43147,L,299.12,307.32,25.97,34.17,1692,42.13,81,0,0,0,0,0
6528,M62910,M,298.38,308.89,25.23,35.74,1466,33.56,232,1,1,0,0,0
6529,L61078,L,298.47,306.38,25.32,33.23,1976,37.44,114,0,0,0,0,0
6530,M48839,M,302.09,311.91,28.94,38.76,1704,32.18,223,0,0,0,0,0
6531,L50563,L,296.7,307.24,23.55,34.09,1512,37.25,7,0,0,0,0,0
6532,H62560,H,298.47,307.36,25.32,34.21,1636,32.94,25,0,0,0,0,0
6533,H77741,H,302.89,313.86,29.74,40.71,1169,61.65,93,0,0,0,0,0
6534,L75731,L,300.49,310.99,27.34,37.84,1703,30.0,213,0,0,0,0,0
6535,L54547,L,300.38,310.76,27.23,37.61,1391,36.56,131,0,0,0,0,0
6536,L67329,L,304.26,314.96,31.11,41.81,1551,30.09,198,0,0,0,0,0
6537,M74038,M,300.49,310.13,27.34,36.98,1408,37.75,68,0,0,0,0,0
6538,M72499,M,298.58,308.74,25.43,35.59,1426,41.73,27,0,0,0,0,0
6539,L33182,L,299.44,309.45,26.29,36.3,1503,43.22,59,0,0,0,0,0
6540,M50405,M,297.73,307.72,24.58,34.57,1548,30.98,155,0,0,0,0,0
6541,L89690,L,302.51,311.84,29.36,38.69,1530,40.42,209,0,0,0,0,0
6542,M61875,M,301.15,309.91,28.0,36.76,1535,42.23,109,0,0,0,0,0
6543,H15628,H,302.25,311.91,29.1,38.76,1251,38.36,46,0,0,0,0,0
6544,L78447,L,302.43,312.03,29.28,38.88,1943,29.99,153,0,0,0,0,0
6545,L79449,L,299.17,308.43,26.02,35.28,1576,35.69,47,0,0,0,0,0
6546,L25082,L,298.11,308.96,24.96,35.81,1612,36.14,137,0,0,0,0,0
6547,L42720,L,299.9,308.72,26.75,35.57,1476,34.59,25,0,0,0,0,0
6548,L14842,L,298.25,308.08,25.1,34.93,1382,40.37,195,0,0,0,0,0
6549,L29455,L,300.33,311.5,27.18,38.35,1561,36.94,193,0,0,0,0,0
6550,L89870,L,302.26,313.17,29.11,40.02,1586,51.05,130,0,0,0,0,0
6551,L21511,L,299.66,310.88,26.51,37.73,1763,32.86,9,0,0,0,0,0
6552,L86794,L,300.3,309.71,27.15,36.56,1899,40.89,67,0,0,0,0,0
6553,L94588,L,299.81,310.6,26.66,37.45,1793,43.26,33,0,0,0,0,0
6554,L96137,L,301.61,310.54,28.46,37.39,1226,36.19,126,0,0,0,0,0
6555,M58242,M,298.66,308.39,25.51,35.24,1454,37.06,24,0,0,0,0,0
6556,M22256,M,295.61,305.43,22.46,32.28,1594,47.28,209,0,0,0,0,0
6557,L31715,L,300.94,310.37,27.79,37.22,1465,40.56,204,0,0,0,0,0
6558,L24093,L,301.98,311.61,28.83,38.46,1527,36.58,37,0,0,0,0,0
6559,M61099,M,300.89,310.4,27.74,37.25,1160,55.41,167,0,0,0,0,0
6560,H24579,H,298.72,307.74,25.57,34.59,1695,42.34,167,0,0,0,0,0
6561,L34827,L,297.73,308.59,24.58,35.44,1207,47.24,95,0,0,0,0,0
6562,L11255,L,300.99,310.81,27.84,37.66,1260,43.25,37,0,0,0,0,0
6563,L49557,L,300.28,310.48,27.13,37.33,1357,23.3,32,1,0,0,1,0
6564,L10244,L,299.75,309.91,26.6,36.76,1518,38.12,177,0,0,0,0,0
6565,L22394,L,303.64,313.7,30.49,40.55,1251,42.75,53,0,0,0,0,0
6566,L38676,L,298.11,308.2,24.96,35.05,1349,34.41,145,0,0,0,0,0
6567,M36817,M,303.55,313.24,30.4,40.09,1736,31.36,208,0,0,0,0,0
6568,L11221,L,300.06,311.48,26.91,38.33,1515,34.47,142,0,0,0,0,0
6569,L48029,L,296.33,307.09,23.18,33.94,1611,36.92,234,1,1,0,0,0
6570,L47965,L,299.64,309.66,26.49,36.51,1319,41.22,155,0,0,0,0,0
6571,L60525,L,301.92,311.47,28.77,38.32,1526,41.13,76,0,0,0,0,0
6572,L87612,L,299.27,309.15,26.12,36.0,1511,39.3,205,0,0,0,0,0
6573,L11191,L,297.05,307.47,23.9,34.32,1396,51.24,75,0,0,0,0,0
6574,M29530,M,299.67,311.17,26.52,38.02,1526,33.27,233,1,1,0,0,0
6575,L33117,L,298.29,306.91,25.14,33.76,1204,61.83,115,0,0,0,0,0
6576,M89253,M,300.98,311.64,27.83,38.49,1612,44.09,229,0,0,0,0,0
6577,H19090,H,301.55,312.67,28.4,39.52,1465,51.0,44,0,0,0,0,0
6578,L12460,L,297.89,306.4,24.74,33.25,1490,40.48,3,0,0,0,0,0
6579,L42815,L,298.59,308.41,25.44,35.26,1684,31.77,47,0,0,0,0,0
6580,L50173,L,301.51,310.45,28.36,37.3,1611,31.27,24,0,0,0,0,0
6581,M22807,M,298.28,308.71,25.13,35.56,1479,52.75,176,0,0,0,0,0
6582,H27072,H,297.84,307.48,24.69,34.33,1340,51.54,63,0,0,0,0,0
6583,M30356,M,297.64,307.51,24.49,34.36,1768,24.35,153,0,0,0,0,0
6584,L39267,L,300.7,310.29,27.55,37.14,1300,51.88,160,0,0,0,0,0
6585,M54720,M,300.62,311.34,27.47,38.19,1645,28.22,165,0,0,0,0,0
6586,L84949,L,298.63,308.86,25.48,35.71,1255,48.23,200,0,0,0,0,0
6587,L48414,L,300.01,310.24,26.86,37.09,1696,40.4,36,0,0,0,0,0
6588,L95876,L,303.05,313.21,29.9,40.06,1712,45.13,12,0,0,0,0,0
6589,L10620,L,298.05,308.62,24.9,35.47,1200,49.64,7,0,0,0,0,0
6590,M60696,M,296.1,305.83,22.95,32.68,1614,34.44,25,0,0,0,0,0
6591,L51390,L,300.91,312.61,27.76,39.46,1599,36.18,91,0,0,0,0,0
6592,L23675,L,299.78,308.54,26.63,35.39,1658,43.09,232,1,1,0,0,0
6593,L68935,L,298.58,306.85,25.43,33.7,1599,42.14,85,0,0,0,0,0
6594,M73177,M,301.3,309.5,28.15,36.35,1367,41.8,109,1,0,1,0,0
6595,M64703,M,301.68,309.6,28.53,36.45,1497,23.37,195,0,0,0,0,0
6596,L43085,L,295.58,306.26,22.43,33.11,1826,11.9,220,1,1,0,1,0
6597,L85608,L,298.69,309.25,25.54,36.1,1341,44.52,233,1,1,0,0,0
6598,L29540,L,304.64,315.84,31.49,42.69,1592,26.55,198,0,0,0,0,0
6599,H43473,H,301.17,310.11,28.02,36.96,1736,28.76,121,0,0,0,0,0
6600,L43385,L,301.35,312.1,28.2,38.95,1362,40.26,55,0,0,0,0,0
6601,L45687,L,302.35,312.4,29.2,39.25,1287,61.13,144,0,0,0,0,0
6602,L59807,L,300.03,310.2,26.88,37.05,1313,44.6,47,0,0,0,0,0
6603,L35264,L,301.59,312.22,28.44,39.07,1604,41.48,13,0,0,0,0,0
6604,M40366,M,301.44,310.68,28.29,37.53,1312,47.71,221,0,0,0,0,0
6605,L80219,L,301.08,313.67,27.93,40.52,1511,18.54,116,1,0,0,1,0
6606,L43302,L,299.36,310.69,26.21,37.54,1775,29.08,122,0,0,0,0,0
6607,L31737,L,300.34,309.81,27.19,36.66,1526,27.79,146,0,0,0,0,0
6608,L68469,L,298.82,307.73,25.67,34.58,1399,54.78,108,0,0,0,0,0
6609,H61051,H,300.03,309.94,26.88,36.79,1557,22.25,107,0,0,0,0,0
6610,L89885,L,297.66,307.85,24.51,34.7,1523,34.25,220,1,1,0,0,0
6611,M82800,M,298.42,309.48,25.27,36.33,1614,33.41,196,0,0,0,0,0
6612,M93119,M,299.44,308.27,26.29,35.12,1818,23.62,51,0,0,0,0,0
6613,L30271,L,298.11,308.4,24.96,35.25,1604,36.52,70,0,0,0,0,0
6614,L88853,L,298.99,307.46,25.84,34.31,1891,29.96,159,0,0,0,0,0
6615,L89638,L,299.67,310.11,26.52,36.96,1615,36.79,137,0,0,0,0,0
6616,M26687,M,300.8,310.7,27.65,37.55,1401,44.92,184,0,0,0,0,0
6617,L99916,L,301.9,313.84,28.75,40.69,1935,31.5,175,0,0,0,0,0
6618,L60846,L,299.07,307.53,25.92,34.38,1513,40.91,170,0,0,0,0,0
6619,L23799,L,302.67,314.04,29.52,40.89,1350,51.33,211,0,0,0,0,0
6620,M71060,M,301.88,310.17,28.73,37.02,1942,16.31,184,1,0,0,1,0
6621,L95826,L,301.01,309.68,27.86,36.53,1407,46.33,58,0,0,0,0,0
6622,L67588,L,300.31,308.63,27.16,35.48,1400,32.56,209,0,0,0,0,0
6623,L31022,L,300.64,310.89,27.49,37.74,1438,34.69,81,0,0,0,0,0
6624,L83397,L,302.37,311.2,29.22,38.05,1564,37.61,219,0,0,0,0,0
6625,M58917,M,302.45,311.1,29.3,37.95,1698,37.04,198,0,0,0,0,0
6626,L87503,L,302.67,312.87,29.52,39.72,1100,56.32,18,0,0,0,0,0
6627,M42555,M,300.08,310.53,26.93,37.38,1697,26.2,185,0,0,0,0,0
6628,M45796,M,301.11,311.15,27.96,38.0,1438,52.89,120,0,0,0,0,0
6629,L12222,L,302.69,312.52,29.54,39.37,1463,35.83,235,1,1,0,0,0
6630,M16661,M,298.75,310.58,25.6,37.43,1835,25.47,110,0,0,0,0,0
6631,L32537,L,299.36,309.51,26.21,36.36,1572,26.26,16,0,0,0,0,0
6632,L84297,L,300.03,310.84,26.88,37.69,1613,24.55,70,0,0,0,0,0
6633,M12599,M,301.8,311.94,28.65,38.79,1527,26.34,103,0,0,0,0,0
6634,L71254,L,301.83,310.73,28.68,37.58,1669,36.85,142,0,0,0,0,0
6635,M54759,M,299.54,310.09,26.39,36.94,1818,36.35,37,0,0,0,0,0
6636,L35230,L,296.98,306.33,23.83,33.18,1102,45.09,124,0,0,0,0,0
6637,H55014,H,300.49,310.4,27.34,37.25,1725,24.08,116,0,0,0,0,0
6638,L38968,L,298.16,308.47,25.01,35.32,1806,30.04,201,0,0,0,0,0
6639,L18083,L,297.02,305.08,23.87,31.93,1623,36.09,73,0,0,0,0,0
6640,L24131,L,297.47,305.86,24.32,32.71,1416,42.55,108,0,0,0,0,0
6641,M67097,M,300.65,311.56,27.5,38.41,1333,35.26,93,0,0,0,0,0
6642,M60552,M,302.72,312.06,29.57,38.91,1948,28.07,152,0,0,0,0,0
6643,L10342,L,300.08,309.46,26.93,36.31,1377,54.16,201,0,0,0,0,0
6644,M75178,M,300.42,310.59,27.27,37.44,1801,22.26,162,0,0,0,0,0
6645,L20090,L,302.37,311.98,29.22,38.83,1603,35.5,112,0,0,0,0,0
6646,L55165,L,296.91,307.33,23.76,34.18,1893,34.27,153,0,0,0,0,0
6647,M60747,M,301.04,310.99,27.89,37.84,1479,30.99,77,0,0,0,0,0
6648,M31499,M,299.98,310.18,26.83,37.03,1254,50.59,35,0,0,0,0,0
6649,M12428,M,301.13,310.43,27.98,37.28,1535,26.6,77,0,0,0,0,0
6650,M39557,M,299.03,309.23,25.88,36.08,1275,50.02,106,0,0,0,0,0
6651,L22805,L,298.36,309.47,25.21,36.32,2003,28.94,105,0,0,0,0,0
6652,M89052,M,300.28,309.71,27.13,36.56,1645,23.47,177,0,0,0,0,0
6653,L12843,L,303.3,314.21,30.15,41.06,1671,39.79,225,1,1,0,0,0
6654,L95135,L,301.72,311.67,28.57,38.52,1671,27.12,93,0,0,0,0,0
6655,L55584,L,298.98,309.72,25.83,36.57,1414,39.3,21,0,0,0,0,0
6656,L74248,L,297.32,307.45,24.17,34.3,1512,42.94,8,0,0,0,0,0
6657,L66174,L,296.64,306.6,23.49,33.45,1554,29.15,1,0,0,0,0,0
6658,L16622,L,302.63,312.98,29.48,39.83,1875,26.33,225,0,0,0,0,0
6659,L77593,L,298.09,309.3,24.94,36.15,1333,52.01,239,1,0,0,0,1
6660,L91054,L,299.35,309.59,26.2,36.44,1407,24.15,12,0,0,0,0,0
6661,L44726,L,302.64,313.12,29.49,39.97,1471,50.29,86,0,0,0,0,0
6662,L52217,L,296.77,306.4,23.62,33.25,1417,28.72,161,0,0,0,0,0
6663,L57237,L,302.98,314.56,29.83,41.41,1280,39.18,43,0,0,0,0,0
6664,M84600,M,299.49,310.13,26.34,36.98,1100,54.35,143,0,0,0,0,0
6665,M13983,M,297.7,307.78,24.55,34.63,1215,51.97,195,0,0,0,0,0
6666,M13224,M,299.51,309.38,26.36,36.23,1727,35.55,206,0,0,0,0,0
6667,L84150,L,298.55,309.53,25.4,36.38,1534,37.74,170,0,0,0,0,0
6668,M52145,M,300.88,310.28,27.73,37.13,1681,30.59,20,0,0,0,0,0
6669,L38685,L,298.7,306.92,25.55,33.77,1433,52.47,84,0,0,0,0,0
6670,L37990,L,296.18,306.25,23.03,33.1,1518,43.93,232,1,1,0,0,0
6671,L24931,L,299.56,310.75,26.41,37.6,1817,40.93,46,0,0,0,0,0
6672,M57564,M,297.29,308.88,24.14,35.73,1807,28.34,109,0,0,0,0,0
6673,L33200,L,300.41,310.3,27.26,37.15,1700,15.08,80,1,0,0,1,0
6674,L12847,L,297.63,307.67,24.48,34.52,1570,44.64,49,0,0,0,0,0
6675,L70649,L,299.02,309.54,25.87,36.39,1626,38.1,78,0,0,0,0,0
6676,M60614,M,300.37,310.1,27.22,36.95,1600,37.28,45,0,0,0,0,0
6677,M60460,M,299.58,310.09,26.43,36.94,1506,33.51,211,0,0,0,0,0
6678,L13994,L,300.5,310.42,27.35,37.27,1464,36.35,42,0,0,0,0,0
6679,L41589,L,301.36,312.37,28.21,39.22,1731,28.3,150,0,0,0,0,0
6680,L14733,L,297.68,308.41,24.53,35.26,1308,44.16,226,1,1,0,0,0
6681,M66006,M,299.87,310.68,26.72,37.53,1795,22.83,229,1,1,0,0,0
6682,L33004,L,293.34,303.14,20.19,29.99,1487,44.64,144,0,0,0,0,0
6683,M60023,M,300.49,312.42,27.34,39.27,1305,60.2,65,0,0,0,0,0
6684,L86789,L,299.4,309.88,26.25,36.73,1440,35.02,59,0,0,0,0,0
6685,M14603,M,298.03,308.28,24.88,35.13,1382,28.72,179,0,0,0,0,0
6686,L50833,L,300.63,309.87,27.48,36.72,1434,39.13,235,1,1,0,0,0
6687,L53856,L,302.35,312.25,29.2,39.1,1431,42.56,19,0,0,0,0,0
6688,L70341,L,299.05,309.16,25.9,36.01,1424,43.86,189,0,0,0,0,0
6689,L33495,L,298.11,307.32,24.96,34.17,1481,51.5,30,0,0,0,0,0
6690,L28472,L,300.33,310.04,27.18,36.89,1524,44.13,72,0,0,0,0,0
6691,M72288,M,297.33,307.16,24.18,34.01,1669,19.84,136,1,0,0,1,0
6692,L27452,L,298.68,308.74,25.53,35.59,1492,28.51,71,0,0,0,0,0
6693,M25495,M,302.44,310.68,29.29,37.53,1592,39.23,156,0,0,0,0,0
6694,M27268,M,300.12,309.99,26.97,36.84,1536,33.66,100,0,0,0,0,0
6695,L81813,L,296.24,305.86,23.09,32.71,1630,47.28,53,0,0,0,0,0
6696,M30914,M,296.41,306.39,23.26,33.24,1543,29.63,127,0,0,0,0,0
6697,M53997,M,300.32,311.36,27.17,38.21,1422,47.98,6,0,0,0,0,0
6698,L70182,L,301.72,313.78,28.57,40.63,1374,36.5,178,0,0,0,0,0
6699,M46302,M,296.76,307.44,23.61,34.29,1572,38.55,125,0,0,0,0,0
6700,L53067,L,300.9,309.67,27.75,36.52,1758,25.97,227,0,0,0,0,0
6701,L78621,L,302.66,312.32,29.51,39.17,1495,42.8,25,0,0,0,0,0
6702,M52178,M,303.78,314.37,30.63,41.22,1412,49.15,176,0,0,0,0,0
6703,L90011,L,300.66,311.15,27.51,38.0,1490,40.47,72,0,0,0,0,0
6704,L47994,L,301.01,312.0,27.86,38.85,1437,55.15,90,0,0,0,0,0
6705,L88786,L,295.73,305.64,22.58,32.49,1418,34.63,84,0,0,0,0,0
6706,M17696,M,304.2,313.84,31.05,40.69,1282,45.46,86,0,0,0,0,0
6707,H59786,H,298.85,310.6,25.7,37.45,1492,45.16,103,0,0,0,0,0
6708,L95513,L,298.13,308.19,24.98,35.04,1576,28.75,5,1,0,0,0,0
6709,M67726,M,299.49,308.47,26.34,35.32,1346,43.08,203,0,0,0,0,0
6710,H93386,H,303.02,314.5,29.87,41.35,1381,46.79,212,0,0,0,0,0
6711,L52768,L,304.42,312.92,31.27,39.77,1369,49.28,9,1,0,1,0,0
6712,L40869,L,300.25,306.76,27.1,33.61,1292,53.47,186,1,0,1,0,0
6713,M33309,M,302.0,312.77,28.85,39.62,1368,34.94,17,0,0,0,0,0
6714,M42808,M,300.09,311.0,26.94,37.85,1500,40.49,194,0,0,0,0,0
6715,M85015,M,297.92,308.34,24.77,35.19,1300,33.55,147,0,0,0,0,0
6716,L45186,L,302.95,311.65,29.8,38.5,1511,32.13,74,0,0,0,0,0
6717,L59040,L,298.76,308.7,25.61,35.55,1412,39.19,147,0,0,0,0,0
6718,L10462,L,303.07,312.79,29.92,39.64,1372,50.9,122,0,0,0,0,0
6719,L13461,L,302.6,312.06,29.45,38.91,1601,40.01,153,0,0,0,0,0
6720,L90710,L,301.23,312.64,28.08,39.49,1423,40.59,114,0,0,0,0,0
6721,M71178,M,303.66,312.61,30.51,39.46,1453,43.03,185,0,0,0,0,0
6722,L51311,L,304.46,314.78,31.31,41.63,1762,36.68,11,0,0,0,0,0
6723,M22271,M,299.65,310.84,26.5,37.69,1374,44.65,83,0,0,0,0,0
6724,L28554,L,298.38,308.76,25.23,35.61,1809,27.07,134,0,0,0,0,0
6725,L56472,L,296.27,307.51,23.12,34.36,1474,31.21,141,0,0,0,0,0
6726,L43107,L,304.49,315.05,31.34,41.9,1336,41.09,41,0,0,0,0,0
6727,L18745,L,299.12,309.55,25.97,36.4,1438,33.49,18,0,0,0,0,0
6728,L20028,L,302.27,312.64,29.12,39.49,1547,42.01,5,0,0,0,0,0
6729,H92470,H,298.52,309.13,25.37,35.98,1755,44.89,99,0,0,0,0,0
6730,M22353,M,303.08,312.69,29.93,39.54,1675,38.72,79,0,0,0,0,0
6731,L63201,L,298.6,307.3,25.45,34.15,1546,22.58,136,0,0,0,0,0
6732,L64460,L,297.62,308.57,24.47,35.42,1755,27.57,108,0,0,0,0,0
6733,H54197,H,299.58,310.74,26.43,37.59,1206,47.66,95,0,0,0,0,0
6734,L62545,L,298.94,309.19,25.79,36.04,1579,24.82,202,0,0,0,0,0
6735,L72414,L,301.19,310.64,28.04,37.49,1589,36.3,149,0,0,0,0,0
6736,L25754,L,299.9,308.34,26.75,35.19,1591,39.76,155,0,0,0,0,0
6737,H30738,H,301.26,311.34,28.11,38.19,1253,56.99,92,0,0,0,0,0
6738,L45464,L,299.42,308.07,26.27,34.92,1357,56.77,186,0,0,0,0,0
6739,L58748,L,298.67,307.18,25.52,34.03,1506,28.52,37,0,0,0,0,0
6740,H59706,H,298.83,308.81,25.68,35.66,1730,32.18,96,0,0,0,0,0
6741,L66790,L,304.09,313.33,30.94,40.18,1870,29.8,11,0,0,0,0,0
6742,L59598,L,300.45,310.8,27.3,37.65,1419,34.68,28,0,0,0,0,0
6743,L61820,L,296.03,305.87,22.88,32.72,1306,44.67,20,0,0,0,0,0
6744,M58106,M,298.96,308.35,25.81,35.2,1678,33.51,106,0,0,0,0,0
6745,L62105,L,300.19,308.49,27.04,35.34,1993,33.67,167,0,0,0,0,0
6746,H48943,H,303.69,312.84,30.54,39.69,1729,44.0,75,0,0,0,0,0
6747,M52051,M,302.06,311.24,28.91,38.09,1404,41.87,6,0,0,0,0,0
6748,L27510,L,298.16,306.93,25.01,33.78,2036,24.23,170,0,0,0,0,0
6749,H95164,H,304.84,314.51,31.69,41.36,1655,26.41,50,0,0,0,0,0
6750,L17981,L,299.94,308.79,26.79,35.64,1397,57.37,173,0,0,0,0,0
6751,L94380,L,302.49,312.33,29.34,39.18,1874,37.84,2,0,0,0,0,0
6752,L60239,L,297.69,307.93,24.54,34.78,1383,44.63,75,0,0,0,0,0
6753,L38406,L,295.2,304.38,22.05,31.23,1426,38.84,149,0,0,0,0,0
6754,L14969,L,297.18,307.61,24.03,34.46,1662,47.37,209,0,0,0,0,0
6755,L40893,L,293.5,302.14,20.35,28.99,1531,36.16,181,0,0,0,0,0
6756,L25874,L,304.22,313.11,31.07,39.96,1541,23.47,108,0,0,0,0,0
6757,M23800,M,300.43,310.32,27.28,37.17,1542,39.28,172,0,0,0,0,0
6758,L73699,L,298.15,308.84,25.0,35.69,1730,23.3,129,0,0,0,0,0
6759,H59597,H,300.91,311.77,27.76,38.62,1128,52.93,195,0,0,0,0,0
6760,L34605,L,300.38,311.99,27.23,38.84,1585,46.91,185,0,0,0,0,0
6761,L88110,L,301.24,310.87,28.09,37.72,1484,25.22,234,1,1,0,0,0
6762,L76216,L,302.42,312.29,29.27,39.14,1403,33.63,25,0,0,0,0,0
6763,L12581,L,299.42,308.39,26.27,35.24,1403,47.76,82,0,0,0,0,0
6764,L64344,L,298.24,306.99,25.09,33.84,1100,48.09,46,0,0,0,0,0
6765,M46872,M,301.66,311.88,28.51,38.73,1395,44.39,151,0,0,0,0,0
6766,H24494,H,301.6,310.83,28.45,37.68,1761,35.88,159,0,0,0,0,0
6767,H47781,H,300.2,311.43,27.05,38.28,1681,41.21,49,0,0,0,0,0
6768,L14213,L,304.36,312.89,31.21,39.74,1502,32.99,101,0,0,0,0,0
6769,M19907,M,299.12,309.61,25.97,36.46,1288,24.07,145,1,0,0,1,0
6770,L58826,L,298.2,307.19,25.05,34.04,1679,37.3,158,0,0,0,0,0
6771,L53998,L,300.84,310.02,27.69,36.87,1764,19.92,25,0,0,0,0,0
6772,M16284,M,298.65,309.19,25.5,36.04,1716,40.87,221,1,1,0,0,0
6773,M53739,M,300.99,310.32,27.84,37.17,1365,41.62,8,0,0,0,0,0
6774,L26880,L,298.33,307.82,25.18,34.67,1384,39.04,234,1,1,0,0,0
6775,L69570,L,299.2,308.39,26.05,35.24,1825,36.92,76,0,0,0,0,0
6776,L64399,L,303.78,315.57,30.63,42.42,1323,29.36,76,0,0,0,0,0
6777,M47798,M,299.19,308.57,26.04,35.42,1619,33.79,107,0,0,0,0,0
6778,L33033,L,298.4,308.45,25.25,35.3,1224,50.4,167,0,0,0,0,0
6779,H47881,H,302.34,312.14,29.19,38.99,1482,40.67,38,0,0,0,0,0
6780,L95041,L,297.9,308.12,24.75,34.97,1637,31.08,61,0,0,0,0,0
6781,L39101,L,298.61,308.0,25.46,34.85,1530,33.62,231,0,0,0,0,0
6782,L53838,L,301.15,310.95,28.0,37.8,1627,47.57,210,0,0,0,0,0
6783,L23642,L,301.88,312.27,28.73,39.12,1320,50.69,51,0,0,0,0,0
6784,L78449,L,302.44,311.58,29.29,38.43,1391,35.86,138,0,0,0,0,0
6785,M67374,M,298.51,309.59,25.36,36.44,1619,46.17,49,0,0,0,0,0
6786,M44875,M,301.19,312.38,28.04,39.23,1657,40.62,132,0,0,0,0,0
6787,H48706,H,299.07,309.67,25.92,36.52,1573,40.32,88,0,0,0,0,0
6788,M95869,M,298.79,308.86,25.64,35.71,1701,37.9,87,0,0,0,0,0
6789,M24301,M,302.41,309.42,29.26,36.27,1245,36.85,152,1,0,1,0,0
6790,L47884,L,298.9,309.33,25.75,36.18,1453,51.46,60,0,0,0,0,0
6791,M88116,M,300.56,310.17,27.41,37.02,1854,38.52,97,0,0,0,0,0
6792,L29480,L,300.31,310.06,27.16,36.91,1760,34.52,222,1,1,0,0,0
6793,L28327,L,297.86,305.96,24.71,32.81,1646,36.76,181,0,0,0,0,0
6794,L79217,L,301.93,312.43,28.78,39.28,1508,37.27,92,0,0,0,0,0
6795,L77860,L,301.12,309.67,27.97,36.52,1716,28.84,55,0,0,0,0,0
6796,L72463,L,296.03,306.15,22.88,33.0,1610,39.86,158,0,0,0,0,0
6797,H99074,H,300.55,311.46,27.4,38.31,1269,38.77,194,0,0,0,0,0
6798,L64324,L,298.45,307.98,25.3,34.83,1709,34.73,207,0,0,0,0,0
6799,L32008,L,302.19,313.41,29.04,40.26,1383,42.19,135,0,0,0,0,0
6800,L24170,L,297.11,306.36,23.96,33.21,1668,37.43,124,0,0,0,0,0
6801,L86360,L,299.29,309.89,26.14,36.74,1252,53.29,173,0,0,0,0,0
6802,L92063,L,300.72,309.42,27.57,36.27,1815,34.8,42,0,0,0,0,0
6803,L95234,L,300.11,311.14,26.96,37.99,1487,44.08,205,0,0,0,0,0
6804,L59034,L,301.53,312.4,28.38,39.25,1341,27.21,18,0,0,0,0,0
6805,L20154,L,296.96,307.43,23.81,34.28,1415,44.19,145,0,0,0,0,0
6806,M84709,M,303.3,312.91,30.15,39.76,1476,39.42,142,0,0,0,0,0
6807,M11833,M,301.05,309.65,27.9,36.5,1534,40.32,75,0,0,0,0,0
6808,L95845,L,302.72,312.33,29.57,39.18,1766,28.22,9,0,0,0,0,0
6809,L11218,L,301.75,312.86,28.6,39.71,1547,46.24,172,0,0,0,0,0
6810,L70262,L,299.98,310.11,26.83,36.96,1155,51.61,6,0,0,0,0,0
6811,M64592,M,297.43,305.88,24.28,32.73,1320,37.45,43,1,0,1,0,0
6812,L45884,L,298.87,307.75,25.72,34.6,2018,23.85,131,0,0,0,0,0
6813,L76674,L,303.18,314.43,30.03,41.28,1559,43.98,226,0,0,0,0,0
6814,M82622,M,302.77,313.26,29.62,40.11,1701,32.99,16,0,0,0,0,0
6815,L16864,L,298.76,307.53,25.61,34.38,1481,38.65,139,0,0,0,0,0
6816,L28400,L,294.36,302.6,21.21,29.45,1359,40.57,79,1,0,1,0,0
6817,L47580,L,299.57,308.95,26.42,35.8,1451,47.58,161,0,0,0,0,0
6818,H80204,H,299.42,307.57,26.27,34.42,1557,40.65,229,0,0,0,0,0
6819,M98503,M,299.5,309.34,26.35,36.19,1454,29.9,64,0,0,0,0,0
6820,M98120,M,301.06,313.51,27.91,40.36,1871,22.82,229,1,1,0,0,0
6821,L15017,L,301.75,310.16,28.6,37.01,1427,40.18,209,0,0,0,0,0
6822,L52059,L,301.98,311.79,28.83,38.64,1350,37.28,146,0,0,0,0,0
6823,H51619,H,300.89,312.2,27.74,39.05,1677,16.89,182,1,0,0,1,0
6824,H46012,H,296.4,307.15,23.25,34.0,1698,27.78,208,0,0,0,0,0
6825,L87959,L,299.32,309.17,26.17,36.02,1540,34.97,193,0,0,0,0,0
6826,M92321,M,304.61,314.46,31.46,41.31,1430,36.88,78,0,0,0,0,0
6827,L71849,L,300.75,309.59,27.6,36.44,1202,53.42,195,0,0,0,0,0
6828,L44259,L,300.74,310.47,27.59,37.32,1749,14.89,75,1,0,0,1,0
6829,M84016,M,300.72,310.96,27.57,37.81,1687,27.78,208,0,0,0,0,0
6830,L97663,L,300.83,311.94,27.68,38.79,1458,45.66,61,0,0,0,0,0
6831,H33499,H,295.23,304.61,22.08,31.46,1545,31.73,137,0,0,0,0,0
6832,L80721,L,299.52,309.33,26.37,36.18,1495,28.63,166,0,0,0,0,0
6833,L69535,L,299.92,308.98,26.77,35.83,1820,26.04,102,0,0,0,0,0
6834,H34177,H,302.56,312.79,29.41,39.64,1353,45.91,188,0,0,0,0,0
6835,H18810,H,300.1,310.88,26.95,37.73,1426,38.14,222,1,1,0,0,0
6836,L35316,L,296.71,307.34,23.56,34.19,1410,34.85,45,0,0,0,0,0
6837,L78746,L,300.86,309.69,27.71,36.54,1589,39.91,8,0,0,0,0,0
6838,M51424,M,298.39,308.54,25.24,35.39,1545,40.09,150,0,0,0,0,0
6839,L85371,L,297.57,306.89,24.42,33.74,1570,26.39,145,0,0,0,0,0
6840,H93701,H,298.33,309.34,25.18,36.19,1381,42.25,82,0,0,0,0,0
6841,H38630,H,301.09,310.92,27.94,37.77,1795,21.53,189,0,0,0,0,0
6842,L49295,L,302.52,311.0,29.37,37.85,1456,48.72,198,0,0,0,0,0
6843,L61323,L,300.97,310.75,27.82,37.6,1743,42.72,80,0,0,0,0,0
6844,L70538,L,301.26,311.72,28.11,38.57,2084,25.19,164,0,0,0,0,0
6845,H20088,H,300.95,311.19,27.8,38.04,1382,49.97,154,0,0,0,0,0
6846,L36838,L,300.2,309.69,27.05,36.54,1595,29.87,82,0,0,0,0,0
6847,L25309,L,301.39,310.81,28.24,37.66,1512,36.78,233,0,0,0,0,0
6848,L84259,L,295.16,304.17,22.01,31.02,1890,25.63,83,0,0,0,0,0
6849,L98418,L,300.22,309.83,27.07,36.68,1486,38.36,149,0,0,0,0,0
6850,L97026,L,297.91,307.05,24.76,33.9,1579,36.83,91,0,0,0,0,0
6851,L34836,L,302.33,313.3,29.18,40.15,1575,36.36,3,0,0,0,0,0
6852,H25668,H,299.71,308.8,26.56,35.65,1517,37.04,22,0,0,0,0,0
6853,H10424,H,300.06,310.18,26.91,37.03,1667,35.38,56,0,0,0,0,0
6854,M62820,M,296.99,307.04,23.84,33.89,1551,46.98,195,0,0,0,0,0
6855,L77632,L,302.03,312.98,28.88,39.83,1619,19.3,106,1,0,0,1,0
6856,L96253,L,301.25,312.34,28.1,39.19,1572,51.81,141,0,0,0,0,0
6857,M89046,M,301.11,311.81,27.96,38.66,1429,37.28,227,1,1,0,0,0
6858,L69211,L,298.37,308.73,25.22,35.58,1488,37.88,35,0,0,0,0,0
6859,H18515,H,298.45,307.4,25.3,34.25,1632,45.74,207,0,0,0,0,0
6860,M18470,M,300.45,309.38,27.3,36.23,1631,39.97,91,0,0,0,0,0
6861,L68945,L,298.61,307.77,25.46,34.62,1753,36.97,81,0,0,0,0,0
6862,H50417,H,300.87,311.62,27.72,38.47,1860,40.76,150,0,0,0,0,0
6863,H61018,H,295.68,305.75,22.53,32.6,1444,38.37,216,0,0,0,0,0
6864,L96742,L,299.02,309.89,25.87,36.74,1559,44.11,84,0,0,0,0,0
6865,L38182,L,303.59,314.6,30.44,41.45,1501,28.08,183,0,0,0,0,0
6866,L31170,L,300.88,310.15,27.73,37.0,1341,46.06,5,0,0,0,0,0
6867,L87685,L,300.33,310.37,27.18,37.22,1634,39.56,150,0,0,0,0,0
6868,L18172,L,303.97,313.96,30.82,40.81,1671,43.45,151,0,0,0,0,0
6869,L92804,L,295.33,305.0,22.18,31.85,1347,48.21,133,0,0,0,0,0
6870,H21869,H,298.37,307.83,25.22,34.68,1469,40.63,225,1,1,0,0,0
6871,L93302,L,299.2,310.38,26.05,37.23,1452,36.91,225,1,1,0,0,0
6872,L80828,L,301.72,311.77,28.57,38.62,1271,42.45,82,0,0,0,0,0
6873,M28003,M,301.75,311.76,28.6,38.61,1529,34.92,110,0,0,0,0,0
6874,L10624,L,298.27,307.47,25.12,34.32,1335,32.55,190,0,0,0,0,0
6875,M66542,M,302.0,312.67,28.85,39.52,1563,50.61,203,0,0,0,0,0
6876,L91111,L,299.19,308.19,26.04,35.04,1582,44.2,100,0,0,0,0,0
6877,L49481,L,302.42,312.88,29.27,39.73,1604,37.76,84,0,0,0,0,0
6878,L89257,L,297.93,308.42,24.78,35.27,1612,42.06,197,0,0,0,0,0
6879,M75857,M,299.75,309.34,26.6,36.19,1803,37.8,90,0,0,0,0,0
6880,L26696,L,299.02,309.34,25.87,36.19,1393,33.17,97,0,0,0,0,0
6881,M85854,M,302.11,312.3,28.96,39.15,1402,45.95,33,1,0,0,0,0
6882,L19132,L,298.95,308.92,25.8,35.77,1650,44.89,130,0,0,0,0,0
6883,L61445,L,299.92,309.93,26.77,36.78,1512,32.47,78,0,0,0,0,0
6884,L19316,L,301.01,311.08,27.86,37.93,1732,20.81,142,0,0,0,0,0
6885,H14629,H,301.09,311.22,27.94,38.07,1633,25.78,108,0,0,0,0,0
6886,H93737,H,301.77,311.83,28.62,38.68,1871,29.86,180,0,0,0,0,0
6887,L21440,L,300.42,309.32,27.27,36.17,1519,27.96,67,0,0,0,0,0
6888,L89171,L,299.16,309.01,26.01,35.86,1276,43.54,41,0,0,0,0,0
6889,L16405,L,299.3,309.57,26.15,36.42,1595,30.69,169,0,0,0,0,0
6890,L37647,L,300.05,310.15,26.9,37.0,1522,37.63,92,0,0,0,0,0
6891,L88869,L,300.5,311.45,27.35,38.3,1629,31.11,135,0,0,0,0,0
6892,H55078,H,299.71,310.33,26.56,37.18,1651,34.42,226,1,1,0,0,0
6893,H41807,H,300.04,309.17,26.89,36.02,1441,44.57,116,0,0,0,0,0
6894,L76904,L,296.97,306.8,23.82,33.65,1358,34.51,37,0,0,0,0,0
6895,L77603,L,301.33,311.02,28.18,37.87,1509,40.21,102,0,0,0,0,0
6896,M65547,M,300.36,310.36,27.21,37.21,1118,44.42,115,0,0,0,0,0
6897,M10751,M,302.0,312.0,28.85,38.85,1549,36.94,184,0,0,0,0,0
6898,L62421,L,300.0,310.61,26.85,37.46,1464,38.49,47,0,0,0,0,0
6899,L84367,L,296.52,306.7,23.37,33.55,1686,36.83,83,0,0,0,0,0
6900,L83204,L,299.28,310.51,26.13,37.36,1187,49.73,12,0,0,0,0,0
6901,L33663,L,299.6,309.84,26.45,36.69,1536,47.21,168,0,0,0,0,0
6902,L38410,L,301.49,310.66,28.34,37.51,1811,31.43,179,0,0,0,0,0
6903,L30720,L,295.86,305.39,22.71,32.24,1653,29.64,110,0,0,0,0,0
6904,M40640,M,300.08,310.69,26.93,37.54,1707,41.01,129,0,0,0,0,0
6905,L30878,L,301.03,309.41,27.88,36.26,1594,38.58,180,0,0,0,0,0
6906,L84489,L,298.68,307.33,25.53,34.18,1244,53.12,64,0,0,0,0,0
6907,L85674,L,300.15,310.16,27.0,37.01,1564,35.67,146,0,0,0,0,0
6908,M93671,M,298.75,309.7,25.6,36.55,1606,25.2,231,1,1,0,0,0
6909,M80762,M,298.54,309.85,25.39,36.7,1346,60.51,158,0,0,0,0,0
6910,L82164,L,299.18,308.97,26.03,35.82,1513,33.05,19,0,0,0,0,0
6911,L44585,L,298.58,309.64,25.43,36.49,1100,42.8,70,0,0,0,0,0
6912,H90393,H,301.37,311.44,28.22,38.29,1477,44.54,125,0,0,0,0,0
6913,L33490,L,298.53,307.0,25.38,33.85,1459,31.72,17,0,0,0,0,0
6914,L90614,L,298.19,308.19,25.04,35.04,1780,29.04,162,0,0,0,0,0
6915,L48821,L,303.54,312.92,30.39,39.77,1429,41.08,157,0,0,0,0,0
6916,L76042,L,301.92,312.84,28.77,39.69,1488,37.35,210,0,0,0,0,0
6917,L58580,L,296.28,306.25,23.13,33.1,1521,34.76,120,0,0,0,0,0
6918,H36143,H,298.47,307.19,25.32,34.04,1432,52.74,166,0,0,0,0,0
6919,M94527,M,300.48,308.99,27.33,35.84,1661,33.6,44,0,0,0,0,0
6920,L60458,L,300.65,310.63,27.5,37.48,1186,41.1,1,0,0,0,0,0
6921,H45915,H,297.02,304.6,23.87,31.45,1734,40.86,41,0,0,0,0,0
6922,L87855,L,302.32,311.8,29.17,38.65,1533,31.6,15,0,0,0,0,0
6923,L12662,L,301.65,311.88,28.5,38.73,1763,31.63,103,0,0,0,0,0
6924,L29126,L,300.96,309.91,27.81,36.76,1100,44.85,112,0,0,0,0,0
6925,M94805,M,302.71,313.71,29.56,40.56,1109,53.37,155,0,0,0,0,0
6926,L12155,L,300.9,312.1,27.75,38.95,1484,38.93,34,0,0,0,0,0
6927,L28316,L,300.9,309.88,27.75,36.73,1624,35.06,52,0,0,0,0,0
6928,M32705,M,303.12,312.82,29.97,39.67,1438,41.05,192,0,0,0,0,0
6929,M73198,M,302.2,313.2,29.05,40.05,1637,41.54,138,0,0,0,0,0
6930,M96684,M,298.32,308.32,25.17,35.17,1707,39.2,7,0,0,0,0,0
6931,L24089,L,301.27,309.87,28.12,36.72,1652,26.38,204,0,0,0,0,0
6932,L48758,L,298.67,308.53,25.52,35.38,1553,31.49,151,0,0,0,0,0
6933,L19858,L,301.01,310.16,27.86,37.01,1552,44.32,45,0,0,0,0,0
6934,L39682,L,300.95,312.06,27.8,38.91,1427,33.88,60,0,0,0,0,0
6935,H37628,H,297.23,307.84,24.08,34.69,1525,41.5,133,0,0,0,0,0
6936,L76897,L,299.76,309.44,26.61,36.29,1356,48.98,135,0,0,0,0,0
6937,L71148,L,300.53,310.67,27.38,37.52,1398,27.86,193,0,0,0,0,0
6938,M29113,M,299.13,307.82,25.98,34.67,1625,32.01,86,0,0,0,0,0
6939,L39311,L,300.63,309.88,27.48,36.73,1454,45.93,132,0,0,0,0,0
6940,L75966,L,301.61,313.17,28.46,40.02,1406,39.58,140,0,0,0,0,0
6941,M74245,M,299.94,309.99,26.79,36.84,1614,32.27,134,0,0,0,0,0
6942,M66991,M,300.45,311.38,27.3,38.23,1601,42.43,17,0,0,0,0,0
6943,M43909,M,302.77,313.0,29.62,39.85,1497,47.1,99,0,0,0,0,0
6944,L74122,L,300.95,312.26,27.8,39.11,1509,32.54,81,0,0,0,0,0
6945,L59256,L,300.4,308.4,27.25,35.25,1608,49.77,238,1,0,0,0,1
6946,M81365,M,298.08,307.9,24.93,34.75,1705,19.34,112,1,0,0,1,0
6947,L94743,L,301.34,312.99,28.19,39.84,1570,24.43,104,0,0,0,0,0
6948,L24955,L,300.66,311.62,27.51,38.47,1326,39.56,116,0,0,0,0,0
6949,M53281,M,302.57,313.89,29.42,40.74,1496,35.62,221,1,1,0,0,0
6950,L89560,L,300.09,310.09,26.94,36.94,1464,36.83,147,0,0,0,0,0
6951,M73509,M,296.37,305.83,23.22,32.68,1351,38.14,93,0,0,0,0,0
6952,L21754,L,296.6,305.57,23.45,32.42,1622,29.52,219,0,0,0,0,0
6953,L52356,L,301.47,310.37,28.32,37.22,1636,33.27,223,1,1,0,0,0
6954,L90062,L,298.86,309.67,25.71,36.52,1662,29.75,63,0,0,0,0,0
6955,M87873,M,300.87,311.39,27.72,38.24,1362,47.54,94,0,0,0,0,0
6956,L49497,L,300.23,310.16,27.08,37.01,1563,36.91,232,0,0,0,0,0
6957,L33424,L,299.67,310.17,26.52,37.02,1534,35.58,130,0,0,0,0,0
6958,M17042,M,299.81,309.95,26.66,36.8,1589,35.49,104,0,0,0,0,0
6959,M29417,M,298.27,309.23,25.12,36.08,1558,45.7,47,0,0,0,0,0
6960,H39623,H,299.97,310.92,26.82,37.77,1533,33.51,92,0,0,0,0,0
6961,L57258,L,298.83,307.77,25.68,34.62,1512,27.71,151,0,0,0,0,0
6962,L55070,L,299.26,309.53,26.11,36.38,1729,25.32,9,0,0,0,0,0
6963,H53606,H,299.35,307.68,26.2,34.53,1384,39.53,20,0,0,0,0,0
6964,M91406,M,299.55,309.68,26.4,36.53,1505,41.93,1,0,0,0,0,0
6965,L21340,L,301.84,312.45,28.69,39.3,1724,40.27,53,0,0,0,0,0
6966,L31663,L,299.74,308.43,26.59,35.28,1393,54.32,44,0,0,0,0,0
6967,M29055,M,302.05,311.63,28.9,38.48,1402,46.78,204,0,0,0,0,0
6968,L25592,L,303.08,313.09,29.93,39.94,1663,27.38,44,0,0,0,0,0
6969,M75012,M,301.71,311.94,28.56,38.79,1286,42.93,159,0,0,0,0,0
6970,L98479,L,301.07,310.79,27.92,37.64,1651,17.4,28,1,0,0,1,0
6971,L78728,L,300.65,309.48,27.5,36.33,1449,37.04,142,0,0,0,0,0
6972,M48894,M,301.73,311.68,28.58,38.53,1607,30.82,105,0,0,0,0,0
6973,L48235,L,300.18,308.53,27.03,35.38,1321,24.86,98,1,0,1,1,0
6974,L48597,L,301.97,311.74,28.82,38.59,1742,49.74,206,1,0,0,1,0
6975,L10217,L,301.23,310.79,28.08,37.64,1322,40.32,40,0,0,0,0,0
6976,L80435,L,299.28,309.15,26.13,36.0,1662,17.62,143,1,0,0,1,0
6977,M71629,M,301.79,311.23,28.64,38.08,1329,40.91,197,0,0,0,0,0
6978,M93849,M,300.18,308.68,27.03,35.53,1851,44.15,171,0,0,0,0,0
6979,M83951,M,299.79,309.42,26.64,36.27,1523,52.89,236,1,0,0,0,1
6980,L58847,L,299.05,309.98,25.9,36.83,1876,31.0,1,0,0,0,0,0
6981,L33163,L,300.33,311.59,27.18,38.44,1392,41.94,212,0,0,0,0,0
6982,L67741,L,301.99,314.43,28.84,41.28,1458,49.11,147,0,0,0,0,0
6983,H46210,H,301.78,313.47,28.63,40.32,1747,31.59,1,0,0,0,0,0
6984,M20520,M,300.71,309.51,27.56,36.36,1285,48.26,112,0,0,0,0,0
6985,M39376,M,301.2,310.79,28.05,37.64,1413,47.28,184,0,0,0,0,0
6986,L97119,L,302.54,312.52,29.39,39.37,1622,26.72,44,0,0,0,0,0
6987,L18544,L,299.7,309.61,26.55,36.46,1357,54.53,163,0,0,0,0,0
6988,L20965,L,297.77,307.84,24.62,34.69,1626,28.19,34,0,0,0,0,0
6989,L97515,L,302.6,315.01,29.45,41.86,1565,31.54,193,0,0,0,0,0
6990,L85441,L,298.94,307.86,25.79,34.71,1270,45.91,136,0,0,0,0,0
6991,H89510,H,298.62,307.91,25.47,34.76,1704,41.13,8,0,0,0,0,0
6992,L80785,L,296.41,308.05,23.26,34.9,1314,49.02,22,0,0,0,0,0
6993,L36510,L,301.14,310.53,27.99,37.38,1670,33.91,207,0,0,0,0,0
6994,L30139,L,296.76,307.15,23.61,34.0,1557,39.06,8,0,0,0,0,0
6995,H91001,H,298.5,309.53,25.35,36.38,1455,47.95,72,0,0,0,0,0
6996,L62590,L,301.18,311.66,28.03,38.51,1342,42.78,136,0,0,0,0,0
6997,M71188,M,301.44,311.64,28.29,38.49,1593,29.48,51,0,0,0,0,0
6998,H23599,H,298.7,309.64,25.55,36.49,1382,36.63,54,0,0,0,0,0
6999,L74485,L,299.73,308.84,26.58,35.69,1746,40.08,186,0,0,0,0,0
7000,M71910,M,298.25,307.76,25.1,34.61,1753,26.2,70,0,0,0,0,0
7001,L36821,L,298.9,309.44,25.75,36.29,1822,18.9,9,0,0,0,0,0
7002,L68543,L,300.53,308.46,27.38,35.31,1584,33.73,173,0,0,0,0,0
7003,M27952,M,299.0,310.41,25.85,37.26,1464,38.53,229,1,1,0,0,0
7004,M30200,M,299.51,309.81,26.36,36.66,1483,45.52,200,0,0,0,0,0
7005,L22755,L,297.07,307.22,23.92,34.07,1470,27.31,132,0,0,0,0,0
7006,L50921,L,302.27,310.64,29.12,37.49,1578,39.07,102,0,0,0,0,0
7007,L51089,L,301.02,309.73,27.87,36.58,1611,44.77,222,1,1,0,0,0
7008,L68305,L,301.59,311.19,28.44,38.04,1751,26.19,184,0,0,0,0,0
7009,L58736,L,302.58,313.39,29.43,40.24,1539,37.89,137,0,0,0,0,0
7010,L67417,L,298.35,306.27,25.2,33.12,1289,27.23,211,1,0,1,0,0
7011,L66219,L,299.28,310.07,26.13,36.92,1464,46.13,144,0,0,0,0,0
7012,M66334,M,296.21,305.85,23.06,32.7,1807,38.07,234,0,0,0,0,0
7013,L76129,L,306.28,316.06,33.13,42.91,1263,45.22,206,0,0,0,0,0
7014,L18678,L,299.7,309.95,26.55,36.8,1664,23.81,132,0,0,0,0,0
7015,L76660,L,302.08,312.35,28.93,39.2,1467,44.4,221,0,0,0,0,0
7016,M29251,M,297.52,306.81,24.37,33.66,1380,39.55,82,0,0,0,0,0
7017,L87222,L,301.99,312.62,28.84,39.47,1604,13.47,168,1,0,0,1,0
7018,L34427,L,303.72,311.4,30.57,38.25,1808,37.91,41,0,0,0,0,0
7019,L12507,L,299.88,309.43,26.73,36.28,1595,45.24,215,0,0,0,0,0
7020,M25629,M,297.98,308.13,24.83,34.98,1489,49.19,60,0,0,0,0,0
7021,L96046,L,299.72,309.38,26.57,36.23,1308,33.58,228,0,0,0,0,0
7022,M84285,M,295.55,303.72,22.4,30.57,1518,22.42,4,0,0,0,0,0
7023,H13367,H,299.92,310.68,26.77,37.53,1302,40.73,164,0,0,0,0,0
7024,M34250,M,301.64,310.39,28.49,37.24,1481,42.84,36,0,0,0,0,0
7025,M54825,M,299.93,309.86,26.78,36.71,1524,30.05,185,0,0,0,0,0
7026,L78186,L,299.43,309.58,26.28,36.43,1122,38.34,118,0,0,0,0,0
7027,L67871,L,301.06,311.07,27.91,37.92,1778,38.02,218,1,1,0,0,0
7028,H17553,H,301.21,312.38,28.06,39.23,1318,40.7,172,0,0,0,0,0
7029,L80352,L,296.68,306.63,23.53,33.48,1502,43.12,184,0,0,0,0,0
7030,L53743,L,300.18,310.61,27.03,37.46,1628,35.31,29,0,0,0,0,0
7031,M20648,M,304.87,314.82,31.72,41.67,1764,31.15,23,0,0,0,0,0
7032,L56018,L,297.33,307.94,24.18,34.79,1396,40.52,204,0,0,0,0,0
7033,L53493,L,299.83,311.22,26.68,38.07,1100,49.22,54,0,0,0,0,0
7034,L76714,L,303.88,314.02,30.73,40.87,1724,29.57,208,0,0,0,0,0
7035,L97693,L,302.21,312.99,29.06,39.84,1316,34.72,34,0,0,0,0,0
7036,M55600,M,298.97,310.43,25.82,37.28,1598,39.72,74,0,0,0,0,0
7037,L54169,L,300.41,311.77,27.26,38.62,1609,45.59,223,1,1,0,0,0
7038,L63940,L,300.0,309.61,26.85,36.46,1100,48.08,202,0,0,0,0,0
7039,L67808,L,298.5,309.54,25.35,36.39,1252,60.68,13,0,0,0,0,0
7040,M46806,M,299.85,310.1,26.7,36.95,1454,42.41,108,0,0,0,0,0
7041,M89322,M,299.44,310.56,26.29,37.41,1100,54.15,218,1,1,0,0,0
7042,L67310,L,300.23,310.79,27.08,37.64,1301,49.29,4,0,0,0,0,0
7043,M68535,M,298.5,308.78,25.35,35.63,1557,44.61,26,0,0,0,0,0
7044,L14577,L,297.45,307.88,24.3,34.73,1520,34.07,155,0,0,0,0,0
7045,H29223,H,299.92,310.17,26.77,37.02,1588,40.52,25,0,0,0,0,0
7046,L23449,L,303.43,313.72,30.28,40.57,1614,43.88,108,0,0,0,0,0
7047,M30784,M,300.16,310.01,27.01,36.86,1241,43.15,122,0,0,0,0,0
7048,L58283,L,299.34,309.09,26.19,35.94,1310,43.77,206,0,0,0,0,0
7049,L54905,L,301.51,313.27,28.36,40.12,1668,28.21,230,1,1,0,0,0
7050,L53950,L,299.68,310.16,26.53,37.01,1802,27.86,123,0,0,0,0,0
7051,M43548,M,303.74,313.16,30.59,40.01,1366,39.16,122,0,0,0,0,0
7052,L43372,L,299.99,309.71,26.84,36.56,1580,29.02,174,0,0,0,0,0
7053,H71722,H,301.4,312.46,28.25,39.31,1676,33.68,46,0,0,0,0,0
7054,L61017,L,298.49,307.75,25.34,34.6,1577,38.99,226,1,1,0,0,0
7055,L17964,L,301.01,309.52,27.86,36.37,1491,41.84,0,0,0,0,0,0
7056,L62436,L,300.55,309.14,27.4,35.99,1423,33.8,0,0,0,0,0,0
7057,M57238,M,299.89,308.16,26.74,35.01,1882,25.59,150,0,0,0,0,0
7058,L21975,L,299.0,307.7,25.85,34.55,1552,43.73,82,0,0,0,0,0
7059,M21620,M,298.72,307.54,25.57,34.39,1603,30.87,96,0,0,0,0,0
7060,H91401,H,300.56,311.95,27.41,38.8,1592,42.59,53,0,0,0,0,0
7061,H15964,H,301.26,311.21,28.11,38.06,1393,35.28,98,0,0,0,0,0
7062,L41270,L,299.75,309.38,26.6,36.23,1544,40.13,199,1,0,0,0,0
7063,M81192,M,300.57,309.13,27.42,35.98,1479,44.77,168,0,0,0,0,0
7064,M16555,M,299.92,309.78,26.77,36.63,1475,17.63,23,1,0,0,1,0
7065,L66399,L,300.2,308.46,27.05,35.31,1590,42.97,14,0,0,0,0,0
7066,M78422,M,299.6,309.23,26.45,36.08,1375,52.11,121,0,0,0,0,0
7067,L41536,L,300.04,312.1,26.89,38.95,1324,40.8,175,0,0,0,0,0
7068,L45512,L,305.4,316.06,32.25,42.91,1623,38.07,159,0,0,0,0,0
7069,L77013,L,300.62,310.41,27.47,37.26,1442,33.02,207,0,0,0,0,0
7070,L94110,L,301.29,311.99,28.14,38.84,1475,41.76,32,0,0,0,0,0
7071,L13810,L,300.88,310.35,27.73,37.2,1197,67.54,145,0,0,0,0,0
7072,L72076,L,299.47,308.67,26.32,35.52,1704,16.06,184,1,0,0,1,0
7073,M94875,M,302.59,314.29,29.44,41.14,1627,31.22,225,0,0,0,0,0
7074,L69316,L,299.42,308.28,26.27,35.13,1659,40.91,24,0,0,0,0,0
7075,L60290,L,302.11,311.76,28.96,38.61,1603,45.84,58,0,0,0,0,0
7076,L71182,L,299.33,309.64,26.18,36.49,1270,34.07,85,0,0,0,0,0
7077,L16971,L,298.08,307.14,24.93,33.99,1575,31.27,130,0,0,0,0,0
7078,M93521,M,300.73,311.38,27.58,38.23,1428,35.47,98,0,0,0,0,0
7079,L78010,L,297.79,307.48,24.64,34.33,1367,36.7,207,0,0,0,0,0
7080,M25137,M,301.07,311.74,27.92,38.59,1623,34.38,228,1,1,0,0,0
7081,L53780,L,297.61,308.2,24.46,35.05,1825,19.96,17,0,0,0,0,0
7082,M64690,M,299.36,309.12,26.21,35.97,1796,29.86,168,0,0,0,0,0
7083,L62239,L,297.14,308.85,23.99,35.7,1644,27.36,27,0,0,0,0,0
7084,L76146,L,305.65,314.98,32.5,41.83,1530,36.9,216,1,1,0,0,0
7085,M18621,M,296.69,308.04,23.54,34.89,1497,32.63,34,0,0,0,0,0
7086,L43707,L,300.02,311.19,26.87,38.04,1377,40.27,238,0,0,0,0,0
7087,M85584,M,302.29,314.06,29.14,40.91,1488,30.22,103,0,0,0,0,0
7088,M28204,M,302.07,312.25,28.92,39.1,1694,41.44,92,0,0,0,0,0
7089,L43793,L,301.7,310.91,28.55,37.76,1854,28.3,141,0,0,0,0,0
7090,L61792,L,299.37,311.44,26.22,38.29,1392,41.27,95,0,0,0,0,0
7091,L74165,L,302.7,312.37,29.55,39.22,1186,47.15,56,0,0,0,0,0
7092,H14849,H,301.83,311.01,28.68,37.86,1442,39.79,151,0,0,0,0,0
7093,M60545,M,300.42,310.23,27.27,37.08,1693,33.86,175,0,0,0,0,0
7094,L36486,L,300.48,309.5,27.33,36.35,1898,36.63,227,1,1,0,0,0
7095,L97639,L,299.39,309.92,26.24,36.77,1764,30.19,98,0,0,0,0,0
7096,L96417,L,298.18,307.58,25.03,34.43,1760,26.8,169,0,0,0,0,0
7097,M94231,M,302.47,312.19,29.32,39.04,1386,41.66,200,0,0,0,0,0
7098,L67883,L,302.62,313.59,29.47,40.44,1391,36.28,200,0,0,0,0,0
7099,L33427,L,298.23,308.86,25.08,35.71,1303,43.36,8,0,0,0,0,0
7100,M52065,M,299.69,309.71,26.54,36.56,1419,31.97,85,0,0,0,0,0
7101,L27343,L,299.71,309.88,26.56,36.73,1695,42.2,3,0,0,0,0,0
7102,L16894,L,299.93,309.95,26.78,36.8,1819,25.25,134,0,0,0,0,0
7103,H99976,H,300.13,309.7,26.98,36.55,1595,45.51,208,0,0,0,0,0
7104,M31831,M,301.89,311.89,28.74,38.74,1490,37.96,196,0,0,0,0,0
7105,L58441,L,298.51,309.0,25.36,35.85,1348,49.34,195,0,0,0,0,0
7106,L23758,L,298.31,308.18,25.16,35.03,1515,31.67,84,0,0,0,0,0
7107,L42531,L,302.47,312.89,29.32,39.74,1571,20.75,11,1,0,0,1,0
7108,L24754,L,299.07,308.24,25.92,35.09,1279,31.61,41,0,0,0,0,0
7109,M18144,M,297.47,306.87,24.32,33.72,1696,53.8,161,1,0,0,1,0
7110,L49882,L,299.03,308.3,25.88,35.15,1461,34.44,32,0,0,0,0,0
7111,M63883,M,299.34,308.77,26.19,35.62,1686,42.76,30,0,0,0,0,0
7112,H78591,H,303.11,314.4,29.96,41.25,1533,26.99,85,0,0,0,0,0
7113,L76227,L,301.85,312.58,28.7,39.43,1587,37.53,23,0,0,0,0,0
7114,L19105,L,302.3,311.22,29.15,38.07,1412,43.36,79,0,0,0,0,0
7115,L70923,L,301.64,312.08,28.49,38.93,1475,61.54,233,1,1,0,1,1
7116,H21627,H,301.89,311.5,28.74,38.35,1647,32.24,5,0,0,0,0,0
7117,M10275,M,298.62,307.94,25.47,34.79,1512,32.2,199,0,0,0,0,0
7118,L12746,L,299.6,308.12,26.45,34.97,1342,45.51,238,1,1,1,0,0
7119,M62889,M,298.02,308.99,24.87,35.84,1555,29.46,105,0,0,0,0,0
7120,L75804,L,299.58,308.22,26.43,35.07,1602,39.03,226,1,1,0,0,0
7121,H46199,H,301.37,311.32,28.22,38.17,1775,31.85,63,0,0,0,0,0
7122,L69870,L,300.27,309.32,27.12,36.17,1737,26.96,236,1,1,0,0,0
7123,L97028,L,302.62,313.4,29.47,40.25,1524,41.56,207,0,0,0,0,0
7124,M91901,M,297.72,307.38,24.57,34.23,1439,40.68,212,0,0,0,0,0
7125,L96198,L,301.0,310.87,27.85,37.72,1495,44.41,31,0,0,0,0,0
7126,L39664,L,297.5,307.4,24.35,34.25,1443,52.92,209,1,0,0,0,1
7127,L30322,L,300.19,310.49,27.04,37.34,1624,31.28,226,1,1,0,0,0
7128,L32213,L,301.48,311.49,28.33,38.34,1717,30.07,197,0,0,0,0,0
7129,L94907,L,299.57,309.53,26.42,36.38,1752,21.94,22,0,0,0,0,0
7130,H64809,H,301.1,310.58,27.95,37.43,1463,43.34,20,0,0,0,0,0
7131,L22875,L,298.08,306.51,24.93,33.36,1445,34.48,86,0,0,0,0,0
7132,L86913,L,296.67,305.55,23.52,32.4,1461,41.97,169,0,0,0,0,0
7133,M28226,M,301.11,311.83,27.96,38.68,1197,57.19,3,0,0,0,0,0
7134,L38745,L,303.49,313.18,30.34,40.03,1325,37.78,228,0,0,0,0,0
7135,L36969,L,298.01,307.34,24.86,34.19,1529,33.68,126,0,0,0,0,0
7136,M33194,M,302.44,311.04,29.29,37.89,1601,43.9,86,0,0,0,0,0
7137,M87288,M,300.09,308.37,26.94,35.22,1621,41.01,135,0,0,0,0,0
7138,M97805,M,297.33,306.63,24.18,33.48,1398,45.78,172,0,0,0,0,0
7139,M87082,M,297.74,308.63,24.59,35.48,1449,36.41,66,0,0,0,0,0
7140,L62288,L,300.03,309.47,26.88,36.32,1488,27.02,70,0,0,0,0,0
7141,H47819,H,299.19,309.59,26.04,36.44,1468,33.33,112,0,0,0,0,0
7142,L74823,L,297.37,306.77,24.22,33.62,1655,26.54,161,0,0,0,0,0
7143,M12867,M,296.61,307.25,23.46,34.1,1306,48.52,170,0,0,0,0,0
7144,L92788,L,298.31,307.95,25.16,34.8,1334,45.23,78,0,0,0,0,0
7145,H90052,H,300.39,309.16,27.24,36.01,1483,33.85,77,0,0,0,0,0
7146,M45487,M,299.99,309.72,26.84,36.57,1296,40.79,117,0,0,0,0,0
7147,M33762,M,299.0,310.83,25.85,37.68,1202,51.46,130,0,0,0,0,0
7148,L60119,L,300.4,312.19,27.25,39.04,1274,42.43,156,0,0,0,0,0
7149,L68274,L,302.08,312.57,28.93,39.42,1493,33.74,148,0,0,0,0,0
7150,M22336,M,300.79,310.65,27.64,37.5,1645,50.65,89,0,0,0,0,0
7151,M80842,M,299.76,310.06,26.61,36.91,1649,30.35,71,0,0,0,0,0
7152,L66452,L,301.86,312.17,28.71,39.02,1813,36.95,74,0,0,0,0,0
7153,H12079,H,298.08,308.04,24.93,34.89,1553,40.04,155,0,0,0,0,0
7154,M53735,M,299.55,309.99,26.4,36.84,1576,24.16,104,0,0,0,0,0
7155,L73548,L,299.6,309.81,26.45,36.66,1491,32.99,32,0,0,0,0,0
7156,M48350,M,297.53,307.21,24.38,34.06,1500,44.76,1,0,0,0,0,0
7157,L86594,L,299.16,307.96,26.01,34.81,1899,29.12,7,0,0,0,0,0
7158,L38335,L,295.85,305.39,22.7,32.24,1581,24.53,208,0,0,0,0,0
7159,L95134,L,303.82,314.62,30.67,41.47,1596,39.06,110,0,0,0,0,0
7160,L42002,L,298.13,308.09,24.98,34.94,1335,38.27,158,0,0,0,0,0
7161,M44525,M,303.17,313.47,30.02,40.32,1607,39.14,223,1,1,0,0,0
7162,L76871,L,300.08,309.79,26.93,36.64,1650,56.22,30,1,0,0,1,0
7163,M99873,M,301.13,310.07,27.98,36.92,1729,36.19,107,0,0,0,0,0
7164,M42850,M,299.02,308.78,25.87,35.63,1645,39.72,129,0,0,0,0,0
7165,M75199,M,300.42,309.39,27.27,36.24,1513,35.84,202,0,0,0,0,0
7166,L55914,L,301.3,310.21,28.15,37.06,1505,29.1,238,0,0,0,0,0
7167,M23700,M,301.33,312.53,28.18,39.38,1522,45.83,171,0,0,0,0,0
7168,L22780,L,301.55,311.13,28.4,37.98,1554,32.03,154,0,0,0,0,0
7169,L55529,L,299.26,308.52,26.11,35.37,1757,30.78,221,1,1,0,0,0
7170,L12701,L,299.04,310.66,25.89,37.51,1723,47.61,201,0,0,0,0,0
7171,L74808,L,296.81,307.63,23.66,34.48,1667,31.67,208,0,0,0,0,0
7172,M46027,M,301.05,310.67,27.9,37.52,1890,40.04,1,0,0,0,0,0
7173,L45902,L,302.16,312.59,29.01,39.44,1100,55.19,123,0,0,0,0,0
7174,M97711,M,303.23,313.0,30.08,39.85,1454,34.97,188,0,0,0,0,0
7175,L67873,L,300.61,309.92,27.46,36.77,1533,40.11,44,0,0,0,0,0
7176,L62241,L,298.47,308.94,25.32,35.79,1417,34.69,180,0,0,0,0,0
7177,H39685,H,296.61,306.28,23.46,33.13,1372,48.99,2,0,0,0,0,0
7178,M27320,M,302.08,312.16,28.93,39.01,1234,56.39,138,0,0,0,0,0
7179,L82554,L,296.41,307.43,23.26,34.28,1481,39.09,204,0,0,0,0,0
7180,L72026,L,299.32,310.23,26.17,37.08,1691,44.61,104,0,0,0,0,0
7181,L63426,L,299.55,309.0,26.4,35.85,1670,35.58,177,0,0,0,0,0
7182,L30003,L,299.86,310.35,26.71,37.2,1403,48.14,127,0,0,0,0,0
7183,M56980,M,300.07,308.94,26.92,35.79,1574,60.02,155,1,0,0,1,0
7184,M56625,M,300.28,310.73,27.13,37.58,1773,52.12,124,1,0,0,1,0
7185,L89118,L,295.17,305.32,22.02,32.17,1269,43.69,114,0,0,0,0,0
7186,H92041,H,300.03,310.41,26.88,37.26,1507,40.36,202,0,0,0,0,0
7187,L91544,L,295.54,305.24,22.39,32.09,1585,27.71,22,0,0,0,0,0
7188,L20720,L,301.46,313.55,28.31,40.4,1537,43.67,140,0,0,0,0,0
7189,L80244,L,298.89,307.99,25.74,34.84,1684,37.14,28,0,0,0,0,0
7190,M29315,M,295.69,306.66,22.54,33.51,1273,38.82,135,0,0,0,0,0
7191,L56377,L,298.37,307.34,25.22,34.19,1359,51.66,231,1,0,0,0,1
7192,L83189,L,298.86,309.36,25.71,36.21,1654,32.51,14,0,0,0,0,0
7193,L64952,L,302.38,312.96,29.23,39.81,1237,42.15,101,0,0,0,0,0
7194,L62924,L,300.39,310.45,27.24,37.3,1677,37.36,192,0,0,0,0,0
7195,M86957,M,300.69,310.19,27.54,37.04,1614,31.78,89,0,0,0,0,0
7196,L92416,L,302.36,312.5,29.21,39.35,1665,34.16,125,0,0,0,0,0
7197,L96924,L,299.81,310.07,26.66,36.92,1453,53.41,28,0,0,0,0,0
7198,M24026,M,301.51,313.3,28.36,40.15,1624,30.36,54,0,0,0,0,0
7199,H97686,H,301.37,310.5,28.22,37.35,1330,48.49,165,0,0,0,0,0
7200,H33922,H,297.43,306.87,24.28,33.72,1462,34.51,199,0,0,0,0,0
7201,L99337,L,302.95,313.23,29.8,40.08,1541,29.39,155,0,0,0,0,0
7202,L73801,L,297.16,306.9,24.01,33.75,1378,40.94,201,0,0,0,0,0
7203,L60290,L,301.83,311.73,28.68,38.58,1573,57.9,145,1,0,0,1,0
7204,L41558,L,296.97,308.04,23.82,34.89,1335,49.18,194,0,0,0,0,0
7205,H53413,H,301.2,308.38,28.05,35.23,1582,39.91,236,0,0,0,0,0
7206,L11392,L,303.72,313.13,30.57,39.98,1840,26.95,20,0,0,0,0,0
7207,L62959,L,299.57,307.83,26.42,34.68,1315,40.49,115,1,0,1,0,0
7208,L66067,L,299.49,308.29,26.34,35.14,1531,25.55,46,0,0,0,0,0
7209,L80862,L,301.22,313.63,28.07,40.48,1252,60.13,112,0,0,0,0,0
7210,M28295,M,299.34,309.94,26.19,36.79,1389,43.39,120,0,0,0,0,0
7211,L17846,L,303.64,314.59,30.49,41.44,1658,36.02,149,0,0,0,0,0
7212,L26237,L,300.38,310.3,27.23,37.15,1460,40.88,105,0,0,0,0,0
7213,L54372,L,299.36,310.12,26.21,36.97,1665,51.13,78,0,0,0,0,0
7214,L87540,L,298.92,307.15,25.77,34.0,1597,38.27,10,0,0,0,0,0
7215,L68280,L,298.13,309.17,24.98,36.02,1524,36.06,8,0,0,0,0,0
7216,M53675,M,298.74,307.92,25.59,34.77,1355,56.68,42,0,0,0,0,0
7217,L69894,L,299.3,308.77,26.15,35.62,1655,33.58,108,0,0,0,0,0
7218,M85434,M,299.02,309.53,25.87,36.38,1588,22.54,100,0,0,0,0,0
7219,H69519,H,298.68,309.0,25.53,35.85,1268,32.98,46,0,0,0,0,0
7220,H92367,H,304.2,314.28,31.05,41.13,1366,40.4,197,0,0,0,0,0
7221,H95125,H,297.94,306.58,24.79,33.43,1100,54.42,164,0,0,0,0,0
7222,L46673,L,300.29,310.39,27.14,37.24,1296,50.78,82,0,0,0,0,0
7223,L51586,L,301.19,312.15,28.04,39.0,1480,31.36,191,0,0,0,0,0
7224,L44718,L,301.26,310.73,28.11,37.58,1350,40.63,237,0,0,0,0,0
7225,M76394,M,299.88,311.2,26.73,38.05,1389,34.76,59,0,0,0,0,0
7226,H52760,H,299.52,308.65,26.37,35.5,1778,41.13,87,0,0,0,0,0
7227,M21520,M,300.9,310.91,27.75,37.76,1715,43.67,238,0,0,0,0,0
7228,L93982,L,300.53,312.07,27.38,38.92,1413,56.2,33,0,0,0,0,0
7229,H32166,H,299.48,308.8,26.33,35.65,1674,37.04,19,0,0,0,0,0
7230,L21664,L,296.88,307.93,23.73,34.78,1748,47.71,125,0,0,0,0,0
7231,L66633,L,299.06,311.04,25.91,37.89,1643,29.32,112,0,0,0,0,0
7232,L74838,L,297.71,307.88,24.56,34.73,1587,37.82,19,0,0,0,0,0
7233,L51471,L,298.67,308.14,25.52,34.99,1727,24.69,70,0,0,0,0,0
7234,L35794,L,300.07,309.29,26.92,36.14,1670,38.9,101,0,0,0,0,0
7235,L60273,L,300.72,312.02,27.57,38.87,1323,45.59,197,0,0,0,0,0
7236,L64953,L,303.56,314.84,30.41,41.69,1502,18.52,170,1,0,0,1,0
7237,M47627,M,298.93,310.37,25.78,37.22,1438,48.71,219,0,0,0,0,0
7238,M47606,M,301.55,311.52,28.4,38.37,1737,39.83,80,0,0,0,0,0
7239,M66191,M,300.61,311.65,27.46,38.5,1433,35.53,74,0,0,0,0,0
7240,L87009,L,302.59,312.54,29.44,39.39,1403,43.08,111,0,0,0,0,0
7241,M93414,M,301.15,310.27,28.0,37.12,1715,21.47,2,0,0,0,0,0
7242,H96915,H,297.98,309.11,24.83,35.96,1580,30.09,50,0,0,0,0,0
7243,L35577,L,296.55,308.19,23.4,35.04,1905,43.44,51,0,0,0,0,0
7244,L21490,L,300.62,309.6,27.47,36.45,1384,32.16,15,0,0,0,0,0
7245,L84952,L,298.94,307.9,25.79,34.75,1444,39.75,109,0,0,0,0,0
7246,L48858,L,298.04,308.08,24.89,34.93,1731,21.92,217,1,1,0,0,0
7247,M44880,M,297.46,308.42,24.31,35.27,1311,46.4,1,0,0,0,0,0
7248,M80397,M,300.32,309.19,27.17,36.04,1766,36.95,151,0,0,0,0,0
7249,L82558,L,303.02,313.24,29.87,40.09,1324,49.08,211,0,0,0,0,0
7250,M35947,M,299.18,308.59,26.03,35.44,1642,38.64,26,0,0,0,0,0
7251,M98174,M,301.18,311.88,28.03,38.73,1212,58.67,220,1,0,0,0,1
7252,H91443,H,299.8,309.0,26.65,35.85,1543,32.7,196,0,0,0,0,0
7253,L99559,L,297.42,308.19,24.27,35.04,1295,35.77,51,0,0,0,0,0
7254,H76362,H,301.47,311.31,28.32,38.16,1872,25.91,217,1,1,0,0,0
7255,L39955,L,297.81,306.87,24.66,33.72,1347,31.75,193,0,0,0,0,0
7256,L74461,L,300.04,310.11,26.89,36.96,1390,41.85,27,0,0,0,0,0
7257,L74121,L,299.32,307.38,26.17,34.23,1629,34.06,199,0,0,0,0,0
7258,L40276,L,301.79,311.23,28.64,38.08,1430,43.89,130,0,0,0,0,0
7259,M79087,M,297.88,308.22,24.73,35.07,1657,21.64,196,0,0,0,0,0
7260,L27552,L,300.78,309.01,27.63,35.86,1411,40.51,148,0,0,0,0,0
7261,L11399,L,298.32,305.75,25.17,32.6,1397,50.73,94,0,0,0,0,0
7262,L86385,L,298.98,306.64,25.83,33.49,1530,42.02,144,0,0,0,0,0
7263,M46217,M,292.73,304.06,19.58,30.91,1322,28.17,153,0,0,0,0,0
7264,L31949,L,304.18,314.11,31.03,40.96,1604,35.62,184,0,0,0,0,0
7265,M44265,M,301.1,310.57,27.95,37.42,1689,28.07,199,0,0,0,0,0
7266,L28078,L,298.47,309.41,25.32,36.26,1632,35.22,159,0,0,0,0,0
7267,L16363,L,297.75,307.35,24.6,34.2,1648,31.73,238,1,1,0,0,0
7268,L97004,L,299.01,309.28,25.86,36.13,1198,61.73,187,1,0,0,0,1
7269,L62003,L,301.43,311.46,28.28,38.31,1454,40.09,219,0,0,0,0,0
7270,L67497,L,296.22,305.74,23.07,32.59,1495,40.85,77,0,0,0,0,0
7271,L90981,L,299.72,310.01,26.57,36.86,1790,31.66,76,0,0,0,0,0
7272,H24562,H,303.54,314.31,30.39,41.16,1433,43.77,87,0,0,0,0,0
7273,M12075,M,297.73,307.55,24.58,34.4,1132,48.87,106,0,0,0,0,0
7274,L69324,L,300.16,309.7,27.01,36.55,1359,48.34,231,1,0,0,0,1
7275,L50555,L,304.41,314.06,31.26,40.91,1419,37.23,18,0,0,0,0,0
7276,M62607,M,301.26,308.97,28.11,35.82,1158,60.51,120,1,0,1,0,0
7277,L29989,L,300.25,310.53,27.1,37.38,1705,37.59,39,0,0,0,0,0
7278,L94913,L,301.01,309.8,27.86,36.65,1260,44.24,195,0,0,0,0,0
7279,M99890,M,299.2,309.83,26.05,36.68,1613,42.26,7,0,0,0,0,0
7280,M77652,M,302.6,312.51,29.45,39.36,1344,46.58,109,0,0,0,0,0
7281,L21786,L,299.2,309.31,26.05,36.16,1799,38.47,95,0,0,0,0,0
7282,L94183,L,296.08,306.78,22.93,33.63,1487,39.23,22,0,0,0,0,0
7283,L56885,L,299.22,308.29,26.07,35.14,1451,37.55,90,0,0,0,0,0
7284,M29898,M,298.07,308.44,24.92,35.29,1627,36.29,194,0,0,0,0,0
7285,L95164,L,299.44,309.71,26.29,36.56,1359,38.17,33,0,0,0,0,0
7286,L83515,L,299.48,309.3,26.33,36.15,1636,42.86,236,0,0,0,0,0
7287,L98591,L,302.39,311.47,29.24,38.32,1451,51.25,14,0,0,0,0,0
7288,L29067,L,301.39,311.99,28.24,38.84,1431,44.67,69,0,0,0,0,0
7289,H87715,H,300.53,311.23,27.38,38.08,1520,49.05,186,0,0,0,0,0
7290,M49926,M,299.99,310.11,26.84,36.96,1344,51.64,86,0,0,0,0,0
7291,M27402,M,297.88,306.81,24.73,33.66,1502,36.01,115,0,0,0,0,0
7292,L95154,L,295.64,305.11,22.49,31.96,1594,42.62,45,0,0,0,0,0
7293,L98061,L,300.23,310.17,27.08,37.02,1131,40.4,172,0,0,0,0,0
7294,L75163,L,301.59,312.28,28.44,39.13,1726,34.68,43,0,0,0,0,0
7295,L90631,L,299.78,308.2,26.63,35.05,1678,24.69,204,0,0,0,0,0
7296,H36147,H,298.93,308.37,25.78,35.22,1210,46.46,129,0,0,0,0,0
7297,L63085,L,300.93,310.53,27.78,37.38,1183,36.91,132,0,0,0,0,0
7298,L88812,L,299.83,309.75,26.68,36.6,1682,42.81,224,0,0,0,0,0
7299,L56417,L,303.37,312.07,30.22,38.92,1669,31.17,186,0,0,0,0,0
7300,M72952,M,302.47,312.25,29.32,39.1,1644,42.1,178,0,0,0,0,0
7301,L44140,L,301.92,311.61,28.77,38.46,1285,43.97,206,0,0,0,0,0
7302,L33432,L,301.52,310.48,28.37,37.33,1855,16.13,22,1,0,0,1,0
7303,L99289,L,297.42,307.3,24.27,34.15,1403,36.97,174,0,0,0,0,0
7304,M69657,M,301.33,310.78,28.18,37.63,1577,32.09,56,0,0,0,0,0
7305,L91588,L,300.75,311.25,27.6,38.1,1579,36.17,67,0,0,0,0,0
7306,H79127,H,301.21,310.33,28.06,37.18,1814,43.65,4,0,0,0,0,0
7307,M95754,M,300.99,311.08,27.84,37.93,1557,50.19,214,0,0,0,0,0
7308,L10631,L,300.91,310.1,27.76,36.95,1608,33.79,177,0,0,0,0,0
7309,M52298,M,305.4,314.8,32.25,41.65,1522,27.58,33,0,0,0,0,0
7310,L39951,L,299.85,310.14,26.7,36.99,1326,37.27,79,0,0,0,0,0
7311,H96256,H,301.87,312.11,28.72,38.96,1129,54.58,115,0,0,0,0,0
7312,L57506,L,299.06,308.64,25.91,35.49,1541,36.32,119,0,0,0,0,0
7313,L13755,L,301.58,311.31,28.43,38.16,1288,31.89,143,0,0,0,0,0
7314,L27185,L,301.88,310.43,28.73,37.28,1596,31.86,113,0,0,0,0,0
7315,L33348,L,300.73,312.13,27.58,38.98,1561,47.2,156,0,0,0,0,0
7316,H69630,H,303.34,314.03,30.19,40.88,1557,39.14,212,0,0,0,0,0
7317,L86717,L,298.23,308.88,25.08,35.73,1351,42.8,96,0,0,0,0,0
7318,M87838,M,299.03,307.43,25.88,34.28,1716,30.27,210,0,0,0,0,0
7319,L95090,L,300.42,309.83,27.27,36.68,1618,31.73,53,0,0,0,0,0
7320,H54399,H,301.76,311.43,28.61,38.28,1328,47.49,29,0,0,0,0,0
7321,L12431,L,300.36,308.43,27.21,35.28,1897,31.34,57,0,0,0,0,0
7322,L18454,L,302.57,313.46,29.42,40.31,1498,44.41,50,0,0,0,0,0
7323,L82892,L,298.68,310.13,25.53,36.98,1301,48.4,236,1,0,0,0,1
7324,M20530,M,297.72,309.78,24.57,36.63,1402,41.02,91,0,0,0,0,0
7325,L36578,L,300.62,309.57,27.47,36.42,1271,48.15,156,0,0,0,0,0
7326,L91758,L,299.85,309.96,26.7,36.81,1773,27.58,167,0,0,0,0,0
7327,L70417,L,301.09,312.41,27.94,39.26,1724,32.85,107,0,0,0,0,0
7328,M71601,M,299.95,309.69,26.8,36.54,1664,45.15,54,0,0,0,0,0
7329,L78075,L,299.32,308.75,26.17,35.6,1631,35.21,105,0,0,0,0,0
7330,L25039,L,299.85,307.98,26.7,34.83,1753,30.94,114,0,0,0,0,0
7331,L61746,L,300.06,311.19,26.91,38.04,1493,40.07,229,0,0,0,0,0
7332,M74461,M,299.39,309.37,26.24,36.22,1609,26.29,136,0,0,0,0,0
7333,H80562,H,299.59,308.86,26.44,35.71,1393,42.9,233,0,0,0,0,0
7334,L84468,L,299.19,309.48,26.04,36.33,1508,51.56,138,0,0,0,0,0
7335,L95913,L,301.71,311.87,28.56,38.72,1614,29.04,35,0,0,0,0,0
7336,L26617,L,300.39,310.56,27.24,37.41,1100,54.22,92,0,0,0,0,0
7337,L82838,L,304.51,314.3,31.36,41.15,1427,39.98,190,0,0,0,0,0
7338,L85092,L,300.32,311.94,27.17,38.79,1564,36.24,101,0,0,0,0,0
7339,M44510,M,298.9,308.76,25.75,35.61,1521,37.12,24,0,0,0,0,0
7340,L82588,L,305.34,316.96,32.19,43.81,1456,45.07,23,0,0,0,0,0
7341,H92899,H,300.83,311.39,27.68,38.24,1638,26.19,57,0,0,0,0,0
7342,L86018,L,301.98,312.33,28.83,39.18,1411,46.11,136,0,0,0,0,0
7343,M78705,M,301.18,311.07,28.03,37.92,1321,43.92,199,0,0,0,0,0
7344,L31337,L,301.25,312.22,28.1,39.07,1742,18.79,128,1,0,0,1,0
7345,L11889,L,301.07,311.18,27.92,38.03,1717,36.4,179,0,0,0,0,0
7346,L73571,L,297.8,306.86,24.65,33.71,1430,40.97,155,0,0,0,0,0
7347,L31010,L,300.74,309.77,27.59,36.62,1523,30.65,126,0,0,0,0,0
7348,L50056,L,297.35,307.77,24.2,34.62,1683,35.33,52,0,0,0,0,0
7349,M48884,M,299.65,308.74,26.5,35.59,1543,26.61,212,0,0,0,0,0
7350,H74286,H,298.55,308.49,25.4,35.34,1628,29.72,66,0,0,0,0,0
7351,L10758,L,300.71,311.77,27.56,38.62,1618,35.7,61,0,0,0,0,0
7352,L14861,L,300.67,310.97,27.52,37.82,1479,25.25,62,0,0,0,0,0
7353,L88809,L,300.96,310.24,27.81,37.09,1625,26.04,23,0,0,0,0,0
7354,L36389,L,300.57,311.98,27.42,38.83,1366,33.93,120,0,0,0,0,0
7355,L94811,L,298.79,309.33,25.64,36.18,1604,36.35,79,0,0,0,0,0
7356,M36389,M,299.48,310.5,26.33,37.35,1522,41.17,125,0,0,0,0,0
7357,H94691,H,301.84,309.57,28.69,36.42,1472,31.78,109,0,0,0,0,0
7358,H84562,H,302.14,312.47,28.99,39.32,1317,35.92,125,0,0,0,0,0
7359,L71197,L,297.71,308.55,24.56,35.4,1558,37.88,71,0,0,0,0,0
7360,M34431,M,296.94,308.64,23.79,35.49,1542,38.05,196,0,0,0,0,0
7361,M52057,M,298.55,307.08,25.4,33.93,1388,35.68,128,0,0,0,0,0
7362,L91534,L,302.09,313.3,28.94,40.15,1256,60.26,50,0,0,0,0,0
7363,L74019,L,302.43,314.07,29.28,40.92,1247,47.41,216,1,1,0,0,0
7364,M49446,M,298.15,306.13,25.0,32.98,1491,37.08,26,0,0,0,0,0
7365,L65093,L,300.61,311.09,27.46,37.94,1589,32.98,176,0,0,0,0,0
7366,L68941,L,303.67,314.29,30.52,41.14,1859,38.9,163,0,0,0,0,0
7367,L71938,L,300.83,310.5,27.68,37.35,1527,41.88,17,0,0,0,0,0
7368,L65869,L,302.84,312.35,29.69,39.2,1251,31.92,216,0,0,0,0,0
7369,L79567,L,302.0,312.67,28.85,39.52,1499,32.66,76,0,0,0,0,0
7370,H78937,H,298.18,307.56,25.03,34.41,1754,29.09,178,0,0,0,0,0
7371,M55031,M,299.62,309.4,26.47,36.25,1416,40.38,66,0,0,0,0,0
7372,M55372,M,300.07,310.88,26.92,37.73,1731,38.12,126,0,0,0,0,0
7373,L66962,L,300.21,311.96,27.06,38.81,1566,28.03,233,0,0,0,0,0
7374,M64667,M,301.83,312.37,28.68,39.22,1648,34.13,147,0,0,0,0,0
7375,L13707,L,300.82,310.95,27.67,37.8,1860,44.39,71,0,0,0,0,0
7376,L69923,L,294.13,303.61,20.98,30.46,1213,47.45,110,0,0,0,0,0
7377,L59688,L,297.37,306.36,24.22,33.21,1692,28.31,162,0,0,0,0,0
7378,L50920,L,295.63,306.73,22.48,33.58,1518,27.06,107,0,0,0,0,0
7379,L41771,L,300.35,310.2,27.2,37.05,1369,37.96,219,1,1,0,0,0
7380,L39199,L,300.48,311.63,27.33,38.48,1517,29.13,208,0,0,0,0,0
7381,L45762,L,300.57,310.24,27.42,37.09,1831,28.14,35,0,0,0,0,0
7382,L68535,L,298.08,307.43,24.93,34.28,1769,36.73,188,0,0,0,0,0
7383,H59734,H,301.35,311.77,28.2,38.62,1185,48.65,226,0,0,0,0,0
7384,L82687,L,301.43,311.36,28.28,38.21,1400,37.08,76,0,0,0,0,0
7385,M45177,M,297.49,306.28,24.34,33.13,1700,19.38,57,1,0,0,1,0
7386,L34290,L,297.07,308.89,23.92,35.74,1531,44.07,2,0,0,0,0,0
7387,L26778,L,300.0,309.37,26.85,36.22,1532,34.58,28,0,0,0,0,0
7388,H32266,H,303.58,314.51,30.43,41.36,1261,46.32,231,0,0,0,0,0
7389,L69903,L,303.4,314.24,30.25,41.09,1405,33.5,94,0,0,0,0,0
7390,L30064,L,301.13,309.87,27.98,36.72,1297,40.89,93,0,0,0,0,0
7391,M16062,M,298.54,307.54,25.39,34.39,1246,41.36,64,0,0,0,0,0
7392,L83132,L,301.77,311.47,28.62,38.32,1315,32.9,39,0,0,0,0,0
7393,M32478,M,299.1,308.23,25.95,35.08,1373,34.48,122,0,0,0,0,0
7394,L78821,L,298.46,310.19,25.31,37.04,1402,40.76,174,0,0,0,0,0
7395,L65482,L,295.71,305.51,22.56,32.36,1388,43.68,132,0,0,0,0,0
7396,L96485,L,300.2,311.09,27.05,37.94,1714,27.96,9,0,0,0,0,0
7397,L43381,L,298.74,309.25,25.59,36.1,1376,32.01,193,0,0,0,0,0
7398,M84077,M,300.19,310.46,27.04,37.31,1785,29.25,224,0,0,0,0,0
7399,M61447,M,295.4,305.44,22.25,32.29,1450,45.74,106,0,0,0,0,0
7400,L92876,L,300.34,311.58,27.19,38.43,1612,28.03,88,0,0,0,0,0
7401,L79112,L,295.14,304.31,21.99,31.16,1617,35.53,55,0,0,0,0,0
7402,M41149,M,302.18,313.9,29.03,40.75,1378,36.3,72,0,0,0,0,0
7403,L46852,L,301.04,309.76,27.89,36.61,1478,47.8,155,0,0,0,0,0
7404,L62717,L,299.44,310.22,26.29,37.07,1447,35.54,185,0,0,0,0,0
7405,L74467,L,301.13,309.72,27.98,36.57,1600,41.1,80,0,0,0,0,0
7406,L11424,L,298.04,307.73,24.89,34.58,1512,46.0,82,0,0,0,0,0
7407,M18412,M,300.14,310.24,26.99,37.09,1404,53.14,108,0,0,0,0,0
7408,H72922,H,301.59,311.1,28.44,37.95,1556,26.0,41,0,0,0,0,0
7409,L69761,L,293.81,303.63,20.66,30.48,1594,24.75,223,1,1,0,0,0
7410,L60666,L,299.11,307.72,25.96,34.57,1859,40.15,169,0,0,0,0,0
7411,L33144,L,299.95,308.97,26.8,35.82,1547,45.05,104,0,0,0,0,0
7412,L27671,L,299.61,310.11,26.46,36.96,1537,32.35,29,0,0,0,0,0
7413,L26528,L,302.91,312.94,29.76,39.79,1610,9.69,204,1,0,0,1,0
7414,M40137,M,297.75,307.06,24.6,33.91,1369,42.5,116,0,0,0,0,0
7415,L41691,L,298.76,310.08,25.61,36.93,1233,34.33,191,0,0,0,0,0
7416,L76143,L,296.17,304.95,23.02,31.8,1480,32.08,8,0,0,0,0,0
7417,L17637,L,303.02,312.66,29.87,39.51,1723,34.71,66,0,0,0,0,0
7418,L80170,L,299.51,309.0,26.36,35.85,1751,35.25,149,0,0,0,0,0
7419,L47945,L,299.12,309.74,25.97,36.59,1206,60.16,117,0,0,0,0,0
7420,M19316,M,299.9,309.94,26.75,36.79,1652,31.71,71,0,0,0,0,0
7421,L68424,L,301.27,311.16,28.12,38.01,1153,41.9,48,0,0,0,0,0
7422,M61545,M,300.69,308.85,27.54,35.7,1615,42.81,72,0,0,0,0,0
7423,L58798,L,305.3,316.16,32.15,43.01,1605,38.72,178,0,0,0,0,0
7424,L70700,L,300.91,310.69,27.76,37.54,1233,43.55,44,0,0,0,0,0
7425,L16423,L,299.07,309.19,25.92,36.04,1710,33.76,143,0,0,0,0,0
7426,L66510,L,298.88,308.13,25.73,34.98,1840,28.11,102,0,0,0,0,0
7427,L24659,L,299.21,308.31,26.06,35.16,1524,43.13,183,0,0,0,0,0
7428,L62717,L,297.0,308.5,23.85,35.35,1560,50.24,48,0,0,0,0,0
7429,M24412,M,300.08,308.31,26.93,35.16,1794,26.14,65,0,0,0,0,0
7430,M34327,M,301.57,310.51,28.42,37.36,1338,46.19,96,0,0,0,0,0
7431,L72220,L,298.77,310.25,25.62,37.1,1342,30.45,40,0,0,0,0,0
7432,L99083,L,298.39,309.03,25.24,35.88,1388,32.7,111,0,0,0,0,0
7433,L55184,L,303.03,312.71,29.88,39.56,1541,41.67,100,0,0,0,0,0
7434,L12297,L,297.15,308.39,24.0,35.24,1541,36.62,238,0,0,0,0,0
7435,L76384,L,295.86,306.31,22.71,33.16,1438,30.97,143,0,0,0,0,0
7436,M42424,M,297.69,307.93,24.54,34.78,1482,38.72,17,0,0,0,0,0
7437,L90264,L,296.92,307.14,23.77,33.99,1441,46.8,110,0,0,0,0,0
7438,L61545,L,300.77,311.24,27.62,38.09,1449,27.97,211,0,0,0,0,0
7439,L23674,L,299.28,309.78,26.13,36.63,1401,54.88,208,1,0,0,0,1
7440,L31549,L,299.56,311.76,26.41,38.61,1402,45.45,231,0,0,0,0,0
7441,M30365,M,302.31,312.11,29.16,38.96,1185,53.1,215,0,0,0,0,0
7442,L23737,L,298.62,308.45,25.47,35.3,1496,38.29,42,0,0,0,0,0
7443,L81916,L,301.55,310.31,28.4,37.16,1193,62.01,1,0,0,0,0,0
7444,M98762,M,303.02,312.97,29.87,39.82,1666,42.08,148,0,0,0,0,0
7445,L91098,L,299.09,310.95,25.94,37.8,1437,36.93,169,0,0,0,0,0
7446,M72211,M,301.47,312.46,28.32,39.31,1514,43.9,31,0,0,0,0,0
7447,L70321,L,299.52,308.97,26.37,35.82,1470,33.12,40,0,0,0,0,0
7448,L99082,L,301.85,311.88,28.7,38.73,1492,36.15,231,0,0,0,0,0
7449,M80687,M,296.86,305.56,23.71,32.41,1756,44.36,227,0,0,0,0,0
7450,L82527,L,296.71,305.74,23.56,32.59,1298,47.23,38,0,0,0,0,0
7451,L62827,L,299.22,309.37,26.07,36.22,1251,51.1,59,0,0,0,0,0
7452,L60753,L,298.22,307.73,25.07,34.58,1556,46.18,214,0,0,0,0,0
7453,L61490,L,298.97,307.92,25.82,34.77,1448,43.95,104,0,0,0,0,0
7454,M27159,M,299.56,310.05,26.41,36.9,1598,29.37,192,0,0,0,0,0
7455,M31048,M,301.44,311.36,28.29,38.21,1660,47.8,95,0,0,0,0,0
7456,H57000,H,299.18,307.62,26.03,34.47,1341,46.84,177,1,0,1,0,0
7457,M31502,M,298.35,306.28,25.2,33.13,1641,39.62,95,0,0,0,0,0
7458,L73382,L,299.3,308.73,26.15,35.58,1356,42.7,216,0,0,0,0,0
7459,L27059,L,298.46,306.87,25.31,33.72,1548,45.9,78,0,0,0,0,0
7460,L63912,L,298.13,306.26,24.98,33.11,1319,58.77,126,1,0,1,0,0
7461,L48641,L,296.77,307.9,23.62,34.75,1558,33.77,125,0,0,0,0,0
7462,L45391,L,300.14,310.04,26.99,36.89,1531,45.94,156,0,0,0,0,0
7463,H71293,H,298.86,308.6,25.71,35.45,1342,42.97,74,0,0,0,0,0
7464,L95668,L,301.93,311.74,28.78,38.59,1297,28.18,154,0,0,0,0,0
7465,L27492,L,297.11,305.97,23.96,32.82,1666,23.15,34,0,0,0,0,0
7466,L31380,L,298.92,309.33,25.77,36.18,1456,42.75,214,0,0,0,0,0
7467,M65959,M,303.63,313.5,30.48,40.35,1712,41.55,35,0,0,0,0,0
7468,M34521,M,298.12,307.36,24.97,34.21,1440,44.66,202,0,0,0,0,0
7469,M81361,M,299.53,308.92,26.38,35.77,1763,38.65,166,0,0,0,0,0
7470,L17385,L,297.57,306.34,24.42,33.19,1369,62.57,82,0,0,0,0,0
7471,M64004,M,297.3,306.9,24.15,33.75,1793,36.19,79,0,0,0,0,0
7472,L39597,L,303.09,312.85,29.94,39.7,1566,34.48,232,1,1,0,0,0
7473,M42550,M,300.34,309.91,27.19,36.76,1605,34.69,47,0,0,0,0,0
7474,L64371,L,300.27,310.32,27.12,37.17,1359,55.23,174,0,0,0,0,0
7475,L25071,L,296.61,306.53,23.46,33.38,1663,24.31,44,0,0,0,0,0
7476,L56334,L,300.72,310.95,27.57,37.8,1669,44.24,217,1,1,0,0,0
7477,M74600,M,302.31,313.26,29.16,40.11,1478,38.89,178,0,0,0,0,0
7478,L77760,L,302.3,312.89,29.15,39.74,1162,42.67,224,0,0,0,0,0
7479,M81770,M,301.34,312.29,28.19,39.14,1340,31.15,211,0,0,0,0,0
7480,L35487,L,297.74,306.89,24.59,33.74,1340,54.6,132,0,0,0,0,0
7481,L37670,L,300.63,310.12,27.48,36.97,1614,28.65,37,1,0,0,0,0
7482,L84478,L,301.34,311.99,28.19,38.84,1454,39.91,53,0,0,0,0,0
7483,L38786,L,296.41,307.08,23.26,33.93,1457,31.53,48,0,0,0,0,0
7484,L88617,L,297.76,307.08,24.61,33.93,1436,55.63,53,0,0,0,0,0
7485,L83597,L,301.78,312.39,28.63,39.24,1792,32.76,114,0,0,0,0,0
7486,M14982,M,301.75,310.81,28.6,37.66,1543,26.36,208,0,0,0,0,0
7487,L15528,L,296.9,307.38,23.75,34.23,1570,33.07,6,0,0,0,0,0
7488,H72154,H,301.59,311.56,28.44,38.41,1427,51.31,57,0,0,0,0,0
7489,L16699,L,300.19,308.81,27.04,35.66,1530,29.64,143,0,0,0,0,0
7490,M25872,M,301.56,311.13,28.41,37.98,1364,39.11,208,0,0,0,0,0
7491,L29806,L,298.73,310.91,25.58,37.76,1595,45.42,71,0,0,0,0,0
7492,L53378,L,301.29,311.49,28.14,38.34,1334,45.68,92,0,0,0,0,0
7493,L26661,L,301.69,313.99,28.54,40.84,1665,24.65,90,0,0,0,0,0
7494,L53619,L,299.3,307.85,26.15,34.7,1406,42.53,70,0,0,0,0,0
7495,M17660,M,300.04,310.79,26.89,37.64,1701,32.46,168,0,0,0,0,0
7496,L35490,L,298.7,306.17,25.55,33.02,1869,31.08,157,0,0,0,0,0
7497,L17535,L,303.3,313.3,30.15,40.15,1535,44.89,202,0,0,0,0,0
7498,M91630,M,299.76,310.39,26.61,37.24,1765,34.4,220,0,0,0,0,0
7499,L67660,L,298.16,308.99,25.01,35.84,1667,33.64,216,1,1,0,0,0
7500,M28773,M,298.57,307.77,25.42,34.62,1284,43.48,130,0,0,0,0,0
7501,L17480,L,300.25,311.29,27.1,38.14,1554,45.47,45,0,0,0,0,0
7502,M31652,M,301.51,310.97,28.36,37.82,1623,29.55,53,0,0,0,0,0
7503,L22610,L,297.33,307.16,24.18,34.01,1640,17.6,142,1,0,0,1,0
7504,L88900,L,303.7,313.26,30.55,40.11,1566,34.78,220,0,0,0,0,0
7505,L79307,L,300.62,309.48,27.47,36.33,1564,39.66,127,0,0,0,0,0
7506,H33100,H,300.93,312.5,27.78,39.35,1536,33.97,225,1,1,0,0,0
7507,L16923,L,299.81,309.85,26.66,36.7,1558,32.57,63,0,0,0,0,0
7508,L78137,L,300.04,311.13,26.89,37.98,1321,40.46,21,0,0,0,0,0
7509,M10639,M,299.7,310.75,26.55,37.6,1494,38.16,191,0,0,0,0,0
7510,H88808,H,302.04,311.07,28.89,37.92,1281,34.35,211,0,0,0,0,0
7511,M17855,M,299.98,311.2,26.83,38.05,1448,44.86,108,0,0,0,0,0
7512,H74084,H,301.53,312.04,28.38,38.89,1432,18.72,25,1,0,0,1,0
7513,L61398,L,299.13,308.09,25.98,34.94,1420,44.66,10,0,0,0,0,0
7514,L32238,L,300.39,310.84,27.24,37.69,1351,44.92,15,0,0,0,0,0
7515,M80858,M,298.39,307.37,25.24,34.22,1582,40.19,105,0,0,0,0,0
7516,M59070,M,302.43,314.04,29.28,40.89,1479,23.3,56,0,0,0,0,0
7517,L30266,L,298.33,309.15,25.18,36.0,1461,41.55,111,0,0,0,0,0
7518,L96340,L,299.35,309.28,26.2,36.13,1289,40.12,117,0,0,0,0,0
7519,M61751,M,299.37,310.63,26.22,37.48,1483,51.46,110,1,0,0,0,0
7520,L71751,L,299.29,307.71,26.14,34.56,1735,35.91,149,0,0,0,0,0
7521,L69901,L,301.44,310.7,28.29,37.55,1738,23.55,163,0,0,0,0,0
7522,L14165,L,299.37,309.11,26.22,35.96,1600,22.28,95,0,0,0,0,0
7523,L31840,L,302.79,315.02,29.64,41.87,1483,33.71,81,0,0,0,0,0
7524,M96148,M,298.36,307.29,25.21,34.14,1633,41.58,88,0,0,0,0,0
7525,L22109,L,300.34,308.63,27.19,35.48,1418,49.62,17,0,0,0,0,0
7526,M68683,M,298.45,307.0,25.3,33.85,1483,40.1,77,0,0,0,0,0
7527,L58942,L,300.84,311.75,27.69,38.6,1405,41.42,48,0,0,0,0,0
7528,L84477,L,299.97,309.37,26.82,36.22,1694,31.17,70,0,0,0,0,0
7529,M96875,M,299.69,309.53,26.54,36.38,1672,34.11,171,0,0,0,0,0
7530,L59663,L,302.38,313.14,29.23,39.99,1529,47.2,237,1,0,0,0,1
7531,L28507,L,298.69,308.53,25.54,35.38,1838,28.4,222,0,0,0,0,0
7532,L38000,L,301.17,311.38,28.02,38.23,1607,40.92,197,0,0,0,0,0
7533,L14135,L,298.46,309.0,25.31,35.85,1597,31.64,177,0,0,0,0,0
7534,L21793,L,300.23,309.79,27.08,36.64,1579,44.4,227,0,0,0,0,0
7535,M92553,M,297.61,307.44,24.46,34.29,1314,48.23,180,0,0,0,0,0
7536,M55130,M,298.67,308.92,25.52,35.77,1379,49.34,113,0,0,0,0,0
7537,M56808,M,299.84,310.7,26.69,37.55,1525,52.62,144,0,0,0,0,0
7538,L24076,L,303.63,312.84,30.48,39.69,1527,16.87,73,1,0,0,1,0
7539,L82018,L,300.2,307.18,27.05,34.03,1638,41.0,1,0,0,0,0,0
7540,L53459,L,303.31,313.99,30.16,40.84,1418,44.16,85,0,0,0,0,0
7541,L54989,L,300.44,311.37,27.29,38.22,1547,40.61,97,0,0,0,0,0
7542,L24086,L,299.23,309.43,26.08,36.28,1550,38.88,176,0,0,0,0,0
7543,L28897,L,303.08,313.35,29.93,40.2,1557,38.71,206,0,0,0,0,0
7544,H66297,H,300.87,310.31,27.72,37.16,1538,39.95,231,1,1,0,0,0
7545,L85375,L,298.71,309.21,25.56,36.06,1289,51.69,84,0,0,0,0,0
7546,L91742,L,300.94,311.79,27.79,38.64,1139,56.9,230,1,1,0,0,1
7547,M64465,M,299.41,309.47,26.26,36.32,1370,41.62,192,0,0,0,0,0
7548,L60536,L,296.02,308.51,22.87,35.36,1442,38.23,7,0,0,0,0,0
7549,M86963,M,301.87,310.31,28.72,37.16,1329,43.28,143,1,0,1,0,0
7550,M13130,M,302.19,312.35,29.04,39.2,1525,34.26,88,0,0,0,0,0
7551,H50518,H,303.68,312.5,30.53,39.35,1726,47.44,8,0,0,0,0,0
7552,L19624,L,300.84,311.72,27.69,38.57,1662,24.31,128,0,0,0,0,0
7553,M72902,M,299.5,307.92,26.35,34.77,1617,41.44,140,0,0,0,0,0
7554,L46272,L,301.67,310.34,28.52,37.19,1707,39.51,61,0,0,0,0,0
7555,M64264,M,301.7,311.07,28.55,37.92,1373,37.48,226,1,1,0,0,0
7556,L88343,L,303.28,313.54,30.13,40.39,1455,41.75,147,0,0,0,0,0
7557,L57700,L,299.91,309.32,26.76,36.17,1643,44.98,42,0,0,0,0,0
7558,L55480,L,299.67,309.08,26.52,35.93,1452,36.82,173,0,0,0,0,0
7559,L29479,L,298.57,308.39,25.42,35.24,1462,49.7,120,0,0,0,0,0
7560,M76467,M,301.07,310.83,27.92,37.68,1861,39.73,114,0,0,0,0,0
7561,M89105,M,296.9,308.39,23.75,35.24,1552,31.25,200,0,0,0,0,0
7562,M59144,M,301.55,312.24,28.4,39.09,1844,22.21,33,0,0,0,0,0
7563,L15629,L,301.18,310.85,28.03,37.7,1216,48.44,118,0,0,0,0,0
7564,M93544,M,301.17,313.27,28.02,40.12,1425,30.3,187,0,0,0,0,0
7565,L20758,L,300.28,310.77,27.13,37.62,1607,12.43,158,1,0,0,1,0
7566,M36350,M,303.07,312.1,29.92,38.95,1551,33.02,1,0,0,0,0,0
7567,H28215,H,301.74,312.0,28.59,38.85,1175,66.14,189,0,0,0,0,0
7568,L38601,L,298.79,309.32,25.64,36.17,1495,34.75,227,1,1,0,0,0
7569,M53914,M,298.82,308.13,25.67,34.98,1968,32.15,169,0,0,0,0,0
7570,L93868,L,298.24,307.19,25.09,34.04,1578,41.9,210,0,0,0,0,0
7571,L86286,L,301.1,311.19,27.95,38.04,1641,34.59,87,0,0,0,0,0
7572,L71456,L,298.0,307.64,24.85,34.49,1422,37.61,84,0,0,0,0,0
7573,L14061,L,302.17,313.65,29.02,40.5,1578,46.15,77,0,0,0,0,0
7574,M17048,M,302.65,313.39,29.5,40.24,1533,37.7,176,0,0,0,0,0
7575,L82858,L,298.24,307.6,25.09,34.45,1731,32.37,226,0,0,0,0,0
7576,L52038,L,299.63,310.05,26.48,36.9,1725,39.59,212,0,0,0,0,0
7577,L53042,L,300.03,311.3,26.88,38.15,1606,27.43,36,0,0,0,0,0
7578,M48618,M,301.77,310.37,28.62,37.22,1547,26.92,150,0,0,0,0,0
7579,H60599,H,303.22,312.2,30.07,39.05,1241,33.16,239,0,0,0,0,0
7580,M35688,M,296.63,306.62,23.48,33.47,1235,50.94,71,0,0,0,0,0
7581,M56590,M,299.36,309.4,26.21,36.25,1549,35.67,152,0,0,0,0,0
7582,L92631,L,299.47,309.42,26.32,36.27,1688,40.55,218,1,1,0,0,0
7583,L63660,L,297.2,306.89,24.05,33.74,1768,32.81,216,0,0,0,0,0
7584,L70548,L,299.03,308.7,25.88,35.55,1379,30.57,77,0,0,0,0,0
7585,L94923,L,300.86,311.24,27.71,38.09,1271,42.24,23,0,0,0,0,0
7586,M39586,M,299.44,310.58,26.29,37.43,1698,40.91,155,0,0,0,0,0
7587,L79538,L,296.91,306.43,23.76,33.28,1392,39.05,227,0,0,0,0,0
7588,M48573,M,305.75,318.19,32.6,45.04,1259,55.0,122,0,0,0,0,0
7589,L67894,L,300.53,312.49,27.38,39.34,1449,35.92,110,0,0,0,0,0
7590,L20664,L,300.22,311.55,27.07,38.4,1446,45.39,207,0,0,0,0,0
7591,L11390,L,297.8,308.43,24.65,35.28,1766,18.18,102,1,0,0,1,0
7592,M10856,M,300.52,312.53,27.37,39.38,1686,32.16,163,0,0,0,0,0
7593,M85962,M,299.67,309.38,26.52,36.23,1406,37.66,93,0,0,0,0,0
7594,M10086,M,296.22,305.39,23.07,32.24,1780,21.01,91,0,0,0,0,0
7595,L12045,L,297.86,307.33,24.71,34.18,1557,45.7,45,0,0,0,0,0
7596,H78765,H,301.59,310.59,28.44,37.44,1721,28.18,21,0,0,0,0,0
7597,L67084,L,303.89,314.01,30.74,40.86,1767,26.47,212,0,0,0,0,0
7598,L27216,L,300.73,311.03,27.58,37.88,1489,48.89,43,0,0,0,0,0
7599,H97507,H,302.21,312.41,29.06,39.26,1635,36.34,15,0,0,0,0,0
7600,L90040,L,299.69,309.68,26.54,36.53,1464,45.38,140,0,0,0,0,0
7601,M99812,M,299.83,309.96,26.68,36.81,1698,20.13,131,0,0,0,0,0
7602,L36422,L,302.18,313.92,29.03,40.77,1551,30.56,136,0,0,0,0,0
7603,L49925,L,303.33,313.95,30.18,40.8,1703,50.33,112,0,0,0,0,0
7604,H64316,H,302.6,313.52,29.45,40.37,1802,38.63,34,0,0,0,0,0
7605,L45667,L,297.87,308.06,24.72,34.91,1631,26.55,5,0,0,0,0,0
7606,M13062,M,299.87,308.25,26.72,35.1,1519,39.53,11,0,0,0,0,0
7607,L80978,L,300.56,308.74,27.41,35.59,1522,29.69,226,0,0,0,0,0
7608,M65292,M,299.48,311.56,26.33,38.41,1100,63.24,128,0,0,0,0,0
7609,L50464,L,300.78,310.24,27.63,37.09,1410,22.47,96,1,0,0,1,0
7610,L98060,L,301.64,311.02,28.49,37.87,1698,35.94,99,0,0,0,0,0
7611,L87649,L,302.01,312.25,28.86,39.1,1705,35.69,157,0,0,0,0,0
7612,L37622,L,303.37,313.92,30.22,40.77,1406,31.84,90,0,0,0,0,0
7613,H64473,H,299.34,310.02,26.19,36.87,1564,34.45,191,0,0,0,0,0
7614,L67494,L,297.27,309.05,24.12,35.9,1502,41.15,62,0,0,0,0,0
7615,L49360,L,300.72,312.22,27.57,39.07,1656,20.38,88,0,0,0,0,0
7616,L67717,L,303.77,312.96,30.62,39.81,1922,19.58,224,0,0,0,0,0
7617,L81739,L,299.05,310.01,25.9,36.86,1659,33.3,62,0,0,0,0,0
7618,M58646,M,301.37,310.99,28.22,37.84,1418,33.75,159,0,0,0,0,0
7619,H46483,H,301.39,311.25,28.24,38.1,1521,33.96,87,0,0,0,0,0
7620,L34731,L,300.38,309.29,27.23,36.14,1780,32.02,113,0,0,0,0,0
7621,M26249,M,300.01,308.32,26.86,35.17,1288,37.18,11,1,0,1,0,0
7622,L37634,L,298.15,308.12,25.0,34.97,1427,39.93,40,0,0,0,0,0
7623,L43305,L,295.44,304.48,22.29,31.33,1659,36.92,24,0,0,0,0,0
7624,M65079,M,297.78,308.7,24.63,35.55,1762,38.76,203,0,0,0,0,0
7625,L61573,L,299.22,308.94,26.07,35.79,1642,24.94,231,1,1,0,0,0
7626,M52386,M,302.19,312.5,29.04,39.35,1429,35.07,16,0,0,0,0,0
7627,M76140,M,299.79,311.16,26.64,38.01,1629,39.88,18,0,0,0,0,0
7628,L36618,L,298.96,307.48,25.81,34.33,1608,23.79,133,0,0,0,0,0
7629,H74752,H,298.22,307.49,25.07,34.34,1596,36.74,121,0,0,0,0,0
7630,M20900,M,301.31,311.49,28.16,38.34,1518,37.97,156,0,0,0,0,0
7631,L46356,L,302.72,313.03,29.57,39.88,1544,16.41,177,1,0,0,1,0
7632,M75936,M,302.13,313.23,28.98,40.08,1376,37.68,191,0,0,0,0,0
7633,L51893,L,301.21,312.08,28.06,38.93,1969,31.74,36,0,0,0,0,0
7634,H33016,H,297.05,307.15,23.9,34.0,1562,34.98,9,0,0,0,0,0
7635,M92599,M,299.3,309.6,26.15,36.45,1631,31.34,213,0,0,0,0,0
7636,L83370,L,303.89,314.23,30.74,41.08,1497,39.53,113,0,0,0,0,0
7637,L71045,L,302.24,310.77,29.09,37.62,1683,41.96,233,0,0,0,0,0
7638,M25037,M,296.92,306.77,23.77,33.62,1308,48.11,128,0,0,0,0,0
7639,L56072,L,299.89,310.14,26.74,36.99,1230,40.55,122,0,0,0,0,0
7640,L96553,L,300.73,311.18,27.58,38.03,1530,25.78,150,0,0,0,0,0
7641,L61653,L,298.48,307.55,25.33,34.4,1894,34.4,41,0,0,0,0,0
7642,L35611,L,295.38,304.11,22.23,30.96,1746,23.38,61,0,0,0,0,0
7643,L12958,L,300.2,309.96,27.05,36.81,1394,36.89,217,0,0,0,0,0
7644,L75277,L,298.42,310.39,25.27,37.24,1625,36.86,51,0,0,0,0,0
7645,L14992,L,298.43,307.61,25.28,34.46,1424,49.42,56,0,0,0,0,0
7646,M45261,M,299.29,310.46,26.14,37.31,1610,45.88,122,0,0,0,0,0
7647,L20457,L,299.73,311.32,26.58,38.17,1623,35.78,154,0,0,0,0,0
7648,L60949,L,299.98,310.03,26.83,36.88,1697,29.68,0,0,0,0,0,0
7649,L78543,L,298.23,307.55,25.08,34.4,1261,35.83,110,0,0,0,0,0
7650,L20787,L,299.56,310.07,26.41,36.92,1314,59.29,96,0,0,0,0,0
7651,L68859,L,296.49,306.68,23.34,33.53,1522,35.33,208,0,0,0,0,0
7652,L17672,L,300.62,309.76,27.47,36.61,1354,47.73,202,0,0,0,0,0
7653,L59234,L,294.29,303.63,21.14,30.48,1341,44.31,217,0,0,0,0,0
7654,M45665,M,299.42,309.87,26.27,36.72,1583,32.24,202,0,0,0,0,0
7655,M63477,M,301.84,312.77,28.69,39.62,1375,37.38,189,0,0,0,0,0
7656,M80735,M,297.88,307.56,24.73,34.41,1930,18.62,206,0,0,0,0,0
7657,M78618,M,301.43,311.36,28.28,38.21,1442,48.72,42,0,0,0,0,0
7658,M96607,M,302.31,312.98,29.16,39.83,1488,37.55,82,0,0,0,0,0
7659,L37606,L,293.38,303.21,20.23,30.06,1587,47.54,164,0,0,0,0,0
7660,M11097,M,299.7,309.4,26.55,36.25,1271,41.49,222,0,0,0,0,0
7661,L10620,L,294.25,303.49,21.1,30.34,1624,32.9,160,0,0,0,0,0
7662,M34035,M,299.76,308.99,26.61,35.84,1595,26.86,50,0,0,0,0,0
7663,M37117,M,299.99,312.65,26.84,39.5,1474,36.38,227,1,1,0,0,0
7664,L18358,L,295.03,304.84,21.88,31.69,1583,26.27,182,0,0,0,0,0
7665,L95843,L,303.85,315.21,30.7,42.06,1610,38.81,172,0,0,0,0,0
7666,L28512,L,300.57,312.26,27.42,39.11,1786,32.94,183,0,0,0,0,0
7667,M77693,M,298.3,308.12,25.15,34.97,1973,40.85,158,0,0,0,0,0
7668,M67774,M,302.93,313.3,29.78,40.15,1349,30.8,5,0,0,0,0,0
7669,M77611,M,296.41,306.51,23.26,33.36,1308,53.53,61,0,0,0,0,0
7670,L14992,L,297.54,305.93,24.39,32.78,1553,29.07,230,0,0,0,0,0
7671,M48435,M,295.4,303.85,22.25,30.7,1171,51.67,69,1,0,1,0,0
7672,L46824,L,303.6,313.65,30.45,40.5,1649,25.59,185,0,0,0,0,0
7673,M78960,M,300.66,310.24,27.51,37.09,1555,38.47,102,0,0,0,0,0
7674,L94529,L,301.32,313.21,28.17,40.06,1599,15.74,218,1,1,0,1,0
7675,L64612,L,300.6,310.37,27.45,37.22,1482,33.3,134,0,0,0,0,0
7676,L31213,L,301.15,313.1,28.0,39.95,1580,37.12,152,0,0,0,0,0
7677,M21391,M,300.16,309.68,27.01,36.53,1618,49.46,58,0,0,0,0,0
7678,H27073,H,300.54,312.45,27.39,39.3,1570,19.47,14,1,0,0,1,0
7679,L17318,L,300.22,310.72,27.07,37.57,1300,44.07,182,0,0,0,0,0
7680,L18884,L,298.78,309.35,25.63,36.2,1565,32.46,16,0,0,0,0,0
7681,H67042,H,299.91,309.39,26.76,36.24,1859,15.48,173,1,0,0,1,0
7682,L44441,L,300.55,311.12,27.4,37.97,1577,27.33,133,0,0,0,0,0
7683,M39455,M,300.22,311.91,27.07,38.76,1559,32.98,197,0,0,0,0,0
7684,L83537,L,297.04,306.9,23.89,33.75,1808,35.43,49,0,0,0,0,0
7685,L49337,L,297.31,306.97,24.16,33.82,1405,41.5,130,0,0,0,0,0
7686,M60265,M,302.17,311.92,29.02,38.77,1691,23.39,147,0,0,0,0,0
7687,M69652,M,299.39,311.01,26.24,37.86,1442,25.06,18,0,0,0,0,0
7688,L24045,L,301.17,312.02,28.02,38.87,1725,36.55,177,0,0,0,0,0
7689,L27828,L,297.82,309.26,24.67,36.11,1675,32.65,93,0,0,0,0,0
7690,M31077,M,297.05,307.37,23.9,34.22,1463,52.06,31,0,0,0,0,0
7691,L67778,L,298.31,308.35,25.16,35.2,1488,35.67,93,0,0,0,0,0
7692,M90337,M,299.55,309.98,26.4,36.83,1706,42.73,24,0,0,0,0,0
7693,L67692,L,298.67,309.74,25.52,36.59,1210,51.69,213,1,0,0,0,1
7694,L98466,L,302.59,312.34,29.44,39.19,1458,45.88,110,0,0,0,0,0
7695,H11795,H,300.36,311.73,27.21,38.58,1644,38.32,33,0,0,0,0,0
7696,M97495,M,303.7,314.06,30.55,40.91,1481,42.32,61,0,0,0,0,0
7697,L11306,L,300.81,308.4,27.66,35.25,1559,18.43,174,1,0,0,1,0
7698,M52806,M,295.17,306.06,22.02,32.91,1178,46.75,189,0,0,0,0,0
7699,L23803,L,302.11,310.84,28.96,37.69,1385,36.05,10,0,0,0,0,0
7700,L82288,L,296.98,307.84,23.83,34.69,1654,44.81,14,0,0,0,0,0
7701,H55830,H,300.46,311.36,27.31,38.21,1404,32.81,220,1,1,0,0,0
7702,M16211,M,298.45,308.78,25.3,35.63,1307,41.59,79,0,0,0,0,0
7703,M16169,M,304.29,314.83,31.14,41.68,1721,39.7,46,0,0,0,0,0
7704,L34652,L,302.88,313.98,29.73,40.83,1625,37.66,30,0,0,0,0,0
7705,L16346,L,298.52,308.02,25.37,34.87,1345,43.95,114,0,0,0,0,0
7706,L35894,L,299.75,310.54,26.6,37.39,1559,45.62,185,0,0,0,0,0
7707,L18826,L,300.49,311.65,27.34,38.5,1350,44.52,125,0,0,0,0,0
7708,M52984,M,301.73,313.49,28.58,40.34,1508,33.63,5,0,0,0,0,0
7709,L18168,L,300.06,308.95,26.91,35.8,1566,26.22,116,0,0,0,0,0
7710,M70352,M,297.95,308.36,24.8,35.21,1394,45.01,75,0,0,0,0,0
7711,L96368,L,298.56,307.6,25.41,34.45,1665,28.25,164,0,0,0,0,0
7712,L74901,L,299.99,308.99,26.84,35.84,1692,31.93,126,0,0,0,0,0
7713,L28316,L,302.47,312.83,29.32,39.68,1581,44.86,232,0,0,0,0,0
7714,L26016,L,300.86,310.93,27.71,37.78,1607,33.87,144,0,0,0,0,0
7715,L82527,L,298.45,309.6,25.3,36.45,1281,41.18,152,0,0,0,0,0
7716,H34869,H,301.3,310.95,28.15,37.8,1773,30.07,125,0,0,0,0,0
7717,L23653,L,299.23,309.09,26.08,35.94,1519,35.7,75,0,0,0,0,0
7718,H72760,H,301.78,311.99,28.63,38.84,1371,33.85,151,0,0,0,0,0
7719,L76305,L,305.05,314.19,31.9,41.04,1561,50.13,80,0,0,0,0,0
7720,H29328,H,299.28,308.56,26.13,35.41,1665,30.01,172,0,0,0,0,0
7721,L89503,L,301.6,312.72,28.45,39.57,1625,41.54,57,0,0,0,0,0
7722,H57137,H,298.51,307.96,25.36,34.81,1345,34.45,88,0,0,0,0,0
7723,L30188,L,299.78,310.96,26.63,37.81,1668,38.75,140,0,0,0,0,0
7724,M23511,M,300.06,310.67,26.91,37.52,1524,38.94,151,0,0,0,0,0
7725,H90345,H,299.61,308.07,26.46,34.92,1623,35.51,160,0,0,0,0,0
7726,L53786,L,304.93,315.46,31.78,42.31,1395,42.48,168,0,0,0,0,0
7727,L92866,L,299.39,309.91,26.24,36.76,1718,36.68,76,0,0,0,0,0
7728,L37361,L,301.17,311.6,28.02,38.45,1567,34.75,214,0,0,0,0,0
7729,H43456,H,296.14,306.0,22.99,32.85,1743,31.45,7,0,0,0,0,0
7730,L70822,L,300.86,309.92,27.71,36.77,1266,49.86,45,0,0,0,0,0
7731,L62865,L,302.28,313.63,29.13,40.48,1290,35.29,17,0,0,0,0,0
7732,L13296,L,298.94,308.84,25.79,35.69,1493,28.01,161,0,0,0,0,0
7733,L98479,L,294.98,304.1,21.83,30.95,1792,33.41,66,0,0,0,0,0
7734,M84933,M,299.92,310.38,26.77,37.23,1878,14.42,48,1,0,0,1,0
7735,L12124,L,300.03,309.29,26.88,36.14,1380,28.07,115,0,0,0,0,0
7736,M17106,M,301.45,310.5,28.3,37.35,1544,51.54,149,0,0,0,0,0
7737,H99564,H,304.02,313.65,30.87,40.5,1562,49.07,149,0,0,0,0,0
7738,L74145,L,299.24,308.57,26.09,35.42,1661,29.94,134,0,0,0,0,0
7739,M19485,M,298.29,307.38,25.14,34.23,1690,41.9,238,1,1,0,0,0
7740,L51598,L,297.67,308.47,24.52,35.32,1340,51.03,206,0,0,0,0,0
7741,M23401,M,300.4,310.28,27.25,37.13,1546,40.82,57,0,0,0,0,0
7742,L89036,L,300.96,312.21,27.81,39.06,1184,47.78,182,0,0,0,0,0
7743,M33923,M,298.91,308.05,25.76,34.9,1677,39.18,137,0,0,0,0,0
7744,L78571,L,301.56,309.83,28.41,36.68,1476,45.21,17,0,0,0,0,0
7745,L38584,L,300.93,311.08,27.78,37.93,1324,48.41,12,0,0,0,0,0
7746,L22005,L,300.09,311.94,26.94,38.79,1593,23.57,192,0,0,0,0,0
7747,L69627,L,298.2,308.73,25.05,35.58,1470,55.23,131,0,0,0,0,0
7748,M63123,M,299.04,312.25,25.89,39.1,1756,51.86,137,1,0,0,1,0
7749,L93783,L,295.14,305.47,21.99,32.32,1379,26.28,81,0,0,0,0,0
7750,M57275,M,300.47,310.71,27.32,37.56,1924,33.87,223,1,1,0,0,0
7751,L11118,L,300.05,307.9,26.9,34.75,1685,50.38,171,0,0,0,0,0
7752,M78831,M,300.38,310.8,27.23,37.65,1760,40.57,223,1,1,0,0,0
7753,L15891,L,301.01,311.18,27.86,38.03,1355,50.39,24,0,0,0,0,0
7754,L28971,L,300.77,310.36,27.62,37.21,1848,19.5,140,0,0,0,0,0
7755,L29080,L,299.78,309.64,26.63,36.49,1323,49.64,153,0,0,0,0,0
7756,M65520,M,300.1,310.03,26.95,36.88,1498,40.15,30,0,0,0,0,0
7757,L34467,L,297.19,307.01,24.04,33.86,1763,38.73,83,0,0,0,0,0
7758,M55074,M,298.83,310.92,25.68,37.77,1624,27.0,52,0,0,0,0,0
7759,M93599,M,300.1,309.73,26.95,36.58,1318,34.89,236,0,0,0,0,0
7760,L32658,L,298.53,308.7,25.38,35.55,1734,31.91,130,0,0,0,0,0
7761,M12149,M,301.72,311.32,28.57,38.17,1594,32.9,76,0,0,0,0,0
7762,L24812,L,298.68,309.47,25.53,36.32,1462,37.93,159,0,0,0,0,0
7763,L44101,L,300.43,310.61,27.28,37.46,1265,41.45,158,0,0,0,0,0
7764,M70513,M,300.23,309.95,27.08,36.8,1611,33.96,83,0,0,0,0,0
7765,M66781,M,301.49,309.57,28.34,36.42,1506,32.71,239,1,1,0,0,0
7766,M43825,M,301.8,312.04,28.65,38.89,1562,36.29,194,0,0,0,0,0
7767,L92184,L,301.39,311.08,28.24,37.93,1258,34.17,96,0,0,0,0,0
7768,L11911,L,295.79,305.73,22.64,32.58,1462,43.31,158,0,0,0,0,0
7769,L82374,L,302.39,311.21,29.24,38.06,1619,37.47,171,0,0,0,0,0
7770,M69808,M,303.05,314.49,29.9,41.34,1863,20.65,42,0,0,0,0,0
7771,L89675,L,299.04,309.89,25.89,36.74,1499,48.83,211,0,0,0,0,0
7772,M60470,M,300.47,311.9,27.32,38.75,1788,25.44,198,0,0,0,0,0
7773,L97045,L,298.22,309.37,25.07,36.22,1673,43.76,181,0,0,0,0,0
7774,L69391,L,296.1,306.7,22.95,33.55,1576,38.99,53,0,0,0,0,0
7775,L11302,L,298.52,307.38,25.37,34.23,1358,50.2,33,0,0,0,0,0
7776,L89416,L,298.92,310.76,25.77,37.61,1365,43.38,43,0,0,0,0,0
7777,L10648,L,299.29,308.36,26.14,35.21,1643,39.41,22,0,0,0,0,0
7778,M77320,M,298.08,307.81,24.93,34.66,1443,47.63,226,1,1,0,0,0
7779,M98841,M,298.53,309.24,25.38,36.09,1427,55.4,204,0,0,0,0,0
7780,L91733,L,299.98,310.73,26.83,37.58,1503,46.71,22,0,0,0,0,0
7781,L45597,L,298.46,309.03,25.31,35.88,1506,41.62,163,0,0,0,0,0
7782,L58763,L,301.09,310.69,27.94,37.54,1693,23.06,59,0,0,0,0,0
7783,M86227,M,301.36,310.76,28.21,37.61,1447,20.28,4,1,0,0,1,0
7784,L54055,L,304.76,317.3,31.61,44.15,1675,33.16,70,1,0,0,0,0
7785,H61724,H,302.25,312.21,29.1,39.06,1612,29.83,106,0,0,0,0,0
7786,L74254,L,300.49,310.32,27.34,37.17,1242,40.71,5,0,0,0,0,0
7787,L40692,L,298.76,308.05,25.61,34.9,1587,35.45,78,0,0,0,0,0
7788,H98256,H,300.59,310.83,27.44,37.68,1100,57.39,168,0,0,0,0,0
7789,L15157,L,300.65,310.85,27.5,37.7,1378,36.6,55,0,0,0,0,0
7790,L56944,L,298.97,308.96,25.82,35.81,1616,42.62,116,0,0,0,0,0
7791,L29088,L,301.57,311.95,28.42,38.8,1533,37.64,213,0,0,0,0,0
7792,L64925,L,297.2,308.97,24.05,35.82,1226,47.05,7,0,0,0,0,0
7793,L53472,L,299.51,308.92,26.36,35.77,1339,57.79,189,0,0,0,0,0
7794,M86943,M,301.11,311.15,27.96,38.0,1100,53.51,92,0,0,0,0,0
7795,M12630,M,299.42,308.78,26.27,35.63,1300,43.64,130,0,0,0,0,0
7796,L25337,L,299.59,309.88,26.44,36.73,1636,39.21,55,0,0,0,0,0
7797,H99082,H,299.72,309.16,26.57,36.01,1437,54.24,139,0,0,0,0,0
7798,L57534,L,298.33,307.8,25.18,34.65,1565,36.24,175,0,0,0,0,0
7799,L42790,L,302.35,310.89,29.2,37.74,1537,40.79,48,0,0,0,0,0
7800,L19703,L,297.96,308.06,24.81,34.91,1541,36.32,82,0,0,0,0,0
7801,L24959,L,300.64,311.07,27.49,37.92,1714,32.6,136,0,0,0,0,0
7802,L42133,L,300.83,312.69,27.68,39.54,1499,34.29,100,0,0,0,0,0
7803,H31226,H,298.1,308.57,24.95,35.42,1694,29.33,70,0,0,0,0,0
7804,L19465,L,300.15,309.7,27.0,36.55,1101,65.59,108,0,0,0,0,0
7805,L78517,L,298.18,306.82,25.03,33.67,1729,28.7,70,0,0,0,0,0
7806,L87853,L,302.78,311.56,29.63,38.41,1309,31.44,72,0,0,0,0,0
7807,M60299,M,297.72,306.43,24.57,33.28,1347,43.53,147,0,0,0,0,0
7808,M23762,M,298.69,310.57,25.54,37.42,1412,48.73,114,0,0,0,0,0
7809,L54647,L,297.55,307.84,24.4,34.69,1725,43.16,162,0,0,0,0,0
7810,L73232,L,297.28,306.7,24.13,33.55,1379,31.98,201,0,0,0,0,0
7811,L79092,L,303.18,312.22,30.03,39.07,1420,49.24,226,1,1,0,0,1
7812,L95091,L,301.09,310.23,27.94,37.08,1367,58.39,36,0,0,0,0,0
7813,L49904,L,300.28,309.67,27.13,36.52,1580,30.8,150,0,0,0,0,0
7814,L74943,L,298.69,310.0,25.54,36.85,1665,33.02,140,0,0,0,0,0
7815,L23925,L,301.82,311.79,28.67,38.64,1833,21.4,208,0,0,0,0,0
7816,L99452,L,298.35,306.9,25.2,33.75,1955,44.14,215,1,1,0,1,0
7817,L42038,L,301.59,313.9,28.44,40.75,1649,22.81,183,0,0,0,0,0
7818,H59840,H,298.25,307.11,25.1,33.96,1599,32.63,143,0,0,0,0,0
7819,H90700,H,298.71,308.12,25.56,34.97,1322,49.62,48,0,0,0,0,0
7820,L26053,L,301.52,312.83,28.37,39.68,1869,25.18,66,0,0,0,0,0
7821,L12324,L,301.73,312.14,28.58,38.99,1573,28.52,145,0,0,0,0,0
7822,L41818,L,301.19,310.73,28.04,37.58,1484,38.18,33,0,0,0,0,0
7823,L56098,L,297.9,306.67,24.75,33.52,1603,54.87,44,1,0,0,1,0
7824,M44459,M,299.11,308.14,25.96,34.99,1424,38.2,219,0,0,0,0,0
7825,L31471,L,300.31,309.41,27.16,36.26,1126,49.23,230,1,1,0,0,1
7826,M60009,M,298.3,308.31,25.15,35.16,1635,26.12,1,0,0,0,0,0
7827,H41374,H,302.74,312.93,29.59,39.78,1770,35.45,207,0,0,0,0,0
7828,L35099,L,295.2,305.05,22.05,31.9,1632,42.17,225,0,0,0,0,0
7829,L21756,L,298.44,308.4,25.29,35.25,1534,32.51,126,0,0,0,0,0
7830,L23562,L,298.98,307.93,25.83,34.78,1537,41.56,108,0,0,0,0,0
7831,L80480,L,294.31,304.61,21.16,31.46,1565,31.82,221,0,0,0,0,0
7832,L77594,L,297.21,308.49,24.06,35.34,1560,21.58,2,0,0,0,0,0
7833,L36408,L,301.25,311.09,28.1,37.94,1524,41.25,202,0,0,0,0,0
7834,M83839,M,300.06,309.88,26.91,36.73,1539,53.81,71,0,0,0,0,0
7835,L74455,L,303.15,313.23,30.0,40.08,1807,22.14,154,0,0,0,0,0
7836,L16567,L,303.09,314.21,29.94,41.06,1618,36.85,78,0,0,0,0,0
7837,M83621,M,300.87,309.97,27.72,36.82,1553,47.36,126,0,0,0,0,0
7838,M21871,M,300.63,312.08,27.48,38.93,1650,33.9,194,0,0,0,0,0
7839,L92854,L,300.13,310.55,26.98,37.4,1650,23.3,44,0,0,0,0,0
7840,M20235,M,294.69,304.72,21.54,31.57,1701,34.05,159,0,0,0,0,0
7841,L20853,L,297.21,308.42,24.06,35.27,1403,52.77,216,1,0,0,0,1
7842,L96572,L,300.2,309.02,27.05,35.87,1451,35.44,216,0,0,0,0,0
7843,L29013,L,301.23,311.75,28.08,38.6,1393,43.0,215,0,0,0,0,0
7844,L22002,L,300.58,311.01,27.43,37.86,1669,25.9,124,0,0,0,0,0
7845,M75994,M,298.22,307.28,25.07,34.13,1661,33.71,184,0,0,0,0,0
7846,M87585,M,301.87,312.34,28.72,39.19,1312,46.76,107,0,0,0,0,0
7847,M53744,M,302.96,313.25,29.81,40.1,1603,36.74,110,0,0,0,0,0
7848,L91960,L,301.88,311.7,28.73,38.55,1775,28.82,68,0,0,0,0,0
7849,L21468,L,301.98,312.84,28.83,39.69,1494,41.9,68,0,0,0,0,0
7850,L58742,L,298.88,308.31,25.73,35.16,1590,41.39,9,0,0,0,0,0
7851,L34772,L,302.15,312.42,29.0,39.27,1663,40.34,128,0,0,0,0,0
7852,M70084,M,300.29,310.16,27.14,37.01,1304,41.6,74,0,0,0,0,0
7853,M93391,M,301.02,310.41,27.87,37.26,1562,31.72,45,0,0,0,0,0
7854,L64755,L,300.73,311.23,27.58,38.08,1758,48.3,29,0,0,0,0,0
7855,L21821,L,299.76,309.55,26.61,36.4,1431,41.13,83,0,0,0,0,0
7856,L57512,L,298.28,306.81,25.13,33.66,1681,32.03,216,1,1,0,0,0
7857,L14931,L,299.84,308.03,26.69,34.88,1540,25.39,124,0,0,0,0,0
7858,L35134,L,301.97,312.76,28.82,39.61,1417,32.98,134,0,0,0,0,0
7859,L80423,L,299.12,307.9,25.97,34.75,1518,32.6,13,0,0,0,0,0
7860,L40825,L,301.79,312.07,28.64,38.92,1443,43.22,125,0,0,0,0,0
7861,L60745,L,301.47,311.53,28.32,38.38,1380,38.68,160,0,0,0,0,0
7862,L42202,L,299.4,309.03,26.25,35.88,1490,38.56,36,0,0,0,0,0
7863,L96810,L,302.78,314.73,29.63,41.58,1547,25.57,236,1,1,0,0,0
7864,M41727,M,299.29,309.47,26.14,36.32,1506,49.28,220,1,1,0,0,0
7865,L58868,L,303.02,313.77,29.87,40.62,1489,32.59,238,0,0,0,0,0
7866,H25242,H,300.87,311.15,27.72,38.0,1575,38.27,86,0,0,0,0,0
7867,L35770,L,299.97,309.74,26.82,36.59,1628,30.95,197,0,0,0,0,0
7868,L99800,L,298.22,308.21,25.07,35.06,1335,40.38,79,0,0,0,0,0
7869,L98553,L,299.82,311.28,26.67,38.13,1491,32.08,180,0,0,0,0,0
7870,L82578,L,299.59,310.68,26.44,37.53,1190,50.53,227,1,0,0,0,1
7871,M37184,M,297.48,309.44,24.33,36.29,1507,30.19,37,0,0,0,0,0
7872,L43968,L,299.56,309.79,26.41,36.64,1561,39.21,34,0,0,0,0,0
7873,H25275,H,298.39,307.52,25.24,34.37,1635,34.1,25,0,0,0,0,0
7874,M75925,M,301.17,310.73,28.02,37.58,1562,41.72,192,0,0,0,0,0
7875,L87615,L,302.61,311.42,29.46,38.27,1631,40.96,160,0,0,0,0,0
7876,L61160,L,297.55,308.31,24.4,35.16,1546,34.51,125,0,0,0,0,0
7877,M73742,M,303.42,312.84,30.27,39.69,1417,43.37,186,0,0,0,0,0
7878,L36801,L,299.74,306.69,26.59,33.54,1340,39.18,204,1,0,1,0,0
7879,M42376,M,298.05,310.51,24.9,37.36,1489,49.01,228,1,1,0,0,0
7880,L83554,L,301.52,310.94,28.37,37.79,1401,38.03,48,0,0,0,0,0
7881,L75877,L,299.11,308.53,25.96,35.38,1514,36.23,106,0,0,0,0,0
7882,L13275,L,299.84,311.51,26.69,38.36,1449,35.79,222,1,1,0,0,0
7883,L29009,L,299.19,307.98,26.04,34.83,1608,29.76,111,0,0,0,0,0
7884,M42540,M,298.37,309.5,25.22,36.35,1544,53.39,117,0,0,0,0,0
7885,L66028,L,301.45,310.86,28.3,37.71,1613,39.41,226,1,1,0,0,0
7886,M56349,M,299.43,308.1,26.28,34.95,1612,36.08,176,0,0,0,0,0
7887,L73596,L,297.13,308.83,23.98,35.68,1504,34.3,132,0,0,0,0,0
7888,L45049,L,301.1,312.03,27.95,38.88,1514,46.74,86,0,0,0,0,0
7889,L21609,L,297.59,308.51,24.44,35.36,1623,30.94,220,1,1,0,0,0
7890,L38154,L,297.69,308.06,24.54,34.91,1963,30.15,2,0,0,0,0,0
7891,L37349,L,302.39,312.98,29.24,39.83,1362,59.69,77,0,0,0,0,0
7892,L62410,L,297.61,306.38,24.46,33.23,1542,29.49,227,1,1,0,0,0
7893,M72540,M,295.37,305.48,22.22,32.33,1326,47.53,120,0,0,0,0,0
7894,L53078,L,301.25,310.32,28.1,37.17,1531,39.72,150,0,0,0,0,0
7895,L42204,L,299.39,308.0,26.24,34.85,1417,44.66,128,0,0,0,0,0
7896,M73852,M,299.56,309.98,26.41,36.83,1514,35.56,95,0,0,0,0,0
7897,M87615,M,299.37,310.53,26.22,37.38,1562,31.94,160,0,0,0,0,0
7898,L26355,L,300.46,310.08,27.31,36.93,1449,41.34,184,0,0,0,0,0
7899,L60004,L,298.49,308.28,25.34,35.13,1223,43.21,87,0,0,0,0,0
7900,M28651,M,302.95,311.81,29.8,38.66,1784,13.45,142,1,0,0,1,0
7901,L65083,L,297.05,307.05,23.9,33.9,1682,27.47,20,0,0,0,0,0
7902,L12934,L,300.89,311.65,27.74,38.5,1512,35.36,131,0,0,0,0,0
7903,L96524,L,301.28,312.08,28.13,38.93,1378,32.94,179,0,0,0,0,0
7904,M27525,M,298.48,309.03,25.33,35.88,1550,38.18,140,0,0,0,0,0
7905,L83883,L,297.95,307.33,24.8,34.18,1598,29.79,211,0,0,0,0,0
7906,H57541,H,302.03,311.38,28.88,38.23,1670,33.97,69,0,0,0,0,0
7907,L83557,L,298.02,308.81,24.87,35.66,1686,51.33,118,1,0,0,1,0
7908,M17594,M,298.79,309.6,25.64,36.45,1719,43.15,21,0,0,0,0,0
7909,L85168,L,301.77,311.6,28.62,38.45,1230,51.3,168,0,0,0,0,0
7910,L30337,L,300.07,309.64,26.92,36.49,1482,53.14,106,0,0,0,0,0
7911,M66104,M,296.41,307.57,23.26,34.42,1709,32.95,127,0,0,0,0,0
7912,L76040,L,303.49,313.13,30.34,39.98,1373,41.22,31,0,0,0,0,0
7913,L64712,L,298.94,309.69,25.79,36.54,1748,24.33,239,1,1,0,0,0
7914,L22026,L,299.19,309.06,26.04,35.91,1852,41.17,185,0,0,0,0,0
7915,L17404,L,300.51,309.46,27.36,36.31,1743,48.52,96,0,0,0,0,0
7916,L52628,L,301.25,312.86,28.1,39.71,1651,41.97,137,0,0,0,0,0
7917,M20467,M,303.92,314.04,30.77,40.89,1457,50.72,148,0,0,0,0,0
7918,L21495,L,296.68,305.97,23.53,32.82,1584,14.27,231,1,1,0,1,0
7919,L98071,L,301.65,310.26,28.5,37.11,1299,62.81,184,1,0,0,0,1
7920,L18491,L,301.49,310.2,28.34,37.05,1398,40.14,84,0,0,0,0,0
7921,M62650,M,299.73,309.35,26.58,36.2,1411,59.47,235,1,1,0,0,1
7922,M36960,M,301.57,313.5,28.42,40.35,1546,50.92,72,0,0,0,0,0
7923,L69523,L,301.87,311.28,28.72,38.13,1466,45.25,138,0,0,0,0,0
7924,L32546,L,297.24,308.68,24.09,35.53,1581,33.5,168,0,0,0,0,0
7925,H62413,H,303.5,313.37,30.35,40.22,1689,35.2,65,0,0,0,0,0
7926,L97632,L,296.88,305.7,23.73,32.55,1411,25.33,230,1,1,0,0,0
7927,M79976,M,297.73,307.26,24.58,34.11,1561,44.15,52,0,0,0,0,0
7928,M95619,M,299.48,308.2,26.33,35.05,1462,18.74,106,1,0,0,1,0
7929,M34912,M,303.85,312.99,30.7,39.84,1568,34.14,43,0,0,0,0,0
7930,L94879,L,299.38,308.5,26.23,35.35,1655,46.96,210,0,0,0,0,0
7931,M60255,M,299.94,308.03,26.79,34.88,1696,39.54,53,0,0,0,0,0
7932,M81621,M,302.86,314.38,29.71,41.23,1652,22.44,8,0,0,0,0,0
7933,L73205,L,299.4,309.61,26.25,36.46,1607,24.92,9,0,0,0,0,0
7934,L37878,L,297.64,306.96,24.49,33.81,1286,39.76,99,0,0,0,0,0
7935,L19974,L,299.17,309.39,26.02,36.24,1346,43.2,125,0,0,0,0,0
7936,L73725,L,302.74,311.91,29.59,38.76,1391,48.21,10,0,0,0,0,0
7937,L48517,L,300.14,307.47,26.99,34.32,1598,40.69,22,0,0,0,0,0
7938,L20242,L,303.86,316.82,30.71,43.67,1309,35.3,23,0,0,0,0,0
7939,L98179,L,301.48,311.67,28.33,38.52,1594,40.89,160,0,0,0,0,0
7940,L44413,L,298.71,308.12,25.56,34.97,1581,42.04,72,0,0,0,0,0
7941,L76182,L,300.1,308.17,26.95,35.02,1196,51.8,135,1,0,1,0,0
7942,M46142,M,298.29,306.8,25.14,33.65,1345,62.44,18,1,0,1,0,0
7943,H66164,H,298.66,310.32,25.51,37.17,1718,39.17,214,0,0,0,0,0
7944,L60253,L,308.96,320.46,35.81,47.31,1657,42.32,73,0,0,0,0,0
7945,L22822,L,302.04,312.79,28.89,39.64,1386,56.34,187,0,0,0,0,0
7946,L73993,L,301.72,310.61,28.57,37.46,1354,49.12,198,0,0,0,0,0
7947,M66976,M,298.75,310.26,25.6,37.11,1106,47.39,237,1,1,0,0,0
7948,M34855,M,303.14,313.59,29.99,40.44,1792,41.91,178,0,0,0,0,0
7949,H27562,H,302.2,312.85,29.05,39.7,1542,33.94,106,0,0,0,0,0
7950,L56096,L,303.76,314.21,30.61,41.06,1865,22.87,37,0,0,0,0,0
7951,H19878,H,303.67,312.16,30.52,39.01,1501,30.98,11,0,0,0,0,0
7952,L49296,L,297.04,305.84,23.89,32.69,1584,46.01,213,0,0,0,0,0
7953,M37313,M,297.78,307.27,24.63,34.12,1691,38.85,107,0,0,0,0,0
7954,L68161,L,297.99,308.64,24.84,35.49,1822,39.94,180,0,0,0,0,0
7955,M71433,M,298.11,306.73,24.96,33.58,1623,40.31,119,0,0,0,0,0
7956,L95630,L,300.65,310.47,27.5,37.32,1535,38.83,211,0,0,0,0,0
7957,M25724,M,298.87,308.69,25.72,35.54,1540,39.75,180,0,0,0,0,0
7958,M32398,M,304.15,314.94,31.0,41.79,1352,47.11,21,0,0,0,0,0
7959,L47997,L,303.81,314.48,30.66,41.33,1468,34.21,181,0,0,0,0,0
7960,L46817,L,299.99,308.98,26.84,35.83,1544,26.79,64,0,0,0,0,0
7961,M47687,M,303.91,315.36,30.76,42.21,1777,28.37,186,0,0,0,0,0
7962,L53971,L,302.98,311.81,29.83,38.66,1460,43.6,228,0,0,0,0,0
7963,L67302,L,299.1,310.19,25.95,37.04,1721,28.11,223,1,1,0,0,0
7964,L36666,L,295.98,305.43,22.83,32.28,1521,54.71,30,0,0,0,0,0
7965,L18851,L,299.56,309.73,26.41,36.58,1753,36.22,13,0,0,0,0,0
7966,L19995,L,298.71,308.94,25.56,35.79,1653,35.61,186,0,0,0,0,0
7967,L27634,L,300.41,310.61,27.26,37.46,1642,30.05,170,0,0,0,0,0
7968,L58572,L,300.18,310.85,27.03,37.7,1706,40.9,42,0,0,0,0,0
7969,L32763,L,300.13,310.52,26.98,37.37,1681,24.39,164,0,0,0,0,0
7970,M68955,M,301.05,311.83,27.9,38.68,1721,35.82,4,0,0,0,0,0
7971,H39884,H,297.57,308.04,24.42,34.89,1908,26.54,151,0,0,0,0,0
7972,M43120,M,300.82,309.56,27.67,36.41,1818,32.48,200,0,0,0,0,0
7973,L10636,L,299.12,309.39,25.97,36.24,1617,39.33,154,0,0,0,0,0
7974,H39911,H,300.4,309.84,27.25,36.69,1458,30.14,16,0,0,0,0,0
7975,L80600,L,301.91,310.81,28.76,37.66,1599,22.46,238,1,1,0,0,0
7976,L98797,L,297.55,307.26,24.4,34.11,1198,40.38,85,0,0,0,0,0
7977,H71636,H,299.44,309.62,26.29,36.47,1680,41.14,91,0,0,0,0,0
7978,M18782,M,299.76,310.01,26.61,36.86,1349,45.44,20,0,0,0,0,0
7979,M65724,M,298.97,310.03,25.82,36.88,1731,29.87,40,0,0,0,0,0
7980,M27332,M,301.8,313.11,28.65,39.96,1882,46.2,65,1,0,0,1,0
7981,L20998,L,298.56,308.9,25.41,35.75,1281,55.01,192,0,0,0,0,0
7982,L16419,L,298.89,309.41,25.74,36.26,1526,45.89,166,0,0,0,0,0
7983,M77406,M,298.58,308.68,25.43,35.53,1349,36.69,140,0,0,0,0,0
7984,L62581,L,302.18,312.95,29.03,39.8,1233,54.74,207,1,0,0,0,1
7985,L25726,L,299.02,309.5,25.87,36.35,1516,40.51,239,1,1,0,0,0
7986,M39600,M,300.92,310.87,27.77,37.72,1646,29.03,92,0,0,0,0,0
7987,M87244,M,303.95,316.1,30.8,42.95,1667,33.54,94,0,0,0,0,0
7988,L29082,L,299.85,309.3,26.7,36.15,1562,28.38,177,0,0,0,0,0
7989,M53483,M,302.22,313.68,29.07,40.53,1244,40.36,155,0,0,0,0,0
7990,M74816,M,303.34,311.99,30.19,38.84,1557,27.66,3,0,0,0,0,0
7991,M58194,M,302.05,312.87,28.9,39.72,1274,52.63,157,0,0,0,0,0
7992,L71815,L,299.97,311.4,26.82,38.25,1285,44.01,173,0,0,0,0,0
7993,L46874,L,301.28,309.38,28.13,36.23,1361,34.58,237,1,0,1,0,0
7994,L96884,L,297.43,307.56,24.28,34.41,1719,37.48,141,0,0,0,0,0
7995,L46603,L,298.44,309.16,25.29,36.01,1630,35.15,164,0,0,0,0,0
7996,L42108,L,298.79,309.04,25.64,35.89,1591,44.41,189,0,0,0,0,0
7997,L46534,L,304.48,314.86,31.33,41.71,1384,42.46,23,0,0,0,0,0
7998,L11642,L,298.37,308.51,25.22,35.36,1467,27.56,176,0,0,0,0,0
7999,H88385,H,298.35,307.25,25.2,34.1,1295,40.26,131,0,0,0,0,0
8000,L24467,L,297.91,310.28,24.76,37.13,1774,23.04,24,0,0,0,0,0
8001,M69679,M,301.12,310.62,27.97,37.47,1920,34.35,161,0,0,0,0,0
8002,M30915,M,300.29,310.72,27.14,37.57,1632,43.77,56,0,0,0,0,0
8003,L95226,L,302.17,311.53,29.02,38.38,1663,22.1,129,0,0,0,0,0
8004,H61005,H,301.34,309.07,28.19,35.92,1507,37.02,67,0,0,0,0,0
8005,L89561,L,297.24,306.31,24.09,33.16,1252,55.0,25,0,0,0,0,0
8006,L88429,L,298.39,306.94,25.24,33.79,1387,28.83,60,0,0,0,0,0
8007,M33761,M,302.73,313.82,29.58,40.67,1454,35.94,105,0,0,0,0,0
8008,L32416,L,299.59,308.99,26.44,35.84,1468,39.04,119,0,0,0,0,0
8009,M87444,M,302.38,311.86,29.23,38.71,1427,48.68,36,0,0,0,0,0
8010,L87127,L,299.7,308.64,26.55,35.49,1543,41.48,77,0,0,0,0,0
8011,M16140,M,298.06,308.16,24.91,35.01,1386,47.32,206,0,0,0,0,0
8012,L69111,L,299.39,308.68,26.24,35.53,1914,34.75,218,0,0,0,0,0
8013,M86525,M,298.06,309.06,24.91,35.91,1296,41.22,128,0,0,0,0,0
8014,L72788,L,298.87,309.17,25.72,36.02,1690,47.04,118,0,0,0,0,0
8015,M56160,M,300.4,309.83,27.25,36.68,1489,33.11,140,0,0,0,0,0
8016,M60662,M,301.02,311.87,27.87,38.72,1616,13.23,51,1,0,0,1,0
8017,L69113,L,296.82,306.83,23.67,33.68,1624,20.88,238,1,1,0,0,0
8018,M28207,M,299.97,309.99,26.82,36.84,1562,35.73,179,0,0,0,0,0
8019,L51862,L,298.83,307.36,25.68,34.21,1337,40.21,57,1,0,1,0,0
8020,M61029,M,298.7,308.63,25.55,35.48,1477,34.5,65,0,0,0,0,0
8021,L93031,L,300.27,310.59,27.12,37.44,1565,37.82,156,0,0,0,0,0
8022,M54970,M,298.9,310.23,25.75,37.08,1554,46.48,77,0,0,0,0,0
8023,M34208,M,302.76,312.01,29.61,38.86,1356,45.89,85,0,0,0,0,0
8024,L13526,L,302.38,314.65,29.23,41.5,1761,37.73,187,0,0,0,0,0
8025,L82175,L,302.36,312.92,29.21,39.77,1100,43.45,64,0,0,0,0,0
8026,L52448,L,299.01,307.49,25.86,34.34,1491,34.27,169,0,0,0,0,0
8027,M12323,M,298.08,307.23,24.93,34.08,1374,47.31,224,1,1,0,0,0
8028,L13546,L,300.16,311.59,27.01,38.44,1567,37.43,30,0,0,0,0,0
8029,L43225,L,299.7,310.94,26.55,37.79,1713,37.27,35,0,0,0,0,0
8030,M76501,M,298.78,308.8,25.63,35.65,1289,49.37,226,0,0,0,0,0
8031,L91140,L,297.65,307.8,24.5,34.65,1947,30.76,49,0,0,0,0,0
8032,M64264,M,299.92,308.75,26.77,35.6,1570,49.14,5,0,0,0,0,0
8033,L71575,L,299.19,310.51,26.04,37.36,1602,31.52,208,0,0,0,0,0
8034,L37898,L,301.38,310.39,28.23,37.24,1283,38.1,68,0,0,0,0,0
8035,M88891,M,301.33,312.17,28.18,39.02,1527,23.41,72,0,0,0,0,0
8036,L27725,L,302.2,313.55,29.05,40.4,1705,39.59,54,0,0,0,0,0
8037,L14203,L,297.48,307.53,24.33,34.38,1572,31.89,220,1,1,0,0,0
8038,M77922,M,300.8,311.77,27.65,38.62,1560,46.87,186,0,0,0,0,0
8039,L64354,L,298.55,310.39,25.4,37.24,1526,39.53,143,0,0,0,0,0
8040,H37413,H,297.56,307.83,24.41,34.68,1294,41.57,109,0,0,0,0,0
8041,H49323,H,299.14,308.97,25.99,35.82,1293,35.88,34,0,0,0,0,0
8042,L74160,L,302.14,312.07,28.99,38.92,1740,39.71,222,0,0,0,0,0
8043,L59035,L,299.26,308.51,26.11,35.36,1689,33.48,180,0,0,0,0,0
8044,M72560,M,303.13,312.37,29.98,39.22,1715,35.55,67,0,0,0,0,0
8045,L64065,L,301.1,311.54,27.95,38.39,1391,46.03,227,0,0,0,0,0
8046,L42828,L,299.21,309.05,26.06,35.9,1507,40.14,224,0,0,0,0,0
8047,M48987,M,302.32,312.65,29.17,39.5,1751,25.93,158,0,0,0,0,0
8048,L38324,L,300.89,309.4,27.74,36.25,1320,47.58,236,1,0,1,0,1
8049,M74883,M,298.13,308.04,24.98,34.89,1733,39.63,45,0,0,0,0,0
8050,L18035,L,303.72,314.75,30.57,41.6,1432,42.88,176,0,0,0,0,0
8051,L93174,L,300.52,309.4,27.37,36.25,1385,46.42,37,0,0,0,0,0
8052,L91755,L,300.04,310.05,26.89,36.9,1529,43.27,166,0,0,0,0,0
8053,H53506,H,298.29,306.43,25.14,33.28,1340,39.6,221,1,1,1,0,0
8054,M10335,M,302.36,311.05,29.21,37.9,1203,44.16,129,0,0,0,0,0
8055,M16581,M,301.03,311.84,27.88,38.69,1548,54.82,183,0,0,0,0,0
8056,L13138,L,301.26,310.95,28.11,37.8,1628,45.79,34,0,0,0,0,0
8057,L12517,L,298.98,310.81,25.83,37.66,1748,32.4,152,0,0,0,0,0
8058,L37705,L,301.67,312.1,28.52,38.95,1641,40.37,15,0,0,0,0,0
8059,L75328,L,301.82,312.35,28.67,39.2,1879,22.99,9,0,0,0,0,0
8060,L56675,L,298.66,307.59,25.51,34.44,1773,27.52,152,0,0,0,0,0
8061,M20435,M,297.17,306.78,24.02,33.63,1664,24.45,137,0,0,0,0,0
8062,L39020,L,301.16,310.43,28.01,37.28,1617,37.72,79,0,0,0,0,0
8063,H89059,H,296.85,305.79,23.7,32.64,1750,35.11,123,0,0,0,0,0
8064,L70444,L,300.3,310.97,27.15,37.82,1148,58.59,164,0,0,0,0,0
8065,H59293,H,299.11,309.97,25.96,36.82,1451,37.79,155,0,0,0,0,0
8066,L13456,L,302.44,312.84,29.29,39.69,1210,55.89,18,0,0,0,0,0
8067,L74720,L,299.21,308.39,26.06,35.24,1651,39.93,163,0,0,0,0,0
8068,L19486,L,302.21,312.55,29.06,39.4,1405,60.45,158,0,0,0,0,0
8069,L87912,L,298.97,307.06,25.82,33.91,2063,41.1,161,0,0,0,0,0
8070,L76828,L,302.0,313.32,28.85,40.17,1444,51.61,203,0,0,0,0,0
8071,L80167,L,304.12,312.82,30.97,39.67,1554,43.56,138,0,0,0,0,0
8072,L86170,L,297.86,306.74,24.71,33.59,1465,31.97,225,1,1,0,0,0
8073,M56781,M,300.58,310.7,27.43,37.55,1449,41.87,235,0,0,0,0,0
8074,M48936,M,305.5,315.7,32.35,42.55,1317,61.49,180,0,0,0,0,0
8075,M39800,M,300.13,310.06,26.98,36.91,1311,47.76,86,0,0,0,0,0
8076,L15535,L,300.12,309.01,26.97,35.86,1154,43.09,34,0,0,0,0,0
8077,M15184,M,301.58,312.71,28.43,39.56,1630,37.83,197,0,0,0,0,0
8078,L41400,L,300.08,308.4,26.93,35.25,1461,31.31,35,0,0,0,0,0
8079,L24794,L,296.59,305.1,23.44,31.95,1873,23.73,35,0,0,0,0,0
8080,L17808,L,302.26,312.16,29.11,39.01,1317,46.8,221,0,0,0,0,0
8081,L20127,L,295.99,304.73,22.84,31.58,1793,37.87,134,0,0,0,0,0
8082,L82322,L,299.17,310.39,26.02,37.24,1810,25.27,70,0,0,0,0,0
8083,L63475,L,302.41,311.24,29.26,38.09,1758,28.11,231,0,0,0,0,0
8084,L54637,L,299.29,310.84,26.14,37.69,1576,24.94,170,0,0,0,0,0
8085,M81420,M,298.61,309.65,25.46,36.5,1476,37.79,128,0,0,0,0,0
8086,M29195,M,301.76,312.99,28.61,39.84,1758,17.02,79,1,0,0,1,0
8087,H65810,H,298.3,310.18,25.15,37.03,1396,38.64,162,0,0,0,0,0
8088,M14322,M,297.56,307.64,24.41,34.49,1582,36.85,175,0,0,0,0,0
8089,L52419,L,300.55,309.54,27.4,36.39,1527,23.47,171,0,0,0,0,0
8090,M88110,M,299.63,309.53,26.48,36.38,1379,33.49,47,0,0,0,0,0
8091,M98181,M,297.51,306.95,24.36,33.8,1584,35.7,167,0,0,0,0,0
8092,L62657,L,301.27,310.56,28.12,37.41,1665,32.84,140,0,0,0,0,0
8093,L11392,L,300.93,311.08,27.78,37.93,1372,40.55,204,0,0,0,0,0
8094,H22248,H,299.28,308.97,26.13,35.82,1616,37.77,150,0,0,0,0,0
8095,L48422,L,299.42,308.67,26.27,35.52,1145,36.67,35,0,0,0,0,0
8096,H79200,H,300.94,310.7,27.79,37.55,1351,48.07,76,0,0,0,0,0
8097,L10064,L,302.38,312.93,29.23,39.78,1455,36.83,179,0,0,0,0,0
8098,L16864,L,299.43,310.39,26.28,37.24,1598,31.1,178,0,0,0,0,0
8099,L46725,L,301.31,309.71,28.16,36.56,1687,19.04,53,1,0,0,1,0
8100,L82697,L,301.13,310.83,27.98,37.68,1549,34.84,85,0,0,0,0,0
8101,M56568,M,301.76,311.62,28.61,38.47,1634,39.16,4,0,0,0,0,0
8102,H71162,H,300.08,308.9,26.93,35.75,1507,39.15,80,0,0,0,0,0
8103,L45948,L,298.18,308.06,25.03,34.91,1606,37.05,6,0,0,0,0,0
8104,L64074,L,299.08,309.22,25.93,36.07,1597,33.17,209,0,0,0,0,0
8105,M14350,M,300.69,311.2,27.54,38.05,1446,39.14,160,0,0,0,0,0
8106,M94030,M,303.64,313.71,30.49,40.56,1473,30.04,233,0,0,0,0,0
8107,L98721,L,299.03,308.15,25.88,35.0,1640,34.9,214,0,0,0,0,0
8108,L73497,L,301.61,313.62,28.46,40.47,1852,27.01,145,0,0,0,0,0
8109,M60222,M,299.34,310.17,26.19,37.02,1746,23.81,121,0,0,0,0,0
8110,M75658,M,300.22,310.77,27.07,37.62,1337,48.88,212,0,0,0,0,0
8111,L55088,L,303.03,314.04,29.88,40.89,1338,30.22,72,0,0,0,0,0
8112,L68373,L,301.53,311.77,28.38,38.62,1441,43.95,54,0,0,0,0,0
8113,H35108,H,297.52,308.8,24.37,35.65,1552,41.61,98,0,0,0,0,0
8114,M46253,M,298.86,308.91,25.71,35.76,1543,32.9,13,0,0,0,0,0
8115,L67084,L,302.51,312.51,29.36,39.36,1752,40.95,72,0,0,0,0,0
8116,L87766,L,300.28,310.92,27.13,37.77,1762,28.14,20,0,0,0,0,0
8117,M43300,M,297.7,309.28,24.55,36.13,1536,32.41,13,0,0,0,0,0
8118,L69365,L,298.36,309.87,25.21,36.72,1495,28.72,132,0,0,0,0,0
8119,L94590,L,301.41,312.0,28.26,38.85,1625,35.18,170,0,0,0,0,0
8120,L29825,L,301.99,312.51,28.84,39.36,1721,25.62,129,0,0,0,0,0
8121,L38021,L,300.04,310.73,26.89,37.58,1632,28.78,17,0,0,0,0,0
8122,M23698,M,304.95,315.94,31.8,42.79,1459,38.73,95,0,0,0,0,0
8123,L87856,L,301.65,312.95,28.5,39.8,1428,39.94,27,0,0,0,0,0
8124,M61159,M,299.51,309.28,26.36,36.13,1341,52.78,156,0,0,0,0,0
8125,L47154,L,298.37,309.69,25.22,36.54,1569,43.97,198,0,0,0,0,0
8126,L88625,L,298.05,308.39,24.9,35.24,1644,39.26,28,0,0,0,0,0
8127,L30262,L,300.67,311.32,27.52,38.17,1664,33.27,16,0,0,0,0,0
8128,H35301,H,299.02,310.4,25.87,37.25,1737,29.76,97,0,0,0,0,0
8129,M12250,M,303.35,314.09,30.2,40.94,1794,31.72,73,0,0,0,0,0
8130,L90904,L,302.93,313.85,29.78,40.7,1294,39.81,63,0,0,0,0,0
8131,M79225,M,301.27,310.88,28.12,37.73,1606,30.07,51,0,0,0,0,0
8132,M84843,M,297.64,309.14,24.49,35.99,1612,34.92,76,0,0,0,0,0
8133,H93229,H,298.66,309.35,25.51,36.2,1522,30.62,232,0,0,0,0,0
8134,L63225,L,302.51,312.64,29.36,39.49,1390,34.68,206,0,0,0,0,0
8135,M28800,M,298.87,309.97,25.72,36.82,1788,39.69,144,0,0,0,0,0
8136,L36923,L,302.24,314.83,29.09,41.68,1432,28.97,192,0,0,0,0,0
8137,L44115,L,300.95,309.78,27.8,36.63,1151,41.45,4,0,0,0,0,0
8138,H56541,H,300.1,309.3,26.95,36.15,1539,47.43,27,0,0,0,0,0
8139,L58850,L,298.59,311.28,25.44,38.13,1493,35.23,70,0,0,0,0,0
8140,L69863,L,299.81,310.24,26.66,37.09,1860,41.81,155,0,0,0,0,0
8141,L75964,L,300.38,310.57,27.23,37.42,1621,26.01,212,0,0,0,0,0
8142,M45831,M,302.07,311.95,28.92,38.8,1482,39.26,55,0,0,0,0,0
8143,M44019,M,298.23,309.44,25.08,36.29,1501,44.36,33,0,0,0,0,0
8144,L37334,L,299.47,312.09,26.32,38.94,1499,30.99,204,0,0,0,0,0
8145,H74763,H,300.09,309.42,26.94,36.27,1923,43.19,98,0,0,0,0,0
8146,L46625,L,301.33,311.23,28.18,38.08,1653,31.53,168,0,0,0,0,0
8147,L86972,L,298.18,307.83,25.03,34.68,1289,48.53,132,0,0,0,0,0
8148,H15680,H,297.37,308.1,24.22,34.95,1492,32.97,42,0,0,0,0,0
8149,L39710,L,301.35,312.57,28.2,39.42,1531,49.36,168,0,0,0,0,0
8150,L12734,L,296.96,308.59,23.81,35.44,1341,45.15,101,0,0,0,0,0
8151,L73216,L,302.57,313.34,29.42,40.19,1223,63.63,69,0,0,0,0,0
8152,M84361,M,299.69,312.21,26.54,39.06,1639,44.39,217,1,1,0,0,0
8153,L65428,L,296.9,306.33,23.75,33.18,1394,47.79,1,0,0,0,0,0
8154,H51576,H,299.04,308.2,25.89,35.05,1754,25.03,97,0,0,0,0,0
8155,M79053,M,300.76,312.23,27.61,39.08,1536,37.96,72,0,0,0,0,0
8156,L80099,L,298.93,309.06,25.78,35.91,1452,36.93,13,0,0,0,0,0
8157,M57750,M,300.04,308.66,26.89,35.51,1112,51.73,19,0,0,0,0,0
8158,L62928,L,301.48,311.16,28.33,38.01,1749,33.94,41,0,0,0,0,0
8159,L90982,L,299.6,309.85,26.45,36.7,1586,28.91,121,0,0,0,0,0
8160,M60781,M,298.13,307.48,24.98,34.33,1457,38.08,68,0,0,0,0,0
8161,H34553,H,299.4,308.39,26.25,35.24,1379,40.77,201,0,0,0,0,0
8162,L30306,L,302.83,312.62,29.68,39.47,1815,23.49,58,0,0,0,0,0
8163,L12464,L,303.37,312.31,30.22,39.16,1349,48.88,173,0,0,0,0,0
8164,L28913,L,295.96,306.6,22.81,33.45,1470,40.74,50,0,0,0,0,0
8165,L91487,L,302.18,310.24,29.03,37.09,1635,41.56,10,0,0,0,0,0
8166,L42157,L,300.5,310.59,27.35,37.44,1789,35.93,64,0,0,0,0,0
8167,L61167,L,301.85,312.37,28.7,39.22,1497,24.56,201,0,0,0,0,0
8168,M23839,M,298.9,308.81,25.75,35.66,1406,34.07,20,0,0,0,0,0
8169,L71266,L,296.46,307.56,23.31,34.41,1516,51.01,83,0,0,0,0,0
8170,L37623,L,301.17,309.8,28.02,36.65,1693,40.12,2,0,0,0,0,0
8171,M39497,M,298.12,307.42,24.97,34.27,1733,20.1,151,0,0,0,0,0
8172,M43136,M,297.22,306.89,24.07,33.74,1294,48.03,226,0,0,0,0,0
8173,L23314,L,297.36,308.08,24.21,34.93,1555,30.19,92,0,0,0,0,0
8174,L72416,L,301.2,311.42,28.05,38.27,1284,27.85,138,0,0,0,0,0
8175,M27694,M,300.28,312.42,27.13,39.27,1690,47.17,109,0,0,0,0,0
8176,L15890,L,301.56,310.76,28.41,37.61,1609,36.21,234,1,1,0,0,0
8177,L93109,L,301.34,309.94,28.19,36.79,1374,43.44,177,0,0,0,0,0
8178,M65469,M,299.16,310.95,26.01,37.8,1803,21.72,11,0,0,0,0,0
8179,L77421,L,299.86,308.43,26.71,35.28,1594,26.73,26,0,0,0,0,0
8180,L42069,L,298.98,309.66,25.83,36.51,1574,23.66,113,0,0,0,0,0
8181,L37468,L,299.58,308.6,26.43,35.45,1504,49.44,152,0,0,0,0,0
8182,L85060,L,298.07,306.0,24.92,32.85,1534,24.21,70,0,0,0,0,0
8183,L77873,L,300.78,310.41,27.63,37.26,1468,51.96,162,0,0,0,0,0
8184,H65125,H,302.15,313.05,29.0,39.9,1405,32.88,138,0,0,0,0,0
8185,L84184,L,298.37,307.15,25.22,34.0,1750,22.92,104,0,0,0,0,0
8186,L91696,L,302.56,313.14,29.41,39.99,1449,39.1,140,0,0,0,0,0
8187,L47914,L,300.23,310.99,27.08,37.84,1443,34.24,220,1,1,0,0,0
8188,H55451,H,300.48,309.21,27.33,36.06,1512,38.66,58,0,0,0,0,0
8189,L47231,L,296.6,306.37,23.45,33.22,1784,25.09,190,0,0,0,0,0
8190,L62753,L,296.39,307.96,23.24,34.81,1733,30.55,3,0,0,0,0,0
8191,M54317,M,300.29,310.94,27.14,37.79,1466,33.02,20,0,0,0,0,0
8192,L33311,L,301.58,311.32,28.43,38.17,1750,39.64,228,0,0,0,0,0
8193,L63274,L,298.66,309.07,25.51,35.92,1554,40.97,167,0,0,0,0,0
8194,L99075,L,303.34,312.65,30.19,39.5,1387,43.28,152,0,0,0,0,0
8195,L26222,L,301.47,312.58,28.32,39.43,1452,47.9,80,0,0,0,0,0
8196,L61305,L,298.18,309.3,25.03,36.15,1775,34.38,44,0,0,0,0,0
8197,M39183,M,300.06,310.18,26.91,37.03,1899,31.59,91,0,0,0,0,0
8198,L20829,L,304.95,315.18,31.8,42.03,1591,35.05,144,0,0,0,0,0
8199,L10154,L,297.51,306.52,24.36,33.37,1436,34.17,152,0,0,0,0,0
8200,L69408,L,301.06,309.7,27.91,36.55,1513,32.15,41,0,0,0,0,0
8201,L18965,L,299.35,308.98,26.2,35.83,1402,42.06,107,0,0,0,0,0
8202,L87261,L,301.41,311.33,28.26,38.18,1427,48.29,136,0,0,0,0,0
8203,H93961,H,302.53,313.6,29.38,40.45,1410,45.2,230,0,0,0,0,0
8204,L79714,L,299.23,310.15,26.08,37.0,1521,42.18,132,0,0,0,0,0
8205,M99207,M,302.24,312.42,29.09,39.27,1556,27.97,139,0,0,0,0,0
8206,L47036,L,304.44,315.63,31.29,42.48,1509,42.15,184,0,0,0,0,0
8207,L56847,L,300.13,309.19,26.98,36.04,1496,35.1,101,0,0,0,0,0
8208,L91335,L,301.57,312.65,28.42,39.5,1668,35.75,92,0,0,0,0,0
8209,L51758,L,298.82,308.03,25.67,34.88,1495,42.74,142,0,0,0,0,0
8210,L56332,L,300.04,311.28,26.89,38.13,1506,28.79,188,0,0,0,0,0
8211,L63978,L,299.65,309.63,26.5,36.48,1504,39.35,153,0,0,0,0,0
8212,M52982,M,301.59,309.6,28.44,36.45,1805,33.63,45,0,0,0,0,0
8213,L79634,L,302.41,313.14,29.26,39.99,1449,47.53,95,0,0,0,0,0
8214,L29630,L,299.78,310.59,26.63,37.44,1639,30.82,123,0,0,0,0,0
8215,L47467,L,303.07,312.61,29.92,39.46,1404,40.32,126,0,0,0,0,0
8216,L25856,L,303.06,312.69,29.91,39.54,1596,37.25,82,0,0,0,0,0
8217,L33959,L,301.69,311.53,28.54,38.38,1631,31.0,125,0,0,0,0,0
8218,L54004,L,298.97,307.04,25.82,33.89,1725,28.94,162,0,0,0,0,0
8219,L59354,L,298.78,306.41,25.63,33.26,1468,34.45,112,0,0,0,0,0
8220,M12590,M,298.38,309.68,25.23,36.53,1340,41.73,108,0,0,0,0,0
8221,M85054,M,301.9,311.07,28.75,37.92,1398,54.97,192,0,0,0,0,0
8222,L75101,L,297.58,309.43,24.43,36.28,1704,32.89,182,0,0,0,0,0
8223,L44359,L,301.35,312.72,28.2,39.57,1899,34.07,101,0,0,0,0,0
8224,M18965,M,297.84,309.4,24.69,36.25,1681,34.34,239,0,0,0,0,0
8225,L17296,L,301.65,311.0,28.5,37.85,1314,41.14,16,0,0,0,0,0
8226,L27409,L,300.03,308.43,26.88,35.28,1675,34.01,78,0,0,0,0,0
8227,L69043,L,302.67,311.58,29.52,38.43,1370,47.98,9,0,0,0,0,0
8228,L58072,L,302.28,311.84,29.13,38.69,1474,38.45,201,0,0,0,0,0
8229,L35935,L,302.87,310.5,29.72,37.35,1568,35.26,181,0,0,0,0,0
8230,L85625,L,302.92,312.45,29.77,39.3,1597,33.99,164,0,0,0,0,0
8231,L67825,L,300.29,310.09,27.14,36.94,1546,29.1,51,0,0,0,0,0
8232,L30160,L,297.68,306.39,24.53,33.24,1430,48.39,170,0,0,0,0,0
8233,M19852,M,297.89,306.85,24.74,33.7,1720,29.73,85,0,0,0,0,0
8234,L89937,L,295.83,305.61,22.68,32.46,1443,51.47,208,0,0,0,0,0
8235,L49550,L,297.83,308.19,24.68,35.04,1755,34.61,48,0,0,0,0,0
8236,L65772,L,300.14,309.25,26.99,36.1,1297,55.42,52,0,0,0,0,0
8237,M62329,M,298.88,309.17,25.73,36.02,1573,34.83,231,0,0,0,0,0
8238,M83032,M,299.64,309.78,26.49,36.63,1320,37.53,124,0,0,0,0,0
8239,M19435,M,300.99,311.03,27.84,37.88,1389,49.59,107,0,0,0,0,0
8240,L16018,L,299.39,308.74,26.24,35.59,1445,35.16,84,0,0,0,0,0
8241,M71696,M,297.76,306.42,24.61,33.27,1801,42.1,199,0,0,0,0,0
8242,M66239,M,299.89,311.59,26.74,38.44,1764,37.11,85,0,0,0,0,0
8243,L92089,L,298.2,308.83,25.05,35.68,1688,45.66,85,0,0,0,0,0
8244,L41180,L,299.46,310.46,26.31,37.31,1541,29.37,30,0,0,0,0,0
8245,L12476,L,302.69,312.6,29.54,39.45,1568,44.19,125,0,0,0,0,0
8246,M83050,M,299.46,309.29,26.31,36.14,1757,26.67,222,1,1,0,0,0
8247,L86758,L,303.54,314.03,30.39,40.88,1658,15.39,230,1,1,0,1,0
8248,L42874,L,302.86,311.03,29.71,37.88,1538,44.42,239,1,1,0,0,0
8249,H65327,H,298.84,307.73,25.69,34.58,1795,31.87,114,0,0,0,0,0
8250,M12364,M,297.78,306.98,24.63,33.83,1678,41.85,186,0,0,0,0,0
8251,H69653,H,299.89,309.44,26.74,36.29,1577,37.06,133,0,0,0,0,0
8252,H86647,H,302.31,311.43,29.16,38.28,1455,39.56,132,0,0,0,0,0
8253,L12144,L,299.02,309.35,25.87,36.2,1439,51.8,193,0,0,0,0,0
8254,M35325,M,301.82,311.9,28.67,38.75,1476,39.76,200,0,0,0,0,0
8255,L83687,L,302.42,313.81,29.27,40.66,1615,31.67,5,0,0,0,0,0
8256,M19149,M,298.45,310.93,25.3,37.78,1681,33.37,226,1,1,0,0,0
8257,L63538,L,298.65,307.39,25.5,34.24,1282,45.94,198,0,0,0,0,0
8258,H76445,H,301.43,311.57,28.28,38.42,1194,25.22,173,1,0,0,1,0
8259,M35452,M,300.3,310.45,27.15,37.3,1368,45.8,204,0,0,0,0,0
8260,M41276,M,298.63,308.61,25.48,35.46,1464,50.02,129,0,0,0,0,0
8261,L95743,L,299.3,308.21,26.15,35.06,1744,32.46,186,0,0,0,0,0
8262,L10590,L,299.86,308.94,26.71,35.79,1486,35.19,144,0,0,0,0,0
8263,M60429,M,296.87,307.11,23.72,33.96,1580,39.37,130,0,0,0,0,0
8264,L31569,L,301.53,310.59,28.38,37.44,1608,49.58,51,0,0,0,0,0
8265,M86949,M,299.04,309.2,25.89,36.05,1356,46.01,203,0,0,0,0,0
8266,L79032,L,294.43,304.19,21.28,31.04,1790,33.72,212,0,0,0,0,0
8267,M59466,M,299.95,310.09,26.8,36.94,1419,37.26,233,0,0,0,0,0
8268,L81906,L,298.52,307.56,25.37,34.41,1808,23.13,29,0,0,0,0,0
8269,M70753,M,303.38,313.54,30.23,40.39,1513,38.06,70,0,0,0,0,0
8270,M55803,M,298.83,307.95,25.68,34.8,1476,39.15,164,0,0,0,0,0
8271,L30127,L,297.8,307.97,24.65,34.82,1341,27.28,205,0,0,0,0,0
8272,L94770,L,301.02,312.36,27.87,39.21,1570,30.69,180,0,0,0,0,0
8273,L22910,L,298.68,308.94,25.53,35.79,1930,38.97,109,0,0,0,0,0
8274,L84821,L,298.44,308.76,25.29,35.61,1607,33.58,174,0,0,0,0,0
8275,L50323,L,301.02,311.84,27.87,38.69,1582,16.56,17,1,0,0,1,0
8276,M78337,M,297.92,306.52,24.77,33.37,1418,53.21,159,0,0,0,0,0
8277,L86747,L,297.09,308.8,23.94,35.65,1639,27.83,2,0,0,0,0,0
8278,L54900,L,303.45,312.4,30.3,39.25,1563,32.91,11,0,0,0,0,0
8279,L89367,L,301.16,312.04,28.01,38.89,1524,46.09,182,0,0,0,0,0
8280,L50276,L,299.47,310.22,26.32,37.07,1622,29.4,115,0,0,0,0,0
8281,L74286,L,299.99,309.09,26.84,35.94,1217,31.31,14,0,0,0,0,0
8282,H14117,H,301.01,312.02,27.86,38.87,1517,39.5,116,0,0,0,0,0
8283,M28061,M,301.95,312.44,28.8,39.29,1326,49.6,15,0,0,0,0,0
8284,L32216,L,298.49,310.38,25.34,37.23,1540,33.45,83,0,0,0,0,0
8285,L66975,L,300.73,310.93,27.58,37.78,1408,39.7,38,0,0,0,0,0
8286,M13691,M,298.99,308.88,25.84,35.73,1420,30.9,53,0,0,0,0,0
8287,L53915,L,299.62,309.11,26.47,35.96,1302,36.05,47,0,0,0,0,0
8288,L92174,L,300.32,308.58,27.17,35.43,1730,30.54,89,0,0,0,0,0
8289,L33173,L,299.99,309.67,26.84,36.52,1416,45.64,26,0,0,0,0,0
8290,L63143,L,301.47,311.2,28.32,38.05,1426,40.97,127,0,0,0,0,0
8291,H24003,H,300.97,311.24,27.82,38.09,1803,39.94,98,0,0,0,0,0
8292,M92413,M,296.98,305.56,23.83,32.41,1634,48.29,202,0,0,0,0,0
8293,L37867,L,297.28,307.05,24.13,33.9,1179,55.69,198,1,0,0,0,1
8294,L92000,L,299.26,309.84,26.11,36.69,1777,19.52,198,0,0,0,0,0
8295,M83673,M,303.66,314.33,30.51,41.18,1823,29.15,113,0,0,0,0,0
8296,M83952,M,298.3,306.44,25.15,33.29,1807,38.72,70,0,0,0,0,0
8297,M22102,M,299.58,310.29,26.43,37.14,1652,33.73,100,0,0,0,0,0
8298,M34164,M,298.93,308.68,25.78,35.53,1342,29.73,165,0,0,0,0,0
8299,L76372,L,298.89,308.71,25.74,35.56,1526,33.12,127,0,0,0,0,0
8300,M49392,M,300.36,307.99,27.21,34.84,1282,26.53,150,1,0,1,0,0
8301,M62321,M,302.8,314.3,29.65,41.15,1383,39.2,166,0,0,0,0,0
8302,L44546,L,300.91,311.09,27.76,37.94,1341,37.26,220,0,0,0,0,0
8303,M91022,M,298.39,306.86,25.24,33.71,1425,37.31,227,1,1,0,0,0
8304,L29668,L,305.51,315.88,32.36,42.73,1564,46.09,202,0,0,0,0,0
8305,L71265,L,300.16,310.5,27.01,37.35,1457,28.67,16,0,0,0,0,0
8306,L31709,L,298.85,310.07,25.7,36.92,1450,33.78,235,0,0,0,0,0
8307,L33130,L,302.82,312.51,29.67,39.36,1484,29.47,169,0,0,0,0,0
8308,L61622,L,299.06,309.07,25.91,35.92,1797,40.45,166,0,0,0,0,0
8309,L80373,L,303.33,312.68,30.18,39.53,1914,38.99,6,0,0,0,0,0
8310,L59583,L,298.26,308.86,25.11,35.71,1456,42.23,115,0,0,0,0,0
8311,L75305,L,302.86,312.08,29.71,38.93,1594,38.42,150,0,0,0,0,0
8312,L84523,L,300.4,309.51,27.25,36.36,1388,31.68,67,0,0,0,0,0
8313,L63090,L,302.58,312.51,29.43,39.36,1669,35.92,20,0,0,0,0,0
8314,M71100,M,303.8,312.58,30.65,39.43,1452,30.49,128,0,0,0,0,0
8315,L31506,L,297.73,309.34,24.58,36.19,1411,40.95,107,0,0,0,0,0
8316,L27134,L,302.55,314.48,29.4,41.33,1885,27.64,11,0,0,0,0,0
8317,M42049,M,297.18,306.73,24.03,33.58,1298,39.4,125,0,0,0,0,0
8318,M38500,M,297.91,306.52,24.76,33.37,1106,52.04,26,0,0,0,0,0
8319,M54386,M,298.39,308.73,25.24,35.58,1664,39.86,102,0,0,0,0,0
8320,L96067,L,301.01,310.53,27.86,37.38,1471,53.16,65,0,0,0,0,0
8321,L74759,L,300.07,311.24,26.92,38.09,1422,44.7,233,0,0,0,0,0
8322,M78105,M,299.67,308.88,26.52,35.73,2013,46.69,8,1,0,0,1,0
8323,L20174,L,300.29,310.84,27.14,37.69,1663,36.07,134,0,0,0,0,0
8324,L71747,L,301.18,311.3,28.03,38.15,1525,51.85,36,0,0,0,0,0
8325,L38035,L,301.34,310.66,28.19,37.51,1411,44.09,77,0,0,0,0,0
8326,M12337,M,302.19,312.43,29.04,39.28,1613,37.44,44,0,0,0,0,0
8327,L66299,L,303.64,314.52,30.49,41.37,1232,45.17,239,1,1,0,0,0
8328,H13316,H,299.96,310.04,26.81,36.89,1445,42.05,8,0,0,0,0,0
8329,M83630,M,298.96,309.06,25.81,35.91,1529,40.94,130,0,0,0,0,0
8330,L98805,L,301.23,310.35,28.08,37.2,1572,25.1,146,0,0,0,0,0
8331,M89241,M,297.71,308.86,24.56,35.71,1510,43.54,185,0,0,0,0,0
8332,M84658,M,298.64,309.69,25.49,36.54,1414,28.66,150,0,0,0,0,0
8333,M53943,M,302.0,311.59,28.85,38.44,1696,39.39,56,0,0,0,0,0
8334,L10460,L,299.75,309.63,26.6,36.48,1246,50.78,144,0,0,0,0,0
8335,M39627,M,297.58,309.0,24.43,35.85,1486,49.92,234,0,0,0,0,0
8336,L56455,L,297.02,305.89,23.87,32.74,1444,32.77,204,0,0,0,0,0
8337,H21138,H,300.1,310.7,26.95,37.55,1712,25.57,109,0,0,0,0,0
8338,L48002,L,302.28,311.73,29.13,38.58,1455,48.24,115,0,0,0,0,0
8339,L81293,L,302.26,314.04,29.11,40.89,1612,26.95,32,0,0,0,0,0
8340,M41226,M,300.22,310.29,27.07,37.14,1593,26.57,137,0,0,0,0,0
8341,M33234,M,304.02,315.28,30.87,42.13,1214,48.87,67,0,0,0,0,0
8342,L45586,L,299.79,309.03,26.64,35.88,1524,37.23,26,0,0,0,0,0
8343,L23631,L,299.72,308.47,26.57,35.32,1230,47.82,114,0,0,0,0,0
8344,L54207,L,294.87,304.63,21.72,31.48,1596,40.19,11,0,0,0,0,0
8345,H88202,H,299.11,309.37,25.96,36.22,1407,45.06,29,0,0,0,0,0
8346,M56845,M,301.7,311.19,28.55,38.04,1743,32.26,53,0,0,0,0,0
8347,M86980,M,303.13,313.89,29.98,40.74,1503,38.5,238,0,0,0,0,0
8348,L38039,L,298.34,308.13,25.19,34.98,1400,40.38,194,0,0,0,0,0
8349,L77758,L,300.92,308.84,27.77,35.69,1745,33.12,130,0,0,0,0,0
8350,M54604,M,302.09,312.65,28.94,39.5,1382,30.35,56,0,0,0,0,0
8351,M77187,M,300.02,309.14,26.87,35.99,1692,39.92,125,0,0,0,0,0
8352,L52949,L,295.43,305.07,22.28,31.92,1617,43.83,156,0,0,0,0,0
8353,M57971,M,300.49,312.05,27.34,38.9,1471,44.05,1,0,0,0,0,0
8354,L27801,L,301.52,313.3,28.37,40.15,1301,48.52,237,1,0,0,0,1
8355,L69571,L,298.11,307.53,24.96,34.38,1752,24.77,150,0,0,0,0,0
8356,L74165,L,299.49,310.07,26.34,36.92,1623,23.99,237,1,1,0,0,0
8357,L50121,L,297.69,307.14,24.54,33.99,1400,47.58,113,0,0,0,0,0
8358,L91282,L,294.86,304.57,21.71,31.42,1578,36.54,150,0,0,0,0,0
8359,L10068,L,302.05,311.45,28.9,38.3,1711,34.84,111,0,0,0,0,0
8360,L19203,L,299.99,308.27,26.84,35.12,1555,38.57,2,0,0,0,0,0
8361,M10467,M,303.2,313.29,30.05,40.14,1577,38.4,204,0,0,0,0,0
8362,L64491,L,301.71,312.0,28.56,38.85,1716,38.57,108,0,0,0,0,0
8363,L94349,L,299.29,308.62,26.14,35.47,1804,31.0,113,0,0,0,0,0
8364,L67120,L,299.83,310.92,26.68,37.77,1514,22.6,86,0,0,0,0,0
8365,L84794,L,301.13,310.7,27.98,37.55,1301,49.55,104,0,0,0,0,0
8366,M49725,M,301.93,311.3,28.78,38.15,1307,48.46,174,0,0,0,0,0
8367,L31678,L,300.65,311.17,27.5,38.02,1414,30.16,168,0,0,0,0,0
8368,M15742,M,302.21,310.67,29.06,37.52,1371,32.45,194,1,0,1,0,0
8369,M98296,M,299.41,310.31,26.26,37.16,1241,53.25,234,1,1,0,0,1
8370,L72496,L,298.01,307.6,24.86,34.45,1858,39.78,94,0,0,0,0,0
8371,L97866,L,299.87,310.86,26.72,37.71,1627,13.9,81,1,0,0,1,0
8372,L56167,L,300.41,311.7,27.26,38.55,1443,43.22,118,0,0,0,0,0
8373,L89259,L,297.6,308.24,24.45,35.09,1529,35.7,37,0,0,0,0,0
8374,M42175,M,297.33,306.51,24.18,33.36,1222,47.47,182,0,0,0,0,0
8375,L50895,L,300.89,309.64,27.74,36.49,1738,34.03,139,0,0,0,0,0
8376,L25584,L,299.19,307.75,26.04,34.6,1194,41.9,51,1,0,1,0,0
8377,L62665,L,299.67,310.77,26.52,37.62,1624,40.5,207,0,0,0,0,0
8378,L60065,L,299.28,309.15,26.13,36.0,1213,41.72,149,0,0,0,0,0
8379,L66996,L,303.04,312.44,29.89,39.29,1463,45.15,8,0,0,0,0,0
8380,L51244,L,302.52,312.39,29.37,39.24,1752,40.45,47,0,0,0,0,0
8381,L55235,L,297.53,308.61,24.38,35.46,1249,38.89,214,0,0,0,0,0
8382,L13388,L,298.93,309.71,25.78,36.56,1509,31.19,91,0,0,0,0,0
8383,M70748,M,301.7,312.14,28.55,38.99,1645,35.74,236,1,1,0,0,0
8384,M55748,M,301.2,311.84,28.05,38.69,1616,47.48,127,0,0,0,0,0
8385,L31104,L,299.92,310.1,26.77,36.95,1547,32.29,50,0,0,0,0,0
8386,L18143,L,297.72,308.03,24.57,34.88,1622,32.1,143,0,0,0,0,0
8387,H28508,H,298.63,308.86,25.48,35.71,1428,42.69,25,0,0,0,0,0
8388,L47698,L,298.97,308.97,25.82,35.82,1873,35.84,194,0,0,0,0,0
8389,L66677,L,300.55,311.31,27.4,38.16,1253,49.94,151,0,0,0,0,0
8390,L41658,L,303.41,313.77,30.26,40.62,1738,33.22,231,1,1,0,0,0
8391,M47990,M,298.63,307.75,25.48,34.6,1568,34.09,166,0,0,0,0,0
8392,L54811,L,297.95,308.48,24.8,35.33,1643,37.53,12,0,0,0,0,0
8393,H10336,H,299.78,310.03,26.63,36.88,1674,8.62,114,1,0,0,1,0
8394,M10465,M,302.06,312.67,28.91,39.52,1632,50.06,128,0,0,0,0,0
8395,M43803,M,297.11,307.0,23.96,33.85,1393,39.64,220,1,1,0,0,0
8396,M69948,M,302.91,313.72,29.76,40.57,1485,40.04,104,0,0,0,0,0
8397,L27100,L,299.66,309.59,26.51,36.44,1281,61.52,142,0,0,0,0,0
8398,L79515,L,298.53,309.26,25.38,36.11,1483,32.71,45,0,0,0,0,0
8399,M67469,M,296.8,306.34,23.65,33.19,1591,54.66,59,1,0,0,1,0
8400,H27027,H,301.41,311.03,28.26,37.88,1641,40.83,132,0,0,0,0,0
8401,L14051,L,299.66,310.26,26.51,37.11,1604,39.3,167,0,0,0,0,0
8402,H47048,H,300.34,310.01,27.19,36.86,1228,51.81,105,0,0,0,0,0
8403,L34108,L,298.2,310.4,25.05,37.25,1437,33.15,104,0,0,0,0,0
8404,L25090,L,299.36,309.93,26.21,36.78,1419,27.18,61,0,0,0,0,0
8405,L45686,L,299.03,309.05,25.88,35.9,1306,34.44,168,0,0,0,0,0
8406,L79019,L,299.8,310.62,26.65,37.47,1389,49.96,1,1,0,0,0,0
8407,L83739,L,298.66,308.18,25.51,35.03,1535,29.84,123,0,0,0,0,0
8408,L89253,L,296.93,307.85,23.78,34.7,1782,18.91,1,0,0,0,0,0
8409,L61116,L,305.46,316.35,32.31,43.2,1368,41.24,142,0,0,0,0,0
8410,L16670,L,297.27,308.53,24.12,35.38,1337,47.44,7,0,0,0,0,0
8411,L82038,L,300.36,309.92,27.21,36.77,1430,40.37,226,1,1,0,0,0
8412,H10065,H,296.46,305.23,23.31,32.08,1594,40.79,115,0,0,0,0,0
8413,L89574,L,296.01,305.4,22.86,32.25,1749,42.0,164,0,0,0,0,0
8414,L98695,L,300.2,309.91,27.05,36.76,1520,42.27,205,0,0,0,0,0
8415,L82017,L,300.35,312.02,27.2,38.87,1282,43.46,57,0,0,0,0,0
8416,L77420,L,302.52,314.72,29.37,41.57,1319,39.08,130,0,0,0,0,0
8417,M84660,M,300.8,311.14,27.65,37.99,1568,42.71,207,0,0,0,0,0
8418,L54432,L,299.7,309.71,26.55,36.56,1709,35.73,129,0,0,0,0,0
8419,M64681,M,298.1,307.75,24.95,34.6,1853,24.04,94,0,0,0,0,0
8420,L37818,L,303.0,313.82,29.85,40.67,1328,53.56,89,0,0,0,0,0
8421,L93208,L,301.86,314.05,28.71,40.9,1559,38.84,92,0,0,0,0,0
8422,L26231,L,297.51,309.29,24.36,36.14,1355,47.51,148,0,0,0,0,0
8423,L25603,L,300.08,311.21,26.93,38.06,1378,38.45,11,1,0,0,0,0
8424,L45136,L,300.29,311.41,27.14,38.26,1363,51.08,100,0,0,0,0,0
8425,L70350,L,299.31,310.14,26.16,36.99,1477,26.12,135,0,0,0,0,0
8426,L34648,L,301.54,311.5,28.39,38.35,1381,54.9,189,0,0,0,0,0
8427,L66813,L,301.66,310.93,28.51,37.78,1969,13.59,127,1,0,0,1,0
8428,H51165,H,299.62,309.6,26.47,36.45,1455,28.38,222,0,0,0,0,0
8429,L69939,L,299.44,309.86,26.29,36.71,1708,35.56,107,0,0,0,0,0
8430,L87242,L,303.0,311.54,29.85,38.39,1420,36.11,156,0,0,0,0,0
8431,L69742,L,301.87,311.71,28.72,38.56,1926,27.12,4,0,0,0,0,0
8432,L22717,L,300.14,309.32,26.99,36.17,1594,31.69,57,0,0,0,0,0
8433,L93741,L,296.74,307.76,23.59,34.61,1681,27.81,196,0,0,0,0,0
8434,M97249,M,300.69,310.14,27.54,36.99,1432,42.56,141,0,0,0,0,0
8435,H51232,H,301.4,311.72,28.25,38.57,1706,33.2,227,0,0,0,0,0
8436,L92280,L,294.49,303.79,21.34,30.64,1594,43.03,181,0,0,0,0,0
8437,L34016,L,300.5,312.1,27.35,38.95,1469,39.65,108,0,0,0,0,0
8438,L66100,L,299.17,307.47,26.02,34.32,1346,39.23,187,1,0,1,0,0
8439,M42250,M,299.56,310.03,26.41,36.88,1493,44.56,112,0,0,0,0,0
8440,L92523,L,298.19,306.91,25.04,33.76,1478,24.1,79,0,0,0,0,0
8441,L62621,L,299.7,309.19,26.55,36.04,1687,13.31,11,1,0,0,1,0
8442,L14643,L,302.78,312.99,29.63,39.84,1494,25.64,208,0,0,0,0,0
8443,M51122,M,299.11,309.36,25.96,36.21,1199,45.05,101,0,0,0,0,0
8444,L40265,L,301.93,312.16,28.78,39.01,1648,37.9,164,0,0,0,0,0
8445,L17089,L,298.39,308.54,25.24,35.39,1761,11.16,37,1,0,0,1,0
8446,M93589,M,301.52,310.88,28.37,37.73,1243,45.99,199,0,0,0,0,0
8447,L53557,L,300.0,309.84,26.85,36.69,1851,28.12,198,0,0,0,0,0
8448,M57730,M,300.7,310.74,27.55,37.59,1779,33.29,116,0,0,0,0,0
8449,L14820,L,300.01,310.21,26.86,37.06,1425,24.96,161,0,0,0,0,0
8450,M79339,M,301.28,311.22,28.13,38.07,1339,63.7,125,0,0,0,0,0
8451,M46876,M,294.86,305.59,21.71,32.44,1719,33.59,133,0,0,0,0,0
8452,L13310,L,297.16,307.25,24.01,34.1,1295,34.5,213,0,0,0,0,0
8453,M80510,M,300.83,311.04,27.68,37.89,1418,41.44,232,0,0,0,0,0
8454,L98041,L,295.91,305.53,22.76,32.38,1305,55.87,88,0,0,0,0,0
8455,H13606,H,298.94,307.89,25.79,34.74,1536,27.01,80,0,0,0,0,0
8456,L49456,L,299.89,310.05,26.74,36.9,1791,20.03,73,0,0,0,0,0
8457,M15941,M,298.34,309.55,25.19,36.4,1601,34.85,185,0,0,0,0,0
8458,L43364,L,298.62,309.06,25.47,35.91,1713,33.18,173,0,0,0,0,0
8459,H50259,H,300.54,309.73,27.39,36.58,1473,44.56,11,0,0,0,0,0
8460,L52044,L,302.02,312.83,28.87,39.68,1552,48.72,21,0,0,0,0,0
8461,H94450,H,298.08,307.75,24.93,34.6,1320,49.63,155,0,0,0,0,0
8462,H83523,H,298.85,309.56,25.7,36.41,1518,26.64,66,0,0,0,0,0
8463,L18650,L,298.54,308.17,25.39,35.02,1404,32.23,22,0,0,0,0,0
8464,M41908,M,295.16,305.51,22.01,32.36,1507,31.63,99,0,0,0,0,0
8465,H83768,H,300.28,309.76,27.13,36.61,1495,44.55,211,0,0,0,0,0
8466,L17317,L,301.87,311.38,28.72,38.23,1480,43.57,88,0,0,0,0,0
8467,L45369,L,302.03,310.47,28.88,37.32,1904,40.19,167,0,0,0,0,0
8468,L31561,L,298.26,308.77,25.11,35.62,1844,35.53,216,1,1,0,0,0
8469,L68163,L,297.5,307.87,24.35,34.72,1783,27.12,41,0,0,0,0,0
8470,L21312,L,300.04,310.47,26.89,37.32,1849,29.41,146,0,0,0,0,0
8471,L91804,L,301.66,311.93,28.51,38.78,1783,20.44,218,0,0,0,0,0
8472,L34765,L,300.31,309.55,27.16,36.4,1531,42.45,46,0,0,0,0,0
8473,L15667,L,300.58,311.54,27.43,38.39,1513,32.86,237,1,1,0,0,0
8474,L78531,L,302.28,313.28,29.13,40.13,1576,46.15,88,0,0,0,0,0
8475,M45624,M,298.52,307.73,25.37,34.58,1498,43.05,52,0,0,0,0,0
8476,M80820,M,299.56,310.09,26.41,36.94,1353,57.85,201,0,0,0,0,0
8477,L15609,L,303.27,314.14,30.12,40.99,1587,39.46,112,0,0,0,0,0
8478,M39625,M,299.61,309.14,26.46,35.99,1261,48.65,161,0,0,0,0,0
8479,M93830,M,297.47,307.17,24.32,34.02,1559,35.29,118,0,0,0,0,0
8480,H31527,H,298.66,309.2,25.51,36.05,1361,39.02,154,0,0,0,0,0
8481,L18510,L,298.12,306.61,24.97,33.46,1521,35.61,8,0,0,0,0,0
8482,L80115,L,300.71,309.63,27.56,36.48,1568,44.52,84,0,0,0,0,0
8483,H14662,H,298.21,307.22,25.06,34.07,1473,28.1,158,0,0,0,0,0
8484,H72595,H,300.54,308.75,27.39,35.6,1248,46.42,84,1,0,1,0,0
8485,M29260,M,298.53,309.61,25.38,36.46,1327,29.84,186,0,0,0,0,0
8486,M58158,M,295.75,303.77,22.6,30.62,1615,38.46,231,0,0,0,0,0
8487,L49316,L,300.61,310.96,27.46,37.81,1437,36.19,9,0,0,0,0,0
8488,L90477,L,300.3,311.11,27.15,37.96,1633,39.11,205,0,0,0,0,0
8489,L75540,L,301.04,310.74,27.89,37.59,1537,31.35,41,0,0,0,0,0
8490,L87552,L,298.65,307.99,25.5,34.84,1500,36.13,220,1,1,0,0,0
8491,M18591,M,298.44,308.67,25.29,35.52,1596,40.96,227,0,0,0,0,0
8492,L78235,L,300.8,310.8,27.65,37.65,1417,41.44,137,0,0,0,0,0
8493,L15312,L,303.04,314.04,29.89,40.89,1605,48.04,115,0,0,0,0,0
8494,H69847,H,300.02,307.39,26.87,34.24,1462,35.35,182,0,0,0,0,0
8495,L59377,L,300.85,309.93,27.7,36.78,1979,24.41,220,1,1,0,0,0
8496,H62332,H,299.36,309.92,26.21,36.77,1337,52.76,56,0,0,0,0,0
8497,H70568,H,296.91,306.96,23.76,33.81,1472,35.97,92,0,0,0,0,0
8498,L47037,L,301.93,312.69,28.78,39.54,1480,35.42,100,0,0,0,0,0
8499,L11775,L,301.82,312.08,28.67,38.93,1298,47.19,203,0,0,0,0,0
8500,L90768,L,301.42,311.29,28.27,38.14,1662,33.16,33,0,0,0,0,0
8501,L88669,L,299.64,309.33,26.49,36.18,1460,36.75,150,0,0,0,0,0
8502,L10927,L,301.19,313.52,28.04,40.37,1119,45.68,84,0,0,0,0,0
8503,L15564,L,301.79,313.32,28.64,40.17,1657,45.48,213,0,0,0,0,0
8504,H92332,H,303.24,313.74,30.09,40.59,1424,39.04,82,0,0,0,0,0
8505,L95551,L,301.98,312.06,28.83,38.91,1517,33.28,235,0,0,0,0,0
8506,M90247,M,300.13,310.67,26.98,37.52,1653,32.28,4,0,0,0,0,0
8507,L62818,L,297.38,308.21,24.23,35.06,1471,41.78,57,0,0,0,0,0
8508,L78932,L,300.31,310.73,27.16,37.58,1470,50.67,110,0,0,0,0,0
8509,H42255,H,300.51,309.76,27.36,36.61,1966,27.79,62,0,0,0,0,0
8510,L89991,L,301.42,313.2,28.27,40.05,1158,42.57,177,0,0,0,0,0
8511,L89796,L,302.71,312.95,29.56,39.8,1310,59.09,195,1,0,0,0,1
8512,M29444,M,299.81,311.82,26.66,38.67,1344,43.72,167,0,0,0,0,0
8513,M99158,M,304.2,314.39,31.05,41.24,1848,30.16,233,1,1,0,0,0
8514,M87278,M,296.48,306.24,23.33,33.09,1422,40.86,109,0,0,0,0,0
8515,L30173,L,300.84,312.22,27.69,39.07,1577,26.37,235,1,1,0,0,0
8516,L65258,L,298.4,308.7,25.25,35.55,1452,39.1,30,0,0,0,0,0
8517,H86273,H,296.19,306.32,23.04,33.17,1641,41.0,203,0,0,0,0,0
8518,H41830,H,299.6,308.4,26.45,35.25,1533,47.14,9,0,0,0,0,0
8519,L66683,L,297.09,307.75,23.94,34.6,1579,33.41,128,0,0,0,0,0
8520,M34985,M,299.68,309.18,26.53,36.03,1760,34.05,116,0,0,0,0,0
8521,L99926,L,300.07,309.62,26.92,36.47,1612,45.45,206,0,0,0,0,0
8522,L32804,L,302.24,311.75,29.09,38.6,1406,41.04,168,0,0,0,0,0
8523,L64480,L,296.98,307.42,23.83,34.27,1590,41.8,106,0,0,0,0,0
8524,L26510,L,301.82,310.28,28.67,37.13,1958,32.65,215,0,0,0,0,0
8525,L24698,L,300.2,309.99,27.05,36.84,1634,29.75,213,0,0,0,0,0
8526,L49415,L,302.06,313.04,28.91,39.89,1562,29.36,6,0,0,0,0,0
8527,L80606,L,299.14,307.89,25.99,34.74,1295,52.71,209,1,0,0,0,1
8528,M62590,M,297.34,307.51,24.19,34.36,1662,13.08,126,1,0,0,1,0
8529,M71763,M,297.57,306.93,24.42,33.78,1688,28.6,201,0,0,0,0,0
8530,M92775,M,297.42,307.01,24.27,33.86,1590,24.88,44,0,0,0,0,0
8531,H61038,H,300.96,312.61,27.81,39.46,1555,45.33,36,0,0,0,0,0
8532,L56859,L,302.95,311.3,29.8,38.15,2031,39.13,173,0,0,0,0,0
8533,L96123,L,298.87,309.64,25.72,36.49,1685,28.21,66,0,0,0,0,0
8534,M15767,M,301.26,310.78,28.11,37.63,1752,54.82,134,1,0,0,1,0
8535,L23328,L,296.95,306.43,23.8,33.28,1547,48.06,165,0,0,0,0,0
8536,L73997,L,300.36,309.25,27.21,36.1,1512,39.47,146,0,0,0,0,0
8537,L93198,L,301.34,312.09,28.19,38.94,1646,46.82,168,0,0,0,0,0
8538,M21248,M,297.1,306.91,23.95,33.76,1512,32.77,149,0,0,0,0,0
8539,L90170,L,299.59,309.27,26.44,36.12,1526,35.33,91,0,0,0,0,0
8540,M36105,M,301.43,311.54,28.28,38.39,1616,39.16,22,0,0,0,0,0
8541,L34626,L,294.13,303.96,20.98,30.81,1445,34.11,205,0,0,0,0,0
8542,M72515,M,302.67,310.67,29.52,37.52,1574,26.14,203,0,0,0,0,0
8543,M68188,M,300.71,310.22,27.56,37.07,1549,29.48,1,0,0,0,0,0
8544,M80850,M,301.43,312.33,28.28,39.18,1704,32.05,202,0,0,0,0,0
8545,L86740,L,299.17,307.67,26.02,34.52,1428,43.88,36,0,0,0,0,0
8546,L93684,L,296.55,305.46,23.4,32.31,1185,45.65,80,0,0,0,0,0
8547,M16007,M,301.07,310.64,27.92,37.49,1481,25.58,99,0,0,0,0,0
8548,L45724,L,299.83,309.11,26.68,35.96,1605,39.47,163,0,0,0,0,0
8549,L76550,L,300.06,310.04,26.91,36.89,1704,43.82,22,0,0,0,0,0
8550,L51740,L,302.18,311.08,29.03,37.93,1414,35.25,198,0,0,0,0,0
8551,H92075,H,301.52,311.14,28.37,37.99,1630,48.46,226,0,0,0,0,0
8552,L38792,L,303.84,313.79,30.69,40.64,1734,40.0,229,0,0,0,0,0
8553,M71742,M,300.31,310.96,27.16,37.81,1666,25.95,22,0,0,0,0,0
8554,L81083,L,298.62,309.86,25.47,36.71,1397,35.84,221,1,1,0,0,0
8555,L75982,L,299.62,309.36,26.47,36.21,1415,37.98,136,0,0,0,0,0
8556,M31956,M,300.83,312.72,27.68,39.57,1611,34.08,174,0,0,0,0,0
8557,L24627,L,302.03,311.85,28.88,38.7,1819,11.98,223,1,1,0,1,0
8558,L81212,L,297.07,307.89,23.92,34.74,1537,31.24,159,0,0,0,0,0
8559,M89983,M,300.02,311.95,26.87,38.8,1506,33.61,110,0,0,0,0,0
8560,M88972,M,303.22,313.36,30.07,40.21,1295,59.36,126,0,0,0,0,0
8561,L60872,L,299.52,308.15,26.37,35.0,1471,40.76,164,0,0,0,0,0
8562,M18022,M,301.86,311.95,28.71,38.8,1410,34.26,227,1,1,0,0,0
8563,M12689,M,300.99,310.37,27.84,37.22,1540,33.7,214,0,0,0,0,0
8564,M24439,M,301.91,311.64,28.76,38.49,1270,48.51,138,0,0,0,0,0
8565,L30510,L,298.38,310.37,25.23,37.22,1477,35.76,51,0,0,0,0,0
8566,L82529,L,298.39,307.17,25.24,34.02,1358,37.49,83,0,0,0,0,0
8567,H82174,H,300.04,310.34,26.89,37.19,1700,29.29,87,0,0,0,0,0
8568,M95718,M,296.94,306.06,23.79,32.91,1385,45.22,69,0,0,0,0,0
8569,L56159,L,299.46,309.15,26.31,36.0,1435,28.88,179,0,0,0,0,0
8570,L12072,L,300.51,311.25,27.36,38.1,1584,27.47,201,0,0,0,0,0
8571,L95026,L,303.57,313.89,30.42,40.74,1456,31.94,77,0,0,0,0,0
8572,L98174,L,300.81,310.58,27.66,37.43,1948,20.58,203,0,0,0,0,0
8573,L52709,L,301.25,310.6,28.1,37.45,1698,27.16,176,0,0,0,0,0
8574,L87601,L,302.33,312.65,29.18,39.5,1538,44.43,106,0,0,0,0,0
8575,M61372,M,298.07,309.78,24.92,36.63,1599,44.11,168,0,0,0,0,0
8576,L92454,L,299.67,308.77,26.52,35.62,1123,53.2,185,0,0,0,0,0
8577,M54905,M,304.85,316.76,31.7,43.61,1751,34.45,135,0,0,0,0,0
8578,L30041,L,299.84,311.04,26.69,37.89,1625,29.91,106,0,0,0,0,0
8579,L27167,L,302.23,313.6,29.08,40.45,1522,20.99,24,1,0,0,1,0
8580,L56773,L,301.93,312.24,28.78,39.09,1634,36.22,0,0,0,0,0,0
8581,L99438,L,297.04,308.21,23.89,35.06,1655,36.99,225,0,0,0,0,0
8582,M95571,M,300.62,309.61,27.47,36.46,1462,33.8,64,0,0,0,0,0
8583,M90366,M,300.29,309.63,27.14,36.48,1602,27.17,159,0,0,0,0,0
8584,L10397,L,300.66,311.43,27.51,38.28,1719,23.15,226,0,0,0,0,0
8585,L37758,L,298.49,308.79,25.34,35.64,1615,36.83,196,0,0,0,0,0
8586,L55433,L,297.77,307.62,24.62,34.47,1491,39.09,29,0,0,0,0,0
8587,M69689,M,299.05,306.55,25.9,33.4,1587,45.66,192,0,0,0,0,0
8588,M17149,M,299.8,309.37,26.65,36.22,1777,25.8,174,0,0,0,0,0
8589,L23506,L,302.37,311.2,29.22,38.05,1672,31.96,79,0,0,0,0,0
8590,M48577,M,303.63,314.13,30.48,40.98,1331,43.17,166,0,0,0,0,0
8591,M83491,M,302.79,312.6,29.64,39.45,1638,30.59,198,0,0,0,0,0
8592,L77283,L,301.72,311.09,28.57,37.94,1614,42.2,70,0,0,0,0,0
8593,L20804,L,297.99,310.63,24.84,37.48,1739,42.86,209,0,0,0,0,0
8594,H71849,H,299.18,310.22,26.03,37.07,1541,28.34,19,0,0,0,0,0
8595,M46882,M,300.42,311.48,27.27,38.33,1470,35.3,127,0,0,0,0,0
8596,L30852,L,298.74,310.94,25.59,37.79,1296,54.82,56,0,0,0,0,0
8597,L83662,L,301.15,311.96,28.0,38.81,1413,43.12,175,0,0,0,0,0
8598,L51070,L,301.44,310.67,28.29,37.52,1746,33.75,42,0,0,0,0,0
8599,L27249,L,301.07,310.18,27.92,37.03,1570,39.23,82,0,0,0,0,0
8600,M99883,M,302.05,313.02,28.9,39.87,1518,43.0,31,0,0,0,0,0
8601,L12351,L,298.19,306.13,25.04,32.98,1762,35.64,195,0,0,0,0,0
8602,M52679,M,301.87,311.79,28.72,38.64,1726,34.91,32,0,0,0,0,0
8603,M49344,M,298.61,306.44,25.46,33.29,1406,40.82,174,0,0,0,0,0
8604,L42205,L,298.12,308.22,24.97,35.07,1745,43.62,170,0,0,0,0,0
8605,L32517,L,301.06,311.92,27.91,38.77,1245,43.9,34,0,0,0,0,0
8606,L91037,L,302.43,312.71,29.28,39.56,1615,35.48,136,0,0,0,0,0
8607,M50818,M,300.98,311.91,27.83,38.76,1595,48.34,119,0,0,0,0,0
8608,L75692,L,300.04,312.01,26.89,38.86,1736,35.61,143,0,0,0,0,0
8609,M89226,M,300.62,310.48,27.47,37.33,1602,35.24,225,0,0,0,0,0
8610,M21168,M,300.27,313.08,27.12,39.93,1492,43.44,19,0,0,0,0,0
8611,L87417,L,297.75,307.96,24.6,34.81,1506,39.86,197,0,0,0,0,0
8612,H59626,H,297.51,308.46,24.36,35.31,2006,22.64,207,0,0,0,0,0
8613,H95113,H,299.84,309.23,26.69,36.08,1549,38.94,30,0,0,0,0,0
8614,L68842,L,300.16,311.78,27.01,38.63,1639,28.48,157,0,0,0,0,0
8615,L83444,L,300.02,311.06,26.87,37.91,1181,63.12,169,0,0,0,0,0
8616,H89437,H,301.35,312.82,28.2,39.67,1390,43.12,132,0,0,0,0,0
8617,H54162,H,299.57,309.62,26.42,36.47,1626,27.74,121,0,0,0,0,0
8618,L30153,L,301.13,309.87,27.98,36.72,1252,42.61,76,0,0,0,0,0
8619,L35492,L,299.71,310.17,26.56,37.02,1631,41.2,165,0,0,0,0,0
8620,L57917,L,303.65,311.95,30.5,38.8,1408,31.96,69,0,0,0,0,0
8621,H62221,H,300.16,309.83,27.01,36.68,1354,64.08,110,1,0,0,1,0
8622,L77172,L,304.68,314.87,31.53,41.72,1407,29.07,206,0,0,0,0,0
8623,L60599,L,300.7,313.08,27.55,39.93,1802,39.2,21,0,0,0,0,0
8624,M94549,M,299.57,309.89,26.42,36.74,1593,32.07,127,0,0,0,0,0
8625,L17617,L,298.2,308.34,25.05,35.19,1376,35.18,117,0,0,0,0,0
8626,M75534,M,297.11,307.05,23.96,33.9,1671,38.6,91,0,0,0,0,0
8627,L61845,L,298.02,306.68,24.87,33.53,1680,30.47,143,0,0,0,0,0
8628,M63622,M,298.24,308.33,25.09,35.18,1468,51.76,4,0,0,0,0,0
8629,L19914,L,300.79,310.89,27.64,37.74,1703,22.44,118,0,0,0,0,0
8630,M30262,M,298.95,307.98,25.8,34.83,1711,37.98,117,0,0,0,0,0
8631,M31962,M,300.37,309.19,27.22,36.04,1684,31.82,124,0,0,0,0,0
8632,L60756,L,302.56,312.08,29.41,38.93,1417,42.8,51,0,0,0,0,0
8633,L76099,L,299.82,309.89,26.67,36.74,1329,47.24,50,0,0,0,0,0
8634,L86837,L,304.16,313.7,31.01,40.55,1239,32.4,155,0,0,0,0,0
8635,L30038,L,297.65,306.6,24.5,33.45,1420,42.21,22,0,0,0,0,0
8636,M73441,M,299.7,309.99,26.55,36.84,1471,47.67,73,0,0,0,0,0
8637,M26568,M,298.92,309.46,25.77,36.31,1485,42.32,199,0,0,0,0,0
8638,L17971,L,301.87,311.99,28.72,38.84,1527,34.58,25,0,0,0,0,0
8639,M17134,M,295.52,304.96,22.37,31.81,1838,19.86,112,0,0,0,0,0
8640,M13377,M,297.11,307.71,23.96,34.56,1476,42.89,160,0,0,0,0,0
8641,M36439,M,299.79,309.59,26.64,36.44,1526,52.54,34,0,0,0,0,0
8642,L18487,L,303.1,311.91,29.95,38.76,1217,52.38,75,0,0,0,0,0
8643,L96055,L,300.45,311.49,27.3,38.34,1925,39.03,134,0,0,0,0,0
8644,L72683,L,297.3,307.65,24.15,34.5,1305,51.38,79,0,0,0,0,0
8645,L25379,L,297.61,307.49,24.46,34.34,1411,37.45,26,0,0,0,0,0
8646,L49894,L,303.35,311.77,30.2,38.62,1657,35.31,56,0,0,0,0,0
8647,L30731,L,298.76,308.01,25.61,34.86,1578,43.26,26,0,0,0,0,0
8648,L97446,L,298.11,310.13,24.96,36.98,1823,18.8,236,1,1,0,0,0
8649,M13664,M,302.95,311.45,29.8,38.3,1661,39.71,57,0,0,0,0,0
8650,L20278,L,302.02,311.77,28.87,38.62,1521,47.75,127,0,0,0,0,0
8651,L77678,L,302.55,312.53,29.4,39.38,1718,32.94,103,0,0,0,0,0
8652,L42583,L,298.1,308.42,24.95,35.27,1738,39.47,137,0,0,0,0,0
8653,L47170,L,296.95,305.45,23.8,32.3,1419,35.93,120,0,0,0,0,0
8654,L32036,L,300.27,310.44,27.12,37.29,1704,33.94,175,0,0,0,0,0
8655,L39683,L,300.67,308.98,27.52,35.83,1496,36.11,210,0,0,0,0,0
8656,L94025,L,300.73,310.83,27.58,37.68,1517,41.45,68,0,0,0,0,0
8657,L26305,L,302.96,312.3,29.81,39.15,1560,35.89,44,0,0,0,0,0
8658,L22310,L,296.53,305.67,23.38,32.52,1468,25.61,236,1,1,0,0,0
8659,L81286,L,301.72,312.55,28.57,39.4,1459,33.53,208,0,0,0,0,0
8660,M33849,M,297.81,307.57,24.66,34.42,1707,49.1,87,0,0,0,0,0
8661,L51257,L,301.71,312.19,28.56,39.04,1267,49.75,215,0,0,0,0,0
8662,L84587,L,299.05,309.56,25.9,36.41,1349,25.68,161,0,0,0,0,0
8663,L83114,L,298.37,309.64,25.22,36.49,1653,44.32,105,0,0,0,0,0
8664,L89967,L,298.78,307.57,25.63,34.42,1522,28.42,210,0,0,0,0,0
8665,L73635,L,297.11,308.03,23.96,34.88,1709,40.68,162,0,0,0,0,0
8666,L51661,L,300.08,310.1,26.93,36.95,1598,46.2,198,0,0,0,0,0
8667,M62393,M,298.45,308.08,25.3,34.93,1302,44.83,100,0,0,0,0,0
8668,L41102,L,301.57,310.42,28.42,37.27,1546,29.09,192,0,0,0,0,0
8669,L95569,L,301.28,311.89,28.13,38.74,1629,29.46,88,0,0,0,0,0
8670,M18752,M,303.38,312.45,30.23,39.3,1576,41.39,176,0,0,0,0,0
8671,H18142,H,300.73,311.25,27.58,38.1,1453,30.35,105,0,0,0,0,0
8672,L64618,L,301.04,312.97,27.89,39.82,1487,33.87,97,0,0,0,0,0
8673,L60827,L,302.8,313.78,29.65,40.63,1437,43.98,191,0,0,0,0,0
8674,L76805,L,298.74,310.14,25.59,36.99,1303,38.76,30,0,0,0,0,0
8675,L12087,L,297.02,306.3,23.87,33.15,1279,56.16,223,1,1,0,0,1
8676,L14987,L,300.4,311.16,27.25,38.01,1603,27.43,122,0,0,0,0,0
8677,L26891,L,297.15,306.01,24.0,32.86,1382,15.14,153,1,0,0,1,0
8678,M25811,M,304.91,314.67,31.76,41.52,1636,28.8,97,0,0,0,0,0
8679,L96015,L,302.91,314.65,29.76,41.5,1431,42.52,155,0,0,0,0,0
8680,L38201,L,304.33,313.72,31.18,40.57,1305,50.8,170,0,0,0,0,0
8681,L90619,L,300.12,311.24,26.97,38.09,1464,35.88,208,0,0,0,0,0
8682,M94188,M,301.1,312.12,27.95,38.97,1902,27.91,205,0,0,0,0,0
8683,L27685,L,299.08,310.16,25.93,37.01,1518,37.49,86,0,0,0,0,0
8684,M40808,M,301.77,310.5,28.62,37.35,1648,48.7,148,0,0,0,0,0
8685,L53399,L,297.57,308.09,24.42,34.94,1565,39.65,187,0,0,0,0,0
8686,L49513,L,294.91,304.76,21.76,31.61,1289,40.5,184,0,0,0,0,0
8687,L28491,L,298.42,309.51,25.27,36.36,1789,48.45,214,1,0,0,1,0
8688,L88280,L,297.09,305.43,23.94,32.28,1492,38.5,200,0,0,0,0,0
8689,L59596,L,302.96,313.32,29.81,40.17,1306,27.28,172,0,0,0,0,0
8690,L27123,L,303.63,313.86,30.48,40.71,1445,28.55,180,0,0,0,0,0
8691,L97152,L,297.19,305.2,24.04,32.05,1499,42.69,194,0,0,0,0,0
8692,M38400,M,302.58,311.7,29.43,38.55,1666,20.17,201,0,0,0,0,0
8693,L48197,L,301.9,310.07,28.75,36.92,1416,44.45,85,0,0,0,0,0
8694,L31426,L,296.86,306.13,23.71,32.98,1994,22.5,188,0,0,0,0,0
8695,L92121,L,299.22,309.77,26.07,36.62,1371,51.21,228,1,1,0,0,1
8696,M36055,M,298.84,309.04,25.69,35.89,1642,36.23,56,0,0,0,0,0
8697,H46440,H,301.5,311.67,28.35,38.52,1190,35.07,12,0,0,0,0,0
8698,L65777,L,297.54,306.5,24.39,33.35,1513,45.17,17,0,0,0,0,0
8699,L21939,L,299.8,310.92,26.65,37.77,1599,46.74,52,0,0,0,0,0
8700,L55061,L,298.63,308.61,25.48,35.46,1339,32.57,221,0,0,0,0,0
8701,H52518,H,300.95,310.98,27.8,37.83,1797,25.46,30,0,0,0,0,0
8702,M49983,M,299.57,310.51,26.42,37.36,1611,39.58,179,0,0,0,0,0
8703,L88435,L,298.93,307.94,25.78,34.79,1479,44.18,208,0,0,0,0,0
8704,L86732,L,299.57,309.8,26.42,36.65,1609,54.43,211,1,0,0,1,1
8705,L31590,L,304.07,314.5,30.92,41.35,1431,47.16,100,0,0,0,0,0
8706,L42182,L,299.17,308.62,26.02,35.47,1754,51.87,119,1,0,0,1,0
8707,M68198,M,297.92,308.57,24.77,35.42,1713,33.61,78,0,0,0,0,0
8708,L93235,L,301.17,311.64,28.02,38.49,1600,38.87,35,0,0,0,0,0
8709,L57469,L,299.71,309.61,26.56,36.46,1642,30.35,51,0,0,0,0,0
8710,M28774,M,297.17,307.04,24.02,33.89,1276,40.7,32,0,0,0,0,0
8711,M10840,M,304.46,314.99,31.31,41.84,1792,33.15,98,0,0,0,0,0
8712,L47284,L,299.3,310.08,26.15,36.93,1518,33.09,41,0,0,0,0,0
8713,M97965,M,299.24,309.31,26.09,36.16,1714,12.91,97,1,0,0,1,0
8714,L80850,L,300.32,311.44,27.17,38.29,1666,29.05,204,0,0,0,0,0
8715,M52737,M,303.46,314.12,30.31,40.97,1712,42.09,157,0,0,0,0,0
8716,M89676,M,296.64,304.85,23.49,31.7,1352,42.97,159,1,0,1,0,0
8717,L84031,L,300.55,309.15,27.4,36.0,1374,42.33,195,1,0,1,0,0
8718,M51958,M,304.17,315.36,31.02,42.21,1928,23.6,10,0,0,0,0,0
8719,M56506,M,300.26,310.01,27.11,36.86,1269,47.81,191,0,0,0,0,0
8720,L27487,L,297.53,307.69,24.38,34.54,1343,55.93,47,0,0,0,0,0
8721,L83371,L,298.76,309.9,25.61,36.75,1543,48.35,83,0,0,0,0,0
8722,M40250,M,300.41,310.41,27.26,37.26,1543,40.06,74,0,0,0,0,0
8723,L91138,L,302.66,312.7,29.51,39.55,1440,32.95,25,0,0,0,0,0
8724,L66931,L,299.32,308.45,26.17,35.3,1643,49.01,42,0,0,0,0,0
8725,M10007,M,301.65,312.02,28.5,38.87,1693,42.32,230,0,0,0,0,0
8726,M31606,M,297.13,307.72,23.98,34.57,1532,25.56,144,0,0,0,0,0
8727,L47719,L,297.11,306.53,23.96,33.38,1488,24.45,114,0,0,0,0,0
8728,L58448,L,299.03,308.11,25.88,34.96,1531,26.02,182,0,0,0,0,0
8729,L49312,L,302.88,315.5,29.73,42.35,1448,35.62,195,0,0,0,0,0
8730,L34379,L,300.14,310.04,26.99,36.89,1238,53.5,26,0,0,0,0,0
8731,L21916,L,300.58,309.9,27.43,36.75,1588,43.11,178,0,0,0,0,0
8732,M60572,M,300.56,311.26,27.41,38.11,1669,37.05,224,1,1,0,0,0
8733,L93176,L,302.22,312.17,29.07,39.02,1508,36.87,141,0,0,0,0,0
8734,L29358,L,298.78,307.69,25.63,34.54,1139,69.29,147,0,0,0,0,0
8735,L60958,L,301.38,311.86,28.23,38.71,1435,40.2,209,0,0,0,0,0
8736,H93681,H,298.34,307.49,25.19,34.34,1694,33.14,163,0,0,0,0,0
8737,L75582,L,303.97,315.54,30.82,42.39,1283,40.59,239,1,1,0,0,0
8738,L47373,L,298.4,308.89,25.25,35.74,1657,52.28,68,1,0,0,1,0
8739,L62259,L,298.24,307.96,25.09,34.81,1457,45.09,203,0,0,0,0,0
8740,L94831,L,301.1,311.21,27.95,38.06,1532,29.13,147,0,0,0,0,0
8741,L75292,L,300.16,311.06,27.01,37.91,1415,31.27,88,0,0,0,0,0
8742,L76814,L,300.65,310.84,27.5,37.69,1336,29.44,212,0,0,0,0,0
8743,L86755,L,300.45,312.58,27.3,39.43,1786,31.31,239,0,0,0,0,0
8744,L78376,L,297.82,308.96,24.67,35.81,1678,22.16,14,0,0,0,0,0
8745,L60261,L,303.23,313.71,30.08,40.56,1648,25.43,222,1,1,0,0,0
8746,L79826,L,301.79,310.85,28.64,37.7,1694,42.37,49,0,0,0,0,0
8747,L49795,L,302.72,312.57,29.57,39.42,1623,42.43,49,0,0,0,0,0
8748,L99116,L,298.94,309.42,25.79,36.27,1700,45.63,10,0,0,0,0,0
8749,L52664,L,300.83,310.01,27.68,36.86,1419,28.62,221,0,0,0,0,0
8750,L47443,L,300.39,311.69,27.24,38.54,1776,24.24,182,0,0,0,0,0
8751,M74309,M,302.26,311.28,29.11,38.13,1760,27.52,13,0,0,0,0,0
8752,L59319,L,302.32,311.68,29.17,38.53,1602,48.9,152,0,0,0,0,0
8753,L13476,L,300.39,309.82,27.24,36.67,1485,39.1,29,0,0,0,0,0
8754,L39022,L,296.96,307.71,23.81,34.56,1321,57.95,180,0,0,0,0,0
8755,H85920,H,303.56,312.75,30.41,39.6,1575,41.4,98,0,0,0,0,0
8756,M95364,M,301.11,309.31,27.96,36.16,1830,30.41,12,0,0,0,0,0
8757,L79363,L,298.78,309.87,25.63,36.72,1332,47.61,199,0,0,0,0,0
8758,L86633,L,300.81,310.37,27.66,37.22,1713,19.61,137,0,0,0,0,0
8759,L20584,L,296.98,305.91,23.83,32.76,1452,23.01,185,0,0,0,0,0
8760,L84243,L,302.11,311.36,28.96,38.21,1467,41.12,162,0,0,0,0,0
8761,L12107,L,297.06,308.77,23.91,35.62,1329,43.22,104,0,0,0,0,0
8762,M24694,M,299.56,308.9,26.41,35.75,1403,56.3,168,0,0,0,0,0
8763,L29195,L,300.49,310.37,27.34,37.22,1648,23.73,4,0,0,0,0,0
8764,M22251,M,302.08,311.63,28.93,38.48,1670,37.29,82,0,0,0,0,0
8765,L37585,L,300.21,308.98,27.06,35.83,1576,41.91,187,0,0,0,0,0
8766,M18642,M,301.27,310.53,28.12,37.38,1447,42.33,183,0,0,0,0,0
8767,M14764,M,299.94,308.64,26.79,35.49,1342,51.49,213,0,0,0,0,0
8768,L41322,L,299.94,310.89,26.79,37.74,1546,32.01,147,0,0,0,0,0
8769,L86550,L,300.17,310.27,27.02,37.12,1471,45.6,226,1,1,0,0,0
8770,L68772,L,299.62,312.1,26.47,38.95,1572,40.94,134,0,0,0,0,0
8771,L32821,L,296.63,305.92,23.48,32.77,1479,48.07,120,0,0,0,0,0
8772,L22403,L,298.46,307.6,25.31,34.45,1483,34.54,47,0,0,0,0,0
8773,L91117,L,300.49,312.02,27.34,38.87,1563,27.17,187,0,0,0,0,0
8774,L72044,L,299.5,310.56,26.35,37.41,1597,30.86,166,0,0,0,0,0
8775,H88828,H,299.69,310.07,26.54,36.92,1749,24.25,111,0,0,0,0,0
8776,L95810,L,299.35,308.24,26.2,35.09,1476,34.3,21,0,0,0,0,0
8777,H99486,H,298.27,310.02,25.12,36.87,1630,32.47,30,0,0,0,0,0
8778,L86925,L,299.01,308.94,25.86,35.79,1851,23.67,27,0,0,0,0,0
8779,M17291,M,299.39,308.96,26.24,35.81,1635,35.1,90,0,0,0,0,0
8780,L50970,L,300.01,311.15,26.86,38.0,1739,23.52,38,0,0,0,0,0
8781,L16876,L,300.79,310.76,27.64,37.61,1426,39.58,207,0,0,0,0,0
8782,M91700,M,299.64,308.47,26.49,35.32,1409,36.7,216,0,0,0,0,0
8783,L15703,L,297.94,307.98,24.79,34.83,1507,37.05,206,0,0,0,0,0
8784,M29825,M,297.2,306.42,24.05,33.27,1526,40.7,146,0,0,0,0,0
8785,L95396,L,305.19,312.19,32.04,39.04,1722,29.92,143,0,0,0,0,0
8786,L30110,L,297.74,306.86,24.59,33.71,1407,34.49,214,0,0,0,0,0
8787,L89435,L,298.96,308.44,25.81,35.29,1519,32.47,98,0,0,0,0,0
8788,M81648,M,301.03,309.88,27.88,36.73,1723,41.44,15,0,0,0,0,0
8789,L17406,L,300.72,311.3,27.57,38.15,1573,46.64,113,0,0,0,0,0
8790,M21783,M,301.04,310.26,27.89,37.11,1533,33.25,133,0,0,0,0,0
8791,M54102,M,299.11,309.59,25.96,36.44,1577,35.1,132,0,0,0,0,0
8792,L77352,L,300.48,309.24,27.33,36.09,1338,29.2,38,0,0,0,0,0
8793,L89076,L,300.12,311.03,26.97,37.88,1335,41.47,188,0,0,0,0,0
8794,M46688,M,299.38,308.1,26.23,34.95,1257,33.97,176,0,0,0,0,0
8795,L79501,L,300.49,308.15,27.34,35.0,1571,32.56,55,0,0,0,0,0
8796,L30830,L,302.11,313.35,28.96,40.2,1696,42.41,132,0,0,0,0,0
8797,L59278,L,299.96,309.1,26.81,35.95,1669,22.31,190,0,0,0,0,0
8798,L88070,L,299.97,311.73,26.82,38.58,1735,25.8,2,0,0,0,0,0
8799,L54138,L,302.14,312.7,28.99,39.55,1789,24.84,66,0,0,0,0,0
8800,L47297,L,301.92,312.71,28.77,39.56,1560,23.37,113,0,0,0,0,0
8801,M57047,M,303.17,314.21,30.02,41.06,1524,44.5,203,0,0,0,0,0
8802,L68671,L,296.49,306.6,23.34,33.45,1793,34.17,192,0,0,0,0,0
8803,L87721,L,301.81,311.93,28.66,38.78,1412,55.04,36,0,0,0,0,0
8804,H73369,H,301.2,312.48,28.05,39.33,1329,35.16,111,0,0,0,0,0
8805,M31209,M,298.23,308.34,25.08,35.19,1476,24.65,73,0,0,0,0,0
8806,M69065,M,300.5,309.77,27.35,36.62,1455,46.9,96,0,0,0,0,0
8807,L97084,L,302.1,312.69,28.95,39.54,1543,34.24,130,0,0,0,0,0
8808,M28705,M,298.34,306.23,25.19,33.08,1386,37.6,120,0,0,0,0,0
8809,L90698,L,300.89,312.2,27.74,39.05,1600,47.64,34,0,0,0,0,0
8810,L78290,L,301.74,313.08,28.59,39.93,1435,41.27,29,0,0,0,0,0
8811,L85675,L,297.86,309.06,24.71,35.91,1750,39.98,31,0,0,0,0,0
8812,L37472,L,299.72,310.88,26.57,37.73,1326,38.23,202,0,0,0,0,0
8813,M82697,M,300.6,310.52,27.45,37.37,1511,32.13,5,0,0,0,0,0
8814,L79016,L,298.41,308.3,25.26,35.15,1476,35.89,49,0,0,0,0,0
8815,M90705,M,298.24,307.01,25.09,33.86,1575,41.73,229,0,0,0,0,0
8816,M42098,M,299.73,311.48,26.58,38.33,1697,34.17,16,0,0,0,0,0
8817,L63589,L,301.6,311.12,28.45,37.97,1582,39.97,9,0,0,0,0,0
8818,L79841,L,301.29,311.63,28.14,38.48,1512,17.06,93,1,0,0,1,0
8819,L82304,L,298.28,308.53,25.13,35.38,1656,19.54,36,1,0,0,1,0
8820,L87561,L,301.3,309.96,28.15,36.81,1683,16.82,136,1,0,0,1,0
8821,L72580,L,298.33,306.58,25.18,33.43,1582,33.18,81,0,0,0,0,0
8822,H61768,H,296.78,306.79,23.63,33.64,1603,24.57,50,0,0,0,0,0
8823,L79034,L,299.27,308.81,26.12,35.66,1648,48.28,240,1,1,0,0,1
8824,L16768,L,302.25,312.16,29.1,39.01,1247,45.76,82,0,0,0,0,0
8825,M19902,M,301.31,312.38,28.16,39.23,1474,40.61,154,0,0,0,0,0
8826,L92217,L,300.0,310.22,26.85,37.07,1601,27.07,210,0,0,0,0,0
8827,M93331,M,299.17,309.93,26.02,36.78,1484,29.64,221,0,0,0,0,0
8828,L29233,L,299.22,309.67,26.07,36.52,1485,51.0,98,0,0,0,0,0
8829,L93511,L,300.22,309.9,27.07,36.75,1601,50.06,234,1,0,0,0,1
8830,L66813,L,297.86,306.86,24.71,33.71,1605,39.03,174,0,0,0,0,0
8831,L67412,L,299.3,309.57,26.15,36.42,1617,19.19,140,1,0,0,1,0
8832,L38200,L,299.57,309.65,26.42,36.5,1396,37.63,166,0,0,0,0,0
8833,M87472,M,297.3,308.21,24.15,35.06,1287,47.03,86,0,0,0,0,0
8834,L37901,L,298.32,308.17,25.17,35.02,1676,32.37,102,0,0,0,0,0
8835,H34518,H,300.82,310.52,27.67,37.37,1405,23.82,141,0,0,0,0,0
8836,L61291,L,300.02,309.79,26.87,36.64,1393,55.93,78,0,0,0,0,0
8837,L19033,L,299.38,308.46,26.23,35.31,1377,34.92,185,0,0,0,0,0
8838,L10157,L,298.18,309.62,25.03,36.47,1736,22.27,60,0,0,0,0,0
8839,H41859,H,303.15,314.29,30.0,41.14,1572,36.2,191,0,0,0,0,0
8840,L15499,L,298.32,307.11,25.17,33.96,1595,45.4,37,0,0,0,0,0
8841,L97234,L,300.5,311.31,27.35,38.16,1656,38.71,52,0,0,0,0,0
8842,M65579,M,299.02,307.18,25.87,34.03,1528,26.98,181,0,0,0,0,0
8843,L56302,L,300.07,311.06,26.92,37.91,1712,21.62,63,0,0,0,0,0
8844,M40503,M,300.92,310.22,27.77,37.07,1326,25.69,191,0,0,0,0,0
8845,L61814,L,297.26,307.62,24.11,34.47,1345,40.27,188,0,0,0,0,0
8846,M25681,M,299.99,308.06,26.84,34.91,1335,39.12,62,1,0,1,0,0
8847,H71534,H,302.38,311.18,29.23,38.03,1609,39.73,18,0,0,0,0,0
8848,M41249,M,303.52,313.99,30.37,40.84,1624,29.8,40,0,0,0,0,0
8849,L37657,L,299.74,309.04,26.59,35.89,1452,47.24,181,0,0,0,0,0
8850,L90031,L,300.08,309.24,26.93,36.09,1494,43.58,203,0,0,0,0,0
8851,H17023,H,304.42,315.82,31.27,42.67,1757,26.78,92,1,0,0,0,0
8852,L72279,L,302.27,314.48,29.12,41.33,1413,43.66,39,0,0,0,0,0
8853,L11194,L,298.77,309.7,25.62,36.55,1587,46.74,18,1,0,0,0,0
8854,M31293,M,298.76,307.67,25.61,34.52,1415,32.81,52,0,0,0,0,0
8855,L47844,L,301.91,313.68,28.76,40.53,1727,31.47,235,1,1,0,0,0
8856,L53230,L,297.98,306.42,24.83,33.27,1645,32.97,41,0,0,0,0,0
8857,L85162,L,302.18,311.87,29.03,38.72,1290,41.55,21,0,0,0,0,0
8858,L68204,L,300.67,310.72,27.52,37.57,1489,44.89,189,0,0,0,0,0
8859,L36573,L,301.04,312.96,27.89,39.81,1171,55.97,148,0,0,0,0,0
8860,M90008,M,299.49,310.4,26.34,37.25,1693,37.1,128,0,0,0,0,0
8861,L92954,L,298.74,308.28,25.59,35.13,1893,33.13,107,0,0,0,0,0
8862,M92246,M,302.92,311.98,29.77,38.83,1153,45.18,168,0,0,0,0,0
8863,M23444,M,299.51,310.51,26.36,37.36,1285,47.22,168,0,0,0,0,0
8864,M74327,M,299.18,308.64,26.03,35.49,1564,26.35,102,0,0,0,0,0
8865,L97272,L,299.84,310.06,26.69,36.91,1532,57.23,56,1,0,0,1,0
8866,M82258,M,300.39,309.02,27.24,35.87,1463,49.96,202,0,0,0,0,0
8867,L92031,L,297.94,308.51,24.79,35.36,1231,54.2,40,0,0,0,0,0
8868,L24623,L,298.87,309.36,25.72,36.21,1592,39.27,128,0,0,0,0,0
8869,M22682,M,298.76,307.52,25.61,34.37,1690,37.17,166,0,0,0,0,0
8870,L86962,L,301.69,312.72,28.54,39.57,2033,14.66,153,1,0,0,1,0
8871,H97179,H,298.23,308.78,25.08,35.63,1764,22.42,149,0,0,0,0,0
8872,L21901,L,296.49,307.23,23.34,34.08,1308,34.74,159,0,0,0,0,0
8873,M68977,M,296.07,305.69,22.92,32.54,1533,37.84,210,0,0,0,0,0
8874,L53057,L,297.06,307.24,23.91,34.09,1639,32.71,88,0,0,0,0,0
8875,H94658,H,302.72,312.79,29.57,39.64,1415,47.0,151,0,0,0,0,0
8876,L67313,L,300.03,309.88,26.88,36.73,1672,26.55,167,1,0,0,0,0
8877,L12845,L,301.0,311.17,27.85,38.02,1658,42.77,142,0,0,0,0,0
8878,L84152,L,301.07,312.33,27.92,39.18,1752,26.15,217,0,0,0,0,0
8879,L83602,L,300.11,311.19,26.96,38.04,1675,30.85,157,0,0,0,0,0
8880,L71025,L,299.85,308.67,26.7,35.52,1585,43.31,102,0,0,0,0,0
8881,L95942,L,302.09,313.07,28.94,39.92,1423,44.29,203,0,0,0,0,0
8882,L87518,L,300.29,311.48,27.14,38.33,1309,33.77,117,0,0,0,0,0
8883,L13961,L,302.8,312.65,29.65,39.5,1573,44.93,127,0,0,0,0,0
8884,L69186,L,301.24,311.75,28.09,38.6,1464,39.84,140,0,0,0,0,0
8885,M61558,M,298.76,309.26,25.61,36.11,1481,21.54,77,1,0,0,1,0
8886,M52056,M,299.01,308.16,25.86,35.01,1731,26.35,173,0,0,0,0,0
8887,M47822,M,298.55,308.16,25.4,35.01,1775,29.01,24,0,0,0,0,0
8888,M75045,M,302.44,313.19,29.29,40.04,1319,34.09,209,0,0,0,0,0
8889,L78210,L,299.19,308.69,26.04,35.54,1498,48.99,181,0,0,0,0,0
8890,L18869,L,298.4,309.38,25.25,36.23,1459,36.27,85,0,0,0,0,0
8891,L62877,L,300.64,311.94,27.49,38.79,1590,39.71,54,0,0,0,0,0
8892,M73556,M,299.81,310.95,26.66,37.8,1138,51.98,93,0,0,0,0,0
8893,H92441,H,300.59,312.57,27.44,39.42,1279,50.43,193,0,0,0,0,0
8894,L62907,L,303.78,313.69,30.63,40.54,1514,51.22,8,0,0,0,0,0
8895,L48783,L,301.83,312.0,28.68,38.85,1673,39.66,112,0,0,0,0,0
8896,L61667,L,300.05,310.37,26.9,37.22,1548,50.95,61,0,0,0,0,0
8897,L41667,L,297.18,307.12,24.03,33.97,1653,40.29,210,0,0,0,0,0
8898,L18778,L,299.0,309.54,25.85,36.39,1570,37.56,99,0,0,0,0,0
8899,L26178,L,301.42,309.71,28.27,36.56,1758,35.16,167,0,0,0,0,0
8900,H96305,H,297.66,307.86,24.51,34.71,1795,10.92,86,1,0,0,1,0
8901,L74527,L,304.28,312.9,31.13,39.75,1402,37.23,79,0,0,0,0,0
8902,H15987,H,300.03,309.07,26.88,35.92,1690,32.76,78,0,0,0,0,0
8903,M95172,M,300.1,310.83,26.95,37.68,1624,38.79,163,0,0,0,0,0
8904,M79427,M,298.67,308.47,25.52,35.32,1973,28.83,231,0,0,0,0,0
8905,M69607,M,300.99,311.69,27.84,38.54,1395,43.73,50,0,0,0,0,0
8906,M49215,M,297.68,307.46,24.53,34.31,1515,27.24,155,0,0,0,0,0
8907,M50648,M,304.33,315.44,31.18,42.29,1354,29.65,64,0,0,0,0,0
8908,M96308,M,302.63,312.4,29.48,39.25,1365,32.52,132,0,0,0,0,0
8909,L41326,L,301.97,310.01,28.82,36.86,1602,48.32,130,0,0,0,0,0
8910,H30707,H,297.22,307.44,24.07,34.29,1571,26.33,108,0,0,0,0,0
8911,M60344,M,300.41,308.24,27.26,35.09,1630,28.85,120,0,0,0,0,0
8912,M81091,M,302.42,310.97,29.27,37.82,1626,36.08,211,0,0,0,0,0
8913,M15921,M,301.19,310.3,28.04,37.15,1494,25.62,21,0,0,0,0,0
8914,L29720,L,298.0,306.99,24.85,33.84,1493,31.41,199,0,0,0,0,0
8915,L24492,L,298.7,308.15,25.55,35.0,1365,47.39,111,0,0,0,0,0
8916,L18232,L,299.1,308.05,25.95,34.9,1412,37.06,80,0,0,0,0,0
8917,L67061,L,298.79,307.39,25.64,34.24,1525,51.04,43,0,0,0,0,0
8918,M87937,M,303.06,314.6,29.91,41.45,1569,22.92,196,0,0,0,0,0
8919,L16777,L,296.16,305.48,23.01,32.33,1659,31.76,142,0,0,0,0,0
8920,L89070,L,301.31,309.08,28.16,35.93,1642,31.4,175,0,0,0,0,0
8921,L35189,L,297.42,307.05,24.27,33.9,1807,31.63,76,0,0,0,0,0
8922,L55976,L,298.08,306.95,24.93,33.8,1365,32.17,94,0,0,0,0,0
8923,M69139,M,295.98,305.1,22.83,31.95,1494,33.7,219,0,0,0,0,0
8924,M48314,M,298.9,309.61,25.75,36.46,1380,47.83,231,1,1,0,0,0
8925,L98409,L,303.02,312.57,29.87,39.42,1759,30.43,178,0,0,0,0,0
8926,L81868,L,300.53,309.38,27.38,36.23,1447,31.04,180,0,0,0,0,0
8927,L34607,L,297.6,308.05,24.45,34.9,1737,49.62,167,1,0,0,1,0
8928,L95147,L,302.03,313.18,28.88,40.03,1789,32.42,141,0,0,0,0,0
8929,L21418,L,302.46,313.0,29.31,39.85,1607,40.55,143,0,0,0,0,0
8930,H82832,H,300.21,307.75,27.06,34.6,1586,42.23,231,0,0,0,0,0
8931,L57828,L,304.07,312.95,30.92,39.8,1542,36.6,180,0,0,0,0,0
8932,L84774,L,301.64,311.69,28.49,38.54,1480,32.41,157,0,0,0,0,0
8933,L74376,L,301.37,311.12,28.22,37.97,1458,40.88,45,0,0,0,0,0
8934,M31122,M,298.39,308.07,25.24,34.92,1509,32.36,234,1,1,0,0,0
8935,M65813,M,301.25,310.27,28.1,37.12,1854,33.87,125,0,0,0,0,0
8936,M75861,M,300.43,309.03,27.28,35.88,1353,41.04,226,1,1,1,0,0
8937,L22286,L,301.04,313.05,27.89,39.9,1571,44.71,171,0,0,0,0,0
8938,M55498,M,298.63,308.66,25.48,35.51,1659,25.39,10,0,0,0,0,0
8939,L64777,L,300.26,310.9,27.11,37.75,1485,44.33,129,0,0,0,0,0
8940,L25032,L,298.37,308.37,25.22,35.22,1608,40.55,214,0,0,0,0,0
8941,L97720,L,295.71,305.75,22.56,32.6,1272,43.14,12,0,0,0,0,0
8942,L57885,L,302.0,311.93,28.85,38.78,1767,38.27,208,0,0,0,0,0
8943,M27740,M,297.0,305.87,23.85,32.72,1733,36.41,147,0,0,0,0,0
8944,H16052,H,300.21,308.7,27.06,35.55,1518,43.09,11,0,0,0,0,0
8945,L35640,L,300.67,311.05,27.52,37.9,1381,46.32,90,0,0,0,0,0
8946,M86189,M,300.65,310.84,27.5,37.69,1674,34.63,7,0,0,0,0,0
8947,M85177,M,299.43,310.37,26.28,37.22,1334,38.18,0,0,0,0,0,0
8948,H19507,H,300.54,311.28,27.39,38.13,1359,37.29,215,1,1,0,0,0
8949,L56135,L,300.94,310.13,27.79,36.98,1526,35.84,180,0,0,0,0,0
8950,L93526,L,301.47,312.6,28.32,39.45,1801,38.56,69,0,0,0,0,0
8951,L95458,L,303.47,314.23,30.32,41.08,1647,39.84,27,0,0,0,0,0
8952,M48768,M,300.47,311.16,27.32,38.01,1422,48.35,13,0,0,0,0,0
8953,L87901,L,300.13,312.38,26.98,39.23,1241,55.03,220,1,0,0,0,1
8954,L20009,L,298.19,310.23,25.04,37.08,1542,35.41,150,0,0,0,0,0
8955,L26211,L,300.87,311.56,27.72,38.41,1579,51.99,39,0,0,0,0,0
8956,L72861,L,301.33,311.9,28.18,38.75,1522,36.81,164,0,0,0,0,0
8957,M32126,M,299.62,310.7,26.47,37.55,1851,27.0,240,0,0,0,0,0
8958,M52811,M,301.09,310.51,27.94,37.36,1512,40.56,189,0,0,0,0,0
8959,M85035,M,299.41,308.85,26.26,35.7,1136,54.32,107,0,0,0,0,0
8960,M94139,M,301.34,312.02,28.19,38.87,1464,33.21,195,0,0,0,0,0
8961,L66620,L,301.83,310.97,28.68,37.82,1615,34.22,179,0,0,0,0,0
8962,L69621,L,301.8,312.39,28.65,39.24,1603,32.17,21,0,0,0,0,0
8963,L70158,L,300.24,310.39,27.09,37.24,1504,39.23,222,1,1,0,0,0
8964,L52437,L,297.92,307.06,24.77,33.91,1475,45.21,212,0,0,0,0,0
8965,L51090,L,298.78,308.8,25.63,35.65,1185,46.22,142,0,0,0,0,0
8966,M79126,M,301.19,312.5,28.04,39.35,1550,41.55,122,0,0,0,0,0
8967,L17147,L,304.9,314.98,31.75,41.83,1476,27.71,55,0,0,0,0,0
8968,M50913,M,299.32,309.41,26.17,36.26,1579,43.41,200,0,0,0,0,0
8969,L27050,L,300.91,311.24,27.76,38.09,1621,31.72,104,0,0,0,0,0
8970,L73285,L,298.89,309.35,25.74,36.2,1752,28.93,139,0,0,0,0,0
8971,L28474,L,298.05,307.72,24.9,34.57,1368,45.09,41,0,0,0,0,0
8972,L82343,L,298.65,309.0,25.5,35.85,1309,47.41,51,0,0,0,0,0
8973,L42602,L,295.84,304.79,22.69,31.64,1435,39.04,236,1,1,0,0,0
8974,L57165,L,302.71,311.91,29.56,38.76,1406,33.63,119,0,0,0,0,0
8975,L39404,L,295.54,304.87,22.39,31.72,1391,37.37,196,0,0,0,0,0
8976,L74083,L,299.47,309.94,26.32,36.79,1788,32.81,199,0,0,0,0,0
8977,L69510,L,297.64,307.8,24.49,34.65,1561,40.62,236,0,0,0,0,0
8978,M53815,M,298.23,308.1,25.08,34.95,1880,23.89,236,0,0,0,0,0
8979,M97467,M,302.75,313.44,29.6,40.29,1534,32.22,110,0,0,0,0,0
8980,L10612,L,300.4,310.78,27.25,37.63,1330,45.19,228,0,0,0,0,0
8981,M83463,M,298.07,307.78,24.92,34.63,1394,40.45,88,0,0,0,0,0
8982,M20160,M,298.82,307.79,25.67,34.64,1714,34.59,146,0,0,0,0,0
8983,M14950,M,298.47,307.65,25.32,34.5,1337,21.95,197,1,0,0,1,0
8984,L39482,L,299.91,308.45,26.76,35.3,1633,32.73,219,0,0,0,0,0
8985,L21309,L,300.35,310.49,27.2,37.34,1473,45.73,126,0,0,0,0,0
8986,M23547,M,303.79,312.93,30.64,39.78,1372,36.83,100,0,0,0,0,0
8987,L14381,L,296.17,305.67,23.02,32.52,1778,36.12,175,0,0,0,0,0
8988,H56064,H,299.93,309.8,26.78,36.65,1432,30.34,109,0,0,0,0,0
8989,M61485,M,299.37,310.41,26.22,37.26,1390,28.71,161,0,0,0,0,0
8990,L92688,L,301.89,312.82,28.74,39.67,1521,41.01,193,0,0,0,0,0
8991,L27820,L,300.71,310.65,27.56,37.5,1446,39.19,202,0,0,0,0,0
8992,L95136,L,301.18,312.45,28.03,39.3,1923,27.11,61,0,0,0,0,0
8993,L75415,L,300.69,308.68,27.54,35.53,1721,40.07,137,0,0,0,0,0
8994,L75511,L,298.14,310.01,24.99,36.86,1432,37.53,6,0,0,0,0,0
8995,L98137,L,302.42,313.12,29.27,39.97,1452,34.4,191,0,0,0,0,0
8996,L55368,L,301.6,311.7,28.45,38.55,1182,42.56,30,0,0,0,0,0
8997,L72030,L,301.83,310.94,28.68,37.79,1559,29.13,209,0,0,0,0,0
8998,H66681,H,302.53,312.09,29.38,38.94,1404,44.53,98,0,0,0,0,0
8999,L53675,L,300.84,311.44,27.69,38.29,1550,34.46,40,0,0,0,0,0
9000,H60393,H,302.96,313.59,29.81,40.44,1191,57.25,191,0,0,0,0,0
9001,H54883,H,300.76,311.42,27.61,38.27,1530,13.82,48,1,0,0,1,0
9002,L16220,L,299.56,308.83,26.41,35.68,1832,38.65,95,0,0,0,0,0
9003,M53314,M,299.99,309.06,26.84,35.91,1544,39.97,136,0,0,0,0,0
9004,L77955,L,299.95,310.15,26.8,37.0,1399,40.22,86,0,0,0,0,0
9005,M92253,M,298.96,309.73,25.81,36.58,1531,27.08,43,0,0,0,0,0
9006,L64477,L,303.26,313.27,30.11,40.12,1524,24.32,97,0,0,0,0,0
9007,L97911,L,300.59,312.07,27.44,38.92,1919,35.87,35,0,0,0,0,0
9008,L37661,L,300.19,310.22,27.04,37.07,1477,40.74,173,0,0,0,0,0
9009,L71395,L,300.78,310.78,27.63,37.63,1324,45.05,41,0,0,0,0,0
9010,L21816,L,305.96,316.63,32.81,43.48,1539,36.42,116,0,0,0,0,0
9011,L70066,L,297.74,308.96,24.59,35.81,1569,43.31,134,0,0,0,0,0
9012,L77519,L,298.31,306.96,25.16,33.81,1633,30.39,227,0,0,0,0,0
9013,L71390,L,297.24,306.12,24.09,32.97,1667,31.67,19,0,0,0,0,0
9014,L68679,L,299.53,309.22,26.38,36.07,1877,29.11,223,0,0,0,0,0
9015,L90972,L,300.49,313.65,27.34,40.5,1431,38.34,50,0,0,0,0,0
9016,L33296,L,299.07,308.81,25.92,35.66,1415,51.19,202,0,0,0,0,0
9017,L60950,L,298.92,308.8,25.77,35.65,1211,37.3,22,0,0,0,0,0
9018,M93679,M,300.28,310.9,27.13,37.75,1651,19.07,237,1,1,0,1,0
9019,L87859,L,299.0,309.97,25.85,36.82,1380,29.89,194,0,0,0,0,0
9020,M31024,M,300.62,310.79,27.47,37.64,1691,39.35,15,0,0,0,0,0
9021,L39106,L,302.23,313.39,29.08,40.24,1449,38.74,51,0,0,0,0,0
9022,M65600,M,301.35,310.16,28.2,37.01,1837,18.4,132,0,0,0,0,0
9023,L39384,L,301.76,311.0,28.61,37.85,1284,45.42,126,0,0,0,0,0
9024,L96470,L,302.17,313.33,29.02,40.18,1714,30.84,151,0,0,0,0,0
9025,L13130,L,300.57,310.58,27.42,37.43,1693,38.32,111,0,0,0,0,0
9026,L97446,L,299.68,308.42,26.53,35.27,1627,41.57,176,0,0,0,0,0
9027,L90147,L,298.46,307.13,25.31,33.98,1339,62.92,84,0,0,0,0,0
9028,L14579,L,299.22,308.41,26.07,35.26,1628,25.74,42,0,0,0,0,0
9029,H79570,H,298.95,308.95,25.8,35.8,1557,21.89,8,0,0,0,0,0
9030,L21317,L,301.46,311.93,28.31,38.78,1215,51.88,78,0,0,0,0,0
9031,L98951,L,300.69,310.36,27.54,37.21,1808,39.59,102,0,0,0,0,0
9032,M76365,M,301.39,311.78,28.24,38.63,1475,28.65,158,0,0,0,0,0
9033,L20387,L,297.68,307.24,24.53,34.09,1794,21.74,194,0,0,0,0,0
9034,M14376,M,302.86,314.09,29.71,40.94,1523,40.37,58,0,0,0,0,0
9035,L12738,L,299.15,311.7,26.0,38.55,1707,47.28,118,0,0,0,0,0
9036,M37540,M,297.8,307.41,24.65,34.26,1385,34.37,56,0,0,0,0,0
9037,L70591,L,299.12,309.6,25.97,36.45,1573,37.13,228,0,0,0,0,0
9038,M46602,M,304.97,315.37,31.82,42.22,1560,21.53,155,0,0,0,0,0
9039,M72178,M,299.22,309.36,26.07,36.21,1478,37.17,163,0,0,0,0,0
9040,L58693,L,299.35,310.0,26.2,36.85,1383,40.52,127,0,0,0,0,0
9041,L18591,L,299.62,310.09,26.47,36.94,1100,63.83,68,0,0,0,0,0
9042,L69222,L,299.7,309.23,26.55,36.08,1387,35.66,48,0,0,0,0,0
9043,H60107,H,298.44,309.75,25.29,36.6,1658,40.06,158,0,0,0,0,0
9044,L19418,L,300.29,310.49,27.14,37.34,1291,38.21,221,1,1,0,0,0
9045,L11675,L,302.15,311.77,29.0,38.62,1327,43.9,51,0,0,0,0,0
9046,L75732,L,300.63,313.07,27.48,39.92,1284,61.24,137,0,0,0,0,0
9047,L24694,L,297.78,307.66,24.63,34.51,1572,50.8,127,0,0,0,0,0
9048,L32327,L,299.31,309.57,26.16,36.42,1379,57.24,154,0,0,0,0,0
9049,H21752,H,298.9,309.07,25.75,35.92,1749,35.95,141,0,0,0,0,0
9050,L35765,L,300.11,309.98,26.96,36.83,1664,32.76,65,0,0,0,0,0
9051,M13605,M,302.66,313.11,29.51,39.96,1570,38.77,166,0,0,0,0,0
9052,L86880,L,299.7,308.86,26.55,35.71,1588,39.8,65,0,0,0,0,0
9053,L80645,L,299.82,310.42,26.67,37.27,1401,44.0,157,0,0,0,0,0
9054,L32036,L,303.56,311.8,30.41,38.65,1402,35.19,72,0,0,0,0,0
9055,L74376,L,301.75,310.45,28.6,37.3,1659,28.51,20,0,0,0,0,0
9056,H91242,H,301.15,312.97,28.0,39.82,1695,29.04,31,0,0,0,0,0
9057,M87548,M,303.92,312.66,30.77,39.51,1658,43.12,200,0,0,0,0,0
9058,L15235,L,300.98,309.02,27.83,35.87,1453,48.87,29,1,0,0,0,0
9059,L72604,L,296.03,304.8,22.88,31.65,1467,64.54,79,1,0,0,1,0
9060,L25347,L,301.67,313.41,28.52,40.26,1372,45.17,69,0,0,0,0,0
9061,H17261,H,296.82,305.02,23.67,31.87,1669,28.01,14,0,0,0,0,0
9062,M97725,M,300.9,309.95,27.75,36.8,1192,44.25,144,0,0,0,0,0
9063,M42442,M,296.57,305.11,23.42,31.96,1149,48.59,192,1,0,1,0,0
9064,L97374,L,299.07,308.79,25.92,35.64,1184,60.44,238,1,1,0,0,1
9065,L66721,L,299.27,308.84,26.12,35.69,1160,55.26,225,1,1,0,0,1
9066,L85050,L,298.46,307.98,25.31,34.83,1772,21.55,12,0,0,0,0,0
9067,L23366,L,299.3,311.16,26.15,38.01,1673,33.8,62,0,0,0,0,0
9068,L43994,L,302.07,310.87,28.92,37.72,1325,31.46,99,0,0,0,0,0
9069,L55160,L,298.57,308.47,25.42,35.32,1516,42.52,210,0,0,0,0,0
9070,L32497,L,301.09,311.43,27.94,38.28,1792,26.33,86,0,0,0,0,0
9071,M94639,M,298.07,307.09,24.92,33.94,1623,30.42,137,0,0,0,0,0
9072,M37279,M,299.62,310.11,26.47,36.96,1905,15.05,158,1,0,0,1,0
9073,L88553,L,300.65,310.25,27.5,37.1,1515,43.87,72,0,0,0,0,0
9074,L97418,L,298.01,308.38,24.86,35.23,1420,50.01,140,0,0,0,0,0
9075,L90551,L,297.38,307.27,24.23,34.12,1346,37.03,12,0,0,0,0,0
9076,M36280,M,300.98,308.93,27.83,35.78,1539,35.93,115,0,0,0,0,0
9077,M61381,M,302.25,313.55,29.1,40.4,1699,29.89,91,0,0,0,0,0
9078,M64817,M,299.84,311.91,26.69,38.76,1552,35.16,85,0,0,0,0,0
9079,M15009,M,299.09,308.91,25.94,35.76,1472,32.36,56,0,0,0,0,0
9080,L66851,L,300.31,309.41,27.16,36.26,1755,23.85,196,0,0,0,0,0
9081,L60507,L,300.11,311.62,26.96,38.47,1628,46.15,212,0,0,0,0,0
9082,L48228,L,300.49,312.38,27.34,39.23,1515,16.7,213,1,0,0,1,0
9083,L58231,L,294.94,304.77,21.79,31.62,1401,44.93,95,0,0,0,0,0
9084,M25849,M,297.86,307.64,24.71,34.49,1490,40.71,62,0,0,0,0,0
9085,L71116,L,298.31,308.23,25.16,35.08,1618,48.65,24,0,0,0,0,0
9086,L78730,L,300.3,308.63,27.15,35.48,1398,39.08,161,0,0,0,0,0
9087,L60314,L,300.37,310.08,27.22,36.93,1319,40.46,79,0,0,0,0,0
9088,H49141,H,301.27,312.99,28.12,39.84,1451,33.02,66,0,0,0,0,0
9089,L79072,L,300.52,310.35,27.37,37.2,1526,40.38,89,0,0,0,0,0
9090,M58608,M,297.4,306.36,24.25,33.21,1774,26.64,133,0,0,0,0,0
9091,L70897,L,302.89,313.39,29.74,40.24,1332,33.98,39,0,0,0,0,0
9092,L97956,L,302.54,311.88,29.39,38.73,1575,30.49,231,0,0,0,0,0
9093,L25210,L,297.48,307.42,24.33,34.27,1486,30.97,176,0,0,0,0,0
9094,M81714,M,300.67,309.4,27.52,36.25,1495,30.27,11,0,0,0,0,0
9095,L58548,L,298.81,307.77,25.66,34.62,1804,32.44,74,0,0,0,0,0
9096,M54535,M,300.28,311.02,27.13,37.87,1549,35.43,12,0,0,0,0,0
9097,L30767,L,302.11,312.22,28.96,39.07,1375,46.06,55,0,0,0,0,0
9098,L92534,L,304.26,313.48,31.11,40.33,1691,35.07,69,0,0,0,0,0
9099,H30881,H,301.5,311.62,28.35,38.47,1678,24.53,172,0,0,0,0,0
9100,L56585,L,300.59,309.98,27.44,36.83,1360,25.16,172,0,0,0,0,0
9101,L83704,L,299.32,308.54,26.17,35.39,1326,34.75,11,0,0,0,0,0
9102,M19931,M,300.36,311.53,27.21,38.38,1607,41.77,141,0,0,0,0,0
9103,L25891,L,302.72,313.5,29.57,40.35,1529,43.4,231,1,1,0,0,0
9104,M89393,M,299.91,309.89,26.76,36.74,1453,47.32,151,0,0,0,0,0
9105,L35690,L,298.23,308.37,25.08,35.22,1720,40.02,231,1,1,0,0,0
9106,L29828,L,296.76,306.75,23.61,33.6,1431,48.73,91,0,0,0,0,0
9107,L89797,L,301.03,311.51,27.88,38.36,1609,38.87,110,0,0,0,0,0
9108,M51806,M,300.49,309.7,27.34,36.55,1741,47.34,119,0,0,0,0,0
9109,L55965,L,298.71,309.57,25.56,36.42,1476,41.18,222,1,1,0,0,0
9110,M37842,M,302.05,312.41,28.9,39.26,1215,63.15,91,0,0,0,0,0
9111,H30602,H,299.16,308.89,26.01,35.74,1464,34.11,236,0,0,0,0,0
9112,L43791,L,299.73,309.24,26.58,36.09,1568,31.32,130,0,0,0,0,0
9113,L17499,L,299.97,310.81,26.82,37.66,1711,31.96,52,0,0,0,0,0
9114,L22922,L,299.3,309.15,26.15,36.0,1444,39.38,25,0,0,0,0,0
9115,L43598,L,300.47,309.77,27.32,36.62,1837,28.63,41,0,0,0,0,0
9116,L59884,L,302.3,311.92,29.15,38.77,1308,48.13,9,0,0,0,0,0
9117,M83325,M,297.72,308.48,24.57,35.33,1564,35.82,166,0,0,0,0,0
9118,H99520,H,300.98,309.37,27.83,36.22,1493,33.52,124,0,0,0,0,0
9119,H44062,H,300.34,309.99,27.19,36.84,1771,29.19,177,0,0,0,0,0
9120,M38032,M,300.31,311.38,27.16,38.23,1277,54.6,188,0,0,0,0,0
9121,M33398,M,301.74,311.58,28.59,38.43,1609,38.14,224,0,0,0,0,0
9122,L50852,L,300.1,310.37,26.95,37.22,1492,24.99,28,0,0,0,0,0
9123,M41522,M,300.96,312.05,27.81,38.9,1803,43.87,45,0,0,0,0,0
9124,M82113,M,301.43,312.32,28.28,39.17,1390,44.69,132,0,0,0,0,0
9125,L88497,L,298.99,308.55,25.84,35.4,1608,40.75,31,0,0,0,0,0
9126,H14810,H,300.6,310.47,27.45,37.32,1388,48.7,22,0,0,0,0,0
9127,L35263,L,299.5,310.4,26.35,37.25,1568,44.39,160,0,0,0,0,0
9128,M79229,M,299.73,310.67,26.58,37.52,1470,31.61,174,0,0,0,0,0
9129,M45395,M,299.36,309.27,26.21,36.12,1468,30.48,202,0,0,0,0,0
9130,H87641,H,300.94,310.89,27.79,37.74,1187,67.43,220,1,0,0,0,1
9131,L28671,L,300.16,310.43,27.01,37.28,1608,30.06,106,0,0,0,0,0
9132,M10649,M,300.79,312.16,27.64,39.01,1346,45.61,235,0,0,0,0,0
9133,L72566,L,299.96,311.03,26.81,37.88,1340,55.82,9,0,0,0,0,0
9134,L23726,L,296.79,307.49,23.64,34.34,1263,41.82,209,0,0,0,0,0
9135,M53633,M,300.06,308.98,26.91,35.83,1350,39.55,77,0,0,0,0,0
9136,L67971,L,300.13,309.85,26.98,36.7,1623,42.72,221,0,0,0,0,0
9137,M57997,M,300.49,310.26,27.34,37.11,1614,37.2,53,0,0,0,0,0
9138,L36992,L,298.81,310.23,25.66,37.08,1651,38.66,178,0,0,0,0,0
9139,L41446,L,297.61,307.37,24.46,34.22,1355,41.63,102,0,0,0,0,0
9140,M71161,M,301.25,312.5,28.1,39.35,1573,32.22,92,0,0,0,0,0
9141,L86904,L,299.45,308.88,26.3,35.73,1427,37.48,14,0,0,0,0,0
9142,L20698,L,300.34,309.85,27.19,36.7,1702,43.21,169,0,0,0,0,0
9143,H31636,H,299.44,309.92,26.29,36.77,1610,33.23,42,0,0,0,0,0
9144,L22198,L,299.99,311.56,26.84,38.41,1420,43.78,111,0,0,0,0,0
9145,M67768,M,299.1,308.89,25.95,35.74,1717,25.62,34,0,0,0,0,0
9146,L22682,L,298.06,305.5,24.91,32.35,1624,51.61,145,0,0,0,0,0
9147,L99785,L,300.95,309.38,27.8,36.23,1292,46.89,55,1,0,1,0,0
9148,L43839,L,298.79,309.09,25.64,35.94,1242,48.83,143,0,0,0,0,0
9149,L13015,L,300.33,308.85,27.18,35.7,1299,51.51,227,1,1,1,0,1
9150,L30216,L,300.82,309.96,27.67,36.81,1824,27.57,221,1,1,0,0,0
9151,L56900,L,298.83,308.84,25.68,35.69,1357,51.76,48,0,0,0,0,0
9152,L12360,L,297.59,305.14,24.44,31.99,1863,18.62,24,0,0,0,0,0
9153,L13495,L,304.85,314.47,31.7,41.32,1348,37.58,10,0,0,0,0,0
9154,L49649,L,298.94,307.78,25.79,34.63,1330,36.68,199,0,0,0,0,0
9155,L12299,L,301.25,309.75,28.1,36.6,1689,18.88,60,1,0,0,1,0
9156,L57408,L,303.88,313.08,30.73,39.93,1697,29.53,68,0,0,0,0,0
9157,H64205,H,301.58,310.51,28.43,37.36,1632,34.69,54,0,0,0,0,0
9158,M71244,M,299.4,309.87,26.25,36.72,1653,25.94,202,0,0,0,0,0
9159,M85827,M,299.87,311.06,26.72,37.91,1395,31.21,235,1,1,0,0,0
9160,L46507,L,298.33,307.97,25.18,34.82,1681,34.42,181,0,0,0,0,0
9161,H42705,H,301.76,311.17,28.61,38.02,1577,35.69,198,0,0,0,0,0
9162,M61497,M,301.13,310.72,27.98,37.57,1471,36.82,149,0,0,0,0,0
9163,M63581,M,298.97,307.86,25.82,34.71,1552,26.8,127,0,0,0,0,0
9164,L34388,L,297.92,306.63,24.77,33.48,1721,30.14,173,0,0,0,0,0
9165,H64434,H,297.36,305.71,24.21,32.56,1604,30.4,9,0,0,0,0,0
9166,M37656,M,301.97,310.64,28.82,37.49,1157,50.19,15,0,0,0,0,0
9167,M69654,M,300.24,311.87,27.09,38.72,1691,29.41,165,0,0,0,0,0
9168,L97352,L,300.43,309.74,27.28,36.59,1678,33.84,80,0,0,0,0,0
9169,L73522,L,298.35,305.41,25.2,32.26,1469,28.53,117,0,0,0,0,0
9170,L91277,L,297.07,306.49,23.92,33.34,1555,25.66,188,0,0,0,0,0
9171,L72025,L,301.93,310.33,28.78,37.18,1555,41.31,139,0,0,0,0,0
9172,M17666,M,300.08,310.14,26.93,36.99,1189,54.33,193,0,0,0,0,0
9173,L10080,L,301.81,311.77,28.66,38.62,1465,35.98,101,0,0,0,0,0
9174,L59481,L,299.23,309.28,26.08,36.13,1471,39.16,69,0,0,0,0,0
9175,L32687,L,299.53,309.49,26.38,36.34,1507,34.42,56,0,0,0,0,0
9176,L95399,L,301.43,311.05,28.28,37.9,1443,48.48,32,0,0,0,0,0
9177,L59958,L,301.46,310.01,28.31,36.86,1651,33.08,9,0,0,0,0,0
9178,M58161,M,301.6,311.52,28.45,38.37,1393,37.13,13,0,0,0,0,0
9179,L29710,L,299.41,310.43,26.26,37.28,1694,41.55,65,0,0,0,0,0
9180,L53150,L,301.23,313.04,28.08,39.89,1643,28.69,67,0,0,0,0,0
9181,L41803,L,302.22,311.98,29.07,38.83,1773,33.57,92,0,0,0,0,0
9182,L96669,L,299.79,309.66,26.64,36.51,1838,22.78,142,0,0,0,0,0
9183,L90871,L,298.97,309.47,25.82,36.32,1840,36.46,182,0,0,0,0,0
9184,M77982,M,302.69,314.18,29.54,41.03,1328,49.68,47,0,0,0,0,0
9185,M14094,M,298.69,308.2,25.54,35.05,1595,25.61,182,0,0,0,0,0
9186,M83227,M,301.26,311.95,28.11,38.8,1409,29.1,33,0,0,0,0,0
9187,M15372,M,299.88,309.06,26.73,35.91,2109,29.47,237,1,1,0,0,0
9188,L21665,L,296.32,306.65,23.17,33.5,1642,50.41,68,0,0,0,0,0
9189,H83486,H,302.26,313.23,29.11,40.08,1783,39.21,201,0,0,0,0,0
9190,M10389,M,294.48,303.19,21.33,30.04,1611,33.86,46,0,0,0,0,0
9191,H64972,H,296.03,305.51,22.88,32.36,1100,45.25,228,0,0,0,0,0
9192,L44055,L,301.05,312.01,27.9,38.86,1398,31.26,198,0,0,0,0,0
9193,H25736,H,301.05,311.67,27.9,38.52,1415,46.23,86,0,0,0,0,0
9194,M71037,M,298.72,309.76,25.57,36.61,1467,46.45,101,0,0,0,0,0
9195,M56897,M,300.3,311.14,27.15,37.99,1598,30.81,1,0,0,0,0,0
9196,L13985,L,294.94,304.6,21.79,31.45,1623,33.33,60,0,0,0,0,0
9197,M90873,M,301.41,313.61,28.26,40.46,1100,52.46,69,0,0,0,0,0
9198,H37870,H,300.5,310.64,27.35,37.49,1494,52.87,109,0,0,0,0,0
9199,M41582,M,299.91,306.85,26.76,33.7,1450,40.04,33,0,0,0,0,0
9200,L64935,L,300.04,309.76,26.89,36.61,1777,24.4,115,0,0,0,0,0
9201,H20228,H,300.99,310.52,27.84,37.37,1639,25.71,160,0,0,0,0,0
9202,L20406,L,299.94,310.74,26.79,37.59,1503,30.83,89,0,0,0,0,0
9203,L27626,L,296.25,305.8,23.1,32.65,1574,46.51,56,0,0,0,0,0
9204,L95404,L,304.39,315.49,31.24,42.34,1240,50.32,131,0,0,0,0,0
9205,H68368,H,302.4,312.96,29.25,39.81,1651,31.95,7,0,0,0,0,0
9206,L23943,L,297.43,306.43,24.28,33.28,1466,15.69,82,1,0,0,1,0
9207,L35227,L,299.31,309.17,26.16,36.02,1394,34.29,127,0,0,0,0,0
9208,M65875,M,299.53,308.75,26.38,35.6,1765,35.21,81,0,0,0,0,0
9209,M35836,M,302.16,312.34,29.01,39.19,1583,39.01,83,0,0,0,0,0
9210,L30143,L,295.68,304.9,22.53,31.75,1419,43.14,204,0,0,0,0,0
9211,H56119,H,299.0,309.08,25.85,35.93,1429,29.31,224,0,0,0,0,0
9212,H63913,H,296.48,306.21,23.33,33.06,1599,37.25,199,0,0,0,0,0
9213,L26792,L,299.43,309.28,26.28,36.13,1585,28.33,24,0,0,0,0,0
9214,L89710,L,299.05,311.11,25.9,37.96,1540,37.22,70,0,0,0,0,0
9215,L99976,L,300.16,309.8,27.01,36.65,1324,37.12,171,0,0,0,0,0
9216,L30137,L,298.79,306.86,25.64,33.71,1350,51.0,234,1,0,1,0,1
9217,L53544,L,298.5,309.51,25.35,36.36,1404,43.51,58,0,0,0,0,0
9218,H13608,H,301.24,312.25,28.09,39.1,1501,37.03,216,0,0,0,0,0
9219,M69288,M,300.91,308.93,27.76,35.78,1528,48.55,177,0,0,0,0,0
9220,L92704,L,301.1,310.4,27.95,37.25,1507,35.04,236,1,1,0,0,0
9221,L22618,L,299.65,310.08,26.5,36.93,1515,26.5,22,0,0,0,0,0
9222,L87588,L,298.86,309.38,25.71,36.23,1864,39.18,95,0,0,0,0,0
9223,L31433,L,299.76,309.76,26.61,36.61,1684,36.05,115,0,0,0,0,0
9224,L67103,L,301.0,311.02,27.85,37.87,1743,30.32,161,0,0,0,0,0
9225,M72688,M,295.65,304.71,22.5,31.56,1616,30.3,157,0,0,0,0,0
9226,H32501,H,300.79,308.39,27.64,35.24,1548,41.11,218,1,1,0,0,0
9227,L57494,L,300.62,312.67,27.47,39.52,1607,42.17,201,0,0,0,0,0
9228,M69722,M,300.12,309.16,26.97,36.01,1575,30.26,13,0,0,0,0,0
9229,L80020,L,299.7,309.88,26.55,36.73,1676,38.7,117,0,0,0,0,0
9230,M42334,M,294.87,304.71,21.72,31.56,1364,44.0,98,0,0,0,0,0
9231,L94376,L,299.12,310.02,25.97,36.87,1662,27.84,239,0,0,0,0,0
9232,L75159,L,303.58,313.69,30.43,40.54,1564,36.66,103,0,0,0,0,0
9233,H47248,H,300.03,310.18,26.88,37.03,1219,42.64,164,0,0,0,0,0
9234,L64205,L,299.39,306.75,26.24,33.6,1550,46.89,68,0,0,0,0,0
9235,M86960,M,300.03,309.2,26.88,36.05,1306,38.67,148,0,0,0,0,0
9236,L61149,L,300.71,311.45,27.56,38.3,1441,51.82,50,0,0,0,0,0
9237,L30142,L,301.32,311.97,28.17,38.82,1507,39.07,145,0,0,0,0,0
9238,L78650,L,299.54,308.59,26.39,35.44,1271,31.11,208,0,0,0,0,0
9239,L25206,L,300.85,309.27,27.7,36.12,1526,20.17,5,1,0,0,1,0
9240,M57125,M,303.35,313.48,30.2,40.33,1547,35.37,121,0,0,0,0,0
9241,L25714,L,302.01,309.11,28.86,35.96,1667,45.04,236,0,0,0,0,0
9242,M64373,M,304.68,313.53,31.53,40.38,1456,49.21,38,0,0,0,0,0
9243,M78098,M,298.69,310.45,25.54,37.3,1583,37.52,44,0,0,0,0,0
9244,M47888,M,303.35,314.8,30.2,41.65,1518,31.84,113,0,0,0,0,0
9245,L28401,L,298.42,308.91,25.27,35.76,1462,35.86,209,0,0,0,0,0
9246,H22008,H,300.71,311.01,27.56,37.86,1243,47.77,135,0,0,0,0,0
9247,L95106,L,301.46,309.51,28.31,36.36,1515,46.51,122,0,0,0,0,0
9248,L60012,L,298.98,308.24,25.83,35.09,1665,38.96,21,0,0,0,0,0
9249,L89594,L,300.18,309.88,27.03,36.73,1372,49.52,231,1,1,0,0,1
9250,L86704,L,301.82,311.1,28.67,37.95,1497,43.43,83,0,0,0,0,0
9251,L10413,L,298.58,308.23,25.43,35.08,1523,45.14,60,0,0,0,0,0
9252,M14940,M,303.34,314.64,30.19,41.49,1728,15.07,99,1,0,0,1,0
9253,L59800,L,297.23,306.69,24.08,33.54,1540,30.06,99,0,0,0,0,0
9254,L23642,L,303.88,313.54,30.73,40.39,1585,27.3,110,0,0,0,0,0
9255,M54418,M,302.0,312.74,28.85,39.59,1533,27.76,165,0,0,0,0,0
9256,L75967,L,299.82,308.4,26.67,35.25,1449,39.59,208,0,0,0,0,0
9257,L26153,L,299.19,308.35,26.04,35.2,1336,31.29,14,0,0,0,0,0
9258,L24731,L,298.99,308.25,25.84,35.1,1485,31.03,118,0,0,0,0,0
9259,M26338,M,299.73,309.78,26.58,36.63,1604,34.93,99,0,0,0,0,0
9260,L97232,L,299.9,309.56,26.75,36.41,1557,23.98,3,0,0,0,0,0
9261,L72812,L,302.51,312.2,29.36,39.05,1794,28.05,196,0,0,0,0,0
9262,L58662,L,303.94,313.27,30.79,40.12,1701,38.8,25,0,0,0,0,0
9263,M88561,M,300.4,309.33,27.25,36.18,1752,22.9,28,0,0,0,0,0
9264,M40056,M,298.31,308.92,25.16,35.77,1179,54.95,12,0,0,0,0,0
9265,M20450,M,298.91,308.57,25.76,35.42,1811,25.18,48,0,0,0,0,0
9266,L99658,L,299.63,310.25,26.48,37.1,1582,38.4,42,0,0,0,0,0
9267,L25724,L,297.94,306.83,24.79,33.68,1607,26.81,83,0,0,0,0,0
9268,L45452,L,297.64,306.98,24.49,33.83,1692,37.49,158,0,0,0,0,0
9269,L19565,L,304.19,313.97,31.04,40.82,1539,34.81,13,0,0,0,0,0
9270,L45936,L,300.61,310.48,27.46,37.33,1348,46.24,206,0,0,0,0,0
9271,L28108,L,298.33,309.09,25.18,35.94,1788,27.68,78,0,0,0,0,0
9272,L22969,L,301.63,311.2,28.48,38.05,1401,45.36,146,0,0,0,0,0
9273,M64382,M,297.64,308.39,24.49,35.24,1362,48.83,3,0,0,0,0,0
9274,L16502,L,297.81,308.18,24.66,35.03,1494,39.31,88,0,0,0,0,0
9275,M52176,M,298.39,308.29,25.24,35.14,1467,35.21,0,0,0,0,0,0
9276,L62479,L,303.31,312.36,30.16,39.21,1536,35.44,40,0,0,0,0,0
9277,L47143,L,299.49,310.25,26.34,37.1,1518,27.63,107,0,0,0,0,0
9278,L40970,L,295.12,304.19,21.97,31.04,1771,33.98,128,0,0,0,0,0
9279,L48001,L,302.42,312.4,29.27,39.25,1615,40.45,37,0,0,0,0,0
9280,L96818,L,299.39,309.33,26.24,36.18,1385,53.9,179,0,0,0,0,0
9281,L73101,L,296.3,306.09,23.15,32.94,1409,51.13,45,0,0,0,0,0
9282,H38698,H,299.37,308.98,26.22,35.83,1467,31.24,28,0,0,0,0,0
9283,M75934,M,301.04,310.22,27.89,37.07,1468,40.73,80,0,0,0,0,0
9284,L77067,L,300.81,309.19,27.66,36.04,1445,38.59,132,0,0,0,0,0
9285,M98847,M,303.6,315.0,30.45,41.85,1342,52.43,237,1,1,0,0,1
9286,M25677,M,298.29,307.8,25.14,34.65,1586,30.46,100,0,0,0,0,0
9287,M98503,M,300.09,309.97,26.94,36.82,1455,46.4,102,0,0,0,0,0
9288,M23333,M,298.6,308.47,25.45,35.32,1368,33.97,14,0,0,0,0,0
9289,L84454,L,296.92,308.01,23.77,34.86,1620,34.52,184,0,0,0,0,0
9290,L10192,L,301.77,313.7,28.62,40.55,1683,26.96,44,0,0,0,0,0
9291,L87712,L,300.93,311.09,27.78,37.94,1492,22.68,179,0,0,0,0,0
9292,L21066,L,300.57,310.41,27.42,37.26,1847,23.79,219,0,0,0,0,0
9293,L21530,L,300.85,309.73,27.7,36.58,1923,27.74,184,0,0,0,0,0
9294,L39825,L,298.63,307.19,25.48,34.04,1622,46.73,154,0,0,0,0,0
9295,H15899,H,297.99,306.21,24.84,33.06,1453,30.74,145,0,0,0,0,0
9296,H68038,H,300.08,309.28,26.93,36.13,1582,31.37,109,0,0,0,0,0
9297,M95617,M,302.32,310.23,29.17,37.08,1321,31.86,35,1,0,1,0,0
9298,M33170,M,303.22,314.29,30.07,41.14,1382,50.69,187,0,0,0,0,0
9299,H77148,H,301.59,312.01,28.44,38.86,1241,42.5,115,0,0,0,0,0
9300,L89553,L,300.06,309.81,26.91,36.66,1425,37.5,150,0,0,0,0,0
9301,L71531,L,300.54,311.65,27.39,38.5,1319,40.65,90,0,0,0,0,0
9302,L79185,L,300.02,308.95,26.87,35.8,1644,19.24,48,1,0,0,1,0
9303,M79376,M,297.95,307.13,24.8,33.98,1404,29.08,194,0,0,0,0,0
9304,L62716,L,300.05,308.12,26.9,34.97,1583,28.57,82,0,0,0,0,0
9305,M53855,M,297.33,308.1,24.18,34.95,1666,39.32,208,0,0,0,0,0
9306,L83024,L,299.75,308.94,26.6,35.79,1740,12.93,232,1,1,0,1,0
9307,L10798,L,303.27,313.29,30.12,40.14,1473,43.22,199,0,0,0,0,0
9308,M57211,M,301.65,312.65,28.5,39.5,1589,38.79,31,0,0,0,0,0
9309,L97675,L,298.15,309.52,25.0,36.37,1595,21.4,205,0,0,0,0,0
9310,L32239,L,299.86,309.83,26.71,36.68,1758,30.06,125,0,0,0,0,0
9311,L87178,L,298.33,308.72,25.18,35.57,1672,43.58,58,0,0,0,0,0
9312,L33167,L,299.87,308.97,26.72,35.82,1763,23.93,22,0,0,0,0,0
9313,M74761,M,302.08,313.77,28.93,40.62,1244,41.65,67,0,0,0,0,0
9314,L52521,L,301.31,311.14,28.16,37.99,1419,62.47,33,1,0,0,1,0
9315,L90407,L,304.97,315.05,31.82,41.9,1716,36.0,6,0,0,0,0,0
9316,L60856,L,302.38,311.98,29.23,38.83,1637,32.94,237,0,0,0,0,0
9317,M38015,M,300.41,311.61,27.26,38.46,1513,34.05,200,0,0,0,0,0
9318,L54317,L,301.35,311.55,28.2,38.4,1452,42.44,177,0,0,0,0,0
9319,M99667,M,299.6,310.36,26.45,37.21,1673,39.73,46,0,0,0,0,0
9320,M27581,M,297.74,308.1,24.59,34.95,1189,30.96,7,0,0,0,0,0
9321,L70603,L,302.61,312.39,29.46,39.24,1674,16.36,116,1,0,0,1,0
9322,M70632,M,302.02,312.95,28.87,39.8,1551,28.96,178,0,0,0,0,0
9323,M68841,M,299.52,309.86,26.37,36.71,1449,38.3,231,0,0,0,0,0
9324,L86361,L,300.55,309.59,27.4,36.44,1623,35.91,203,0,0,0,0,0
9325,L65774,L,302.48,311.49,29.33,38.34,1467,25.42,214,0,0,0,0,0
9326,H16573,H,301.69,311.84,28.54,38.69,1540,35.56,57,0,0,0,0,0
9327,M22690,M,297.07,307.98,23.92,34.83,1527,36.95,37,0,0,0,0,0
9328,L51474,L,300.49,312.13,27.34,38.98,1665,27.61,59,0,0,0,0,0
9329,L11493,L,299.66,307.89,26.51,34.74,1563,32.39,33,0,0,0,0,0
9330,M80501,M,302.23,312.25,29.08,39.1,1201,41.9,192,0,0,0,0,0
9331,M68470,M,302.06,312.55,28.91,39.4,1291,48.08,217,0,0,0,0,0
9332,M65225,M,302.64,312.93,29.49,39.78,1345,42.65,74,0,0,0,0,0
9333,L25193,L,297.76,308.77,24.61,35.62,1615,26.34,210,0,0,0,0,0
9334,M54022,M,298.43,309.09,25.28,35.94,1632,42.74,13,0,0,0,0,0
9335,L44424,L,302.23,311.24,29.08,38.09,1827,20.42,163,0,0,0,0,0
9336,L45406,L,298.82,307.8,25.67,34.65,1357,28.5,127,0,0,0,0,0
9337,M21582,M,296.96,307.27,23.81,34.12,1764,30.52,66,0,0,0,0,0
9338,H42521,H,301.07,312.06,27.92,38.91,1196,45.91,184,0,0,0,0,0
9339,L26309,L,298.91,309.05,25.76,35.9,1538,37.83,51,0,0,0,0,0
9340,L74401,L,303.58,312.0,30.43,38.85,1578,26.86,100,0,0,0,0,0
9341,M94036,M,300.59,309.55,27.44,36.4,1577,43.47,170,0,0,0,0,0
9342,L37194,L,300.32,311.01,27.17,37.86,1481,52.41,81,0,0,0,0,0
9343,M44219,M,299.26,308.91,26.11,35.76,1556,36.66,205,0,0,0,0,0
9344,M36860,M,303.18,313.3,30.03,40.15,1319,45.97,208,0,0,0,0,0
9345,L97263,L,300.72,311.78,27.57,38.63,1686,17.05,49,1,0,0,1,0
9346,H54530,H,299.18,307.98,26.03,34.83,1579,32.81,106,0,0,0,0,0
9347,M88691,M,298.41,308.0,25.26,34.85,1598,30.28,104,0,0,0,0,0
9348,M67850,M,299.85,309.33,26.7,36.18,1486,31.69,98,0,0,0,0,0
9349,M27262,M,298.04,308.4,24.89,35.25,1478,33.52,120,0,0,0,0,0
9350,M94212,M,302.06,312.83,28.91,39.68,1627,30.76,18,0,0,0,0,0
9351,L78535,L,296.38,304.9,23.23,31.75,1813,19.96,209,0,0,0,0,0
9352,L72355,L,299.72,309.72,26.57,36.57,1291,40.48,70,0,0,0,0,0
9353,M37799,M,301.22,312.09,28.07,38.94,1282,36.35,0,0,0,0,0,0
9354,L60126,L,300.68,308.83,27.53,35.68,1582,42.53,164,0,0,0,0,0
9355,L85321,L,298.57,308.5,25.42,35.35,1477,41.44,156,0,0,0,0,0
9356,M21158,M,301.32,310.1,28.17,36.95,1557,39.46,236,1,1,0,0,0
9357,M45469,M,298.23,307.59,25.08,34.44,1531,45.24,173,0,0,0,0,0
9358,L93432,L,299.96,307.45,26.81,34.3,1644,28.24,80,0,0,0,0,0
9359,M51062,M,301.3,312.7,28.15,39.55,1485,40.74,229,0,0,0,0,0
9360,M93338,M,300.93,310.57,27.78,37.42,1324,51.85,88,0,0,0,0,0
9361,L95077,L,298.65,307.84,25.5,34.69,1397,33.85,197,0,0,0,0,0
9362,M70514,M,302.39,312.72,29.24,39.57,1507,21.79,81,1,0,0,1,0
9363,L88238,L,300.17,309.13,27.02,35.98,1315,38.03,12,0,0,0,0,0
9364,L84065,L,301.49,310.35,28.34,37.2,1529,45.14,176,0,0,0,0,0
9365,L57338,L,303.06,314.57,29.91,41.42,1546,29.44,84,0,0,0,0,0
9366,L25028,L,302.24,314.04,29.09,40.89,1472,35.19,81,0,0,0,0,0
9367,L79677,L,302.24,311.65,29.09,38.5,1572,30.22,172,0,0,0,0,0
9368,M33148,M,300.39,311.45,27.24,38.3,1253,44.22,77,0,0,0,0,0
9369,M21469,M,301.59,311.94,28.44,38.79,1368,33.49,28,0,0,0,0,0
9370,L76200,L,300.43,309.01,27.28,35.86,1335,31.05,97,1,0,1,0,0
9371,M14504,M,297.58,306.65,24.43,33.5,1689,30.4,198,0,0,0,0,0
9372,L99782,L,300.61,312.16,27.46,39.01,1939,27.39,31,0,0,0,0,0
9373,L74636,L,300.51,309.09,27.36,35.94,1381,50.42,133,0,0,0,0,0
9374,M40357,M,301.17,313.45,28.02,40.3,1494,38.88,32,0,0,0,0,0
9375,L29673,L,299.74,309.17,26.59,36.02,1414,31.16,12,0,0,0,0,0
9376,L34587,L,298.48,310.06,25.33,36.91,1574,30.55,91,0,0,0,0,0
9377,M81606,M,301.31,311.01,28.16,37.86,1429,45.82,158,0,0,0,0,0
9378,L65850,L,297.37,308.17,24.22,35.02,1584,32.77,66,0,0,0,0,0
9379,M52975,M,302.92,314.31,29.77,41.16,1651,25.95,107,0,0,0,0,0
9380,L31301,L,299.54,310.93,26.39,37.78,1321,44.04,118,0,0,0,0,0
9381,L32288,L,300.49,309.91,27.34,36.76,1583,29.89,202,0,0,0,0,0
9382,L70884,L,301.12,310.26,27.97,37.11,1221,50.75,197,0,0,0,0,0
9383,L19716,L,301.18,311.1,28.03,37.95,1490,41.35,1,0,0,0,0,0
9384,L45615,L,297.18,305.88,24.03,32.73,1478,29.58,99,0,0,0,0,0
9385,L83249,L,301.65,311.89,28.5,38.74,1495,52.61,157,0,0,0,0,0
9386,M48633,M,300.61,309.79,27.46,36.64,1480,37.72,205,0,0,0,0,0
9387,H64873,H,298.73,309.81,25.58,36.66,1448,18.25,12,1,0,0,1,0
9388,L19091,L,298.5,307.93,25.35,34.78,1488,41.54,151,0,0,0,0,0
9389,L52092,L,299.33,307.59,26.18,34.44,1577,15.55,202,1,0,0,1,0
9390,L11747,L,297.4,308.8,24.25,35.65,1582,44.55,61,0,0,0,0,0
9391,H33518,H,303.44,313.63,30.29,40.48,1555,37.3,49,0,0,0,0,0
9392,H87045,H,302.97,313.0,29.82,39.85,1435,38.77,112,0,0,0,0,0
9393,L27401,L,300.9,312.0,27.75,38.85,1724,32.56,231,0,0,0,0,0
9394,M46165,M,299.55,310.42,26.4,37.27,1802,35.81,166,0,0,0,0,0
9395,L70624,L,299.61,308.84,26.46,35.69,1310,39.23,102,0,0,0,0,0
9396,L42639,L,301.52,311.07,28.37,37.92,1564,35.88,5,0,0,0,0,0
9397,L64488,L,303.52,312.4,30.37,39.25,1453,39.7,134,0,0,0,0,0
9398,L42131,L,298.86,307.39,25.71,34.24,1697,10.04,84,1,0,0,1,0
9399,L14493,L,297.76,308.34,24.61,35.19,1533,41.45,45,0,0,0,0,0
9400,L98038,L,303.1,313.49,29.95,40.34,1544,42.53,120,0,0,0,0,0
9401,M80094,M,296.43,307.19,23.28,34.04,1622,38.27,82,0,0,0,0,0
9402,L47260,L,297.98,309.26,24.83,36.11,1483,41.01,9,0,0,0,0,0
9403,L91609,L,299.51,310.28,26.36,37.13,1829,43.43,174,0,0,0,0,0
9404,L20343,L,296.88,307.74,23.73,34.59,1624,34.24,176,1,0,0,0,0
9405,L50989,L,302.22,310.15,29.07,37.0,1698,32.99,149,0,0,0,0,0
9406,L16353,L,301.71,311.41,28.56,38.26,1496,32.39,202,0,0,0,0,0
9407,L41480,L,298.85,309.81,25.7,36.66,1514,21.87,49,1,0,0,1,0
9408,L90450,L,302.56,311.39,29.41,38.24,1677,37.15,69,0,0,0,0,0
9409,L62753,L,302.9,312.99,29.75,39.84,1659,29.49,110,0,0,0,0,0
9410,L37924,L,299.77,310.29,26.62,37.14,1316,27.44,14,0,0,0,0,0
9411,L31336,L,299.1,309.54,25.95,36.39,1557,35.51,212,0,0,0,0,0
9412,M13115,M,304.52,314.89,31.37,41.74,1618,33.91,118,0,0,0,0,0
9413,M65991,M,301.44,312.04,28.29,38.89,1512,35.37,78,0,0,0,0,0
9414,L25719,L,300.51,310.69,27.36,37.54,1601,36.19,115,0,0,0,0,0
9415,L56638,L,302.73,311.26,29.58,38.11,1520,24.54,78,0,0,0,0,0
9416,L29334,L,300.6,311.11,27.45,37.96,1142,57.44,69,0,0,0,0,0
9417,L38130,L,298.99,309.27,25.84,36.12,1306,46.67,108,0,0,0,0,0
9418,L73940,L,300.16,308.71,27.01,35.56,1706,42.85,116,0,0,0,0,0
9419,L14552,L,302.08,313.46,28.93,40.31,1492,33.28,104,0,0,0,0,0
9420,L44834,L,296.02,306.55,22.87,33.4,1568,39.3,132,0,0,0,0,0
9421,H21432,H,299.42,308.04,26.27,34.89,1534,21.71,188,1,0,0,1,0
9422,L86022,L,302.77,311.95,29.62,38.8,1391,33.86,14,0,0,0,0,0
9423,L62319,L,298.98,308.41,25.83,35.26,1453,27.77,195,0,0,0,0,0
9424,L57169,L,303.09,312.53,29.94,39.38,1593,37.38,55,0,0,0,0,0
9425,H42593,H,302.83,313.12,29.68,39.97,1610,26.06,61,0,0,0,0,0
9426,M86176,M,299.87,308.89,26.72,35.74,1918,25.69,144,0,0,0,0,0
9427,L90313,L,298.86,309.99,25.71,36.84,1451,38.76,234,0,0,0,0,0
9428,M42098,M,299.43,310.47,26.28,37.32,1827,27.41,4,0,0,0,0,0
9429,L52623,L,305.33,315.95,32.18,42.8,1384,30.18,162,0,0,0,0,0
9430,M13758,M,303.75,313.79,30.6,40.64,1621,47.85,167,0,0,0,0,0
9431,M74704,M,300.25,311.19,27.1,38.04,1566,36.83,138,0,0,0,0,0
9432,L23453,L,298.78,308.51,25.63,35.36,1513,50.43,2,0,0,0,0,0
9433,M76892,M,300.23,309.51,27.08,36.36,1534,28.42,146,0,0,0,0,0
9434,L93311,L,300.49,311.68,27.34,38.53,1426,36.49,28,0,0,0,0,0
9435,L31391,L,297.51,307.83,24.36,34.68,1693,33.86,19,0,0,0,0,0
9436,L45360,L,300.16,309.48,27.01,36.33,1388,52.87,167,0,0,0,0,0
9437,M93554,M,302.64,312.23,29.49,39.08,1591,48.53,168,0,0,0,0,0
9438,L33428,L,296.4,305.66,23.25,32.51,1667,30.21,214,0,0,0,0,0
9439,L55495,L,301.65,313.68,28.5,40.53,1777,25.72,1,0,0,0,0,0
9440,M64923,M,302.75,312.75,29.6,39.6,1705,32.88,91,0,0,0,0,0
9441,L55422,L,298.88,309.04,25.73,35.89,1635,43.96,3,0,0,0,0,0
9442,L88822,L,303.39,314.11,30.24,40.96,1423,40.66,88,0,0,0,0,0
9443,L30296,L,298.62,307.4,25.47,34.25,1397,42.87,118,0,0,0,0,0
9444,L34256,L,300.88,311.98,27.73,38.83,1336,51.74,127,0,0,0,0,0
9445,L69729,L,299.39,308.78,26.24,35.63,1319,51.0,85,0,0,0,0,0
9446,L51920,L,299.39,311.22,26.24,38.07,1535,45.2,174,0,0,0,0,0
9447,H33854,H,298.77,308.45,25.62,35.3,1408,45.68,100,0,0,0,0,0
9448,M81046,M,301.4,312.43,28.25,39.28,1745,43.65,124,0,0,0,0,0
9449,L33312,L,301.7,309.2,28.55,36.05,1434,30.24,192,0,0,0,0,0
9450,L89529,L,299.87,308.7,26.72,35.55,1551,54.92,42,0,0,0,0,0
9451,L92790,L,297.28,306.99,24.13,33.84,1489,46.97,77,0,0,0,0,0
9452,M92927,M,300.81,308.78,27.66,35.63,1289,43.16,125,1,0,1,0,0
9453,L77765,L,300.84,311.44,27.69,38.29,1726,42.08,184,0,0,0,0,0
9454,L89664,L,299.57,309.88,26.42,36.73,1657,31.8,102,0,0,0,0,0
9455,M91950,M,303.73,312.74,30.58,39.59,1677,37.97,17,0,0,0,0,0
9456,L33978,L,296.87,306.86,23.72,33.71,1639,39.69,237,1,1,0,0,0
9457,L96025,L,295.57,306.37,22.42,33.22,1402,47.76,170,0,0,0,0,0
9458,M16777,M,298.54,306.44,25.39,33.29,1405,37.09,173,0,0,0,0,0
9459,M65947,M,301.42,310.15,28.27,37.0,1614,42.56,112,0,0,0,0,0
9460,L29195,L,297.89,307.55,24.74,34.4,1805,28.21,131,0,0,0,0,0
9461,M65076,M,298.04,308.06,24.89,34.91,1603,41.6,239,0,0,0,0,0
9462,L82224,L,301.9,311.84,28.75,38.69,1706,33.44,143,0,0,0,0,0
9463,M37552,M,300.93,311.81,27.78,38.66,1443,25.12,53,0,0,0,0,0
9464,L83388,L,300.75,311.23,27.6,38.08,1727,27.28,231,1,1,0,0,0
9465,M16635,M,301.56,312.26,28.41,39.11,1462,45.99,129,0,0,0,0,0
9466,H20798,H,299.15,307.76,26.0,34.61,1577,33.9,5,0,0,0,0,0
9467,H86615,H,299.24,309.39,26.09,36.24,1471,48.66,138,0,0,0,0,0
9468,H84315,H,301.62,311.31,28.47,38.16,1691,24.18,17,0,0,0,0,0
9469,L14762,L,297.31,308.77,24.16,35.62,1693,39.41,127,0,0,0,0,0
9470,L44410,L,295.71,305.89,22.56,32.74,1277,44.5,198,0,0,0,0,0
9471,L23284,L,299.13,308.46,25.98,35.31,1767,30.45,129,0,0,0,0,0
9472,M19658,M,301.86,312.71,28.71,39.56,1951,19.94,90,0,0,0,0,0
9473,M41322,M,300.51,311.07,27.36,37.92,1473,40.58,212,0,0,0,0,0
9474,L75201,L,301.71,310.89,28.56,37.74,1513,29.8,223,0,0,0,0,0
9475,H24537,H,295.97,305.62,22.82,32.47,1752,27.62,83,0,0,0,0,0
9476,M86435,M,300.63,310.3,27.48,37.15,1547,35.92,120,0,0,0,0,0
9477,H59248,H,301.31,312.54,28.16,39.39,1534,34.42,236,0,0,0,0,0
9478,M14982,M,297.3,307.5,24.15,34.35,1867,38.91,43,0,0,0,0,0
9479,L73159,L,301.72,312.45,28.57,39.3,1298,23.42,72,1,0,0,1,0
9480,L18209,L,299.78,309.28,26.63,36.13,1397,39.59,103,0,0,0,0,0
9481,L92895,L,306.14,316.48,32.99,43.33,1608,32.73,24,0,0,0,0,0
9482,L45520,L,295.65,306.95,22.5,33.8,1252,45.71,65,0,0,0,0,0
9483,M38390,M,302.74,312.38,29.59,39.23,1470,34.63,131,0,0,0,0,0
9484,M29790,M,299.21,309.33,26.06,36.18,1468,47.22,55,0,0,0,0,0
9485,M30157,M,296.77,305.4,23.62,32.25,1703,31.58,165,0,0,0,0,0
9486,M59004,M,298.95,308.18,25.8,35.03,1656,35.66,83,0,0,0,0,0
9487,L72117,L,300.55,310.22,27.4,37.07,1240,53.33,22,0,0,0,0,0
9488,L86844,L,302.07,311.01,28.92,37.86,1414,40.94,183,0,0,0,0,0
9489,L86248,L,303.44,314.77,30.29,41.62,1414,30.36,136,0,0,0,0,0
9490,L80204,L,302.84,312.01,29.69,38.86,1497,34.86,198,0,0,0,0,0
9491,L47344,L,298.07,308.86,24.92,35.71,1343,41.67,86,0,0,0,0,0
9492,L97995,L,302.26,312.45,29.11,39.3,1614,22.33,5,0,0,0,0,0
9493,L38515,L,300.78,310.81,27.63,37.66,1414,34.84,11,0,0,0,0,0
9494,L38154,L,298.69,310.18,25.54,37.03,1638,34.43,191,0,0,0,0,0
9495,M33227,M,299.58,307.32,26.43,34.17,1535,53.44,99,0,0,0,0,0
9496,L32467,L,298.58,308.38,25.43,35.23,1365,44.95,234,0,0,0,0,0
9497,L12674,L,300.07,308.99,26.92,35.84,1778,33.49,199,0,0,0,0,0
9498,L47125,L,298.54,306.58,25.39,33.43,1783,45.66,4,0,0,0,0,0
9499,H26717,H,297.94,306.75,24.79,33.6,1586,40.83,209,0,0,0,0,0
9500,L73835,L,300.96,310.98,27.81,37.83,1493,44.2,51,0,0,0,0,0
9501,L66657,L,301.26,310.53,28.11,37.38,1350,39.18,117,0,0,0,0,0
9502,M37934,M,299.62,310.52,26.47,37.37,1722,23.14,121,0,0,0,0,0
9503,L72754,L,302.74,312.52,29.59,39.37,1679,36.22,14,0,0,0,0,0
9504,H34035,H,299.48,309.15,26.33,36.0,1393,55.72,30,0,0,0,0,0
9505,L77104,L,299.39,309.07,26.24,35.92,1415,52.6,102,0,0,0,0,0
9506,L16878,L,301.32,311.22,28.17,38.07,1615,40.74,154,0,0,0,0,0
9507,L12942,L,299.74,309.32,26.59,36.17,1329,37.61,63,0,0,0,0,0
9508,M90058,M,300.17,309.32,27.02,36.17,1426,27.79,126,0,0,0,0,0
9509,L60797,L,294.96,305.95,21.81,32.8,1353,35.77,91,0,0,0,0,0
9510,L32979,L,300.03,309.41,26.88,36.26,1359,43.92,151,0,0,0,0,0
9511,L86906,L,296.35,305.96,23.2,32.81,1409,36.9,102,0,0,0,0,0
9512,L77201,L,297.56,307.99,24.41,34.84,1694,41.85,204,0,0,0,0,0
9513,L69899,L,297.33,307.65,24.18,34.5,1228,34.75,236,1,1,0,0,0
9514,M83560,M,297.91,307.02,24.76,33.87,1611,34.54,219,0,0,0,0,0
9515,M25265,M,298.9,309.66,25.75,36.51,1580,30.13,40,0,0,0,0,0
9516,L79107,L,299.03,309.56,25.88,36.41,1704,41.55,110,0,0,0,0,0
9517,L15476,L,301.33,311.51,28.18,38.36,1580,40.6,110,0,0,0,0,0
9518,M85800,M,300.44,310.01,27.29,36.86,1469,32.36,202,0,0,0,0,0
9519,L48652,L,296.2,305.79,23.05,32.64,1392,47.98,86,0,0,0,0,0
9520,L27045,L,300.17,309.96,27.02,36.81,1708,20.56,132,0,0,0,0,0
9521,L62080,L,300.64,309.4,27.49,36.25,1622,21.03,146,0,0,0,0,0
9522,M99508,M,299.34,309.3,26.19,36.15,1449,32.47,27,0,0,0,0,0
9523,H55215,H,299.88,310.77,26.73,37.62,1694,17.96,134,1,0,0,1,0
9524,M94975,M,300.38,311.26,27.23,38.11,1457,38.42,59,0,0,0,0,0
9525,L47581,L,301.53,311.15,28.38,38.0,1535,36.68,50,0,0,0,0,0
9526,L83094,L,296.85,307.91,23.7,34.76,1429,36.84,60,0,0,0,0,0
9527,M47186,M,299.51,311.42,26.36,38.27,1628,39.5,24,0,0,0,0,0
9528,L22353,L,303.02,312.7,29.87,39.55,1361,36.31,17,0,0,0,0,0
9529,H72648,H,302.83,313.52,29.68,40.37,1483,28.26,155,0,0,0,0,0
9530,H99460,H,301.7,309.44,28.55,36.29,1420,33.96,226,1,1,0,0,0
9531,L90163,L,301.07,309.82,27.92,36.67,1581,26.47,165,0,0,0,0,0
9532,H56153,H,303.31,313.4,30.16,40.25,1603,30.85,75,0,0,0,0,0
9533,L34564,L,303.84,312.83,30.69,39.68,1342,47.47,80,0,0,0,0,0
9534,M81142,M,299.74,311.78,26.59,38.63,1606,21.62,130,0,0,0,0,0
9535,L13315,L,298.06,308.66,24.91,35.51,1277,42.16,208,0,0,0,0,0
9536,L93064,L,299.46,310.43,26.31,37.28,1919,37.52,49,0,0,0,0,0
9537,M87797,M,306.19,316.16,33.04,43.01,1445,48.21,112,0,0,0,0,0
9538,M79329,M,296.86,305.86,23.71,32.71,1719,27.88,120,0,0,0,0,0
9539,L47550,L,299.06,308.54,25.91,35.39,1570,54.2,223,1,0,0,0,1
9540,L54232,L,297.17,307.43,24.02,34.28,1577,27.91,129,0,0,0,0,0
9541,L23297,L,300.25,309.61,27.1,36.46,1331,41.22,187,0,0,0,0,0
9542,L84914,L,297.59,308.27,24.44,35.12,1683,24.69,21,1,0,0,0,0
9543,L21748,L,299.78,310.49,26.63,37.34,1544,40.59,78,0,0,0,0,0
9544,L51865,L,296.1,306.1,22.95,32.95,1617,57.84,147,1,0,0,1,0
9545,L70330,L,301.24,309.41,28.09,36.26,1519,52.47,163,0,0,0,0,0
9546,L51728,L,302.44,314.16,29.29,41.01,1558,43.55,212,0,0,0,0,0
9547,L39953,L,299.23,309.02,26.08,35.87,1380,36.67,142,0,0,0,0,0
9548,L39284,L,299.73,312.44,26.58,39.29,1508,36.64,69,0,0,0,0,0
9549,L80276,L,299.67,310.33,26.52,37.18,1462,48.13,129,1,0,0,0,0
9550,H66684,H,300.36,310.15,27.21,37.0,1412,46.59,171,0,0,0,0,0
9551,L37430,L,299.92,310.37,26.77,37.22,1559,37.43,188,0,0,0,0,0
9552,H97707,H,301.54,309.52,28.39,36.37,1599,36.98,227,1,1,0,0,0
9553,M87874,M,302.47,313.49,29.32,40.34,1579,44.73,46,0,0,0,0,0
9554,M61947,M,298.37,310.94,25.22,37.79,1517,48.19,159,0,0,0,0,0
9555,M63578,M,299.38,307.29,26.23,34.14,1607,23.65,48,0,0,0,0,0
9556,M53823,M,301.8,311.52,28.65,38.37,1577,38.14,76,0,0,0,0,0
9557,L85761,L,297.16,307.05,24.01,33.9,1552,41.54,34,0,0,0,0,0
9558,L49894,L,296.06,306.93,22.91,33.78,1564,32.38,186,0,0,0,0,0
9559,M72430,M,300.45,312.56,27.3,39.41,1742,43.12,219,1,1,0,0,0
9560,L22799,L,300.99,311.38,27.84,38.23,1324,40.96,7,0,0,0,0,0
9561,M19648,M,298.56,310.7,25.41,37.55,1479,49.19,195,0,0,0,0,0
9562,L26672,L,298.84,309.01,25.69,35.86,1594,32.99,58,0,0,0,0,0
9563,M64294,M,298.48,308.93,25.33,35.78,1258,47.62,117,0,0,0,0,0
9564,L16781,L,298.27,308.59,25.12,35.44,1777,34.14,180,0,0,0,0,0
9565,L19616,L,301.39,312.61,28.24,39.46,1580,49.57,122,0,0,0,0,0
9566,L12177,L,297.64,307.22,24.49,34.07,1702,39.58,55,0,0,0,0,0
9567,M73782,M,299.47,310.29,26.32,37.14,1731,29.44,217,0,0,0,0,0
9568,M20509,M,298.19,306.96,25.04,33.81,1607,33.47,142,0,0,0,0,0
9569,L85599,L,297.09,306.8,23.94,33.65,1144,47.86,224,0,0,0,0,0
9570,M13748,M,301.74,311.1,28.59,37.95,1561,36.86,203,0,0,0,0,0
9571,L21240,L,298.96,309.05,25.81,35.9,1572,28.89,210,0,0,0,0,0
9572,L66151,L,300.38,310.06,27.23,36.91,1345,41.95,87,0,0,0,0,0
9573,L66820,L,296.98,308.12,23.83,34.97,1222,57.84,237,1,0,0,0,1
9574,L47404,L,298.52,307.64,25.37,34.49,1616,46.05,205,0,0,0,0,0
9575,L84605,L,301.51,309.78,28.36,36.63,1316,31.01,81,1,0,1,0,0
9576,L50409,L,305.17,313.82,32.02,40.67,1896,16.44,215,1,0,0,1,0
9577,M22433,M,296.05,307.04,22.9,33.89,1581,31.49,181,0,0,0,0,0
9578,M25323,M,299.6,308.63,26.45,35.48,1772,18.11,174,1,0,0,1,0
9579,L16875,L,300.82,311.22,27.67,38.07,1540,27.09,1,0,0,0,0,0
9580,L98222,L,298.77,308.47,25.62,35.32,1667,37.19,5,0,0,0,0,0
9581,L22683,L,301.7,312.52,28.55,39.37,1544,36.8,167,0,0,0,0,0
9582,L92644,L,298.27,308.04,25.12,34.89,1711,19.72,67,0,0,0,0,0
9583,L83631,L,300.31,313.07,27.16,39.92,1178,57.99,14,0,0,0,0,0
9584,L93779,L,298.96,310.85,25.81,37.7,1690,30.52,69,0,0,0,0,0
9585,H62409,H,302.44,312.12,29.29,38.97,1652,30.54,201,0,0,0,0,0
9586,M56988,M,298.65,308.2,25.5,35.05,1508,46.13,113,0,0,0,0,0
9587,L38816,L,299.3,312.43,26.15,39.28,1463,42.44,148,0,0,0,0,0
9588,L87790,L,301.89,310.81,28.74,37.66,1483,38.3,192,0,0,0,0,0
9589,L16165,L,297.94,307.89,24.79,34.74,1584,32.2,78,0,0,0,0,0
9590,M55896,M,300.14,310.16,26.99,37.01,1747,37.35,3,0,0,0,0,0
9591,L96789,L,296.35,306.35,23.2,33.2,1442,36.28,78,0,0,0,0,0
9592,L85336,L,297.82,306.09,24.67,32.94,1237,44.48,230,1,0,1,0,0
9593,M35409,M,300.76,311.26,27.61,38.11,1970,19.68,116,0,0,0,0,0
9594,L12618,L,298.02,307.05,24.87,33.9,1653,43.81,137,0,0,0,0,0
9595,L55373,L,298.91,310.35,25.76,37.2,1467,51.49,183,0,0,0,0,0
9596,L59839,L,300.99,309.53,27.84,36.38,1743,34.57,28,0,0,0,0,0
9597,L76921,L,298.84,308.9,25.69,35.75,1698,29.85,176,0,0,0,0,0
9598,L98980,L,301.65,309.43,28.5,36.28,1621,42.83,71,0,0,0,0,0
9599,L66869,L,300.43,308.28,27.28,35.13,1452,44.18,93,0,0,0,0,0
9600,L80347,L,300.87,310.03,27.72,36.88,1652,31.14,65,0,0,0,0,0
9601,L45178,L,302.48,311.78,29.33,38.63,1726,42.41,37,0,0,0,0,0
9602,M88061,M,300.64,312.11,27.49,38.96,1234,43.04,87,0,0,0,0,0
9603,L53543,L,303.08,313.04,29.93,39.89,1574,26.11,23,0,0,0,0,0
9604,L90253,L,301.82,313.11,28.67,39.96,1587,35.57,203,0,0,0,0,0
9605,M66636,M,298.95,308.57,25.8,35.42,1582,44.9,73,0,0,0,0,0
9606,M85062,M,302.59,313.19,29.44,40.04,1543,37.95,157,0,0,0,0,0
9607,M14074,M,300.53,309.8,27.38,36.65,1743,23.5,71,0,0,0,0,0
9608,L29971,L,299.21,308.42,26.06,35.27,1498,35.02,51,0,0,0,0,0
9609,L32874,L,300.56,308.74,27.41,35.59,1535,46.91,171,0,0,0,0,0
9610,M64146,M,302.22,312.56,29.07,39.41,1590,38.22,150,0,0,0,0,0
9611,M72666,M,300.91,311.17,27.76,38.02,1504,37.95,52,0,0,0,0,0
9612,L64088,L,303.64,314.42,30.49,41.27,1292,43.29,147,0,0,0,0,0
9613,H47618,H,302.17,312.39,29.02,39.24,1572,45.08,1,0,0,0,0,0
9614,L81854,L,301.05,313.07,27.9,39.92,1574,44.51,42,0,0,0,0,0
9615,H16306,H,297.95,308.12,24.8,34.97,1471,27.74,175,0,0,0,0,0
9616,M37836,M,299.64,310.63,26.49,37.48,1512,45.42,98,0,0,0,0,0
9617,M16624,M,300.14,309.82,26.99,36.67,1100,56.22,49,0,0,0,0,0
9618,H48286,H,301.39,310.48,28.24,37.33,1746,45.55,121,0,0,0,0,0
9619,M19651,M,301.27,311.99,28.12,38.84,1693,33.3,112,0,0,0,0,0
9620,L75087,L,300.34,310.25,27.19,37.1,1301,53.13,152,0,0,0,0,0
9621,L54215,L,300.24,311.07,27.09,37.92,1417,44.19,17,0,0,0,0,0
9622,L33454,L,301.44,311.79,28.29,38.64,1788,23.12,197,0,0,0,0,0
9623,L88337,L,298.28,307.49,25.13,34.34,1333,51.15,14,0,0,0,0,0
9624,M67670,M,303.39,314.47,30.24,41.32,1619,41.87,109,0,0,0,0,0
9625,L45388,L,295.91,305.03,22.76,31.88,1449,34.34,171,0,0,0,0,0
9626,L85448,L,302.91,313.54,29.76,40.39,1607,37.97,83,0,0,0,0,0
9627,L46616,L,299.91,311.19,26.76,38.04,1544,53.98,218,1,1,0,0,1
9628,M84329,M,302.01,311.62,28.86,38.47,1485,34.71,181,0,0,0,0,0
9629,L98585,L,300.73,311.88,27.58,38.73,1603,41.55,102,0,0,0,0,0
9630,L12590,L,300.69,311.09,27.54,37.94,1449,30.79,44,0,0,0,0,0
9631,L66462,L,301.11,311.96,27.96,38.81,1223,42.3,10,0,0,0,0,0
9632,M66080,M,301.62,310.78,28.47,37.63,1373,48.23,192,0,0,0,0,0
9633,L95173,L,299.34,309.56,26.19,36.41,1352,44.44,47,0,0,0,0,0
9634,M65996,M,302.07,310.66,28.92,37.51,1254,44.07,65,1,0,1,0,0
9635,L96516,L,297.83,309.54,24.68,36.39,1600,49.44,2,0,0,0,0,0
9636,L86763,L,299.99,307.98,26.84,34.83,1505,30.7,4,0,0,0,0,0
9637,H93015,H,301.67,311.32,28.52,38.17,1597,34.71,55,0,0,0,0,0
9638,L77419,L,301.99,311.06,28.84,37.91,1626,39.17,209,0,0,0,0,0
9639,L81709,L,300.92,311.6,27.77,38.45,1667,27.39,187,0,0,0,0,0
9640,L24504,L,299.21,311.14,26.06,37.99,1606,39.75,185,0,0,0,0,0
9641,L98028,L,301.79,312.45,28.64,39.3,1364,50.62,198,0,0,0,0,0
9642,L84251,L,298.66,311.62,25.51,38.47,1636,34.1,45,0,0,0,0,0
9643,L91378,L,303.5,312.12,30.35,38.97,1574,30.92,235,0,0,0,0,0
9644,L10437,L,299.83,308.53,26.68,35.38,1918,27.37,56,0,0,0,0,0
9645,L27965,L,296.92,306.03,23.77,32.88,1536,15.87,36,1,0,0,1,0
9646,M70612,M,297.61,307.73,24.46,34.58,1602,43.81,71,0,0,0,0,0
9647,M92763,M,300.09,309.06,26.94,35.91,1518,39.85,127,0,0,0,0,0
9648,L42260,L,300.28,309.53,27.13,36.38,1544,35.71,30,0,0,0,0,0
9649,L24440,L,303.94,314.56,30.79,41.41,1532,24.07,177,0,0,0,0,0
9650,L89505,L,297.92,306.68,24.77,33.53,1459,48.14,89,0,0,0,0,0
9651,L34728,L,300.08,308.95,26.93,35.8,1566,33.09,136,0,0,0,0,0
9652,L65993,L,297.88,307.48,24.73,34.33,1644,39.38,176,0,0,0,0,0
9653,L10695,L,299.01,308.71,25.86,35.56,1462,39.11,216,1,1,0,0,0
9654,L28647,L,303.37,314.38,30.22,41.23,1681,21.16,197,0,0,0,0,0
9655,L27750,L,297.73,306.83,24.58,33.68,1660,44.66,129,0,0,0,0,0
9656,L11088,L,301.17,310.45,28.02,37.3,1381,50.12,238,1,0,0,0,1
9657,H47069,H,300.79,311.37,27.64,38.22,1366,48.05,127,0,0,0,0,0
9658,L55138,L,299.95,310.75,26.8,37.6,1613,38.03,129,0,0,0,0,0
9659,M97140,M,301.04,312.47,27.89,39.32,1432,30.43,38,0,0,0,0,0
9660,M39381,M,297.68,308.15,24.53,35.0,1352,49.33,36,0,0,0,0,0
9661,L77873,L,303.31,313.44,30.16,40.29,1835,48.86,40,1,0,0,1,0
9662,L60070,L,303.85,314.42,30.7,41.27,1366,42.88,142,0,0,0,0,0
9663,L20381,L,300.09,309.83,26.94,36.68,1268,46.26,100,0,0,0,0,0
9664,L84533,L,304.85,314.57,31.7,41.42,1398,32.17,93,0,0,0,0,0
9665,L91997,L,299.2,307.43,26.05,34.28,1576,19.8,31,1,0,0,1,0
9666,M83173,M,300.8,311.69,27.65,38.54,1548,34.14,91,0,0,0,0,0
9667,L44860,L,302.86,313.08,29.71,39.93,1865,42.57,91,0,0,0,0,0
9668,L24908,L,299.08,309.86,25.93,36.71,1401,51.66,149,0,0,0,0,0
9669,M81560,M,297.24,304.42,24.09,31.27,1576,35.82,93,1,0,0,0,0
9670,M73467,M,296.78,306.73,23.63,33.58,1732,36.51,101,0,0,0,0,0
9671,L74715,L,304.12,313.27,30.97,40.12,1420,30.61,65,0,0,0,0,0
9672,M52072,M,298.94,310.44,25.79,37.29,1658,35.44,32,0,0,0,0,0
9673,L78225,L,299.63,310.24,26.48,37.09,1214,42.99,72,0,0,0,0,0
9674,L26904,L,297.77,308.01,24.62,34.86,1843,31.53,10,0,0,0,0,0
9675,L49340,L,301.9,311.46,28.75,38.31,1709,31.33,49,0,0,0,0,0
9676,L76082,L,298.44,308.83,25.29,35.68,1416,38.13,78,0,0,0,0,0
9677,H95883,H,299.02,308.09,25.87,34.94,1680,42.07,35,0,0,0,0,0
9678,L50927,L,300.6,310.5,27.45,37.35,1765,48.18,160,0,0,0,0,0
9679,L36173,L,297.87,307.29,24.72,34.14,1309,42.4,67,0,0,0,0,0
9680,L99180,L,299.64,311.91,26.49,38.76,1430,51.42,148,0,0,0,0,0
9681,L52936,L,302.8,314.27,29.65,41.12,1771,22.43,155,0,0,0,0,0
9682,L24637,L,300.86,311.92,27.71,38.77,1547,36.3,107,0,0,0,0,0
9683,L27348,L,300.26,308.77,27.11,35.62,1611,25.19,108,0,0,0,0,0
9684,M29536,M,300.43,311.29,27.28,38.14,1547,34.53,140,0,0,0,0,0
9685,L91898,L,299.22,309.41,26.07,36.26,1691,39.61,63,0,0,0,0,0
9686,L69466,L,303.99,315.22,30.84,42.07,1625,44.21,5,0,0,0,0,0
9687,L34881,L,298.38,308.7,25.23,35.55,1554,30.65,155,0,0,0,0,0
9688,L42014,L,300.42,310.42,27.27,37.27,1167,52.75,146,0,0,0,0,0
9689,L35379,L,300.23,310.46,27.08,37.31,1647,44.63,114,0,0,0,0,0
9690,M51382,M,302.02,310.21,28.87,37.06,1663,43.16,210,0,0,0,0,0
9691,H84192,H,302.21,311.44,29.06,38.29,1318,45.54,122,0,0,0,0,0
9692,L26315,L,299.94,310.31,26.79,37.16,1330,38.37,73,0,0,0,0,0
9693,L64426,L,300.58,311.72,27.43,38.57,1626,29.74,171,0,0,0,0,0
9694,M13125,M,300.66,310.11,27.51,36.96,1569,29.78,231,1,1,0,0,0
9695,L12049,L,295.46,305.41,22.31,32.26,1189,47.92,177,0,0,0,0,0
9696,L28691,L,296.82,305.22,23.67,32.07,1391,34.6,218,0,0,0,0,0
9697,L58854,L,298.79,310.25,25.64,37.1,1590,41.46,27,0,0,0,0,0
9698,M75070,M,298.88,309.99,25.73,36.84,1653,36.48,29,0,0,0,0,0
9699,L81855,L,297.6,308.25,24.45,35.1,1433,41.45,37,0,0,0,0,0
9700,M13563,M,301.5,311.91,28.35,38.76,1509,23.24,169,0,0,0,0,0
9701,M31621,M,300.0,311.56,26.85,38.41,1381,41.71,94,0,0,0,0,0
9702,L90562,L,299.57,308.77,26.42,35.62,1767,28.76,115,0,0,0,0,0
9703,M87558,M,297.49,306.57,24.34,33.42,1566,53.93,63,0,0,0,0,0
9704,M22620,M,299.91,310.97,26.76,37.82,1418,30.16,177,0,0,0,0,0
9705,L11861,L,294.75,305.74,21.6,32.59,1333,41.35,203,0,0,0,0,0
9706,L49844,L,299.67,308.48,26.52,35.33,1313,46.69,38,0,0,0,0,0
9707,L60639,L,300.13,309.6,26.98,36.45,1852,23.16,46,0,0,0,0,0
9708,L94662,L,300.48,312.17,27.33,39.02,1505,53.51,81,0,0,0,0,0
9709,L16495,L,296.87,307.28,23.72,34.13,1465,54.7,67,0,0,0,0,0
9710,L24635,L,300.45,311.24,27.3,38.09,1498,31.39,128,0,0,0,0,0
9711,L36830,L,297.92,306.76,24.77,33.61,1425,35.48,181,0,0,0,0,0
9712,M58243,M,298.38,309.03,25.23,35.88,1516,54.96,190,0,0,0,0,0
9713,L79546,L,301.44,310.02,28.29,36.87,1541,48.34,50,0,0,0,0,0
9714,L31897,L,304.03,312.05,30.88,38.9,1538,34.31,42,0,0,0,0,0
9715,L75879,L,300.1,310.83,26.95,37.68,1314,47.05,87,0,0,0,0,0
9716,L78879,L,298.37,309.8,25.22,36.65,1691,22.79,35,0,0,0,0,0
9717,L32306,L,300.38,310.12,27.23,36.97,1438,57.41,22,0,0,0,0,0
9718,L86023,L,301.88,311.33,28.73,38.18,1420,40.94,58,0,0,0,0,0
9719,L11063,L,301.24,312.95,28.09,39.8,1412,45.27,95,0,0,0,0,0
9720,M62688,M,305.49,315.29,32.34,42.14,1351,34.94,141,0,0,0,0,0
9721,M77822,M,298.57,308.5,25.42,35.35,1582,27.13,174,0,0,0,0,0
9722,L80492,L,300.5,312.2,27.35,39.05,1692,37.48,53,0,0,0,0,0
9723,M15665,M,303.1,312.74,29.95,39.59,1408,56.01,196,0,0,0,0,0
9724,M12685,M,302.97,312.32,29.82,39.17,1212,42.93,8,0,0,0,0,0
9725,L95673,L,296.1,306.92,22.95,33.77,1355,34.44,107,0,0,0,0,0
9726,H60142,H,299.99,309.28,26.84,36.13,1457,41.78,152,0,0,0,0,0
9727,M98528,M,302.97,312.82,29.82,39.67,1319,56.52,70,0,0,0,0,0
9728,L47002,L,305.78,314.46,32.63,41.31,1430,34.95,164,0,0,0,0,0
9729,L10534,L,301.41,311.59,28.26,38.44,1438,37.83,208,0,0,0,0,0
9730,L13772,L,299.26,309.33,26.11,36.18,1532,44.09,21,0,0,0,0,0
9731,L60165,L,297.98,308.95,24.83,35.8,1280,52.3,123,0,0,0,0,0
9732,M90196,M,304.44,315.29,31.29,42.14,1637,32.74,5,0,0,0,0,0
9733,L75971,L,301.46,312.01,28.31,38.86,1826,40.16,67,0,0,0,0,0
9734,M22774,M,298.3,308.7,25.15,35.55,1785,36.33,33,0,0,0,0,0
9735,M95308,M,299.59,309.52,26.44,36.37,1433,40.12,150,0,0,0,0,0
9736,M57071,M,300.62,311.23,27.47,38.08,1652,41.9,60,0,0,0,0,0
9737,M73718,M,301.09,309.98,27.94,36.83,1631,41.24,68,0,0,0,0,0
9738,L43808,L,298.2,305.85,25.05,32.7,1527,29.14,49,0,0,0,0,0
9739,L21553,L,298.77,309.93,25.62,36.78,1566,48.46,59,0,0,0,0,0
9740,M65389,M,296.69,307.37,23.54,34.22,1655,37.39,54,0,0,0,0,0
9741,L88298,L,302.08,311.95,28.93,38.8,1690,44.92,167,0,0,0,0,0
9742,L40176,L,299.32,310.39,26.17,37.24,1393,41.55,229,1,1,0,0,0
9743,M27039,M,300.93,310.2,27.78,37.05,1666,36.38,118,0,0,0,0,0
9744,M56979,M,302.84,312.14,29.69,38.99,1827,34.56,144,0,0,0,0,0
9745,L68419,L,300.44,309.6,27.29,36.45,1689,38.29,196,0,0,0,0,0
9746,M73610,M,299.77,310.34,26.62,37.19,1804,43.99,114,0,0,0,0,0
9747,M85183,M,300.39,308.8,27.24,35.65,1100,55.82,72,1,0,1,0,0
9748,L23407,L,300.13,309.36,26.98,36.21,1639,34.73,228,0,0,0,0,0
9749,L58225,L,302.49,312.78,29.34,39.63,1581,44.31,217,0,0,0,0,0
9750,H30402,H,300.62,309.42,27.47,36.27,1715,36.86,53,0,0,0,0,0
9751,L62652,L,298.91,308.25,25.76,35.1,1338,66.47,169,1,0,0,1,1
9752,L91778,L,302.1,309.88,28.95,36.73,1446,41.94,155,0,0,0,0,0
9753,L72415,L,302.46,313.07,29.31,39.92,1693,43.75,156,0,0,0,0,0
9754,M27390,M,297.32,306.64,24.17,33.49,1350,49.51,199,0,0,0,0,0
9755,L33991,L,303.07,311.97,29.92,38.82,1577,19.92,162,1,0,0,1,0
9756,L20182,L,300.73,309.43,27.58,36.28,1532,31.5,124,0,0,0,0,0
9757,L23543,L,300.57,310.15,27.42,37.0,1501,34.66,203,0,0,0,0,0
9758,H92132,H,302.01,310.43,28.86,37.28,1635,23.04,64,0,0,0,0,0
9759,L38188,L,298.87,310.81,25.72,37.66,1340,39.6,163,0,0,0,0,0
9760,L93934,L,301.91,309.52,28.76,36.37,1398,30.0,168,0,0,0,0,0
9761,H79994,H,299.25,308.8,26.1,35.65,1511,29.06,209,0,0,0,0,0
9762,L61156,L,297.05,307.16,23.9,34.01,1325,45.18,240,1,1,0,0,0
9763,H64843,H,298.0,307.23,24.85,34.08,1750,48.09,134,0,0,0,0,0
9764,H84966,H,301.13,311.35,27.98,38.2,1395,30.17,116,0,0,0,0,0
9765,M45806,M,298.11,307.31,24.96,34.16,1673,24.53,144,0,0,0,0,0
9766,L85132,L,303.22,314.75,30.07,41.6,1382,37.2,158,0,0,0,0,0
9767,M96336,M,302.38,311.26,29.23,38.11,1658,33.37,171,0,0,0,0,0
9768,M73063,M,302.67,310.32,29.52,37.17,1253,33.37,67,1,0,1,0,0
9769,H68812,H,300.25,308.95,27.1,35.8,1782,26.57,117,0,0,0,0,0
9770,L48860,L,300.52,310.9,27.37,37.75,1734,26.72,89,0,0,0,0,0
9771,M49466,M,297.61,307.49,24.46,34.34,1438,42.38,9,0,0,0,0,0
9772,L62390,L,301.99,312.74,28.84,39.59,1391,44.61,146,0,0,0,0,0
9773,L71044,L,300.76,311.26,27.61,38.11,1615,34.25,210,0,0,0,0,0
9774,L71696,L,301.13,310.5,27.98,37.35,1268,42.17,221,0,0,0,0,0
9775,M23064,M,303.38,312.89,30.23,39.74,1541,31.5,124,0,0,0,0,0
9776,L88055,L,298.79,308.4,25.64,35.25,1394,41.52,184,0,0,0,0,0
9777,L44004,L,299.75,311.63,26.6,38.48,1490,30.63,171,0,0,0,0,0
9778,H28076,H,300.65,311.34,27.5,38.19,1422,52.66,55,0,0,0,0,0
9779,L34617,L,298.13,310.02,24.98,36.87,1395,29.08,15,0,0,0,0,0
9780,M65082,M,299.62,310.47,26.47,37.32,1833,26.0,179,0,0,0,0,0
9781,L53101,L,300.99,310.92,27.84,37.77,1672,41.22,68,0,0,0,0,0
9782,L45572,L,299.35,308.33,26.2,35.18,1276,41.71,132,0,0,0,0,0
9783,M11175,M,302.62,312.82,29.47,39.67,1382,46.84,126,0,0,0,0,0
9784,H13074,H,296.98,306.92,23.83,33.77,1685,47.74,196,0,0,0,0,0
9785,L33815,L,302.25,312.15,29.1,39.0,1705,40.28,155,0,0,0,0,0
9786,M84796,M,301.32,311.11,28.17,37.96,1293,34.71,203,0,0,0,0,0
9787,L59817,L,298.86,306.81,25.71,33.66,1657,25.34,181,0,0,0,0,0
9788,L58102,L,298.15,309.41,25.0,36.26,1581,34.73,240,1,1,0,0,0
9789,L21186,L,295.84,305.79,22.69,32.64,1195,51.48,207,0,0,0,0,0
9790,L77294,L,298.41,307.0,25.26,33.85,1464,48.77,51,0,0,0,0,0
9791,L25926,L,302.09,312.58,28.94,39.43,1511,31.63,231,0,0,0,0,0
9792,L12426,L,299.89,309.03,26.74,35.88,1543,33.24,82,0,0,0,0,0
9793,L74360,L,302.33,312.89,29.18,39.74,1304,41.94,146,0,0,0,0,0
9794,L35935,L,298.76,309.64,25.61,36.49,1401,38.72,226,0,0,0,0,0
9795,L40218,L,301.41,312.43,28.26,39.28,1426,52.14,51,0,0,0,0,0
9796,L98752,L,298.57,308.4,25.42,35.25,1441,38.92,206,0,0,0,0,0
9797,H32094,H,298.07,307.66,24.92,34.51,1444,40.9,229,1,1,0,0,0
9798,M45096,M,299.79,309.16,26.64,36.01,1512,45.19,205,0,0,0,0,0
9799,L27357,L,298.67,307.95,25.52,34.8,1589,48.78,197,0,0,0,0,0
9800,H76248,H,296.91,306.9,23.76,33.75,1845,30.76,64,0,0,0,0,0
9801,M36505,M,299.64,309.43,26.49,36.28,1687,44.03,98,0,0,0,0,0
9802,L94950,L,300.21,309.39,27.06,36.24,1765,47.08,182,0,0,0,0,0
9803,L21948,L,302.54,311.39,29.39,38.24,1451,38.61,28,0,0,0,0,0
9804,M53653,M,301.87,311.76,28.72,38.61,1359,37.64,213,0,0,0,0,0
9805,L28587,L,302.44,312.01,29.29,38.86,1675,51.7,50,1,0,0,1,0
9806,M89596,M,301.44,310.3,28.29,37.15,1532,46.36,136,0,0,0,0,0
9807,M71004,M,300.67,311.5,27.52,38.35,1663,34.56,25,0,0,0,0,0
9808,M85583,M,297.54,309.31,24.39,36.16,1381,46.7,44,0,0,0,0,0
9809,H49789,H,300.3,311.26,27.15,38.11,1649,26.4,141,0,0,0,0,0
9810,L51585,L,301.19,310.47,28.04,37.32,1504,46.96,152,0,0,0,0,0
9811,L86701,L,302.91,312.86,29.76,39.71,1454,25.0,65,0,0,0,0,0
9812,M15190,M,301.37,312.91,28.22,39.76,1471,47.52,29,0,0,0,0,0
9813,L60037,L,302.48,311.31,29.33,38.16,1621,29.58,132,1,0,0,0,0
9814,M58694,M,297.94,308.72,24.79,35.57,1670,21.07,202,0,0,0,0,0
9815,H68803,H,299.35,307.9,26.2,34.75,1471,22.94,48,0,0,0,0,0
9816,M81195,M,300.86,312.54,27.71,39.39,1595,32.11,166,0,0,0,0,0
9817,L40975,L,302.32,311.89,29.17,38.74,1595,41.62,93,0,0,0,0,0
9818,L73200,L,299.71,311.94,26.56,38.79,1664,23.31,226,0,0,0,0,0
9819,L34572,L,299.84,311.56,26.69,38.41,1708,23.67,20,0,0,0,0,0
9820,L68828,L,301.37,311.27,28.22,38.12,1852,26.98,10,0,0,0,0,0
9821,M26865,M,297.75,307.03,24.6,33.88,1454,45.88,30,0,0,0,0,0
9822,M20615,M,303.21,313.41,30.06,40.26,1791,39.46,188,0,0,0,0,0
9823,M23148,M,298.24,308.06,25.09,34.91,1555,37.95,221,0,0,0,0,0
9824,L14062,L,296.16,305.76,23.01,32.61,1343,50.52,197,0,0,0,0,0
9825,L17582,L,300.02,308.36,26.87,35.21,1421,45.82,172,0,0,0,0,0
9826,M41639,M,303.4,312.88,30.25,39.73,1617,32.11,14,0,0,0,0,0
9827,L97917,L,301.17,310.06,28.02,36.91,1662,41.76,51,0,0,0,0,0
9828,L20205,L,301.5,312.05,28.35,38.9,1357,31.94,224,1,1,0,0,0
9829,M90582,M,300.08,311.07,26.93,37.92,1401,44.78,149,0,0,0,0,0
9830,M89635,M,299.7,310.44,26.55,37.29,1442,30.41,112,0,0,0,0,0
9831,L30993,L,296.91,307.25,23.76,34.1,1384,42.54,157,0,0,0,0,0
9832,M56539,M,295.48,304.63,22.33,31.48,1206,57.26,43,0,0,0,0,0
9833,L19785,L,300.39,310.6,27.24,37.45,1147,51.67,214,1,0,0,0,1
9834,H72773,H,302.63,313.42,29.48,40.27,1468,38.92,158,0,0,0,0,0
9835,L95972,L,300.69,310.1,27.54,36.95,1579,38.09,113,0,0,0,0,0
9836,L14350,L,301.25,311.37,28.1,38.22,1650,40.04,110,0,0,0,0,0
9837,M92470,M,303.17,313.02,30.02,39.87,1297,61.26,197,1,0,0,0,1
9838,L96344,L,300.66,312.32,27.51,39.17,1300,49.31,74,0,0,0,0,0
9839,M12323,M,299.75,310.61,26.6,37.46,1443,35.7,33,0,0,0,0,0
9840,M30040,M,298.36,308.97,25.21,35.82,1536,35.64,45,0,0,0,0,0
9841,M47466,M,304.04,312.33,30.89,39.18,1712,26.27,19,0,0,0,0,0
9842,H14804,H,301.05,311.23,27.9,38.08,1661,24.59,122,0,0,0,0,0
9843,L12194,L,298.11,307.96,24.96,34.81,1471,19.5,163,1,0,0,1,0
9844,M71028,M,297.66,307.49,24.51,34.34,1598,32.16,224,0,0,0,0,0
9845,L43551,L,302.51,310.94,29.36,37.79,1387,30.06,180,0,0,0,0,0
9846,L26372,L,297.93,306.84,24.78,33.69,1548,37.79,140,0,0,0,0,0
9847,M42661,M,303.71,313.64,30.56,40.49,1524,33.52,207,0,0,0,0,0
9848,L11172,L,294.49,305.6,21.34,32.45,1781,23.49,214,0,0,0,0,0
9849,L25803,L,302.85,312.25,29.7,39.1,1621,18.51,171,1,0,0,1,0
9850,L18993,L,300.97,310.57,27.82,37.42,1400,38.13,14,0,0,0,0,0
9851,M27604,M,300.24,312.02,27.09,38.87,1402,26.85,70,0,0,0,0,0
9852,H75999,H,299.65,309.35,26.5,36.2,1477,44.45,81,0,0,0,0,0
9853,L92497,L,303.78,313.65,30.63,40.5,1261,47.47,239,1,0,0,0,1
9854,L18671,L,301.41,311.3,28.26,38.15,1495,36.52,111,0,0,0,0,0
9855,M30045,M,298.19,306.85,25.04,33.7,1510,49.55,183,0,0,0,0,0
9856,L69540,L,296.56,307.13,23.41,33.98,1617,35.52,195,0,0,0,0,0
9857,L26827,L,300.35,309.7,27.2,36.55,1642,37.98,157,0,0,0,0,0
9858,L99283,L,300.0,309.97,26.85,36.82,1552,42.41,4,0,0,0,0,0
9859,L55161,L,296.96,307.4,23.81,34.25,1250,41.71,5,0,0,0,0,0
9860,L40153,L,299.89,311.83,26.74,38.68,1321,39.27,197,0,0,0,0,0
9861,M94397,M,298.85,307.53,25.7,34.38,1429,40.42,177,0,0,0,0,0
9862,L71711,L,300.02,310.88,26.87,37.73,1649,23.97,129,0,0,0,0,0
9863,H82886,H,301.45,312.32,28.3,39.17,1643,49.15,60,0,0,0,0,0
9864,M18184,M,302.99,312.35,29.84,39.2,1491,39.71,21,0,0,0,0,0
9865,M21402,M,301.82,312.42,28.67,39.27,1948,27.81,39,0,0,0,0,0
9866,L61197,L,298.56,310.2,25.41,37.05,1808,48.37,139,1,0,0,1,0
9867,L99173,L,300.74,309.97,27.59,36.82,1752,23.89,131,0,0,0,0,0
9868,L56196,L,300.13,310.37,26.98,37.22,1658,46.85,226,1,1,0,0,0
9869,H88515,H,297.34,307.74,24.19,34.59,1615,41.98,230,1,1,0,0,0
9870,L59226,L,300.8,311.33,27.65,38.18,1602,44.69,138,0,0,0,0,0
9871,L25421,L,303.71,314.48,30.56,41.33,1219,45.59,202,0,0,0,0,0
9872,L36593,L,300.06,310.23,26.91,37.08,1351,42.86,195,0,0,0,0,0
9873,L78729,L,296.81,307.33,23.66,34.18,1496,35.55,181,0,0,0,0,0
9874,L14102,L,300.06,309.15,26.91,36.0,1557,44.76,105,0,0,0,0,0
9875,L31838,L,297.57,307.74,24.42,34.59,1513,41.0,93,0,0,0,0,0
9876,L69091,L,301.73,311.25,28.58,38.1,1583,31.73,63,0,0,0,0,0
9877,L29343,L,301.05,309.82,27.9,36.67,1167,45.0,225,0,0,0,0,0
9878,L18988,L,299.66,309.15,26.51,36.0,1623,35.17,200,0,0,0,0,0
9879,M12308,M,299.34,309.61,26.19,36.46,1546,34.41,43,0,0,0,0,0
9880,L32847,L,299.58,310.01,26.43,36.86,1502,49.68,61,0,0,0,0,0
9881,L62622,L,300.02,308.75,26.87,35.6,1697,40.22,140,0,0,0,0,0
9882,L98453,L,298.46,307.52,25.31,34.37,1352,48.83,99,0,0,0,0,0
9883,L49728,L,297.22,307.95,24.07,34.8,1494,40.23,51,0,0,0,0,0
9884,H78822,H,302.28,312.79,29.13,39.64,1585,29.54,190,0,0,0,0,0
9885,L56443,L,299.23,310.12,26.08,36.97,1386,46.92,0,0,0,0,0,0
9886,M14530,M,300.33,311.7,27.18,38.55,1184,31.59,82,0,0,0,0,0
9887,M83513,M,300.57,311.11,27.42,37.96,1333,44.37,223,0,0,0,0,0
9888,M32526,M,300.64,310.23,27.49,37.08,1524,31.11,183,0,0,0,0,0
9889,L35196,L,297.65,307.77,24.5,34.62,1491,31.3,96,0,0,0,0,0
9890,L78956,L,296.65,308.31,23.5,35.16,1532,33.7,223,0,0,0,0,0
9891,M30228,M,298.82,311.59,25.67,38.44,1420,39.69,216,0,0,0,0,0
9892,L18648,L,300.79,311.25,27.64,38.1,1305,43.71,13,0,0,0,0,0
9893,M74112,M,298.54,309.08,25.39,35.93,1559,43.07,31,0,0,0,0,0
9894,M40500,M,299.29,310.02,26.14,36.87,1506,36.66,93,0,0,0,0,0
9895,M42052,M,304.25,314.28,31.1,41.13,1647,33.98,223,1,1,0,0,0
9896,L77160,L,296.31,307.47,23.16,34.32,1404,29.64,203,0,0,0,0,0
9897,M21985,M,298.49,309.5,25.34,36.35,1181,38.38,11,0,0,0,0,0
9898,M39909,M,303.79,314.15,30.64,41.0,1100,54.38,123,0,0,0,0,0
9899,M53816,M,299.91,309.59,26.76,36.44,1465,44.16,173,0,0,0,0,0
9900,L37597,L,298.59,307.07,25.44,33.92,1557,34.71,66,0,0,0,0,0
9901,L67865,L,302.34,313.07,29.19,39.92,1494,45.81,173,0,0,0,0,0
9902,L16236,L,300.11,310.32,26.96,37.17,1436,28.63,89,0,0,0,0,0
9903,L26709,L,299.3,308.57,26.15,35.42,1257,48.79,66,0,0,0,0,0
9904,L24982,L,300.38,309.25,27.23,36.1,1204,40.76,94,0,0,0,0,0
9905,H32788,H,298.68,309.35,25.53,36.2,1599,28.38,228,0,0,0,0,0
9906,L54194,L,297.97,306.36,24.82,33.21,1495,32.2,217,1,1,0,0,0
9907,M85702,M,299.77,310.07,26.62,36.92,1471,38.29,219,1,1,0,0,0
9908,L29974,L,297.98,308.82,24.83,35.67,1265,48.8,220,0,0,0,0,0
9909,L80332,L,300.02,310.57,26.87,37.42,1366,44.85,43,0,0,0,0,0
9910,L77769,L,300.71,310.32,27.56,37.17,1543,34.81,215,0,0,0,0,0
9911,L50752,L,301.71,310.46,28.56,37.31,1585,41.21,51,0,0,0,0,0
9912,H27910,H,302.26,312.84,29.11,39.69,1506,51.53,201,0,0,0,0,0
9913,L92378,L,299.19,310.39,26.04,37.24,1776,31.3,130,0,0,0,0,0
9914,M73539,M,301.0,310.43,27.85,37.28,1434,40.71,58,0,0,0,0,0
9915,L34874,L,300.99,311.49,27.84,38.34,1760,27.66,96,0,0,0,0,0
9916,H30276,H,300.66,312.24,27.51,39.09,1573,33.29,104,0,0,0,0,0
9917,L41344,L,299.04,309.38,25.89,36.23,1554,46.86,176,0,0,0,0,0
9918,L52218,L,297.94,307.55,24.79,34.4,1698,43.81,145,0,0,0,0,0
9919,L76125,L,301.0,312.04,27.85,38.89,1426,38.58,196,0,0,0,0,0
9920,L46474,L,296.59,305.85,23.44,32.7,1477,42.7,95,0,0,0,0,0
9921,L90707,L,299.46,308.17,26.31,35.02,1321,50.74,178,0,0,0,0,0
9922,M94708,M,294.89,305.71,21.74,32.56,1699,30.16,190,0,0,0,0,0
9923,M57885,M,297.33,306.92,24.18,33.77,1594,25.5,15,0,0,0,0,0
9924,M21468,M,298.25,307.93,25.1,34.78,1727,38.69,90,0,0,0,0,0
9925,L42656,L,302.19,311.57,29.04,38.42,1571,43.65,213,0,0,0,0,0
9926,L69502,L,301.38,310.9,28.23,37.75,1728,39.15,169,0,0,0,0,0
9927,L60982,L,298.89,310.3,25.74,37.15,1404,37.81,100,0,0,0,0,0
9928,H96063,H,301.46,313.12,28.31,39.97,1708,45.74,44,0,0,0,0,0
9929,M26789,M,301.78,313.57,28.63,40.42,1465,41.37,23,0,0,0,0,0
9930,M98150,M,299.68,310.77,26.53,37.62,1535,28.13,55,0,0,0,0,0
9931,M47112,M,297.23,307.7,24.08,34.55,1662,21.7,59,0,0,0,0,0
9932,L22842,L,299.58,308.15,26.43,35.0,1942,27.12,89,0,0,0,0,0
9933,L29938,L,299.8,309.62,26.65,36.47,1679,35.93,42,0,0,0,0,0
9934,L85999,L,297.54,309.69,24.39,36.54,1695,31.5,35,0,0,0,0,0
9935,L84371,L,300.73,310.3,27.58,37.15,1440,55.75,203,1,0,0,0,1
9936,L36094,L,300.56,312.07,27.41,38.92,1562,39.9,60,0,0,0,0,0
9937,L32496,L,300.89,310.95,27.74,37.8,1518,29.95,135,0,0,0,0,0
9938,M30970,M,300.56,307.88,27.41,34.73,1781,14.0,48,1,0,0,1,0
9939,M57672,M,301.46,312.1,28.31,38.95,1509,39.84,118,0,0,0,0,0
9940,M53681,M,299.64,310.91,26.49,37.76,1767,40.33,66,0,0,0,0,0
9941,H73773,H,300.4,310.35,27.25,37.2,1307,58.74,21,0,0,0,0,0
9942,L36790,L,299.2,310.44,26.05,37.29,1780,30.57,236,1,1,0,0,0
9943,L99689,L,298.83,307.16,25.68,34.01,1384,55.17,110,0,0,0,0,0
9944,M67766,M,302.68,311.29,29.53,38.14,1684,23.14,94,0,0,0,0,0
9945,L42071,L,295.91,306.12,22.76,32.97,1384,38.66,48,0,0,0,0,0
9946,L96621,L,301.75,312.23,28.6,39.08,1643,26.75,119,0,0,0,0,0
9947,L14732,L,298.76,310.12,25.61,36.97,1367,48.26,152,0,0,0,0,0
9948,L42354,L,298.5,309.14,25.35,35.99,1716,22.97,73,0,0,0,0,0
9949,L85531,L,300.52,309.33,27.37,36.18,1683,37.26,115,0,0,0,0,0
9950,L28844,L,297.02,307.23,23.87,34.08,1430,30.14,57,0,0,0,0,0
9951,L96925,L,298.37,308.97,25.22,35.82,1636,49.08,127,0,0,0,0,0
9952,M13840,M,298.3,306.43,25.15,33.28,1701,30.69,189,0,0,0,0,0
9953,L23274,L,299.56,309.51,26.41,36.36,1373,44.74,14,0,0,0,0,0
9954,L49334,L,298.39,308.06,25.24,34.91,1354,28.0,124,0,0,0,0,0
9955,L83477,L,303.2,312.55,30.05,39.4,1348,30.56,96,0,0,0,0,0
9956,L41712,L,303.59,314.09,30.44,40.94,1323,37.13,18,0,0,0,0,0
9957,M45243,M,295.96,304.81,22.81,31.66,1347,49.35,226,1,1,0,0,0
9958,M96366,M,301.09,311.51,27.94,38.36,1697,39.04,62,0,0,0,0,0
9959,M89984,M,301.72,312.28,28.57,39.13,1633,43.78,136,0,0,0,0,0
9960,L37744,L,301.09,312.17,27.94,39.02,1238,34.2,89,0,0,0,0,0
9961,L63203,L,298.68,307.56,25.53,34.41,1446,43.69,65,0,0,0,0,0
9962,L20244,L,299.51,308.01,26.36,34.86,1332,38.52,127,1,0,1,0,0
9963,L41790,L,298.5,308.78,25.35,35.63,1686,27.52,165,0,0,0,0,0
9964,L96416,L,299.16,308.87,26.01,35.72,1456,35.05,189,0,0,0,0,0
9965,L35888,L,297.58,310.48,24.43,37.33,1265,44.37,152,0,0,0,0,0
9966,L35257,L,299.77,310.23,26.62,37.08,1565,41.9,126,0,0,0,0,0
9967,M30374,M,296.99,307.05,23.84,33.9,1641,43.89,187,0,0,0,0,0
9968,L14677,L,299.6,309.43,26.45,36.28,1368,46.05,124,0,0,0,0,0
9969,M11329,M,297.5,306.28,24.35,33.13,1489,43.55,234,1,1,0,0,0
9970,L48629,L,300.41,310.98,27.26,37.83,1377,56.19,126,0,0,0,0,0
9971,L49939,L,298.64,308.56,25.49,35.41,1753,38.27,76,0,0,0,0,0
9972,H95989,H,300.58,310.5,27.43,37.35,1460,37.55,107,0,0,0,0,0
9973,H78174,H,302.16,312.26,29.01,39.11,1409,45.32,118,0,0,0,0,0
9974,L92621,L,303.18,313.4,30.03,40.25,1526,51.21,68,0,0,0,0,0
9975,L98890,L,294.94,303.2,21.79,30.05,1499,31.27,38,0,0,0,0,0
9976,L48036,L,298.33,309.17,25.18,36.02,1655,31.16,104,0,0,0,0,0
9977,L16415,L,299.39,308.55,26.24,35.4,1748,44.38,215,0,0,0,0,0
9978,M83029,M,300.92,310.78,27.77,37.63,1749,30.43,61,0,0,0,0,0
9979,H33175,H,296.7,307.99,23.55,34.84,1468,45.14,87,0,0,0,0,0
9980,M31984,M,298.04,309.82,24.89,36.67,1588,46.38,182,0,0,0,0,0
9981,L53836,L,300.26,308.56,27.11,35.41,1795,21.86,20,0,0,0,0,0
9982,M80530,M,300.17,310.2,27.02,37.05,1802,28.52,198,0,0,0,0,0
9983,L39613,L,300.76,311.03,27.61,37.88,1382,51.1,173,0,0,0,0,0
9984,H87245,H,300.89,309.38,27.74,36.23,1639,33.95,132,0,0,0,0,0
9985,M77606,M,300.68,311.48,27.53,38.33,1609,19.46,50,1,0,0,1,0
9986,L48140,L,300.39,310.5,27.24,37.35,1697,29.68,22,0,0,0,0,0
9987,L73111,L,300.11,310.31,26.96,37.16,1753,39.05,56,0,0,0,0,0
9988,L13987,L,301.33,310.41,28.18,37.26,1353,52.56,183,0,0,0,0,0
9989,L39749,L,295.52,305.93,22.37,32.78,1414,40.92,224,0,0,0,0,0
9990,M68259,M,303.09,313.93,29.94,40.78,1694,37.7,177,0,0,0,0,0
9991,L15377,L,295.59,305.72,22.44,32.57,1561,33.75,127,0,0,0,0,0
9992,L34334,L,297.84,307.33,24.69,34.18,1145,57.26,228,1,0,0,0,1
9993,L13520,L,299.55,309.11,26.4,35.96,1243,57.48,199,1,0,0,0,1
9994,M51966,M,301.35,311.57,28.2,38.42,1651,40.85,157,0,0,0,0,0
9995,L10865,L,294.01,304.06,20.86,30.91,1682,33.12,9,0,0,0,0,0
9996,M51068,M,299.94,310.85,26.79,37.7,1299,47.59,69,0,0,0,0,0
9997,M78039,M,301.58,311.1,28.43,37.95,1727,40.79,74,0,0,0,0,0
9998,H17051,H,301.99,310.77,28.84,37.62,1500,38.41,83,0,0,0,0,0
9999,L93939,L,298.61,308.96,25.46,35.81,1356,48.66,93,0,0,0,0,0
10000,L47586,L,299.4,308.92,26.25,35.77,1437,42.84,225,1,1,0,0,0
